car_id,model,year,engine_size,horsepower,fuel_type,transmission,drivetrain,mileage_km,fuel_consumption_l_per_100km,price_usd,co2_emissions_g_km,doors,seats,body_type,color,owner_count,accident_history,service_history,country_sold
1,X5,2016,4,272,diesel,automatic,AWD,74655,8.9,66756,196,5,5,suv,white,2,no,partial,Netherlands
2,1 Series,2022,2.6,218,petrol,automatic,FWD,23469,8.4,26867,190,3,4,hatchback,black,1,no,partial,France
3,X1,2012,2.2,240,petrol,automatic,FWD,123273,7.8,31313,174,5,5,suv,white,3,no,full,Netherlands
4,X5,2022,3.8,316,diesel,,AWD,33064,9.4,81594,192,5,5,suv,blue,1,no,,France
5,7 Series,2023,3.1,294,petrol,automatic,RWD,23926,,104105,204,4,5,sedan,white,1,no,full,Spain
6,X1,2010,1.9,190,diesel,automatic,AWD,182375,5.7,18615,112,5,5,suv,black,5,no,partial,France
7,5 Series,2008,4.2,383,petrol,automatic,AWD,274131,10.7,27173,222,4,5,sedan,blue,4,yes,partial,USA
8,1 Series,2017,1.7,230,petrol,automatic,RWD,73728,7.3,22374,148,5,5,hatchback,black,4,no,partial,Germany
9,X1,2013,1.8,171,petrol,automatic,AWD,170822,7.6,24335,166,5,5,suv,silver,2,no,full,France
10,i3,2012,0,156,electric,automatic,RWD,166379,0,19182,0,5,4,hatchback,,4,yes,none,Spain
11,1 Series,2016,3,276,petrol,automatic,RWD,145961,9.4,14587,,5,4,hatchback,black,3,yes,none,UK
12,3 Series,2019,2,169,hybrid,automatic,AWD,66059,4.6,37881,104,4,5,sedan,black,1,no,full,UK
13,X5,2021,3.2,267,diesel,automatic,AWD,52609,8.4,76525,197,5,5,suv,white,2,yes,full,USA
14,X3,2024,3.2,233,diesel,automatic,AWD,14470,,62303,164,5,5,suv,black,0,no,partial,Netherlands
15,X3,2023,2.4,183,petrol,,RWD,32107,9.9,54498,,5,5,suv,silver,0,no,full,Turkey
16,3 Series,2005,1.7,187,petrol,manual,RWD,300000,,8229,168,4,5,sedan,red,5,yes,full,Italy
17,1 Series,2015,1.7,221,hybrid,manual,FWD,133510,4.8,16746,110,3,5,hatchback,blue,3,no,partial,Spain
18,5 Series,2019,2.6,229,petrol,automatic,RWD,103108,7.8,49589,179,4,5,sedan,white,2,no,full,France
19,X1,2022,2.3,211,diesel,automatic,AWD,22229,7.4,36065,152,5,5,suv,silver,2,yes,full,Spain
20,i4,2022,0,461,electric,automatic,RWD,27350,0,93406,0,4,5,coupe,grey,1,no,full,Italy
21,X5,2022,3.7,247,diesel,automatic,AWD,31770,7.9,81968,187,5,5,suv,silver,,no,full,Spain
22,5 Series,2010,2.4,263,diesel,automatic,AWD,219901,,26161,144,4,5,sedan,blue,3,,none,France
23,X3,2009,3,274,diesel,automatic,AWD,294167,7.3,25674,146,5,5,suv,white,3,no,partial,Italy
24,3 Series,2024,2.9,268,petrol,manual,AWD,0,9,46422,200,4,5,sedan,black,1,no,full,Turkey
25,3 Series,2023,3.1,267,petrol,automatic,RWD,35833,9.3,49093,217,4,5,sedan,silver,1,no,full,Germany
26,1 Series,2019,1.6,167,petrol,automatic,RWD,54980,,18388,142,3,5,hatchback,,2,yes,none,Netherlands
27,i4,2010,0,330,electric,automatic,AWD,300000,,31781,0,4,5,coupe,black,3,yes,partial,France
28,3 Series,2019,1.7,169,diesel,automatic,RWD,88339,6.3,32413,135,4,5,sedan,silver,2,no,partial,UK
29,X5,2023,4.3,359,diesel,automatic,AWD,4879,9.8,86658,208,5,5,suv,white,0,no,partial,Netherlands
30,X5,2005,4.2,302,petrol,automatic,AWD,300000,10.4,33156,215,5,5,suv,white,5,no,partial,France
31,1 Series,2011,2.3,244,petrol,manual,RWD,278651,7.8,7709,184,5,5,hatchback,white,3,yes,partial,USA
32,i3,2006,,141,electric,automatic,RWD,300000,0,12210,0,5,4,hatchback,silver,3,,full,Netherlands
33,1 Series,2015,2.3,244,hybrid,automatic,FWD,216375,4.9,17089,101,5,4,hatchback,white,2,no,full,Netherlands
34,5 Series,2011,4.2,373,petrol,automatic,RWD,188618,11,38995,244,4,5,sedan,blue,4,no,partial,Turkey
35,X7,2023,3.2,354,diesel,automatic,AWD,0,8.4,124163,199,5,5,suv,grey,0,no,full,Spain
36,i7,2017,0,310,electric,automatic,AWD,114304,0,119103,0,4,5,sedan,silver,3,,partial,Germany
37,X3,2021,3.3,246,diesel,automatic,AWD,57536,7.9,58877,187,5,5,suv,red,0,no,full,Italy
38,Z4,2014,2.9,249,petrol,automatic,RWD,132593,9,43232,188,2,2,convertible,black,,no,partial,Germany
39,X3,2024,2.9,269,hybrid,automatic,AWD,22173,5.5,58267,136,5,5,suv,black,0,yes,full,Turkey
40,X1,2013,2.4,168,diesel,automatic,AWD,182589,5.8,25251,135,5,5,suv,silver,3,yes,full,UK
41,X7,2022,3.7,363,diesel,automatic,AWD,20083,8.7,112573,199,5,5,suv,black,1,no,full,France
42,1 Series,2012,2.2,207,diesel,manual,RWD,154396,6.8,17196,159,5,5,hatchback,black,3,no,partial,USA
43,X1,2014,1.9,181,petrol,automatic,FWD,159208,6.4,25310,127,5,5,suv,silver,1,no,none,Netherlands
44,1 Series,2009,1.5,192,petrol,manual,FWD,88691,7.7,16469,180,3,5,hatchback,red,2,no,partial,France
45,7 Series,2019,5,450,petrol,automatic,AWD,101913,12.5,89535,286,4,5,sedan,white,1,yes,full,Spain
46,X5,2014,4.2,401,diesel,automatic,AWD,152975,9.1,55293,204,5,5,suv,white,4,yes,full,Italy
47,X1,2019,1.8,160,hybrid,automatic,FWD,91197,3.8,38341,82,5,5,suv,silver,,no,full,Italy
48,X5,2018,4.4,357,petrol,automatic,AWD,93440,,72531,242,5,5,suv,white,1,no,full,Netherlands
49,3 Series,2023,2,145,hybrid,automatic,AWD,15502,4.5,40011,110,4,5,sedan,blue,1,no,full,Netherlands
50,X5,2006,4.4,369,hybrid,automatic,AWD,300000,7.1,31364,159,5,5,suv,silver,3,yes,partial,Italy
51,3 Series,2010,2.9,195,hybrid,automatic,RWD,207327,5.2,22175,122,4,5,sedan,black,3,no,full,Germany
52,X1,2009,1.8,182,petrol,automatic,FWD,225817,8.1,20357,168,5,5,suv,grey,,yes,full,USA
53,3 Series,2012,1.9,230,diesel,automatic,AWD,101751,6.6,19049,144,4,5,sedan,black,5,yes,none,UK
54,7 Series,2016,4.4,409,petrol,automatic,RWD,178059,12.1,87622,249,4,4,sedan,grey,3,no,full,USA
55,3 Series,2009,2.5,293,petrol,manual,AWD,250984,8.6,18557,198,4,5,sedan,black,5,yes,partial,Germany
56,X7,2021,3.7,335,diesel,automatic,AWD,37497,8.5,103058,,5,5,suv,blue,1,no,partial,Netherlands
57,i7,2013,0,403,electric,automatic,AWD,211171,0,113907,0,4,4,sedan,silver,3,no,full,USA
58,X1,2024,1.7,205,diesel,automatic,FWD,7583,5.6,50000,126,5,5,suv,blue,1,no,full,USA
59,X1,2021,2,205,petrol,automatic,FWD,35448,7.6,42711,173,5,5,suv,black,0,no,full,France
60,X5,2023,3.9,335,hybrid,automatic,AWD,9725,6.8,98217,153,5,5,suv,grey,0,no,full,USA
61,5 Series,2024,3.6,329,diesel,automatic,RWD,0,9.2,72089,197,4,5,sedan,grey,1,no,full,Spain
62,i3,2022,0,191,electric,automatic,RWD,16375,0,60504,0,5,4,hatchback,blue,1,no,full,France
63,3 Series,2022,1.9,191,petrol,automatic,AWD,51436,7.6,40983,165,4,5,sedan,black,1,no,full,Turkey
64,1 Series,2009,2.7,251,petrol,automatic,RWD,128644,8.7,13076,186,3,4,hatchback,silver,4,no,none,Italy
65,5 Series,2016,2.1,225,petrol,automatic,RWD,88904,7.3,40768,153,4,5,sedan,white,1,no,partial,USA
66,3 Series,2018,1.7,195,diesel,manual,RWD,81422,6.1,32314,150,4,5,sedan,black,1,no,partial,France
67,X5,2012,3.7,319,petrol,automatic,AWD,244979,9.2,56519,198,5,5,suv,blue,2,yes,full,Netherlands
68,3 Series,2020,2.3,221,petrol,automatic,RWD,0,7.6,42025,164,4,5,sedan,white,1,no,full,France
69,X1,2012,1.9,190,hybrid,automatic,FWD,140636,4.7,29751,107,5,5,suv,white,3,no,full,Netherlands
70,3 Series,2023,2.5,226,petrol,manual,RWD,47227,7.8,43855,163,4,5,sedan,black,0,no,full,Italy
71,1 Series,2014,1.9,224,petrol,manual,FWD,86069,7,20742,138,5,4,hatchback,black,3,no,partial,Italy
72,5 Series,2024,3.9,314,petrol,automatic,AWD,0,10.5,66190,234,4,5,sedan,silver,0,no,full,Turkey
73,7 Series,2019,4.9,340,petrol,automatic,AWD,51521,12.7,99611,272,4,4,sedan,silver,2,no,full,Germany
74,3 Series,2018,3,266,diesel,automatic,AWD,114679,8.6,31678,202,4,5,sedan,,4,no,full,Turkey
75,X5,2023,3.7,321,petrol,automatic,AWD,210,10.3,100845,245,5,5,suv,silver,0,no,full,France
76,Z4,2011,2.6,244,petrol,,RWD,59371,9.1,46446,198,2,2,convertible,grey,4,no,full,USA
77,5 Series,2023,2.1,220,diesel,automatic,AWD,11230,6.5,61039,143,4,5,sedan,silver,0,no,full,France
78,1 Series,2024,2.7,314,petrol,manual,RWD,32528,8.9,29843,189,3,4,hatchback,black,0,no,partial,Spain
79,i4,2022,0,368,electric,automatic,RWD,52810,,85559,0,4,5,coupe,silver,2,no,full,Netherlands
80,i4,2008,0,440,electric,automatic,RWD,290913,0,41126,0,4,5,coupe,grey,4,no,full,Turkey
81,X5,2017,3.6,306,hybrid,automatic,AWD,50939,6.7,67339,138,5,5,suv,blue,2,no,partial,Germany
82,X1,2024,2.5,276,petrol,automatic,AWD,0,8.3,62183,189,5,5,suv,grey,0,no,full,Germany
83,5 Series,2008,3.1,311,diesel,automatic,RWD,239410,8,24077,180,4,5,sedan,white,4,no,partial,Netherlands
84,3 Series,2017,2.6,239,petrol,automatic,RWD,79159,,32490,186,4,5,sedan,silver,1,no,full,Turkey
85,1 Series,2022,2.7,300,hybrid,automatic,FWD,51785,6.1,32322,137,5,5,hatchback,grey,1,no,partial,UK
86,3 Series,2011,2.8,181,diesel,,AWD,105069,8.2,22365,184,4,5,sedan,silver,5,no,partial,Germany
87,5 Series,2013,3.3,253,diesel,automatic,RWD,134248,8.3,42030,172,4,5,sedan,blue,3,no,full,UK
88,X5,2014,3.4,300,diesel,automatic,AWD,185413,7.5,57296,150,5,5,suv,blue,4,no,partial,Germany
89,X7,2016,3.1,271,hybrid,automatic,AWD,50558,6,91783,135,5,5,suv,silver,3,yes,full,USA
90,5 Series,2015,2.6,290,hybrid,automatic,AWD,53241,5.6,47397,127,4,5,sedan,black,1,no,full,Turkey
91,X7,2013,,255,hybrid,automatic,AWD,96949,5.6,86715,113,5,5,suv,black,3,no,full,Turkey
92,3 Series,2005,3.5,317,diesel,manual,AWD,278518,8.3,15655,182,4,5,sedan,blue,3,yes,full,Italy
93,i7,2016,0,499,electric,automatic,AWD,147522,0,140849,0,4,5,sedan,blue,1,no,full,Spain
94,i3,2022,0,187,electric,automatic,RWD,27217,0,61653,0,5,4,hatchback,black,2,no,full,France
95,3 Series,2023,3.2,202,hybrid,automatic,AWD,5211,,48754,120,4,5,sedan,black,1,no,full,Germany
96,X7,2021,3.2,232,diesel,automatic,AWD,44291,8.6,121574,,5,5,suv,blue,2,no,full,UK
97,i4,2021,0,350,electric,automatic,RWD,28916,0,69785,0,4,5,coupe,white,2,yes,full,Turkey
98,Z4,2013,2.8,199,petrol,automatic,RWD,174331,8.7,42243,178,2,2,convertible,blue,3,no,full,France
99,1 Series,2021,1.9,145,diesel,automatic,FWD,33060,6.1,25473,156,5,5,hatchback,black,2,no,full,USA
100,X3,2011,3.2,204,petrol,automatic,AWD,231139,8.8,26777,195,5,5,suv,grey,3,yes,full,USA
101,3 Series,2022,2.7,252,petrol,automatic,RWD,27150,8,40382,171,4,5,sedan,white,1,no,partial,Turkey
102,5 Series,2020,2.2,225,diesel,automatic,AWD,61862,6.5,59506,137,4,5,sedan,white,1,no,full,UK
103,X3,2020,2.1,170,diesel,automatic,RWD,48204,6.2,57368,162,5,5,suv,black,2,no,full,France
104,X1,2018,2.2,242,diesel,automatic,AWD,63340,6.5,40921,149,5,5,suv,white,4,no,full,France
105,X5,2006,3.8,321,petrol,automatic,AWD,219042,10.4,48928,233,5,5,suv,silver,3,no,full,USA
106,3 Series,2013,2.1,213,hybrid,automatic,RWD,185827,4.1,24812,97,4,5,sedan,black,3,no,full,Turkey
107,X7,2013,3.8,346,petrol,automatic,AWD,171989,10.3,79435,240,5,5,suv,white,,yes,full,UK
108,X1,2005,1.7,187,hybrid,automatic,FWD,267471,4.6,10617,95,5,5,suv,black,4,yes,partial,USA
109,1 Series,2010,2.9,250,diesel,manual,FWD,167211,7.2,13263,149,3,5,hatchback,white,3,yes,full,France
110,7 Series,2020,4.6,327,petrol,automatic,AWD,82065,11,100640,232,4,5,sedan,black,1,no,full,USA
111,i3,2005,0,195,electric,automatic,RWD,186130,,20727,0,5,4,hatchback,blue,5,no,none,USA
112,7 Series,2018,3.3,240,hybrid,automatic,AWD,94668,6.3,83488,138,4,4,sedan,white,4,no,full,Turkey
113,3 Series,2023,2.3,180,petrol,automatic,AWD,10402,7.5,41753,145,4,5,sedan,black,0,no,full,Italy
114,5 Series,2022,,372,hybrid,automatic,AWD,15739,6.5,67164,144,4,5,sedan,white,0,no,full,USA
115,X1,2013,1.5,224,petrol,automatic,FWD,180389,7.4,29785,177,5,5,suv,white,3,no,full,UK
116,5 Series,2016,,352,hybrid,automatic,RWD,139921,6.6,41366,149,4,5,sedan,blue,2,no,none,Spain
117,i7,2005,0,370,electric,automatic,AWD,300000,0,58522,0,4,4,sedan,grey,3,yes,full,France
118,7 Series,2024,4.9,408,hybrid,automatic,AWD,0,7,115086,159,4,4,sedan,white,0,no,full,Netherlands
119,X3,2011,2.4,260,diesel,automatic,AWD,256609,6.8,25766,137,5,5,suv,,3,yes,none,France
120,X5,2009,4.1,330,diesel,automatic,AWD,95577,8.8,49255,181,5,5,suv,white,2,no,partial,Netherlands
121,1 Series,2008,1.9,184,petrol,manual,RWD,146984,7.7,9059,150,3,4,hatchback,black,2,yes,partial,UK
122,5 Series,2021,4,345,petrol,automatic,AWD,57188,11.1,66266,252,4,5,sedan,grey,,no,full,Germany
123,X3,2023,2.1,214,petrol,automatic,AWD,28168,8.1,56940,183,5,5,suv,white,1,no,partial,France
124,3 Series,2017,2.3,203,petrol,automatic,RWD,139832,9.5,26446,206,4,5,sedan,grey,3,yes,full,Italy
125,3 Series,2018,3,246,petrol,automatic,RWD,81690,9.2,35572,209,4,5,sedan,black,4,no,full,Netherlands
126,3 Series,2008,2.5,281,hybrid,automatic,AWD,300000,4.7,9864,97,4,5,sedan,white,3,no,partial,UK
127,1 Series,2020,,208,petrol,manual,FWD,28878,7.8,24543,167,5,5,hatchback,silver,1,yes,full,UK
128,X3,2015,2.8,250,petrol,automatic,RWD,145934,9.6,35728,209,5,5,suv,grey,3,yes,full,Turkey
129,3 Series,2021,2.6,219,hybrid,automatic,AWD,35659,5,36475,100,4,5,sedan,black,1,no,partial,Spain
130,X5,2011,4.2,351,hybrid,automatic,AWD,138543,7.3,53265,153,5,5,suv,silver,3,yes,full,Germany
131,i4,2021,0,394,electric,automatic,RWD,44766,0,71818,0,4,5,coupe,silver,1,no,partial,France
132,5 Series,2010,3.2,268,petrol,automatic,AWD,223145,9.9,30194,226,4,5,sedan,black,5,yes,full,USA
133,3 Series,2016,2.9,287,diesel,automatic,AWD,149777,8.4,33478,181,4,5,sedan,blue,1,no,partial,Germany
134,3 Series,2018,3.1,345,hybrid,automatic,RWD,127994,6.2,34976,139,4,5,sedan,white,3,no,partial,Netherlands
135,5 Series,2013,2.6,172,petrol,automatic,RWD,72775,8.6,34841,198,4,5,sedan,red,2,yes,full,USA
136,X5,2007,4.1,275,hybrid,automatic,AWD,250313,6.3,39663,137,5,5,suv,black,2,no,partial,Italy
137,3 Series,2018,2.2,269,hybrid,automatic,RWD,58826,5.2,36824,137,4,5,sedan,black,1,no,full,Netherlands
138,i3,2021,0,193,electric,automatic,RWD,36074,0,55756,0,5,4,hatchback,blue,2,no,full,Turkey
139,7 Series,2021,,233,diesel,automatic,AWD,38519,7.6,103275,163,4,4,sedan,silver,1,no,full,France
140,X3,2008,2.8,181,petrol,automatic,RWD,190616,9.6,27533,196,5,5,suv,blue,4,no,partial,UK
141,5 Series,2007,2.3,261,diesel,automatic,RWD,210669,7.9,22549,160,4,5,sedan,white,4,yes,partial,UK
142,7 Series,2007,0,425,electric,automatic,AWD,287035,0,45384,0,4,5,sedan,blue,3,yes,partial,USA
143,i4,2024,0,307,electric,automatic,AWD,0,0,76040,0,4,5,coupe,black,0,no,partial,Spain
144,X1,2015,2.4,213,hybrid,automatic,AWD,155283,4.7,30863,104,5,5,suv,silver,2,no,full,Germany
145,X1,2017,,241,hybrid,automatic,AWD,112211,5,41591,104,5,5,suv,white,1,no,full,USA
146,1 Series,2012,1.5,208,petrol,automatic,RWD,210238,7.1,8000,151,5,4,hatchback,silver,5,yes,partial,Spain
147,Z4,2009,2.9,256,petrol,automatic,RWD,300000,9.1,27814,197,2,2,convertible,white,2,no,partial,Netherlands
148,5 Series,2023,3,292,diesel,automatic,RWD,22053,7.8,70354,179,4,5,sedan,blue,0,no,full,Netherlands
149,X1,2021,1.8,136,petrol,automatic,FWD,82254,7.6,39163,168,5,5,suv,grey,1,no,full,USA
150,3 Series,2008,3.3,288,diesel,automatic,RWD,185803,8.9,18292,187,4,5,sedan,blue,4,no,none,UK
151,Z4,2024,2.4,253,petrol,automatic,RWD,0,9.1,71594,203,2,2,convertible,silver,0,no,,UK
152,X7,2023,3.8,268,diesel,automatic,AWD,11471,8.6,127284,172,5,5,suv,silver,0,no,partial,Germany
153,3 Series,2019,3,321,diesel,automatic,RWD,75127,7.6,41119,167,4,5,sedan,red,4,no,full,Netherlands
154,X1,2015,2.3,188,hybrid,automatic,FWD,148349,4.7,27551,106,5,5,suv,grey,1,yes,full,France
155,1 Series,2018,2.7,214,diesel,automatic,FWD,63474,7.2,26959,159,3,4,hatchback,,1,no,full,Germany
156,X5,2018,,293,diesel,automatic,AWD,120628,8.5,75616,181,5,5,suv,black,1,no,full,Turkey
157,X7,2023,4,357,petrol,automatic,AWD,20374,10.3,144280,234,5,5,suv,white,0,no,full,Germany
158,Z4,2006,2.8,216,petrol,automatic,RWD,276851,9,22605,207,2,2,convertible,black,4,yes,full,Spain
159,5 Series,2022,3.8,280,hybrid,automatic,RWD,39998,6.4,58363,137,4,5,sedan,silver,1,no,full,Italy
160,X5,2011,3.2,278,petrol,automatic,AWD,243559,9.3,42300,190,5,5,suv,white,3,no,none,Netherlands
161,X5,2017,3.3,267,petrol,,AWD,68659,10.1,64286,229,5,5,suv,red,2,no,partial,France
162,7 Series,2012,3.4,316,diesel,automatic,AWD,201911,8.5,55975,186,4,4,sedan,white,4,yes,partial,UK
163,7 Series,2018,0,460,electric,automatic,AWD,94628,0,92539,0,4,4,sedan,white,2,no,full,Netherlands
164,3 Series,2013,2.4,209,diesel,manual,RWD,101966,7.4,29443,170,4,5,sedan,black,2,no,full,USA
165,X3,2024,3.5,339,hybrid,automatic,RWD,5919,6.2,78629,141,5,5,suv,black,1,no,full,UK
166,3 Series,2018,2.9,297,hybrid,automatic,AWD,129869,5.3,37131,131,4,5,sedan,black,1,no,full,USA
167,X5,2019,3.8,328,diesel,automatic,AWD,65752,8.6,78788,180,5,5,suv,black,1,no,full,USA
168,5 Series,2022,4.1,358,petrol,automatic,AWD,36303,10.6,60866,230,4,5,sedan,white,0,yes,full,Spain
169,3 Series,2018,2.2,194,hybrid,automatic,AWD,70591,4.9,31134,118,4,5,sedan,white,3,no,partial,USA
170,1 Series,2019,1.9,225,petrol,automatic,RWD,64771,7.4,22814,157,3,4,hatchback,silver,2,no,partial,USA
171,3 Series,2021,1.8,172,petrol,automatic,AWD,62373,7.3,36029,159,4,5,sedan,blue,1,no,full,Germany
172,5 Series,2021,3.4,317,diesel,automatic,RWD,48748,9.3,50066,193,4,5,sedan,white,1,yes,full,France
173,3 Series,2019,2.3,201,petrol,automatic,RWD,55853,7.9,32505,194,4,5,sedan,red,1,no,partial,France
174,3 Series,2013,2.4,285,petrol,automatic,AWD,131775,7.9,29180,195,4,5,sedan,white,2,no,partial,Italy
175,X3,2013,2.3,304,hybrid,automatic,RWD,145576,5.5,35217,116,5,5,suv,white,3,no,none,Spain
176,1 Series,2008,1.9,174,petrol,automatic,RWD,182727,7.6,8740,172,5,4,hatchback,silver,,no,full,Spain
177,3 Series,2020,2.1,194,petrol,automatic,AWD,93084,8.5,33301,179,4,5,sedan,silver,0,no,partial,UK
178,X5,2021,3.1,267,diesel,automatic,AWD,48133,8.2,78114,199,5,5,suv,black,2,no,full,Netherlands
179,X3,2014,,182,hybrid,automatic,RWD,154056,4.7,29590,110,5,5,suv,grey,4,yes,partial,Germany
180,X3,2024,3,340,diesel,automatic,AWD,0,8.4,62642,194,5,5,suv,black,0,no,full,Turkey
181,X5,2023,3.4,275,petrol,automatic,AWD,4420,9.1,100463,203,5,5,suv,white,0,no,full,USA
182,X3,2024,2,178,hybrid,automatic,RWD,0,5.1,64130,122,5,5,suv,blue,0,no,full,UK
183,X7,2021,4,348,diesel,automatic,AWD,37743,9.4,101149,206,5,5,suv,white,,yes,full,UK
184,5 Series,2014,4.2,323,petrol,automatic,AWD,94442,11.5,34443,259,4,5,sedan,blue,3,no,none,Turkey
185,X7,2008,3.8,350,hybrid,automatic,AWD,129734,6.2,60278,133,5,5,suv,white,2,yes,partial,UK
186,X3,2021,3.2,325,diesel,automatic,AWD,54120,8.4,55442,182,5,5,suv,black,1,yes,full,Netherlands
187,5 Series,2021,3.4,376,diesel,automatic,RWD,65288,7.9,59906,157,4,5,sedan,black,2,no,full,France
188,1 Series,2019,,246,petrol,automatic,RWD,108585,9.6,21218,201,5,4,hatchback,black,1,yes,full,Netherlands
189,Z4,2017,2.2,248,petrol,automatic,RWD,97437,7.8,50563,186,2,2,convertible,white,2,no,full,Spain
190,3 Series,2017,3.1,315,diesel,automatic,AWD,94883,7.3,33153,150,4,5,sedan,white,2,no,partial,Turkey
191,X3,2019,2.5,221,diesel,automatic,AWD,73442,7,42483,159,5,5,suv,black,3,yes,full,Spain
192,i4,2013,0,587,electric,automatic,RWD,197438,0,55530,0,4,5,coupe,silver,3,no,partial,Turkey
193,1 Series,2021,1.6,127,hybrid,automatic,FWD,56580,4.5,22923,102,3,5,hatchback,red,2,no,full,Turkey
194,1 Series,2013,1.8,136,diesel,manual,RWD,186096,6.1,8528,137,5,4,hatchback,silver,2,no,none,USA
195,3 Series,2007,2.2,220,petrol,manual,AWD,84756,7.6,19045,172,4,5,sedan,white,5,yes,partial,Spain
196,1 Series,2006,3,260,hybrid,automatic,RWD,300000,5.4,9024,118,3,4,hatchback,blue,4,no,full,UK
197,X1,2015,1.9,140,diesel,automatic,AWD,119767,6.7,28123,141,5,5,suv,blue,3,no,partial,USA
198,X3,2005,,220,hybrid,automatic,RWD,241115,5.9,23523,131,5,5,suv,red,3,no,full,USA
199,X7,2020,4.3,389,diesel,automatic,AWD,47950,9.5,124593,210,5,5,suv,silver,0,no,full,UK
200,X1,2016,1.7,164,hybrid,automatic,FWD,148769,4.3,30452,80,5,5,suv,black,3,no,full,Spain
201,Z4,2012,2.3,173,petrol,automatic,RWD,300000,7.1,29458,169,2,2,convertible,silver,3,,full,Italy
202,X1,2021,2.4,259,diesel,automatic,AWD,73879,7.6,48594,177,5,5,suv,red,1,no,full,USA
203,3 Series,2021,1.7,171,petrol,automatic,AWD,70478,6.7,32762,149,4,5,sedan,white,1,no,partial,France
204,i7,2023,0,458,electric,automatic,AWD,18987,0,172939,0,4,5,sedan,black,0,no,partial,Netherlands
205,5 Series,2019,4.1,402,petrol,,AWD,108630,11.2,55731,234,4,5,sedan,silver,1,no,partial,Spain
206,X3,2011,3.4,271,petrol,automatic,RWD,219341,9.1,33133,210,5,5,suv,black,4,no,full,Spain
207,5 Series,2015,2.6,301,petrol,automatic,AWD,92678,9.3,50588,211,4,5,sedan,black,1,no,partial,UK
208,X3,2012,2.3,224,petrol,automatic,RWD,180378,9.4,32898,198,5,5,suv,white,3,no,none,UK
209,3 Series,2016,2.5,284,petrol,manual,AWD,87475,8.7,31861,199,4,5,sedan,silver,1,no,partial,UK
210,7 Series,2023,4.1,389,petrol,automatic,RWD,16022,10.8,102724,,4,5,sedan,blue,1,no,none,France
211,X7,2024,3.9,327,diesel,,AWD,0,9.7,135854,216,5,5,suv,grey,0,no,full,France
212,3 Series,2024,3,279,petrol,automatic,RWD,7479,9.5,44956,207,4,5,sedan,black,0,no,partial,Netherlands
213,X5,2017,3.5,310,petrol,automatic,AWD,126688,10.3,72543,209,5,5,suv,white,1,no,full,France
214,i4,2024,0,361,electric,automatic,AWD,5129,0,97855,0,4,5,coupe,white,0,no,full,Germany
215,i3,2024,0,179,electric,automatic,RWD,0,0,55829,0,5,4,hatchback,black,0,yes,full,Turkey
216,5 Series,2005,,276,petrol,automatic,RWD,300000,9.1,23644,201,4,5,sedan,grey,4,no,full,Turkey
217,5 Series,2020,4,327,diesel,automatic,RWD,46112,9.9,60614,212,4,5,sedan,black,1,no,full,Spain
218,5 Series,2016,2.1,185,hybrid,automatic,AWD,122686,4.7,37554,99,4,5,sedan,silver,4,no,partial,Spain
219,5 Series,2015,3.4,330,hybrid,automatic,RWD,181570,,41392,120,4,5,sedan,black,2,no,none,Netherlands
220,X1,2015,,236,hybrid,automatic,FWD,81813,4.4,39225,113,5,5,suv,black,2,no,partial,France
221,Z4,2024,2.3,210,petrol,automatic,RWD,0,8.4,73005,194,2,2,convertible,silver,,no,full,Spain
222,X1,2015,2.3,219,diesel,automatic,AWD,161149,6.8,30498,158,5,5,suv,red,2,no,full,France
223,Z4,2014,2.9,236,petrol,automatic,RWD,169619,,46488,195,2,2,convertible,silver,2,no,full,Italy
224,X1,2008,1.7,153,diesel,automatic,FWD,138345,6.2,17094,120,5,5,suv,black,5,yes,partial,UK
225,i7,2024,0,620,electric,automatic,RWD,6754,0,200620,0,4,5,sedan,silver,0,no,full,USA
226,3 Series,2018,1.7,222,hybrid,manual,RWD,79742,4.3,38850,92,4,5,sedan,white,2,no,full,USA
227,i7,2016,0,528,electric,automatic,AWD,125583,0,131898,0,4,4,sedan,black,,no,full,Germany
228,X1,2011,1.7,168,petrol,automatic,FWD,159555,7.6,26174,170,5,5,suv,black,3,no,full,Netherlands
229,5 Series,2023,3.9,371,diesel,automatic,RWD,30335,9.4,65858,207,4,5,sedan,white,0,no,full,Spain
230,X7,2016,3.2,259,diesel,automatic,AWD,205024,7.9,85077,174,5,5,suv,blue,4,no,full,Netherlands
231,i4,2015,0,276,electric,automatic,RWD,85284,0,57271,0,4,5,coupe,silver,1,no,full,Turkey
232,X3,2016,2,191,hybrid,automatic,RWD,90715,4.4,43309,91,5,5,suv,white,1,no,full,France
233,3 Series,2008,3.1,254,diesel,manual,RWD,300000,9,17492,211,4,5,sedan,grey,3,no,partial,USA
234,X5,2023,3.5,339,diesel,automatic,AWD,13617,8.7,90627,195,5,5,suv,silver,1,no,full,Italy
235,i7,2010,0,523,electric,,RWD,166291,0,91633,0,4,4,sedan,blue,4,yes,partial,USA
236,X7,2015,3.7,313,diesel,automatic,AWD,148144,8.8,85496,197,5,5,suv,silver,2,no,full,France
237,i3,2007,0,164,electric,automatic,RWD,209103,0,17688,0,5,4,hatchback,white,5,yes,partial,Italy
238,7 Series,2024,5,393,petrol,automatic,AWD,0,12.7,114752,287,4,5,sedan,red,0,no,full,Spain
239,3 Series,2007,1.8,136,hybrid,automatic,RWD,285739,4.6,6274,103,4,5,sedan,black,2,yes,partial,Netherlands
240,1 Series,2016,1.8,158,petrol,automatic,RWD,85767,7.1,17154,163,3,4,hatchback,silver,1,yes,full,Turkey
241,3 Series,2018,3.5,284,diesel,automatic,RWD,83334,8.6,32138,188,4,5,sedan,red,2,no,partial,Turkey
242,Z4,2005,2.2,227,petrol,manual,RWD,219695,8.3,22583,195,2,2,convertible,black,2,yes,none,Netherlands
243,X7,2020,3.6,349,hybrid,automatic,AWD,71810,6.1,106813,125,5,5,suv,black,0,no,partial,Italy
244,X3,2009,2.2,201,petrol,automatic,AWD,201348,8.6,30152,197,5,5,suv,black,2,no,partial,France
245,X1,2021,2.5,284,diesel,automatic,AWD,55771,7.9,50227,171,5,5,suv,silver,1,no,full,Germany
246,X7,2023,4.2,373,hybrid,automatic,AWD,15409,6.6,123725,149,5,5,suv,black,0,no,partial,France
247,Z4,2007,2,208,petrol,automatic,RWD,300000,7.4,23307,153,2,2,convertible,grey,4,no,partial,France
248,i3,2020,0,160,electric,automatic,RWD,56810,0,54678,0,5,4,hatchback,blue,1,no,full,Netherlands
249,3 Series,2016,1.8,180,petrol,manual,RWD,85757,8.5,31980,191,4,5,sedan,red,1,no,full,UK
250,3 Series,2021,2.7,225,petrol,automatic,RWD,20148,8.3,38093,194,4,5,sedan,blue,0,no,partial,Italy
251,X3,2023,3.3,300,diesel,automatic,RWD,28447,7.2,69124,161,5,5,suv,black,1,,full,UK
252,3 Series,2019,2.3,169,petrol,automatic,RWD,77585,,30224,190,4,5,sedan,white,2,no,partial,USA
253,5 Series,2023,2.3,260,hybrid,automatic,AWD,8817,4.9,60258,111,4,5,sedan,red,1,no,full,UK
254,X7,2016,3.6,296,diesel,automatic,AWD,194598,8.8,67640,190,5,5,suv,silver,4,yes,partial,Turkey
255,X1,2012,2.3,158,petrol,automatic,FWD,167184,7.4,22111,180,5,5,suv,white,4,yes,full,France
256,3 Series,2013,2.5,203,petrol,automatic,RWD,162693,7.9,26913,162,4,5,sedan,black,3,no,full,France
257,3 Series,2009,2.2,240,hybrid,manual,AWD,181319,5,18846,113,4,5,sedan,red,4,no,partial,Netherlands
258,5 Series,2020,3.2,226,hybrid,automatic,RWD,74054,6.4,49463,148,4,5,sedan,black,2,no,full,Italy
259,1 Series,2020,1.5,214,petrol,automatic,RWD,39425,7.5,27568,170,5,5,hatchback,black,1,no,full,Turkey
260,X3,2013,2.2,299,petrol,automatic,AWD,128133,7.9,39058,190,5,5,suv,white,2,no,partial,Turkey
261,i3,2020,0,181,electric,automatic,RWD,68786,0,50664,0,5,4,hatchback,blue,1,no,partial,Netherlands
262,i3,2024,0,186,electric,automatic,RWD,0,0,59212,0,5,4,hatchback,,0,no,partial,USA
263,3 Series,2018,2.4,231,hybrid,automatic,AWD,82223,4.5,31553,89,4,5,sedan,black,1,no,full,Turkey
264,5 Series,2020,2.5,183,petrol,automatic,RWD,64256,,50762,177,4,5,sedan,grey,2,no,full,Netherlands
265,7 Series,2023,4.8,367,diesel,automatic,AWD,3689,10.4,99168,245,4,5,sedan,black,0,no,partial,Turkey
266,1 Series,2013,2.5,239,diesel,manual,RWD,202137,7.2,11060,173,3,5,hatchback,white,3,no,none,Turkey
267,Z4,2015,,254,petrol,automatic,RWD,128655,9.1,46846,214,2,2,convertible,white,,yes,full,Netherlands
268,3 Series,2019,3.3,303,petrol,automatic,AWD,92238,9.7,44311,218,4,5,sedan,silver,1,no,full,UK
269,7 Series,2014,3.7,221,diesel,automatic,AWD,137652,8.8,63997,184,4,4,sedan,silver,1,,partial,USA
270,X3,2023,2.3,232,hybrid,automatic,RWD,0,4.6,54744,97,5,5,suv,white,1,yes,partial,UK
271,5 Series,2020,3.4,333,diesel,automatic,AWD,53680,8.5,67269,179,4,5,sedan,black,0,no,full,Spain
272,i3,2019,0,200,electric,automatic,RWD,107245,0,49507,0,5,4,hatchback,blue,1,no,full,Netherlands
273,X1,2022,,199,petrol,automatic,FWD,15650,7.5,52220,151,5,5,suv,white,1,no,full,USA
274,7 Series,2005,4,368,petrol,automatic,RWD,221366,10.9,43214,246,4,4,sedan,white,3,yes,partial,Spain
275,X3,2021,3.2,294,petrol,automatic,RWD,14142,9.1,71189,200,5,5,suv,white,1,no,full,Germany
276,3 Series,2021,3.1,277,petrol,manual,RWD,55405,9.3,36784,204,4,5,sedan,white,2,no,full,Turkey
277,7 Series,2019,3.5,367,diesel,automatic,RWD,63319,9.1,81802,191,4,5,sedan,white,2,yes,partial,Spain
278,3 Series,2020,3.5,369,hybrid,automatic,RWD,68926,6.5,40926,135,4,5,sedan,black,1,no,partial,Spain
279,X3,2023,2.2,234,diesel,automatic,RWD,12796,6.8,61717,160,5,5,suv,white,1,no,full,USA
280,5 Series,2023,2.8,210,diesel,automatic,RWD,16640,7.3,57871,160,4,5,sedan,silver,1,no,full,Spain
281,Z4,2007,2.6,293,petrol,automatic,RWD,300000,8.6,27487,187,2,2,convertible,silver,2,no,full,USA
282,3 Series,2015,,200,hybrid,automatic,AWD,88345,4.9,30627,116,4,5,sedan,black,2,no,full,USA
283,3 Series,2022,3.3,283,petrol,automatic,AWD,42097,9.2,40869,203,4,5,sedan,,2,yes,full,UK
284,3 Series,2010,2.3,239,hybrid,manual,RWD,179161,4.8,23324,103,4,5,sedan,white,4,no,partial,Netherlands
285,3 Series,2013,2.6,264,diesel,automatic,AWD,62776,7.4,22152,164,4,5,sedan,silver,3,yes,partial,Turkey
286,X1,2019,2.4,167,petrol,automatic,FWD,77219,8.8,29057,191,5,5,suv,white,2,no,none,Italy
287,7 Series,2018,3.2,303,petrol,automatic,AWD,75038,8.7,95023,198,4,4,sedan,black,1,no,full,USA
288,X1,2013,1.8,157,hybrid,automatic,AWD,88290,5.2,22482,115,5,5,suv,white,4,yes,partial,Italy
289,X7,2016,3.4,310,hybrid,automatic,AWD,96626,6.4,80281,116,5,5,suv,silver,2,no,partial,Turkey
290,X3,2022,2.2,228,petrol,automatic,RWD,26545,8.6,49745,175,5,5,suv,blue,2,yes,partial,USA
291,5 Series,2016,3.3,306,diesel,automatic,AWD,42918,8.5,45924,180,4,5,sedan,white,1,yes,full,Germany
292,3 Series,2022,2.7,222,hybrid,automatic,AWD,13874,5.2,39494,91,4,5,sedan,red,1,no,full,Turkey
293,X3,2016,2.5,177,diesel,automatic,RWD,110307,7.3,32922,144,5,5,suv,white,3,yes,full,Turkey
294,3 Series,2006,1.6,171,petrol,automatic,RWD,276315,6.7,8561,155,4,5,sedan,red,2,no,none,UK
295,Z4,2024,2.4,271,petrol,automatic,RWD,4985,8.6,71723,197,2,2,convertible,black,0,no,full,Italy
296,7 Series,2012,4.8,413,petrol,automatic,AWD,107614,12.2,68350,266,4,4,sedan,black,3,yes,full,Germany
297,3 Series,2012,3.3,312,hybrid,automatic,AWD,190115,6.6,22407,150,4,5,sedan,silver,2,yes,full,Turkey
298,3 Series,2022,2.5,244,petrol,automatic,RWD,30264,7.8,43818,167,4,5,sedan,white,0,no,full,Netherlands
299,5 Series,2023,3.2,257,petrol,automatic,AWD,0,10.4,63321,228,4,5,sedan,blue,0,no,full,Italy
300,3 Series,2009,3.1,245,hybrid,manual,AWD,162982,6.5,22290,150,4,5,sedan,blue,3,no,full,Italy
301,X5,2014,3.9,438,petrol,automatic,AWD,104272,11.2,69686,246,5,5,suv,silver,1,no,full,Germany
302,X3,2023,2.2,223,diesel,automatic,RWD,1618,6.3,69631,124,5,5,suv,blue,0,no,full,France
303,5 Series,2014,2.1,249,diesel,automatic,AWD,188177,5.9,39663,142,4,5,sedan,silver,1,no,partial,Italy
304,X3,2016,3.2,276,diesel,automatic,RWD,92257,7.8,53666,170,5,5,suv,,2,no,partial,Germany
305,X3,2020,2.4,278,petrol,automatic,RWD,96032,7.8,59299,176,5,5,suv,black,1,no,,USA
306,5 Series,2024,3,244,petrol,automatic,RWD,13300,8.9,65133,201,4,5,sedan,silver,0,no,full,Germany
307,X7,2013,4.1,314,diesel,automatic,AWD,138230,10.1,80622,227,5,5,suv,grey,2,no,full,Turkey
308,i4,2022,0,419,electric,automatic,RWD,58869,0,79564,0,4,5,coupe,white,1,no,full,UK
309,X7,2022,4,272,petrol,automatic,AWD,40616,9.7,116970,208,5,5,suv,white,0,no,full,Turkey
310,3 Series,2007,2.9,226,petrol,manual,AWD,292672,9.1,7481,202,4,5,sedan,white,2,no,full,Spain
311,3 Series,2016,3.5,298,diesel,manual,AWD,128018,8.5,32083,183,4,5,sedan,red,1,no,partial,Italy
312,3 Series,2024,2.2,225,petrol,automatic,AWD,10768,8.1,43991,175,4,5,sedan,white,1,no,full,USA
313,i7,2010,0,386,electric,automatic,AWD,294006,0,100190,0,4,4,sedan,black,3,no,full,Netherlands
314,5 Series,2022,3.2,310,hybrid,automatic,RWD,32879,6.3,69759,124,4,5,sedan,black,2,no,full,Netherlands
315,X3,2020,2.4,186,petrol,automatic,RWD,62579,8.2,60087,180,5,5,suv,white,1,no,full,UK
316,3 Series,2020,1.9,172,hybrid,automatic,RWD,68637,4.1,32661,97,4,5,sedan,black,2,no,partial,USA
317,X5,2021,3.8,346,diesel,automatic,AWD,35238,9.3,82941,213,5,5,suv,silver,0,no,full,Turkey
318,X1,2007,2.4,245,petrol,automatic,AWD,228665,7.9,18548,166,5,5,suv,blue,2,no,full,Turkey
319,X3,2007,2.7,224,diesel,automatic,AWD,72387,7.2,27855,165,5,5,suv,blue,2,yes,partial,Spain
320,X3,2012,2.1,164,petrol,,AWD,194348,8.1,34843,178,5,5,suv,silver,2,no,full,Turkey
321,5 Series,2013,2.5,207,diesel,automatic,AWD,140141,7.4,35842,165,4,5,sedan,silver,2,yes,partial,Netherlands
322,X3,2023,2.8,261,hybrid,automatic,RWD,23897,5.1,59130,112,5,5,suv,white,1,no,full,Spain
323,X5,2023,3.8,343,diesel,automatic,AWD,0,9.7,78668,236,5,5,suv,grey,1,yes,partial,Germany
324,i3,2022,0,196,electric,automatic,RWD,39132,0,54444,0,5,4,hatchback,silver,2,no,full,Germany
325,X5,2007,4.2,319,petrol,automatic,AWD,262075,11.4,36996,254,5,5,suv,white,3,no,partial,Germany
326,X3,2023,3.1,269,petrol,automatic,RWD,18209,9.6,59012,219,5,5,suv,black,1,no,partial,USA
327,X3,2009,2.7,190,petrol,automatic,RWD,300000,6.3,19100,145,5,5,suv,white,4,yes,partial,Germany
328,3 Series,2006,2.6,177,hybrid,manual,AWD,300000,4.5,8389,85,4,5,sedan,black,4,no,partial,Netherlands
329,3 Series,2021,2.8,262,hybrid,automatic,AWD,44865,5.8,39701,127,4,5,sedan,silver,1,no,full,Spain
330,1 Series,2020,2.3,229,diesel,automatic,FWD,73178,6.8,28729,142,3,5,hatchback,,0,no,full,France
331,5 Series,2014,3.6,298,hybrid,automatic,RWD,63542,6.6,41943,151,4,5,sedan,white,1,yes,partial,Germany
332,3 Series,2022,3.2,276,hybrid,automatic,AWD,38273,6,49338,133,4,5,sedan,silver,1,no,full,UK
333,X5,2009,3.3,292,diesel,automatic,AWD,180009,8.5,39682,193,5,5,suv,white,4,yes,partial,Turkey
334,X1,2006,1.8,200,petrol,automatic,AWD,300000,7.1,11122,158,5,5,suv,red,2,no,full,Netherlands
335,1 Series,2009,2.2,210,hybrid,automatic,FWD,263844,5.3,3243,139,5,5,hatchback,black,3,no,partial,Turkey
336,X5,2013,3.8,301,hybrid,automatic,AWD,246569,,50362,137,5,5,suv,grey,2,yes,,Germany
337,X7,2020,3.8,315,petrol,automatic,AWD,41670,10.3,117556,222,5,5,suv,silver,1,no,full,USA
338,X1,2007,2.2,167,diesel,automatic,AWD,216688,7,12859,163,5,5,suv,black,4,yes,partial,Germany
339,i7,2024,0,401,electric,automatic,RWD,0,0,181312,0,4,5,sedan,silver,0,no,partial,Italy
340,X1,2008,2.2,185,diesel,automatic,FWD,295876,7.3,11070,172,5,5,suv,red,4,yes,full,Turkey
341,X3,2023,3.3,297,diesel,automatic,AWD,28145,8.3,71978,171,5,5,suv,black,0,no,full,Spain
342,X7,2023,3.2,353,hybrid,automatic,AWD,16219,6.3,117504,154,5,5,suv,black,0,no,partial,France
343,1 Series,2022,3,251,hybrid,automatic,FWD,42586,5.7,28907,118,3,4,hatchback,red,1,yes,full,Italy
344,X3,2015,2.6,302,petrol,automatic,RWD,230324,8.2,34462,172,5,5,suv,black,4,yes,full,Germany
345,1 Series,2023,1.8,195,petrol,automatic,FWD,16282,6,30762,143,3,5,hatchback,blue,0,no,full,UK
346,X1,2019,,234,diesel,automatic,FWD,57311,6.6,38540,133,5,5,suv,grey,1,no,partial,Italy
347,X5,2015,3.2,330,petrol,automatic,AWD,130410,9.4,64703,202,5,5,suv,white,1,no,full,Turkey
348,X5,2012,3.5,231,petrol,automatic,AWD,232717,9.6,45772,203,5,5,suv,black,2,yes,partial,UK
349,X5,2022,4,290,diesel,automatic,AWD,33235,8.4,94544,191,5,5,suv,black,0,no,full,Germany
350,X3,2016,2.5,256,diesel,automatic,AWD,139019,7,44512,162,5,5,suv,grey,3,no,full,Turkey
351,X3,2011,3.1,275,petrol,automatic,AWD,100215,9.8,34089,215,5,5,suv,black,3,yes,,France
352,X1,2018,1.7,160,hybrid,automatic,AWD,96899,4.2,33205,85,5,5,suv,black,3,,partial,Spain
353,3 Series,2016,2,228,diesel,manual,RWD,91749,7.6,31525,159,4,5,sedan,white,2,no,full,Turkey
354,X3,2022,2.8,264,hybrid,automatic,RWD,20758,5.7,61254,135,5,5,suv,grey,2,no,full,USA
355,i3,2023,0,173,electric,automatic,RWD,41667,0,60024,0,5,4,hatchback,black,,no,full,France
356,1 Series,2016,1.8,219,hybrid,manual,RWD,77119,4.7,18142,115,3,4,hatchback,black,2,yes,partial,Netherlands
357,i3,2021,0,222,electric,automatic,RWD,73341,,54227,0,5,4,hatchback,black,1,no,full,Netherlands
358,X5,2008,4,402,petrol,automatic,AWD,300000,10.7,42341,226,5,5,suv,grey,2,no,partial,Germany
359,5 Series,2023,2.3,158,diesel,automatic,RWD,30126,6.9,62578,145,4,5,sedan,white,0,no,full,USA
360,Z4,2023,2.9,323,petrol,automatic,RWD,11905,9.7,70585,201,2,2,convertible,white,0,no,partial,Germany
361,i4,2017,0,459,electric,automatic,AWD,80553,0,76135,0,4,5,coupe,silver,1,no,full,Spain
362,1 Series,2024,2.6,249,diesel,automatic,RWD,0,7.8,29945,165,3,4,hatchback,silver,1,no,partial,Netherlands
363,3 Series,2019,1.9,256,hybrid,automatic,RWD,67599,4.2,37088,83,4,5,sedan,black,1,yes,full,USA
364,3 Series,2005,3,295,petrol,automatic,AWD,300000,9.3,13853,195,4,5,sedan,white,3,no,partial,USA
365,X1,2009,1.9,140,hybrid,automatic,FWD,298457,4.4,9050,96,5,5,suv,white,5,no,partial,Spain
366,X5,2017,4,343,hybrid,,AWD,71422,7.2,69956,159,5,5,suv,silver,3,no,partial,Netherlands
367,5 Series,2018,4.1,420,diesel,automatic,AWD,95830,8.9,60127,201,4,5,sedan,black,1,no,full,Netherlands
368,Z4,2021,3,261,petrol,automatic,RWD,40350,9.4,68168,230,2,2,convertible,black,1,no,full,UK
369,X3,2023,2.5,279,hybrid,automatic,AWD,3774,5.5,65535,114,5,5,suv,silver,0,no,full,Turkey
370,X5,2020,3.4,326,hybrid,automatic,AWD,86978,5.8,73657,137,5,5,suv,grey,1,yes,full,USA
371,1 Series,2016,1.7,163,diesel,automatic,RWD,103869,6.5,14564,146,5,4,hatchback,red,1,no,partial,Turkey
372,3 Series,2015,3.2,297,petrol,automatic,RWD,167099,9,28594,204,4,5,sedan,,2,no,partial,France
373,X3,2016,2.7,252,petrol,automatic,AWD,80139,8,48911,167,5,5,suv,blue,,no,full,Italy
374,X5,2016,4.1,390,petrol,automatic,AWD,99703,11.1,56490,242,5,5,suv,black,1,yes,partial,Germany
375,X5,2012,3.7,379,petrol,automatic,AWD,267485,10.2,53542,238,5,5,suv,black,3,no,full,USA
376,X3,2011,3,260,petrol,automatic,AWD,184731,9.6,41149,213,5,5,suv,black,4,no,full,Germany
377,X3,2008,2,192,petrol,automatic,RWD,188257,8.8,24445,200,5,5,suv,silver,3,yes,,Netherlands
378,3 Series,2023,2.1,237,hybrid,automatic,AWD,38017,5.8,45871,134,4,5,sedan,white,0,no,full,France
379,X3,2023,3.2,244,diesel,automatic,AWD,15999,8.2,46875,190,5,5,suv,white,0,yes,partial,Turkey
380,X5,2018,3.3,346,hybrid,automatic,AWD,67779,5.7,78809,115,5,5,suv,black,2,no,full,USA
381,X7,2021,4.2,354,petrol,automatic,AWD,27244,10.9,124891,234,5,5,suv,black,1,no,full,UK
382,Z4,2022,2.1,172,petrol,automatic,RWD,11748,7.5,59004,176,2,2,convertible,silver,1,yes,full,UK
383,7 Series,2020,3.5,300,petrol,automatic,RWD,63551,10.1,85946,216,4,4,sedan,white,1,yes,full,Turkey
384,X7,2017,3.5,327,diesel,automatic,AWD,120659,8,103564,175,5,5,suv,white,2,no,full,Netherlands
385,1 Series,2020,2.2,193,petrol,automatic,FWD,57420,8.3,24703,176,3,5,hatchback,silver,1,no,full,Turkey
386,Z4,2021,2.5,261,petrol,automatic,RWD,61103,8.5,71954,182,2,2,convertible,white,0,no,full,USA
387,X3,2024,2.1,255,petrol,automatic,RWD,0,8.7,70236,175,5,5,suv,,0,no,,Netherlands
388,i7,2023,0,516,electric,automatic,RWD,0,0,206875,0,4,4,sedan,silver,0,no,full,UK
389,7 Series,2009,3.5,267,petrol,automatic,RWD,300000,9.7,52374,217,4,4,sedan,white,3,yes,partial,Germany
390,X1,2016,1.7,179,petrol,,FWD,98228,7.8,30806,185,5,5,suv,black,2,no,partial,Spain
391,X3,2019,2.5,215,hybrid,automatic,AWD,57537,5.5,55070,119,5,5,suv,silver,4,no,full,USA
392,X5,2022,3.5,257,hybrid,automatic,AWD,33920,6.6,77949,150,5,5,suv,silver,1,no,full,Turkey
393,3 Series,2012,2.2,172,diesel,manual,AWD,274122,6.6,14101,142,4,5,sedan,blue,5,no,full,Netherlands
394,5 Series,2021,3.7,357,petrol,automatic,AWD,28906,11.2,61088,257,4,5,sedan,silver,1,no,full,Spain
395,3 Series,2018,,161,diesel,automatic,RWD,99513,6.1,29824,138,4,5,sedan,white,,no,partial,Netherlands
396,i4,2024,0,309,electric,automatic,RWD,0,0,93786,0,4,5,coupe,silver,0,no,full,Italy
397,X7,2021,3.5,346,petrol,automatic,AWD,0,9.9,126455,205,5,5,suv,silver,2,no,partial,Germany
398,1 Series,2021,1.9,219,petrol,automatic,FWD,49946,6.3,28069,111,3,5,hatchback,white,0,no,full,UK
399,3 Series,2011,1.9,193,diesel,manual,RWD,286382,6.3,10726,143,4,5,sedan,black,2,yes,,Turkey
400,i7,2012,0,391,electric,automatic,RWD,153745,0,96823,0,4,4,sedan,red,2,no,partial,France
401,5 Series,2022,4.3,313,hybrid,automatic,AWD,37364,6.6,57085,146,4,5,sedan,blue,1,no,none,France
402,3 Series,2019,3,351,petrol,automatic,RWD,116071,8.6,39458,182,4,5,sedan,blue,2,no,full,USA
403,3 Series,2018,2.1,181,hybrid,automatic,RWD,61917,4.8,33173,107,4,5,sedan,silver,2,no,partial,Italy
404,5 Series,2005,4.3,429,hybrid,automatic,RWD,300000,7.7,27187,186,4,5,sedan,white,3,no,full,UK
405,3 Series,2021,2.4,279,hybrid,automatic,RWD,49597,6,46296,142,4,5,sedan,blue,1,no,full,Germany
406,Z4,2024,2.2,198,petrol,automatic,RWD,0,8.3,70469,173,2,2,convertible,grey,0,no,full,Spain
407,X5,2020,3,286,hybrid,automatic,AWD,23019,5.4,80101,117,5,5,suv,white,1,no,full,UK
408,X3,2018,2.8,308,diesel,automatic,RWD,93496,7.8,52005,173,5,5,suv,blue,2,no,full,Turkey
409,1 Series,2010,2.4,231,petrol,automatic,FWD,235223,9,10579,186,5,5,hatchback,black,2,yes,partial,UK
410,5 Series,2011,2.7,318,hybrid,automatic,AWD,226044,6.4,32780,136,4,5,sedan,white,4,no,partial,Turkey
411,i7,2023,0,507,electric,automatic,RWD,27540,0,181462,0,4,5,sedan,white,1,no,full,Italy
412,Z4,2022,2.5,232,petrol,automatic,RWD,16139,9,65255,198,2,2,convertible,grey,1,no,partial,UK
413,X3,2019,3.1,297,petrol,automatic,RWD,69157,9.7,56022,217,5,5,suv,blue,1,no,full,Germany
414,X3,2024,2.1,228,diesel,automatic,AWD,0,6.9,66007,151,5,5,suv,white,0,no,full,Netherlands
415,7 Series,2019,0,366,electric,automatic,AWD,154163,0,99970,0,4,4,sedan,white,1,yes,full,France
416,5 Series,2016,2.5,240,diesel,automatic,RWD,153161,7.4,47877,164,4,5,sedan,white,,no,full,UK
417,X1,2014,1.8,183,hybrid,automatic,FWD,128725,5,33003,122,5,5,suv,white,2,no,full,Germany
418,X7,2011,3.1,245,petrol,automatic,AWD,155157,8.7,71557,201,5,5,suv,red,3,no,partial,Spain
419,5 Series,2015,4.3,332,petrol,automatic,AWD,157654,11.1,43446,241,4,5,sedan,,1,yes,full,Germany
420,5 Series,2024,3.3,289,petrol,automatic,AWD,0,9.3,70137,206,4,5,sedan,grey,0,no,full,Netherlands
421,X7,2011,4.2,418,hybrid,automatic,AWD,191239,6.6,61041,149,5,5,suv,white,4,yes,none,Italy
422,X5,2009,3,259,petrol,automatic,AWD,300000,10,39959,211,5,5,suv,red,4,no,full,Spain
423,X1,2012,1.8,206,petrol,automatic,FWD,106629,7,26339,149,5,5,suv,black,4,no,partial,Italy
424,3 Series,2010,2.7,228,hybrid,automatic,AWD,154072,5.5,24071,113,4,5,sedan,black,3,no,partial,UK
425,5 Series,2005,2.4,239,hybrid,automatic,RWD,219186,4.8,17083,120,4,5,sedan,white,4,yes,partial,Turkey
426,X5,2024,3.9,379,hybrid,automatic,AWD,8075,6.5,94101,134,5,5,suv,blue,0,no,full,Netherlands
427,X1,2010,1.7,202,petrol,automatic,FWD,198240,7.8,19660,155,5,5,suv,black,3,yes,full,Spain
428,i4,2015,0,311,electric,automatic,AWD,88676,0,49240,0,4,5,coupe,white,,yes,full,Spain
429,X3,2023,,180,petrol,automatic,AWD,5367,7.7,66807,153,5,5,suv,white,0,no,full,Netherlands
430,i4,2007,0,228,electric,automatic,RWD,159177,0,32628,0,4,5,coupe,black,2,yes,full,Germany
431,5 Series,2010,3.5,273,diesel,automatic,AWD,300000,7.6,22350,162,4,5,sedan,silver,5,yes,partial,Italy
432,X3,2023,3.5,313,diesel,automatic,RWD,19876,8.7,71567,178,5,5,suv,silver,0,no,partial,Germany
433,5 Series,2021,2.3,195,diesel,automatic,RWD,50504,6.7,54323,152,4,5,sedan,red,1,no,partial,Spain
434,X3,2015,2,212,diesel,automatic,RWD,103989,,43566,148,5,5,suv,white,1,no,partial,UK
435,X5,2022,3.2,262,hybrid,automatic,AWD,39015,6,81438,123,5,5,suv,black,1,no,full,Netherlands
436,i4,2015,0,417,electric,automatic,RWD,112305,0,64462,0,4,5,coupe,grey,4,no,partial,Italy
437,X1,2020,1.9,191,diesel,automatic,FWD,55431,5.6,33966,116,5,5,suv,white,2,yes,full,Turkey
438,X1,2010,2,145,petrol,automatic,FWD,242870,7.4,15709,176,5,5,suv,black,2,no,partial,Spain
439,1 Series,2015,2.1,161,hybrid,manual,FWD,90770,4.6,18707,96,3,4,hatchback,black,,no,partial,Germany
440,X7,2023,4.1,401,diesel,automatic,AWD,17545,9.7,110252,208,5,5,suv,red,0,no,partial,Turkey
441,X1,2014,2.4,228,diesel,automatic,AWD,145130,7.7,30800,169,5,5,suv,grey,2,yes,full,UK
442,3 Series,2023,2.9,267,diesel,automatic,RWD,0,7.8,48762,162,4,5,sedan,silver,1,no,full,UK
443,X5,2012,4.2,351,hybrid,automatic,AWD,172283,6.7,51541,133,5,5,suv,white,2,no,partial,Spain
444,X5,2012,3.8,267,diesel,automatic,AWD,166140,9.3,53529,188,5,5,suv,silver,3,yes,full,Italy
445,3 Series,2024,2.9,279,hybrid,automatic,RWD,0,4.9,47114,81,4,5,sedan,white,1,no,full,Italy
446,5 Series,2011,,261,petrol,automatic,AWD,176168,9.5,37511,203,4,5,sedan,black,2,no,partial,Netherlands
447,X1,2005,1.7,165,diesel,automatic,AWD,266840,6.1,7797,117,5,5,suv,silver,2,no,partial,Spain
448,5 Series,2020,2.9,242,petrol,automatic,RWD,75305,9.4,54208,202,4,5,sedan,grey,0,no,full,Netherlands
449,5 Series,2019,4.3,336,diesel,automatic,AWD,64640,10,49106,219,4,5,sedan,white,,yes,,Turkey
450,1 Series,2024,2.5,230,petrol,automatic,RWD,18081,8,33073,186,5,4,hatchback,black,0,no,,Netherlands
451,3 Series,2011,2.8,232,petrol,automatic,RWD,75973,9.1,23459,198,4,5,sedan,white,5,no,partial,Italy
452,5 Series,2012,4.3,370,diesel,automatic,RWD,191515,9.4,35874,205,4,5,sedan,blue,3,no,full,France
453,X5,2023,4.2,429,petrol,automatic,AWD,21173,11,99633,239,5,5,suv,grey,1,no,full,Netherlands
454,i4,2008,0,270,electric,automatic,AWD,292127,0,22209,0,4,5,coupe,black,3,yes,none,Turkey
455,X5,2018,4.1,325,diesel,automatic,AWD,31785,8.8,74561,198,5,5,suv,white,1,no,partial,USA
456,i4,2016,0,506,electric,automatic,AWD,199783,0,59864,,4,5,coupe,blue,4,no,partial,Spain
457,7 Series,2017,3.2,319,diesel,automatic,AWD,99488,8.5,92100,193,4,4,sedan,black,3,no,full,France
458,i4,2019,0,258,electric,,AWD,52149,0,67192,0,4,5,coupe,red,2,no,full,Spain
459,i7,2016,0,517,electric,automatic,RWD,99849,0,99994,0,4,5,sedan,white,1,no,none,Turkey
460,X3,2009,3.4,277,diesel,automatic,AWD,300000,7.8,18095,179,5,5,suv,black,5,yes,none,France
461,3 Series,2021,3,291,petrol,manual,AWD,8988,9.1,46617,194,4,5,sedan,black,2,no,full,UK
462,X5,2015,4,401,hybrid,automatic,AWD,93577,7.1,68590,150,5,5,suv,silver,2,no,partial,Italy
463,X1,2006,1.8,207,diesel,automatic,AWD,268452,6.9,12057,139,5,5,suv,silver,3,yes,partial,Turkey
464,X3,2024,3.3,253,petrol,automatic,AWD,0,9.9,73935,210,5,5,suv,black,0,no,full,USA
465,X5,2019,3.1,284,petrol,automatic,AWD,64927,9.6,76431,213,5,5,suv,black,3,no,full,Italy
466,X3,2022,3.3,245,petrol,automatic,AWD,36814,9.8,44963,227,5,5,suv,white,1,yes,none,Netherlands
467,5 Series,2019,4.3,331,petrol,automatic,RWD,102018,11.9,55036,255,4,5,sedan,red,2,no,partial,Turkey
468,5 Series,2009,2.4,247,hybrid,,AWD,248883,4.5,22175,98,4,5,sedan,silver,5,yes,none,UK
469,i7,2015,0,569,electric,automatic,RWD,180113,0,135181,0,4,5,sedan,white,1,no,full,Germany
470,X5,2012,3.8,371,diesel,automatic,AWD,213314,8.8,51687,197,5,5,suv,grey,5,yes,partial,Netherlands
471,X5,2013,3.6,399,diesel,automatic,AWD,116845,9.4,60773,196,5,5,suv,white,3,yes,full,UK
472,X5,2024,3,225,petrol,automatic,AWD,0,8.8,94608,193,5,5,suv,white,0,no,full,France
473,X3,2015,3.3,317,petrol,automatic,AWD,104126,10.2,46317,220,5,5,suv,grey,3,no,full,Turkey
474,3 Series,2020,2.7,279,petrol,automatic,RWD,40678,8.4,36724,191,4,5,sedan,silver,2,yes,full,USA
475,5 Series,2022,3.5,296,petrol,automatic,AWD,41607,10.2,61060,223,4,5,sedan,blue,0,no,partial,Germany
476,i3,2017,0,151,electric,automatic,RWD,153491,0,36291,,5,4,hatchback,black,3,no,full,Spain
477,X3,2018,3.3,285,petrol,,AWD,106758,9.8,46674,201,5,5,suv,white,1,no,none,UK
478,7 Series,2020,3.1,316,hybrid,automatic,AWD,47427,5.5,94482,121,4,5,sedan,black,1,no,partial,Turkey
479,X3,2017,3,291,hybrid,automatic,RWD,69291,5.3,54029,107,5,5,suv,black,1,no,partial,Germany
480,3 Series,2024,1.6,188,diesel,automatic,AWD,940,6,40112,129,4,5,sedan,blue,1,no,full,Spain
481,7 Series,2020,3.2,251,diesel,automatic,AWD,85800,7.8,98200,170,4,5,sedan,black,2,no,,Spain
482,X3,2017,2.6,243,diesel,automatic,AWD,132972,7.2,41031,164,5,5,suv,black,,no,partial,Italy
483,3 Series,2022,3.1,264,hybrid,automatic,AWD,46609,5.4,41449,126,4,5,sedan,grey,1,no,full,Spain
484,1 Series,2021,1.7,218,diesel,automatic,RWD,32483,6.5,31869,130,3,4,hatchback,silver,1,no,full,UK
485,3 Series,2019,3.4,322,petrol,automatic,RWD,41351,9.6,34200,216,4,5,sedan,silver,1,no,none,Germany
486,3 Series,2011,1.6,127,hybrid,automatic,AWD,116292,3.6,19027,88,4,5,sedan,silver,4,no,partial,Italy
487,5 Series,2023,2.6,305,hybrid,automatic,RWD,25488,5.1,65027,110,4,5,sedan,white,0,no,full,Spain
488,1 Series,2012,2.4,222,hybrid,automatic,RWD,204575,4.4,11355,96,5,4,hatchback,white,4,no,full,France
489,X3,2020,2.6,228,diesel,automatic,RWD,53891,6.8,55510,157,5,5,suv,white,1,no,full,Netherlands
490,3 Series,2019,2.7,273,petrol,automatic,AWD,86106,9.4,37291,205,4,5,sedan,white,1,no,partial,Spain
491,1 Series,2019,2.2,217,diesel,automatic,RWD,57132,7,27543,162,3,4,hatchback,white,1,no,partial,USA
492,i7,2009,0,351,electric,automatic,AWD,300000,0,81279,0,4,5,sedan,silver,3,yes,full,France
493,7 Series,2020,4.8,421,diesel,automatic,AWD,61446,9.8,112389,216,4,4,sedan,blue,1,no,full,Spain
494,3 Series,2009,2.1,214,diesel,automatic,AWD,300000,6.6,13734,139,4,5,sedan,white,2,yes,,USA
495,X1,2016,1.6,179,petrol,automatic,AWD,54344,7.3,36619,158,5,5,suv,blue,1,yes,full,Germany
496,X1,2021,2,214,petrol,automatic,AWD,26708,7.9,46411,170,5,5,suv,black,1,no,full,Turkey
497,X3,2005,3,281,hybrid,automatic,AWD,300000,6,19636,124,5,5,suv,blue,3,no,partial,Spain
498,5 Series,2010,2.5,283,petrol,automatic,RWD,140565,9.2,38894,201,4,5,sedan,white,4,no,partial,Italy
499,X3,2010,2.7,265,petrol,automatic,RWD,123915,9.1,31905,184,5,5,suv,black,4,yes,partial,Netherlands
500,Z4,2014,2.7,274,petrol,automatic,RWD,106230,8.9,46584,194,2,2,convertible,black,1,yes,full,France
501,Z4,2022,3,333,petrol,automatic,RWD,13803,8.9,80504,215,2,2,convertible,blue,1,no,full,Netherlands
502,Z4,2021,3,263,petrol,automatic,RWD,42800,9.7,57972,208,2,2,convertible,,,yes,full,UK
503,3 Series,2019,3.1,251,hybrid,automatic,RWD,39841,5.9,39119,127,4,5,sedan,black,2,,full,Italy
504,3 Series,2015,2.7,271,hybrid,manual,AWD,149150,5.6,31240,129,4,5,sedan,red,1,no,full,Netherlands
505,X5,2024,3.9,326,petrol,automatic,AWD,0,9.8,91297,218,5,5,suv,black,1,no,full,USA
506,5 Series,2010,2.5,229,petrol,automatic,RWD,268815,9.2,25476,199,4,5,sedan,blue,3,yes,full,Netherlands
507,5 Series,2018,4.1,300,hybrid,automatic,RWD,88693,6.7,44502,141,4,5,sedan,white,2,no,none,Netherlands
508,i4,2022,0,445,electric,automatic,RWD,27860,0,79722,0,4,5,coupe,white,2,,full,UK
509,7 Series,2010,3.6,312,petrol,automatic,RWD,118627,8.9,64737,208,4,4,sedan,silver,2,no,full,Turkey
510,X1,2014,2.4,204,diesel,automatic,FWD,165144,6.7,28701,160,5,5,suv,black,1,no,partial,Netherlands
511,X7,2019,3.4,258,hybrid,automatic,AWD,83390,6,86420,136,5,5,suv,black,2,no,none,Spain
512,Z4,2012,2.5,247,petrol,manual,RWD,269089,9.2,29954,207,2,2,convertible,black,3,no,none,Germany
513,X5,2022,3.4,364,petrol,automatic,AWD,40175,11,76609,238,5,5,suv,blue,2,yes,full,UK
514,5 Series,2023,3.3,229,diesel,automatic,RWD,6055,7.6,67350,180,4,5,sedan,white,0,no,full,Germany
515,i3,2022,0,212,electric,,RWD,38085,0,57381,0,5,4,hatchback,grey,0,no,partial,Italy
516,X3,2020,2.5,288,hybrid,automatic,RWD,39378,6,51909,132,5,5,suv,blue,1,yes,,UK
517,1 Series,2008,2.7,233,diesel,automatic,RWD,222666,8.2,10433,185,5,4,hatchback,white,3,no,full,Turkey
518,3 Series,2016,3.1,273,diesel,automatic,AWD,75427,8.7,36199,193,4,5,sedan,silver,2,no,partial,France
519,i4,2012,0,386,electric,automatic,RWD,155230,0,52650,0,4,5,coupe,blue,,no,full,UK
520,3 Series,2016,2,165,petrol,manual,AWD,190746,6.8,24398,162,4,5,sedan,black,1,no,full,USA
521,3 Series,2015,2.2,259,hybrid,automatic,RWD,135561,4.2,27284,102,4,5,sedan,black,2,yes,full,France
522,X5,2006,,288,diesel,automatic,AWD,161364,7.5,42952,155,5,5,suv,silver,4,no,partial,France
523,3 Series,2018,2.2,154,petrol,automatic,RWD,69219,6.5,30643,139,4,5,sedan,red,2,,full,USA
524,1 Series,2021,3,365,hybrid,automatic,FWD,0,6.4,33718,132,3,4,hatchback,red,2,no,partial,Germany
525,i3,2009,0,191,electric,automatic,RWD,289846,0,17326,0,5,4,hatchback,blue,5,yes,partial,Italy
526,5 Series,2019,4,388,petrol,automatic,RWD,69039,11.5,58521,243,4,5,sedan,silver,4,no,full,UK
527,3 Series,2021,3.2,268,petrol,automatic,RWD,33638,9.9,45899,226,4,5,sedan,silver,0,no,full,France
528,3 Series,2017,1.8,223,petrol,automatic,AWD,64906,7.4,37345,157,4,5,sedan,black,1,no,full,France
529,5 Series,2012,2,238,hybrid,automatic,AWD,76931,4.3,37094,92,4,5,sedan,black,3,yes,partial,Netherlands
530,1 Series,2021,1.9,189,petrol,automatic,FWD,47807,8.2,27937,173,3,5,hatchback,silver,,no,full,Italy
531,X3,2014,2,221,petrol,automatic,RWD,193985,7.4,31945,159,5,5,suv,red,2,yes,partial,France
532,i7,2020,0,567,electric,automatic,RWD,65726,0,196667,0,4,4,sedan,silver,1,no,full,France
533,1 Series,2020,2.4,267,petrol,,FWD,74656,8.8,27849,186,3,4,hatchback,white,2,no,full,Netherlands
534,Z4,2018,2.2,156,petrol,automatic,RWD,90340,8.8,50733,187,2,2,convertible,silver,2,no,full,Turkey
535,3 Series,2020,2.3,278,hybrid,automatic,AWD,44033,4.8,38420,103,4,5,sedan,grey,0,yes,full,France
536,X3,2022,2.7,322,petrol,automatic,AWD,43395,8.7,67698,188,5,5,suv,blue,1,no,full,Italy
537,5 Series,2018,2.6,172,hybrid,automatic,AWD,102749,5.4,46488,125,4,5,sedan,silver,1,,full,Netherlands
538,3 Series,2024,2,243,diesel,automatic,AWD,0,6.1,50687,134,4,5,sedan,black,0,no,full,Italy
539,5 Series,2024,3.8,325,petrol,automatic,AWD,0,9.9,71136,222,4,5,sedan,white,1,no,full,Spain
540,3 Series,2020,2.8,254,petrol,automatic,AWD,51714,9.1,41061,185,4,5,sedan,black,1,no,full,Italy
541,5 Series,2013,4.2,355,hybrid,automatic,RWD,156743,6.7,51226,136,4,5,sedan,white,2,no,full,France
542,5 Series,2023,2.6,192,diesel,automatic,RWD,44894,7.6,58050,170,4,5,sedan,silver,0,no,full,Germany
543,X3,2008,2,161,diesel,automatic,RWD,249276,6.2,24757,132,5,5,suv,black,2,no,partial,Turkey
544,3 Series,2020,2.4,184,diesel,manual,RWD,46776,8.3,35955,177,4,5,sedan,blue,0,no,partial,Italy
545,X5,2009,,253,hybrid,automatic,AWD,237016,5.8,46541,135,5,5,suv,blue,3,no,full,Spain
546,X1,2018,1.9,227,diesel,automatic,AWD,68282,7.7,33788,161,5,5,suv,white,1,yes,partial,Turkey
547,X7,2020,3.3,237,hybrid,automatic,AWD,46285,5.7,109444,112,5,5,suv,black,1,no,full,Turkey
548,3 Series,2023,1.8,145,diesel,automatic,AWD,1040,5.6,42122,115,4,5,sedan,blue,0,no,partial,France
549,5 Series,2015,2.6,192,diesel,automatic,AWD,73379,7.8,39050,176,4,5,sedan,red,1,no,none,Italy
550,7 Series,2015,4.1,335,hybrid,automatic,AWD,154521,6.8,72198,165,4,5,sedan,red,1,yes,full,Germany
551,X1,2016,1.7,133,petrol,automatic,FWD,222000,7.1,24839,151,5,5,suv,black,3,no,partial,Germany
552,X7,2005,3.4,239,diesel,automatic,AWD,300000,9.1,52858,210,5,5,suv,white,3,no,partial,France
553,5 Series,2015,2.4,191,hybrid,automatic,AWD,197198,4.8,34697,80,4,5,sedan,silver,2,no,partial,Turkey
554,X7,2009,4.3,368,diesel,automatic,AWD,136034,8.9,70314,187,5,5,suv,blue,3,yes,full,Italy
555,X1,2012,2.2,194,hybrid,automatic,FWD,215649,4.6,20091,97,5,5,suv,blue,2,yes,partial,Germany
556,X3,2012,3,314,petrol,automatic,AWD,165239,9.2,38750,184,5,5,suv,black,2,yes,full,USA
557,1 Series,2019,2.5,282,diesel,automatic,RWD,73879,7.6,20085,168,5,5,hatchback,white,2,yes,,UK
558,Z4,2022,2.9,246,petrol,automatic,RWD,14124,9.4,61070,214,2,2,convertible,white,1,no,,USA
559,3 Series,2017,3.2,339,petrol,automatic,AWD,127271,8.9,38043,199,4,5,sedan,red,,no,full,USA
560,3 Series,2008,2.8,262,hybrid,automatic,AWD,230381,5.3,23082,107,4,5,sedan,white,2,no,full,Germany
561,3 Series,2014,3.2,236,hybrid,manual,RWD,231720,6,20466,152,4,5,sedan,blue,3,yes,partial,UK
562,X1,2022,2.3,254,diesel,automatic,AWD,49072,6.5,48532,128,5,5,suv,white,1,no,full,Turkey
563,i3,2012,0,209,electric,automatic,RWD,118736,0,34738,0,5,4,hatchback,white,2,no,full,Netherlands
564,i7,2020,0,431,electric,automatic,AWD,79517,0,174135,0,4,5,sedan,silver,1,no,partial,Germany
565,3 Series,2022,2.7,241,petrol,manual,AWD,12925,9.1,45728,201,4,5,sedan,grey,2,no,full,Netherlands
566,5 Series,2016,2.3,178,hybrid,automatic,RWD,119892,4.4,43909,122,4,5,sedan,black,2,no,full,Turkey
567,Z4,2008,2.1,223,petrol,manual,RWD,300000,8.4,22899,174,2,2,convertible,red,4,yes,full,Turkey
568,5 Series,2016,2.4,163,petrol,automatic,RWD,112267,8.9,39657,206,4,5,sedan,black,1,yes,full,USA
569,1 Series,2010,2.9,329,hybrid,automatic,RWD,280095,5.9,10431,136,3,4,hatchback,,2,no,full,Turkey
570,X5,2009,4.3,373,diesel,automatic,AWD,121240,10,58727,222,5,5,suv,white,4,no,full,Turkey
571,X5,2005,4,325,diesel,automatic,AWD,161882,9.2,40867,201,5,5,suv,blue,5,no,partial,Germany
572,5 Series,2024,2.3,208,petrol,automatic,RWD,6707,8.1,67952,176,4,5,sedan,blue,0,no,full,Italy
573,X3,2022,3,287,hybrid,automatic,AWD,20589,5.4,68436,121,5,5,suv,silver,2,no,full,USA
574,X5,2024,3.9,357,hybrid,automatic,AWD,9906,6,92292,123,5,5,suv,white,0,no,partial,Netherlands
575,7 Series,2014,3.4,272,petrol,automatic,RWD,153991,9.4,72025,207,4,4,sedan,black,2,no,full,Turkey
576,X5,2020,3.1,275,hybrid,automatic,AWD,67387,5.7,67237,122,5,5,suv,grey,0,yes,full,UK
577,5 Series,2014,3.2,304,petrol,automatic,RWD,198293,9.4,31972,218,4,5,sedan,white,2,,none,Netherlands
578,5 Series,2023,2.5,255,hybrid,automatic,AWD,0,5.3,61466,116,4,5,sedan,red,0,no,full,Spain
579,3 Series,2011,1.8,159,petrol,manual,AWD,186734,8.1,15593,177,4,5,sedan,blue,4,no,partial,Italy
580,3 Series,2015,1.6,149,diesel,manual,RWD,97803,5.6,26139,123,4,5,sedan,,2,no,partial,Italy
581,X5,2007,3.5,303,diesel,automatic,AWD,275018,8.5,36399,189,5,5,suv,black,4,yes,full,Germany
582,5 Series,2014,2.1,200,diesel,automatic,AWD,176960,6.3,42867,132,4,5,sedan,grey,,no,full,Germany
583,i4,2007,0,213,electric,automatic,AWD,206600,0,30792,0,4,5,coupe,white,3,no,full,Spain
584,3 Series,2021,2.5,253,hybrid,automatic,AWD,35599,4.6,42873,94,4,5,sedan,black,2,no,full,Spain
585,5 Series,2007,3.8,344,diesel,automatic,AWD,167232,9.2,29890,194,4,5,sedan,silver,5,no,partial,France
586,X3,2024,3.1,330,petrol,automatic,RWD,0,9.4,71408,223,5,5,suv,silver,0,no,full,UK
587,Z4,2015,2.8,283,petrol,manual,RWD,173737,10.7,39404,230,2,2,convertible,white,3,no,none,Netherlands
588,X1,2015,2.3,216,petrol,automatic,FWD,91190,8.7,33542,187,5,5,suv,white,2,no,partial,France
589,1 Series,2011,,257,hybrid,automatic,FWD,199686,4.6,12126,85,5,5,hatchback,silver,3,no,full,France
590,5 Series,2019,3.4,304,hybrid,automatic,AWD,71367,6.3,47250,146,4,5,sedan,silver,2,yes,full,USA
591,X1,2019,1.7,162,petrol,automatic,FWD,47676,7.2,41301,,5,5,suv,black,1,no,full,Italy
592,3 Series,2011,2.4,224,hybrid,automatic,RWD,177115,4.7,21148,103,4,5,sedan,silver,3,no,full,Germany
593,7 Series,2013,5,370,hybrid,automatic,RWD,209673,6.7,73512,163,4,4,sedan,black,3,no,partial,Germany
594,3 Series,2015,3.4,314,hybrid,manual,AWD,215023,5.8,24497,127,4,5,sedan,black,2,yes,full,UK
595,X1,2016,1.7,186,diesel,automatic,FWD,148055,6,23379,130,5,5,suv,silver,1,yes,none,Turkey
596,7 Series,2023,0,491,electric,automatic,AWD,22154,0,125542,0,4,5,sedan,white,0,no,full,Netherlands
597,X7,2018,3.2,267,diesel,automatic,AWD,71924,8.6,92005,187,5,5,suv,silver,4,no,partial,Netherlands
598,i4,2020,0,444,electric,automatic,AWD,89035,0,97335,0,4,5,coupe,white,1,,full,Italy
599,X1,2010,1.7,223,hybrid,automatic,AWD,117400,4.3,29432,102,5,5,suv,grey,2,no,full,USA
600,Z4,2014,2.5,258,petrol,manual,RWD,144230,9.1,48360,211,2,2,convertible,white,4,no,full,Netherlands
601,X5,2016,3.1,252,petrol,automatic,AWD,133778,8.6,66400,197,5,5,suv,silver,2,no,full,UK
602,7 Series,2022,3.5,286,petrol,automatic,RWD,21608,8.7,106502,191,4,4,sedan,blue,1,no,full,Netherlands
603,3 Series,2023,2.7,248,petrol,automatic,RWD,0,8.5,46553,207,4,5,sedan,white,1,no,full,USA
604,3 Series,2013,3.5,308,hybrid,manual,AWD,161899,5.9,24582,135,4,5,sedan,red,4,no,partial,Turkey
605,3 Series,2021,3.2,289,petrol,automatic,RWD,42644,9.6,36461,218,4,5,sedan,white,0,no,none,USA
606,3 Series,2008,2,164,hybrid,manual,RWD,299009,5,7590,110,4,5,sedan,black,3,no,partial,Netherlands
607,X7,2023,4.4,340,hybrid,automatic,AWD,15986,6.7,117383,154,5,5,suv,silver,1,no,full,France
608,X1,2024,2.1,189,hybrid,automatic,AWD,5587,5.7,48106,128,5,5,suv,silver,0,no,full,Germany
609,3 Series,2024,3.5,286,petrol,automatic,RWD,0,9.5,56246,200,4,5,sedan,grey,0,no,full,Netherlands
610,X7,2006,4.1,341,diesel,automatic,AWD,300000,9.6,58166,209,5,5,suv,white,3,no,full,Netherlands
611,i3,2023,0,192,electric,automatic,RWD,0,0,61768,0,5,4,hatchback,red,0,no,full,Italy
612,X3,2010,2.5,239,diesel,automatic,RWD,275729,8,21735,157,5,5,suv,black,2,no,none,France
613,i4,2022,0,331,electric,automatic,AWD,16061,0,70874,0,4,5,coupe,black,1,no,partial,Turkey
614,X3,2013,,202,diesel,automatic,RWD,155635,6.7,38157,156,5,5,suv,black,2,no,partial,Germany
615,7 Series,2013,4.3,309,diesel,automatic,RWD,234439,9.4,56848,208,4,5,sedan,white,4,yes,full,Turkey
616,X3,2012,3.2,329,diesel,automatic,AWD,133960,8.4,37494,183,5,5,suv,white,3,no,partial,Turkey
617,X3,2017,3.1,268,diesel,automatic,RWD,66432,,48689,178,5,5,suv,black,2,no,full,Turkey
618,3 Series,2017,2.2,209,petrol,manual,RWD,123769,8.4,30611,172,4,5,sedan,silver,3,no,full,Netherlands
619,X3,2024,3.1,287,diesel,automatic,RWD,3826,7.8,72479,172,5,5,suv,white,0,no,full,Italy
620,X3,2020,3.4,253,petrol,automatic,AWD,8964,9.7,64871,206,5,5,suv,silver,1,no,full,France
621,5 Series,2012,3.7,316,diesel,automatic,AWD,183710,8.8,34853,200,4,5,sedan,silver,5,no,partial,France
622,3 Series,2015,3.4,317,hybrid,automatic,AWD,97680,5.7,32421,134,4,5,sedan,black,1,no,partial,Turkey
623,X3,2015,3.3,309,petrol,automatic,AWD,142435,9.9,42738,225,5,5,suv,black,2,no,full,Turkey
624,3 Series,2024,2.1,202,petrol,automatic,AWD,1798,7.2,43108,147,4,5,sedan,white,1,no,partial,Spain
625,X5,2009,3.9,268,diesel,automatic,AWD,205755,9.7,41696,208,5,5,suv,white,5,no,partial,Netherlands
626,i4,2024,0,368,electric,,AWD,4184,0,112939,0,4,5,coupe,red,0,,full,USA
627,X1,2016,2.3,164,petrol,automatic,AWD,126358,7.9,30992,190,5,5,suv,blue,3,no,full,Spain
628,5 Series,2021,2.5,236,petrol,automatic,AWD,31250,8.3,56051,171,4,5,sedan,white,1,no,partial,Turkey
629,3 Series,2023,3.4,335,diesel,manual,RWD,40042,8.5,47885,193,4,5,sedan,silver,0,no,,Turkey
630,X1,2012,2.2,196,hybrid,automatic,AWD,194349,4.7,21127,101,5,5,suv,red,2,no,partial,Netherlands
631,7 Series,2015,4,294,petrol,automatic,RWD,164633,10.9,75564,230,4,4,sedan,silver,4,no,partial,France
632,3 Series,2008,2.1,199,hybrid,manual,AWD,101959,4.6,20064,115,4,5,sedan,grey,3,yes,full,Germany
633,3 Series,2006,1.8,173,petrol,manual,RWD,300000,8.1,10832,173,4,5,sedan,grey,5,yes,full,USA
634,X7,2019,4.2,284,hybrid,automatic,AWD,71052,7.3,107802,166,5,5,suv,grey,2,no,full,Germany
635,1 Series,2019,1.6,184,petrol,automatic,FWD,77828,7.5,22423,172,5,5,hatchback,silver,2,no,full,UK
636,X3,2010,2.2,249,petrol,automatic,RWD,182878,,33516,188,5,5,suv,blue,3,yes,full,Italy
637,X5,2015,3.1,334,diesel,automatic,AWD,209459,8.1,47959,169,5,5,suv,silver,3,yes,none,Spain
638,7 Series,2021,3.3,313,hybrid,automatic,AWD,41003,5.7,106160,116,4,5,sedan,white,1,no,full,USA
639,1 Series,2012,2.2,206,hybrid,automatic,RWD,149115,5.1,11422,114,5,5,hatchback,silver,2,yes,full,Netherlands
640,3 Series,2009,2.4,268,petrol,manual,RWD,216324,9.6,15485,219,4,5,sedan,grey,5,yes,full,Italy
641,X1,2023,2.4,185,hybrid,automatic,AWD,14489,4.6,45863,104,5,5,suv,red,1,no,full,Turkey
642,X1,2010,,217,hybrid,automatic,FWD,227388,3.9,25992,90,5,5,suv,white,3,no,full,UK
643,i4,2019,0,368,electric,automatic,AWD,86517,0,76183,0,4,5,coupe,black,1,no,full,France
644,X5,2017,3.1,252,petrol,automatic,AWD,137975,9.1,58744,197,5,5,suv,black,2,yes,full,Spain
645,X1,2023,2.1,227,petrol,automatic,FWD,26175,8,49842,183,5,5,suv,black,0,no,partial,Netherlands
646,5 Series,2020,2.5,250,petrol,automatic,RWD,47616,8.8,57706,186,4,5,sedan,black,1,no,full,Italy
647,X7,2021,4.4,382,diesel,automatic,AWD,38153,10,128518,235,5,5,suv,white,1,no,full,USA
648,X1,2024,2.3,226,petrol,automatic,AWD,0,9.5,49880,217,5,5,suv,silver,0,no,full,UK
649,1 Series,2021,2.8,267,hybrid,automatic,RWD,35542,5.7,31910,138,3,4,hatchback,black,0,no,full,UK
650,X7,2024,3.1,237,hybrid,automatic,AWD,0,5.5,128997,121,5,5,suv,white,0,,full,UK
651,X7,2021,3.5,332,petrol,automatic,AWD,67010,10.2,110324,230,5,5,suv,red,1,no,full,France
652,X1,2024,1.7,255,hybrid,automatic,AWD,5452,4.5,40435,103,5,5,suv,silver,0,yes,none,UK
653,X3,2023,2.5,187,diesel,automatic,RWD,8140,6.1,54158,140,5,5,suv,black,0,no,none,Germany
654,1 Series,2023,2.8,299,diesel,manual,RWD,18900,8.3,35852,181,3,4,hatchback,blue,0,no,full,UK
655,7 Series,2022,3.7,347,petrol,automatic,AWD,38948,10.1,97763,221,4,5,sedan,red,1,yes,full,Spain
656,Z4,2018,2.4,236,petrol,automatic,RWD,73905,7.7,46342,180,2,2,convertible,white,2,no,none,France
657,5 Series,2011,3.3,269,petrol,automatic,AWD,189259,9.6,30953,,4,5,sedan,grey,4,yes,full,Netherlands
658,7 Series,2013,,303,petrol,automatic,AWD,96169,10.4,67618,227,4,5,sedan,grey,2,yes,partial,Germany
659,3 Series,2021,3.2,272,diesel,automatic,RWD,63962,7.7,47132,,4,5,sedan,white,1,no,full,USA
660,X3,2017,2.2,174,petrol,automatic,RWD,96530,7.4,39232,157,5,5,suv,grey,3,yes,full,USA
661,5 Series,2022,3,286,diesel,automatic,AWD,35558,7.6,64608,176,4,5,sedan,silver,0,no,full,Italy
662,X3,2020,2.7,287,diesel,automatic,AWD,54024,7.8,65434,171,5,5,suv,black,1,no,full,Netherlands
663,Z4,2022,2.2,218,petrol,automatic,RWD,50851,7.7,65915,183,2,2,convertible,black,1,no,partial,UK
664,5 Series,2022,3.2,328,hybrid,automatic,RWD,33038,6.2,59773,144,4,5,sedan,silver,1,yes,full,Italy
665,X3,2024,2.1,179,diesel,automatic,AWD,0,6.4,63816,154,5,5,suv,silver,0,no,partial,Italy
666,i3,2022,0,149,electric,automatic,RWD,0,0,60719,0,5,4,hatchback,silver,1,no,full,Netherlands
667,Z4,2009,2.6,255,petrol,automatic,RWD,238619,8.1,40229,181,2,2,convertible,silver,3,no,full,France
668,X5,2005,3.5,308,diesel,automatic,AWD,300000,8.2,31156,184,5,5,suv,,3,yes,none,USA
669,X3,2005,2.5,255,petrol,automatic,AWD,300000,8.6,21947,185,5,5,suv,black,4,no,partial,Germany
670,X5,2021,3.9,302,diesel,automatic,AWD,71587,8.5,67801,180,5,5,suv,grey,1,no,none,Germany
671,7 Series,2022,3.7,312,diesel,automatic,RWD,26493,8.2,104582,191,4,5,sedan,black,0,no,full,Turkey
672,i3,2019,0,183,electric,automatic,RWD,88868,0,44058,0,5,4,hatchback,silver,2,no,full,Italy
673,3 Series,2015,2.1,268,hybrid,manual,AWD,140044,4.6,30694,,4,5,sedan,grey,3,no,full,Spain
674,1 Series,2019,2.5,233,diesel,automatic,FWD,41622,7,30797,141,3,4,hatchback,red,2,no,full,Italy
675,1 Series,2017,2.4,242,petrol,manual,RWD,108079,8.4,24220,173,5,4,hatchback,white,2,no,full,France
676,i3,2023,0,201,electric,automatic,RWD,0,0,56327,0,5,4,hatchback,blue,1,no,none,Spain
677,3 Series,2014,3,288,hybrid,automatic,RWD,119035,5.7,31089,127,4,5,sedan,silver,,no,full,Netherlands
678,3 Series,2019,1.9,231,hybrid,automatic,AWD,115057,5.2,32783,113,4,5,sedan,blue,1,no,full,France
679,3 Series,2008,2.2,224,hybrid,manual,AWD,298558,5.1,8307,122,4,5,sedan,black,2,yes,partial,Netherlands
680,3 Series,2010,2.2,159,petrol,manual,AWD,241164,7.9,15552,161,4,5,sedan,white,2,no,,Turkey
681,5 Series,2007,2.4,229,petrol,automatic,AWD,64214,8.4,38465,173,4,5,sedan,grey,2,no,full,Italy
682,3 Series,2013,2.5,263,diesel,manual,AWD,78345,6.6,29287,131,4,5,sedan,white,2,no,partial,Spain
683,X1,2021,1.6,206,hybrid,automatic,AWD,27689,4,48310,82,5,5,suv,silver,,no,full,France
684,X1,2014,2.4,223,diesel,automatic,FWD,223343,6.4,20554,147,5,5,suv,white,2,yes,none,Italy
685,5 Series,2006,4.4,395,petrol,automatic,AWD,300000,11.2,22525,250,4,5,sedan,red,,no,none,USA
686,X1,2012,1.8,197,hybrid,automatic,FWD,189669,4.2,24255,106,5,5,suv,silver,2,no,partial,France
687,3 Series,2013,2.5,252,petrol,automatic,RWD,156071,8.5,24591,173,4,5,sedan,black,3,no,partial,UK
688,X3,2008,3.3,301,petrol,automatic,RWD,300000,9.2,25654,205,5,5,suv,white,4,no,partial,USA
689,5 Series,2007,3.9,369,petrol,automatic,RWD,235579,10.5,33569,235,4,5,sedan,silver,4,yes,partial,Germany
690,3 Series,2021,1.7,254,hybrid,,AWD,37936,4.6,41442,120,4,5,sedan,white,1,no,full,Turkey
691,5 Series,2022,3.5,386,diesel,automatic,AWD,31706,9,61854,195,4,5,sedan,black,1,no,full,Spain
692,X1,2021,2.4,228,diesel,automatic,FWD,36059,7.2,43035,157,5,5,suv,white,1,no,partial,Spain
693,1 Series,2016,3,254,diesel,automatic,RWD,185192,8.1,18718,195,3,4,hatchback,white,3,no,full,Spain
694,X3,2012,3.5,311,hybrid,automatic,RWD,300000,6,31588,120,5,5,suv,silver,3,no,partial,Spain
695,1 Series,2007,2.6,244,diesel,manual,FWD,253007,6.6,12144,129,3,4,hatchback,blue,2,no,full,UK
696,3 Series,2021,2.4,213,petrol,automatic,RWD,53309,7.8,41672,159,4,5,sedan,black,1,no,full,Italy
697,X5,2012,3.9,326,hybrid,automatic,AWD,34358,6.5,56769,146,5,5,suv,white,5,no,partial,Spain
698,5 Series,2023,2.5,192,hybrid,automatic,RWD,23441,5.4,63930,123,4,5,sedan,white,1,no,full,Germany
699,3 Series,2012,2.7,247,petrol,automatic,RWD,172811,8.9,23592,219,4,5,sedan,silver,3,no,full,UK
700,3 Series,2023,3.3,289,hybrid,automatic,RWD,1518,5.8,53528,122,4,5,sedan,black,1,no,full,UK
701,i3,2011,0,171,electric,automatic,RWD,151492,0,28066,0,5,4,hatchback,black,2,yes,full,Italy
702,3 Series,2022,3.1,326,petrol,automatic,RWD,42299,9.1,47017,200,4,5,sedan,blue,1,no,full,USA
703,1 Series,2019,2.5,251,petrol,automatic,RWD,37063,8.4,27578,191,3,5,hatchback,silver,2,no,partial,Spain
704,1 Series,2019,1.9,200,diesel,automatic,RWD,62239,6.5,22289,148,3,5,hatchback,grey,2,no,partial,Germany
705,1 Series,2018,,181,petrol,automatic,RWD,55134,7.8,23270,165,3,4,hatchback,blue,2,no,partial,Italy
706,3 Series,2015,1.9,224,petrol,automatic,AWD,83861,7.9,26449,169,4,5,sedan,black,1,yes,partial,Italy
707,X3,2018,3.4,253,petrol,,RWD,91499,10.2,49680,245,5,5,suv,silver,1,,partial,Netherlands
708,X7,2019,3.6,306,petrol,automatic,AWD,45060,9.1,103120,195,5,5,suv,black,3,no,full,Turkey
709,1 Series,2011,2.6,238,diesel,automatic,RWD,160377,7,18577,150,5,5,hatchback,grey,2,no,full,Germany
710,X1,2015,,192,hybrid,automatic,AWD,129176,4.5,25609,92,5,5,suv,white,2,yes,full,Turkey
711,1 Series,2015,2.1,208,diesel,automatic,FWD,145108,6.3,17238,148,3,4,hatchback,black,1,no,none,Spain
712,X1,2020,2.4,230,diesel,automatic,FWD,26488,6.8,46326,128,5,5,suv,black,1,no,full,USA
713,1 Series,2017,2.7,254,diesel,automatic,FWD,110703,7.6,19300,182,5,5,hatchback,white,2,no,partial,Turkey
714,X3,2023,2.5,277,hybrid,automatic,AWD,21570,5.5,69229,126,5,5,suv,blue,0,no,full,Spain
715,X3,2024,2.8,250,hybrid,automatic,AWD,15551,5.2,66868,102,5,5,suv,grey,0,no,full,Spain
716,X1,2014,1.8,170,petrol,automatic,AWD,161623,7.8,23164,169,5,5,suv,black,3,yes,partial,Turkey
717,i4,2012,0,228,electric,automatic,AWD,201300,0,41012,0,4,5,coupe,black,3,yes,partial,UK
718,3 Series,2019,1.9,234,hybrid,automatic,RWD,106905,4,29129,94,4,5,sedan,black,1,yes,full,Spain
719,X3,2024,2.4,232,hybrid,automatic,RWD,0,5.2,66201,108,5,5,suv,silver,0,no,full,Netherlands
720,5 Series,2012,2.6,257,petrol,automatic,AWD,177062,8.8,35566,195,4,5,sedan,blue,3,yes,full,USA
721,Z4,2020,2.4,236,petrol,automatic,RWD,43037,9.3,57931,192,2,2,convertible,blue,2,no,partial,Germany
722,3 Series,2018,1.8,255,hybrid,automatic,AWD,50024,4.8,39003,105,4,5,sedan,silver,1,no,partial,USA
723,X1,2016,2.2,256,petrol,automatic,AWD,151445,8.1,32535,170,5,5,suv,black,2,yes,full,USA
724,X5,2008,3.8,324,diesel,automatic,AWD,300000,9.2,41025,205,5,5,suv,blue,3,,full,Spain
725,Z4,2007,2.6,240,petrol,automatic,RWD,200154,8.5,26870,188,2,2,convertible,black,5,no,none,Netherlands
726,3 Series,2015,3.4,259,petrol,manual,AWD,127415,9.9,23509,222,4,5,sedan,red,3,yes,partial,Italy
727,3 Series,2013,3.4,328,diesel,automatic,RWD,244503,8.1,22112,168,4,5,sedan,black,3,no,partial,Italy
728,3 Series,2024,2.8,271,petrol,manual,AWD,13083,9.1,51355,189,4,5,sedan,black,0,no,full,Netherlands
729,3 Series,2006,2.3,211,hybrid,automatic,AWD,267854,5.4,14699,131,4,5,sedan,white,5,no,partial,Germany
730,X7,2013,3.2,278,petrol,automatic,AWD,121994,,81748,260,5,5,suv,blue,4,no,full,Germany
731,X1,2013,1.8,183,hybrid,automatic,FWD,180686,4.2,16950,94,5,5,suv,silver,5,yes,full,Turkey
732,1 Series,2019,2.4,293,diesel,automatic,FWD,127293,7.1,24927,148,3,5,hatchback,white,2,no,partial,Germany
733,5 Series,2022,2.9,261,hybrid,automatic,AWD,34355,5.8,62254,126,4,5,sedan,white,2,no,full,USA
734,X5,2019,3.1,242,petrol,automatic,AWD,68267,8.9,74588,219,5,5,suv,black,1,no,full,USA
735,X5,2019,4,327,hybrid,automatic,AWD,84696,7.1,69045,142,5,5,suv,white,2,yes,partial,France
736,X1,2015,2.3,158,petrol,automatic,AWD,132271,8.5,26493,186,5,5,suv,white,2,no,none,UK
737,5 Series,2011,4.1,317,petrol,automatic,AWD,273658,10.5,26754,,4,5,sedan,white,2,yes,full,Italy
738,X5,2024,3.1,217,hybrid,automatic,AWD,0,6.3,92034,132,5,5,suv,grey,1,no,full,Italy
739,3 Series,2015,2.1,187,diesel,automatic,RWD,110569,6.4,22760,153,4,5,sedan,grey,2,yes,partial,Spain
740,X1,2012,1.5,122,hybrid,automatic,FWD,193134,4.6,20342,97,5,5,suv,white,3,no,partial,France
741,X7,2014,3.7,316,diesel,automatic,AWD,150647,8.6,81606,182,5,5,suv,blue,2,yes,full,Spain
742,Z4,2014,2.8,256,petrol,automatic,RWD,83891,9.7,54093,221,2,2,convertible,red,2,no,full,Turkey
743,i4,2011,0,215,electric,automatic,AWD,198082,0,41052,0,4,5,coupe,black,4,no,full,Turkey
744,5 Series,2022,3.7,317,diesel,automatic,AWD,23221,8.7,69675,181,4,5,sedan,black,1,no,full,USA
745,X7,2016,4.2,372,diesel,automatic,AWD,149419,9.8,78334,212,5,5,suv,white,2,yes,full,France
746,Z4,2017,2.1,154,petrol,automatic,RWD,127853,8.7,41871,194,2,2,convertible,white,4,yes,full,Germany
747,X5,2013,4.4,346,diesel,automatic,AWD,146670,10.5,51857,232,5,5,suv,white,4,yes,partial,Spain
748,X1,2023,2.2,154,petrol,automatic,AWD,22930,8.4,47405,178,5,5,suv,silver,0,no,full,France
749,5 Series,2019,2.4,163,hybrid,automatic,AWD,64921,4.7,46187,99,4,5,sedan,blue,1,yes,partial,UK
750,3 Series,2013,3.3,322,petrol,manual,AWD,150665,9.7,19532,207,4,5,sedan,black,4,yes,partial,Turkey
751,3 Series,2012,2,194,diesel,automatic,RWD,138332,6.7,18147,134,4,5,sedan,red,2,no,none,Italy
752,1 Series,2024,1.9,235,diesel,automatic,RWD,0,6.6,38216,142,5,4,hatchback,black,0,no,full,USA
753,i4,2023,0,432,electric,automatic,AWD,12562,,96471,0,4,5,coupe,black,0,no,,USA
754,5 Series,2021,2.5,242,diesel,,RWD,33102,7.5,50572,154,4,5,sedan,,1,yes,full,Spain
755,5 Series,2009,4.1,306,petrol,automatic,RWD,297551,10,29157,228,4,5,sedan,black,4,no,partial,Germany
756,X5,2021,3.8,302,petrol,automatic,AWD,24413,11.2,89821,244,5,5,suv,black,1,no,full,Netherlands
757,X3,2006,2.1,177,hybrid,automatic,AWD,300000,4.6,17571,94,5,5,suv,blue,5,yes,partial,Spain
758,Z4,2017,3,260,petrol,automatic,RWD,151117,,43539,229,2,2,convertible,white,2,yes,,USA
759,X1,2010,1.6,209,petrol,automatic,AWD,249244,7.6,19978,163,5,5,suv,black,3,no,full,Turkey
760,X1,2016,1.8,210,petrol,automatic,FWD,167975,6.8,30396,155,5,5,suv,white,2,no,full,France
761,X5,2008,4.2,368,petrol,automatic,AWD,201013,11,45546,242,5,5,suv,black,3,no,full,France
762,X7,2019,3.1,267,petrol,automatic,AWD,66878,8.8,101760,214,5,5,suv,black,1,no,partial,France
763,7 Series,2020,4.9,378,hybrid,automatic,AWD,67675,7.6,92317,168,4,5,sedan,,0,no,none,Netherlands
764,X3,2016,2.6,231,petrol,automatic,RWD,74501,8.4,50981,,5,5,suv,black,1,no,full,France
765,X5,2017,3.3,248,hybrid,automatic,AWD,43346,6.1,71463,126,5,5,suv,silver,3,no,full,Turkey
766,X3,2022,2.1,237,petrol,automatic,AWD,56725,8.6,48219,185,5,5,suv,black,2,yes,partial,Turkey
767,i7,2013,0,355,electric,automatic,AWD,179828,0,97608,0,4,4,sedan,black,5,no,full,France
768,1 Series,2022,2.1,188,diesel,automatic,RWD,24230,7.2,27947,167,3,4,hatchback,grey,1,no,partial,Germany
769,5 Series,2013,3.5,298,hybrid,automatic,AWD,91567,6.3,42575,141,4,5,sedan,white,2,no,partial,Turkey
770,5 Series,2019,3.5,333,petrol,automatic,AWD,28923,10.3,59552,226,4,5,sedan,grey,2,no,partial,France
771,3 Series,2008,1.6,151,diesel,automatic,AWD,235886,5.7,10470,144,4,5,sedan,blue,3,no,partial,Turkey
772,3 Series,2005,2.1,149,petrol,manual,RWD,170142,7.6,13763,185,4,5,sedan,blue,4,no,full,USA
773,5 Series,2014,4.3,421,diesel,automatic,RWD,43612,8.9,61277,201,4,5,sedan,grey,2,no,full,Netherlands
774,i3,2011,0,204,electric,automatic,RWD,138178,0,34551,0,5,4,hatchback,white,3,no,full,Italy
775,5 Series,2010,2.8,259,hybrid,automatic,AWD,259642,6,25428,112,4,5,sedan,black,2,yes,full,Spain
776,1 Series,2018,1.7,192,diesel,manual,FWD,97619,6.9,17827,160,3,4,hatchback,white,2,yes,partial,Turkey
777,3 Series,2020,3.2,222,diesel,automatic,AWD,65006,7.9,37656,162,4,5,sedan,white,1,no,partial,Germany
778,X1,2019,2.1,292,hybrid,automatic,AWD,59192,5.4,43701,127,5,5,suv,silver,2,no,partial,Italy
779,7 Series,2011,3.9,342,petrol,automatic,RWD,211683,10.9,53640,253,4,4,sedan,white,3,yes,none,Spain
780,5 Series,2016,2.4,176,diesel,automatic,AWD,106659,7.2,41316,159,4,5,sedan,red,3,no,full,USA
781,X3,2012,3,255,petrol,automatic,AWD,214914,8.8,41052,191,5,5,suv,black,3,no,full,France
782,1 Series,2020,2.5,230,hybrid,automatic,FWD,66077,5.2,26482,111,3,5,hatchback,grey,1,no,full,Netherlands
783,3 Series,2006,2.4,185,hybrid,automatic,AWD,228880,4.6,10320,81,4,5,sedan,blue,4,no,full,Netherlands
784,X1,2017,1.9,212,diesel,automatic,FWD,92714,6.9,39893,151,5,5,suv,red,2,no,full,Netherlands
785,3 Series,2023,2.3,244,diesel,automatic,AWD,11713,6.8,44262,147,4,5,sedan,blue,0,no,full,Turkey
786,i7,2023,0,418,electric,automatic,RWD,15738,0,185872,0,4,4,sedan,red,0,no,full,France
787,X3,2017,2.1,219,diesel,automatic,AWD,83545,7.4,33677,153,5,5,suv,black,3,yes,none,France
788,i4,2021,0,343,electric,automatic,RWD,68629,0,85950,0,4,5,coupe,white,1,no,full,France
789,X5,2016,3.5,360,diesel,automatic,AWD,125864,7.6,78344,153,5,5,suv,black,1,no,partial,Netherlands
790,X7,2023,4.4,367,diesel,automatic,AWD,4585,9.7,140790,216,5,5,suv,grey,0,no,full,Netherlands
791,3 Series,2022,2.2,208,hybrid,automatic,AWD,17194,,41064,116,4,5,sedan,grey,2,no,full,USA
792,i7,2022,0,436,electric,automatic,RWD,18489,0,183518,0,4,4,sedan,white,1,no,full,Italy
793,X3,2012,3.2,338,petrol,automatic,RWD,143769,9.7,41583,212,5,5,suv,white,4,no,partial,Italy
794,X5,2012,4,338,diesel,automatic,AWD,135597,9.2,60168,219,5,5,suv,blue,4,no,partial,USA
795,5 Series,2022,2.7,261,petrol,automatic,AWD,23162,,66413,190,4,5,sedan,grey,2,no,full,Netherlands
796,5 Series,2007,2.9,227,hybrid,automatic,AWD,300000,5.9,18934,130,4,5,sedan,white,3,no,none,France
797,X1,2018,2,207,hybrid,automatic,AWD,134564,5.1,38387,116,5,5,suv,white,3,no,full,UK
798,X3,2024,2,199,hybrid,automatic,AWD,3126,4.9,54201,105,5,5,suv,black,0,no,none,Italy
799,X5,2024,3.6,394,hybrid,automatic,AWD,7648,6.2,108403,153,5,5,suv,black,0,no,full,USA
800,5 Series,2019,4.2,373,petrol,automatic,RWD,106274,11.6,59861,279,4,5,sedan,white,2,no,full,Netherlands
801,X7,2018,3.5,288,hybrid,automatic,AWD,89040,6.1,107824,144,5,5,suv,grey,1,no,partial,Netherlands
802,X1,2019,2.2,184,diesel,automatic,AWD,85426,6.7,37206,140,5,5,suv,blue,3,,partial,Italy
803,X1,2008,2,154,diesel,automatic,FWD,300000,6.3,10657,134,5,5,suv,white,4,no,full,Italy
804,X5,2011,4.3,397,petrol,automatic,AWD,220990,11.2,47408,254,5,5,suv,blue,5,yes,full,UK
805,5 Series,2014,3.6,359,diesel,automatic,AWD,166784,9.4,40906,219,4,5,sedan,grey,2,no,full,Spain
806,X7,2011,3.3,267,petrol,automatic,AWD,254161,9.6,66180,210,5,5,suv,black,2,,full,Spain
807,7 Series,2021,3.5,372,diesel,automatic,AWD,64177,8.7,112801,215,4,4,sedan,white,2,no,full,France
808,Z4,2019,2.5,246,petrol,automatic,RWD,59227,7.9,52823,178,2,2,convertible,blue,2,yes,partial,USA
809,X5,2018,3.8,286,hybrid,automatic,AWD,43979,6.3,73103,136,5,5,suv,silver,3,no,partial,USA
810,i4,2020,0,341,electric,automatic,AWD,38920,0,85270,0,4,5,coupe,black,2,no,full,UK
811,1 Series,2019,2.4,241,diesel,automatic,FWD,60524,7.3,24180,172,5,5,hatchback,white,1,no,full,France
812,3 Series,2016,3.2,329,petrol,automatic,AWD,141171,9.8,33662,215,4,5,sedan,black,3,no,partial,UK
813,i4,2021,0,306,electric,automatic,AWD,33615,0,92014,0,4,5,coupe,black,0,no,full,Turkey
814,i3,2019,0,205,electric,automatic,RWD,89581,0,48351,0,5,4,hatchback,black,2,no,partial,USA
815,1 Series,2019,2.3,204,hybrid,automatic,FWD,50423,5.1,22480,110,3,5,hatchback,black,2,yes,full,Spain
816,X5,2024,3.4,300,petrol,automatic,AWD,15556,9.3,84455,205,5,5,suv,black,1,no,full,Turkey
817,i3,2018,0,172,electric,automatic,RWD,47635,0,44485,0,5,4,hatchback,white,1,yes,full,UK
818,1 Series,2021,1.7,221,hybrid,automatic,FWD,10709,4.5,28950,103,5,4,hatchback,white,1,no,full,Italy
819,X3,2021,2.4,216,diesel,automatic,RWD,55540,7.3,56013,171,5,5,suv,,1,no,full,France
820,1 Series,2009,1.5,152,petrol,automatic,RWD,183642,7,7810,149,5,4,hatchback,black,3,no,full,Netherlands
821,X5,2023,3.4,304,petrol,automatic,AWD,0,9.3,75364,207,5,5,suv,black,1,,partial,Turkey
822,X3,2024,3.5,315,diesel,automatic,AWD,0,9,78789,195,5,5,suv,black,0,no,full,Italy
823,Z4,2011,2.2,175,petrol,manual,RWD,214958,7.6,33232,182,2,2,convertible,white,5,no,partial,USA
824,1 Series,2018,1.6,193,hybrid,,FWD,60839,4.2,25773,86,5,5,hatchback,silver,,no,full,Spain
825,X5,2018,3.9,329,petrol,automatic,AWD,116006,9.7,80722,221,5,5,suv,black,1,no,full,UK
826,5 Series,2017,3.6,283,diesel,automatic,RWD,72791,8.7,48980,186,4,5,sedan,grey,4,no,partial,UK
827,X1,2021,2.4,200,hybrid,automatic,AWD,32583,4.5,42818,111,5,5,suv,silver,1,no,full,UK
828,5 Series,2021,3,284,petrol,automatic,RWD,24131,8,63681,202,4,5,sedan,black,1,no,full,Italy
829,X7,2010,4,333,diesel,automatic,AWD,134355,9.3,57575,193,5,5,suv,silver,4,yes,none,Spain
830,X3,2008,,201,hybrid,automatic,RWD,188028,5.8,32536,142,5,5,suv,black,4,no,partial,USA
831,3 Series,2011,2.5,260,diesel,automatic,AWD,237395,7,13531,154,4,5,sedan,silver,5,no,none,Turkey
832,X3,2021,3.4,349,petrol,automatic,AWD,50857,9.9,60517,221,5,5,suv,black,2,no,full,Spain
833,1 Series,2014,2,214,hybrid,automatic,FWD,191484,4.9,15096,103,5,5,hatchback,blue,1,no,partial,Italy
834,X5,2018,4.3,263,diesel,automatic,AWD,139420,9.3,75905,194,5,5,suv,silver,1,no,full,Germany
835,X5,2018,4.1,368,diesel,automatic,AWD,50100,9.5,56791,200,5,5,suv,black,2,no,none,Turkey
836,7 Series,2015,0,442,electric,automatic,AWD,232980,0,75360,0,4,5,sedan,black,2,yes,full,Netherlands
837,X7,2008,3.3,257,petrol,automatic,AWD,228751,8.4,49422,172,5,5,suv,blue,2,yes,none,Netherlands
838,X5,2023,3.6,317,hybrid,automatic,AWD,0,6.7,89109,129,5,5,suv,black,0,no,full,Netherlands
839,X3,2005,2.4,291,hybrid,automatic,AWD,264248,4.7,25731,105,5,5,suv,grey,3,yes,full,France
840,Z4,2008,2.4,221,petrol,automatic,RWD,300000,8.7,24178,188,2,2,convertible,white,3,yes,partial,Italy
841,X3,2006,2.3,170,petrol,automatic,RWD,300000,7,19425,168,5,5,suv,silver,3,no,partial,Netherlands
842,X3,2013,2.2,200,diesel,automatic,AWD,142353,6.5,35242,138,5,5,suv,silver,5,no,partial,USA
843,1 Series,2021,2.6,226,petrol,manual,RWD,61284,9,27430,206,3,5,hatchback,white,2,no,full,France
844,1 Series,2019,2.7,241,hybrid,manual,FWD,95320,5.4,23513,136,3,4,hatchback,silver,1,no,partial,France
845,3 Series,2022,2.5,222,diesel,automatic,RWD,48177,7.5,37529,157,4,5,sedan,blue,1,,full,USA
846,X1,2007,2.3,244,petrol,,FWD,300000,7.8,16094,167,5,5,suv,white,2,no,partial,Italy
847,5 Series,2021,2.4,197,petrol,automatic,RWD,52864,8.9,54388,195,4,5,sedan,black,2,no,full,Turkey
848,X5,2016,4.2,303,hybrid,automatic,AWD,155434,6.7,63005,142,5,5,suv,black,3,no,partial,Netherlands
849,Z4,2023,2.1,222,petrol,automatic,RWD,21167,7.5,69887,172,2,2,convertible,,0,no,full,Netherlands
850,i4,2016,0,401,electric,automatic,AWD,128688,0,63658,0,4,5,coupe,blue,2,no,full,USA
851,i3,2021,0,169,electric,automatic,RWD,55473,0,56691,0,5,4,hatchback,black,1,no,full,UK
852,Z4,2007,2.4,212,petrol,automatic,RWD,186651,8.5,24117,,2,2,convertible,red,2,yes,partial,Turkey
853,X1,2023,2.3,266,hybrid,automatic,AWD,27796,5.3,46879,105,5,5,suv,silver,0,no,full,Netherlands
854,Z4,2010,2.6,272,petrol,automatic,RWD,115947,8.8,40309,184,2,2,convertible,white,3,yes,partial,Netherlands
855,3 Series,2018,2.8,308,diesel,automatic,RWD,129139,8.5,38257,202,4,5,sedan,red,1,no,full,France
856,3 Series,2017,3.2,248,hybrid,automatic,AWD,103974,5.6,30677,119,4,5,sedan,grey,2,no,full,Turkey
857,X1,2022,,212,hybrid,automatic,FWD,15890,4.6,40218,101,5,5,suv,silver,1,yes,full,Germany
858,7 Series,2015,0,305,electric,automatic,RWD,98831,,76227,0,4,5,sedan,grey,1,no,partial,Turkey
859,X3,2010,2.2,154,petrol,automatic,RWD,152374,8.2,28507,167,5,5,suv,silver,3,no,full,Italy
860,1 Series,2018,2.2,238,petrol,automatic,RWD,116141,8.8,23125,189,5,5,hatchback,black,1,yes,full,Netherlands
861,1 Series,2010,2.4,187,petrol,automatic,FWD,292714,8.1,2713,170,5,5,hatchback,blue,4,yes,partial,UK
862,X5,2005,3.3,299,diesel,automatic,AWD,300000,8.4,29469,,5,5,suv,white,4,yes,partial,Italy
863,1 Series,2023,2.4,207,diesel,automatic,FWD,16357,6.4,28131,132,3,5,hatchback,grey,1,no,full,Spain
864,3 Series,2007,3,307,petrol,manual,AWD,187627,,21301,239,4,5,sedan,black,2,yes,full,USA
865,1 Series,2020,2.8,223,hybrid,automatic,FWD,74815,5.2,22629,123,5,5,hatchback,blue,1,no,partial,USA
866,X5,2017,4.3,403,petrol,automatic,AWD,185283,10.3,74208,224,5,5,suv,black,1,no,full,USA
867,5 Series,2019,4.1,255,petrol,automatic,RWD,43994,10.7,53999,226,4,5,sedan,black,3,no,full,Spain
868,3 Series,2018,3.2,244,hybrid,manual,RWD,59738,5.8,39682,143,4,5,sedan,black,3,no,full,Germany
869,7 Series,2016,0,325,electric,automatic,AWD,121155,0,76962,0,4,4,sedan,red,3,yes,full,Turkey
870,X1,2020,2.4,265,petrol,automatic,FWD,80067,,38792,184,5,5,suv,red,0,no,full,Turkey
871,5 Series,2023,2.7,263,hybrid,automatic,RWD,286,5.1,73258,103,4,5,sedan,black,0,no,full,UK
872,X7,2013,4.3,353,petrol,automatic,AWD,196769,10.8,78955,,5,5,suv,silver,5,yes,full,USA
873,X5,2012,3.2,314,diesel,automatic,AWD,87156,8.2,55277,184,5,5,suv,black,3,yes,partial,Netherlands
874,X7,2020,4.3,385,diesel,automatic,AWD,42431,9.3,116137,205,5,5,suv,grey,1,no,partial,USA
875,X1,2024,1.8,239,hybrid,automatic,AWD,18313,4.1,54821,85,5,5,suv,white,0,no,full,Spain
876,1 Series,2023,1.7,154,petrol,automatic,RWD,9269,7.3,28273,158,3,5,hatchback,white,1,no,full,UK
877,X7,2009,3.9,377,petrol,automatic,AWD,229115,11.1,72797,246,5,5,suv,white,3,no,partial,USA
878,7 Series,2024,3.4,312,diesel,,RWD,12784,8.9,120410,186,4,5,sedan,silver,1,no,full,France
879,1 Series,2019,2.1,206,petrol,automatic,FWD,95908,8,22448,179,5,4,hatchback,grey,1,no,partial,Turkey
880,i4,2015,0,342,electric,automatic,AWD,101244,0,59574,0,4,5,coupe,black,2,no,partial,USA
881,X3,2020,3.3,251,diesel,automatic,AWD,91371,8.8,49059,198,5,5,suv,silver,2,no,partial,Italy
882,i4,2013,0,341,electric,automatic,AWD,173436,0,52416,0,4,5,coupe,grey,2,,partial,Turkey
883,X3,2008,2.4,230,petrol,automatic,AWD,194662,8.1,26274,200,5,5,suv,silver,2,yes,full,Netherlands
884,X3,2006,2.6,303,diesel,automatic,AWD,266376,7.1,18386,154,5,5,suv,white,3,yes,partial,UK
885,i3,2015,0,175,electric,automatic,RWD,58505,0,37394,0,5,4,hatchback,silver,2,,partial,Netherlands
886,Z4,2021,2.9,289,petrol,automatic,RWD,52397,9.1,54010,196,2,2,convertible,white,1,yes,partial,USA
887,X3,2021,3.3,250,petrol,automatic,AWD,32245,9.8,57998,221,5,5,suv,blue,2,no,partial,Germany
888,i7,2012,0,579,electric,automatic,AWD,157700,0,98479,0,4,5,sedan,silver,2,yes,partial,France
889,1 Series,2022,1.7,193,petrol,automatic,FWD,20932,8.2,29598,184,3,5,hatchback,blue,2,no,partial,France
890,i4,2013,0,439,electric,automatic,AWD,246004,0,38093,0,4,5,coupe,grey,3,yes,none,Spain
891,5 Series,2008,3.2,246,petrol,automatic,AWD,300000,8.7,16257,192,4,5,sedan,grey,2,yes,partial,USA
892,X5,2022,4.1,406,hybrid,automatic,AWD,0,6.5,91594,151,5,5,suv,silver,1,no,full,Spain
893,1 Series,2022,,219,petrol,automatic,FWD,44945,8.5,28810,183,3,4,hatchback,grey,1,no,full,UK
894,X5,2024,3.9,368,diesel,automatic,AWD,10991,9.4,79568,224,5,5,suv,silver,0,yes,full,Germany
895,i7,2014,0,526,electric,automatic,AWD,101213,,120537,0,4,5,sedan,grey,1,no,partial,France
896,X1,2016,2.5,304,petrol,automatic,AWD,97975,8.4,36310,178,5,5,suv,silver,2,no,none,Netherlands
897,1 Series,2021,2,193,petrol,automatic,FWD,14015,7,28149,153,3,5,hatchback,black,1,no,partial,Turkey
898,i4,2020,0,374,electric,automatic,AWD,54989,0,88152,0,4,5,coupe,black,2,no,full,Germany
899,7 Series,2024,4.8,404,petrol,automatic,RWD,0,10.9,113408,240,4,4,sedan,white,1,no,full,France
900,i4,2008,0,296,electric,automatic,RWD,197223,0,36608,0,4,5,coupe,red,,no,partial,USA
901,X3,2024,2.1,237,petrol,automatic,AWD,0,7.5,67683,,5,5,suv,blue,1,no,full,Germany
902,Z4,2024,2.8,256,petrol,automatic,RWD,0,9,74584,207,2,2,convertible,grey,0,no,full,UK
903,i3,2005,0,157,electric,automatic,RWD,183580,0,17319,0,5,4,hatchback,silver,5,no,partial,Turkey
904,1 Series,2024,1.5,148,petrol,automatic,RWD,3345,7.4,29499,165,3,4,hatchback,blue,0,no,full,Netherlands
905,X1,2012,1.9,187,petrol,automatic,FWD,151182,8.7,23839,177,5,5,suv,grey,3,no,partial,Spain
906,X5,2020,3.8,325,hybrid,automatic,AWD,34381,6.1,83180,124,5,5,suv,black,,no,full,France
907,1 Series,2016,3,251,hybrid,automatic,RWD,154305,6.1,15800,130,5,4,hatchback,black,1,yes,none,Netherlands
908,7 Series,2021,0,326,electric,automatic,RWD,48725,0,124617,0,4,5,sedan,silver,1,no,full,Turkey
909,i7,2019,0,414,electric,automatic,RWD,43705,0,151560,0,4,5,sedan,black,3,no,full,UK
910,5 Series,2022,3.1,236,hybrid,automatic,AWD,30091,6,58990,126,4,5,sedan,grey,1,no,partial,UK
911,3 Series,2019,2.3,186,hybrid,automatic,RWD,89473,4.6,29671,105,4,5,sedan,white,2,no,partial,USA
912,1 Series,2011,2.5,305,petrol,automatic,FWD,178461,8.8,12760,198,5,4,hatchback,grey,2,yes,none,Italy
913,X5,2017,3.4,362,petrol,automatic,AWD,177613,10.3,56986,234,5,5,suv,red,4,no,full,Turkey
914,i7,2024,0,446,electric,automatic,RWD,6668,0,180010,0,4,4,sedan,black,0,,partial,Germany
915,5 Series,2011,3.7,361,diesel,automatic,RWD,300000,9.2,30312,198,4,5,sedan,white,2,no,partial,Turkey
916,3 Series,2009,2.3,299,petrol,automatic,AWD,211701,7.6,21028,171,4,5,sedan,black,4,yes,full,UK
917,i4,2022,,451,electric,automatic,AWD,52547,0,89538,0,4,5,coupe,blue,1,no,full,France
918,1 Series,2009,2.7,215,diesel,manual,FWD,163847,6.6,12899,148,5,4,hatchback,silver,3,yes,full,Italy
919,X1,2018,2.5,191,petrol,automatic,AWD,68274,8.4,33521,174,5,5,suv,black,3,no,partial,Spain
920,X1,2017,1.9,218,petrol,automatic,AWD,132647,8.6,31553,194,5,5,suv,black,3,yes,full,Germany
921,i4,2018,0,348,electric,automatic,AWD,55825,0,66107,0,4,5,coupe,black,1,no,full,Italy
922,1 Series,2010,1.7,237,diesel,manual,FWD,193141,6.4,13676,130,5,4,hatchback,grey,3,no,full,Germany
923,1 Series,2020,1.7,186,petrol,automatic,RWD,59712,6.6,26296,149,3,4,hatchback,white,1,no,full,UK
924,5 Series,2020,3,293,diesel,automatic,AWD,68838,7.9,59089,,4,5,sedan,blue,1,no,partial,USA
925,i4,2020,0,331,electric,automatic,AWD,21173,0,78047,0,4,5,coupe,grey,1,no,full,Turkey
926,3 Series,2017,2.8,250,petrol,manual,AWD,124760,8.7,28192,195,4,5,sedan,blue,1,yes,partial,USA
927,1 Series,2019,1.6,147,diesel,automatic,FWD,92465,6.3,19525,135,5,4,hatchback,blue,2,no,full,Turkey
928,Z4,2016,2.3,231,petrol,automatic,RWD,123776,8,48737,184,2,2,convertible,silver,3,no,partial,USA
929,i7,2014,0,629,electric,automatic,RWD,64749,0,158016,0,4,5,sedan,black,2,no,full,UK
930,1 Series,2013,2.4,238,petrol,automatic,RWD,147753,8.1,15919,164,3,4,hatchback,white,3,no,partial,USA
931,X3,2017,3,244,petrol,automatic,AWD,188725,10.1,44965,217,5,5,suv,blue,1,no,full,USA
932,X7,2023,4,359,diesel,automatic,AWD,20869,9.2,123469,198,5,5,suv,grey,0,no,full,USA
933,5 Series,2021,2.5,222,diesel,automatic,AWD,16164,7.6,57585,170,4,5,sedan,red,1,no,partial,Netherlands
934,i7,2015,0,496,electric,automatic,AWD,130894,0,133349,0,4,5,sedan,grey,2,no,partial,USA
935,X7,2018,4.4,404,hybrid,automatic,AWD,54988,7.1,110419,156,5,5,suv,white,,no,partial,USA
936,i7,2012,0,614,electric,,RWD,200780,0,102244,0,4,4,sedan,white,4,yes,full,Netherlands
937,X5,2009,3.9,377,diesel,automatic,AWD,227239,8.9,39429,204,5,5,suv,black,4,yes,partial,UK
938,X3,2010,3.2,302,diesel,automatic,RWD,200439,8.1,35145,174,5,5,suv,black,5,no,full,UK
939,X1,2011,1.7,131,diesel,automatic,FWD,97795,6.6,24963,149,5,5,suv,black,2,no,full,Italy
940,X1,2023,1.6,180,petrol,automatic,AWD,20705,7.6,49997,177,5,5,suv,black,0,no,full,Spain
941,i7,2006,0,394,electric,automatic,AWD,216868,0,79221,0,4,5,sedan,red,4,yes,full,France
942,X5,2014,3.3,289,diesel,automatic,AWD,221689,7.4,68990,170,5,5,suv,black,1,no,full,Germany
943,X3,2023,2.9,247,diesel,automatic,RWD,2684,7.5,58698,166,5,5,suv,silver,0,no,full,Spain
944,3 Series,2018,3.5,342,petrol,automatic,RWD,113465,9.5,37970,231,4,5,sedan,silver,2,no,partial,Turkey
945,X7,2017,3.1,269,petrol,automatic,AWD,129192,9.4,84594,197,5,5,suv,,4,yes,full,USA
946,X1,2024,2.4,264,hybrid,automatic,FWD,0,4.6,59508,102,5,5,suv,red,0,no,full,UK
947,i4,2013,0,334,electric,automatic,AWD,155337,0,51798,0,4,5,coupe,silver,2,no,partial,Spain
948,5 Series,2008,3.6,244,hybrid,automatic,RWD,196738,6.6,28391,149,4,5,sedan,silver,2,no,partial,Italy
949,X3,2015,2.3,230,diesel,automatic,AWD,153055,6.8,42427,142,5,5,suv,black,3,no,full,France
950,i4,2020,0,464,electric,automatic,AWD,59732,0,84906,0,4,5,coupe,silver,2,no,full,Netherlands
951,3 Series,2017,2.9,240,petrol,automatic,RWD,101971,9.2,30622,221,4,5,sedan,red,3,no,full,Netherlands
952,3 Series,2024,3.4,325,hybrid,automatic,RWD,0,6.4,51113,144,4,5,sedan,black,0,no,full,France
953,1 Series,2021,2.5,259,petrol,automatic,RWD,51902,8,27321,160,3,4,hatchback,white,1,no,full,Turkey
954,1 Series,2020,2,168,petrol,automatic,FWD,86974,7.6,20226,167,5,4,hatchback,grey,1,no,none,USA
955,X5,2005,3.9,337,petrol,automatic,AWD,242389,11.2,32405,235,5,5,suv,white,3,yes,full,Netherlands
956,X3,2022,,203,petrol,automatic,RWD,17546,8.6,64970,195,5,5,suv,black,1,no,full,Germany
957,Z4,2008,2.1,261,petrol,automatic,RWD,212815,7.7,21666,168,2,2,convertible,grey,4,,none,USA
958,5 Series,2019,2.1,299,petrol,automatic,RWD,73698,8.3,55549,174,4,5,sedan,red,1,no,full,Turkey
959,X7,2024,4.3,398,petrol,automatic,AWD,1293,11.3,117814,236,5,5,suv,black,0,no,partial,Turkey
960,X5,2021,3.6,322,diesel,automatic,AWD,47903,8.2,74167,183,5,5,suv,silver,2,,full,Turkey
961,i3,2008,0,129,electric,automatic,RWD,228320,0,17122,0,5,4,hatchback,silver,4,no,none,Turkey
962,i7,2024,0,581,electric,automatic,RWD,0,0,165706,0,4,5,sedan,black,1,no,none,Italy
963,3 Series,2023,2.9,230,hybrid,automatic,AWD,6797,5.6,40352,121,4,5,sedan,silver,1,no,partial,Italy
964,X5,2023,4.2,380,hybrid,automatic,AWD,4558,6.6,92736,160,5,5,suv,black,0,no,full,Turkey
965,5 Series,2005,3.8,286,petrol,automatic,AWD,300000,10.3,16360,229,4,5,sedan,grey,3,yes,partial,Netherlands
966,i7,2019,0,553,electric,automatic,AWD,79475,0,169523,0,4,5,sedan,silver,2,no,full,France
967,5 Series,2019,3.8,359,diesel,automatic,AWD,50953,8.4,48979,184,4,5,sedan,grey,1,yes,partial,France
968,i7,2008,0,422,electric,automatic,AWD,220927,0,74865,0,4,4,sedan,black,4,yes,partial,Italy
969,7 Series,2024,0,494,electric,automatic,RWD,0,0,118194,0,4,4,sedan,white,0,,full,UK
970,X1,2007,2.3,208,hybrid,automatic,AWD,166730,4.8,20525,98,5,5,suv,red,3,no,full,Netherlands
971,1 Series,2023,2.6,298,diesel,automatic,FWD,12120,7.7,36268,158,5,5,hatchback,black,0,no,full,Turkey
972,1 Series,2022,2.7,262,hybrid,manual,RWD,40337,5.1,26884,116,3,5,hatchback,grey,1,no,full,Turkey
973,i4,2008,0,376,electric,automatic,AWD,177296,0,31031,0,4,5,coupe,black,3,yes,none,Turkey
974,X7,2015,3.3,352,petrol,automatic,AWD,208446,9.8,84964,204,5,5,suv,grey,2,no,partial,France
975,1 Series,2021,2.6,285,hybrid,automatic,RWD,23535,6,30512,139,5,4,hatchback,white,1,no,full,UK
976,X7,2007,3.8,361,diesel,automatic,AWD,297941,9.1,51991,201,5,5,suv,white,3,yes,full,Italy
977,i3,2023,0,143,electric,automatic,RWD,19565,0,64167,0,5,4,hatchback,black,1,no,full,UK
978,3 Series,2017,2.2,169,hybrid,manual,RWD,93884,5.2,32832,113,4,5,sedan,blue,,no,full,France
979,Z4,2021,2.5,273,petrol,automatic,RWD,24709,8.9,54280,195,2,2,convertible,black,1,yes,full,Turkey
980,X7,2019,4.2,302,hybrid,automatic,AWD,50701,6.5,103719,161,5,5,suv,white,1,no,partial,Italy
981,1 Series,2013,2.7,242,petrol,automatic,FWD,150971,7.7,13531,173,5,4,hatchback,grey,5,yes,none,Germany
982,X1,2019,2.5,200,hybrid,automatic,FWD,85866,5.3,41216,121,5,5,suv,black,1,no,full,Germany
983,i4,2023,0,257,electric,automatic,AWD,30779,0,75878,0,4,5,coupe,black,1,no,partial,UK
984,i7,2008,0,433,electric,automatic,RWD,231485,0,93270,0,4,5,sedan,black,2,yes,full,Italy
985,i3,2019,0,180,electric,automatic,RWD,85719,0,46628,0,5,4,hatchback,white,1,,,Netherlands
986,X1,2018,1.6,227,petrol,automatic,AWD,160959,7.9,31030,167,5,5,suv,black,1,no,full,Italy
987,X1,2016,2,169,hybrid,automatic,AWD,153398,4.8,26796,122,5,5,suv,white,4,,none,UK
988,X3,2024,2.8,323,hybrid,automatic,AWD,0,5.7,63138,125,5,5,suv,red,1,no,partial,Italy
989,X3,2012,3.4,276,diesel,automatic,RWD,262863,8.4,27008,194,5,5,suv,silver,3,yes,partial,France
990,1 Series,2023,2.9,273,petrol,automatic,FWD,19968,9.7,34117,220,3,5,hatchback,red,0,no,full,UK
991,X5,2022,3.5,327,diesel,automatic,AWD,54259,8.9,77298,194,5,5,suv,grey,0,no,partial,France
992,X7,2012,3.3,291,hybrid,automatic,AWD,148956,6.6,61708,147,5,5,suv,black,5,yes,partial,Turkey
993,X3,2018,2.6,299,diesel,automatic,AWD,52329,7,55322,158,5,5,suv,silver,1,no,partial,France
994,5 Series,2023,3.9,399,hybrid,automatic,RWD,10154,6.2,67126,146,4,5,sedan,white,0,no,full,USA
995,X3,2014,2.4,214,petrol,automatic,AWD,147390,9,38657,206,5,5,suv,red,2,no,partial,UK
996,3 Series,2010,3,324,diesel,manual,AWD,179663,8.2,21241,174,4,5,sedan,white,4,yes,full,Italy
997,3 Series,2015,1.8,211,hybrid,automatic,RWD,138268,4.3,27871,90,4,5,sedan,red,2,no,full,Netherlands
998,3 Series,2019,3.1,357,petrol,automatic,AWD,97346,9.3,44570,215,4,5,sedan,grey,2,no,full,Netherlands
999,3 Series,2021,1.8,208,petrol,automatic,RWD,67822,7.9,37947,171,4,5,sedan,white,1,no,full,USA
1000,X5,2016,3,241,petrol,automatic,AWD,99479,9.6,77045,206,5,5,suv,grey,1,no,full,USA
1001,X5,2016,4.2,320,petrol,automatic,AWD,97971,10.6,73033,225,5,5,suv,grey,4,no,full,France
1002,X1,2023,1.7,202,petrol,automatic,FWD,2399,7.6,48135,171,5,5,suv,blue,0,no,full,Italy
1003,1 Series,2014,,131,diesel,manual,RWD,205621,5.7,11865,123,3,5,hatchback,silver,2,no,full,Netherlands
1004,X1,2024,1.9,180,hybrid,automatic,FWD,7587,4.7,50475,107,5,5,suv,black,0,no,full,Turkey
1005,X5,2017,4.4,398,petrol,automatic,AWD,83295,11.2,69740,240,5,5,suv,black,3,,none,Netherlands
1006,X3,2017,2.3,280,petrol,,AWD,144431,8.6,37160,193,5,5,suv,black,2,yes,none,Spain
1007,3 Series,2024,3.5,416,hybrid,automatic,RWD,11847,6.5,53271,144,4,5,sedan,white,0,no,full,Italy
1008,i4,2012,0,282,electric,automatic,RWD,247750,0,38518,0,4,5,coupe,black,2,no,partial,Netherlands
1009,5 Series,2019,3.3,305,hybrid,automatic,RWD,88931,6.5,63040,149,4,5,sedan,black,2,no,full,France
1010,X1,2012,1.9,178,petrol,automatic,FWD,258320,7.1,17378,167,5,5,suv,black,4,no,none,Netherlands
1011,X7,2016,3.2,304,diesel,automatic,AWD,78582,,87206,167,5,5,suv,white,2,no,partial,Spain
1012,X3,2011,3.3,262,diesel,automatic,RWD,186907,7.8,28926,172,5,5,suv,white,4,yes,partial,Turkey
1013,X1,2021,1.6,160,petrol,,AWD,54974,7.8,45480,160,5,5,suv,silver,1,no,full,Netherlands
1014,X3,2008,3.3,250,hybrid,automatic,AWD,252193,5.7,22583,142,5,5,suv,white,2,no,partial,USA
1015,1 Series,2007,2.9,247,hybrid,automatic,FWD,204686,5.5,11036,111,3,4,hatchback,blue,4,yes,full,Netherlands
1016,i4,2024,0,306,electric,automatic,RWD,14936,0,101270,0,4,5,coupe,white,1,no,full,Netherlands
1017,X5,2021,4.4,390,hybrid,automatic,AWD,50683,7,86737,135,5,5,suv,white,1,no,partial,UK
1018,i3,2019,0,184,electric,automatic,RWD,62166,0,42070,0,5,4,hatchback,black,4,yes,full,UK
1019,1 Series,2011,,299,petrol,manual,RWD,82693,8.6,18582,189,5,5,hatchback,white,5,yes,partial,Germany
1020,i3,2015,0,167,electric,automatic,RWD,160387,0,36973,0,5,4,hatchback,grey,2,no,full,USA
1021,Z4,2019,3,319,petrol,automatic,RWD,31460,9.2,58975,203,2,2,convertible,silver,1,yes,full,Netherlands
1022,X3,2013,2.1,200,hybrid,automatic,RWD,223897,5.1,21375,113,5,5,suv,blue,5,yes,none,Spain
1023,X5,2023,3.6,300,hybrid,automatic,AWD,27434,6,87481,128,5,5,suv,silver,0,no,partial,France
1024,3 Series,2018,2.9,271,petrol,automatic,RWD,92254,9.1,38842,205,4,5,sedan,silver,3,no,full,USA
1025,3 Series,2008,2.8,245,hybrid,automatic,AWD,117046,4.8,26705,112,4,5,sedan,black,3,no,partial,USA
1026,X5,2010,3.7,284,hybrid,automatic,AWD,235110,6.4,50042,127,5,5,suv,white,3,no,partial,Netherlands
1027,i4,2020,0,382,electric,automatic,RWD,70051,0,77425,0,4,5,coupe,red,1,no,full,UK
1028,X1,2022,1.9,196,diesel,automatic,AWD,26750,6.9,42041,154,5,5,suv,black,1,no,partial,Spain
1029,3 Series,2007,1.9,258,diesel,automatic,RWD,118221,7.6,16306,167,4,5,sedan,white,3,yes,none,Germany
1030,i4,2010,0,368,electric,automatic,AWD,250124,0,35897,0,4,5,coupe,white,4,no,none,UK
1031,Z4,2023,2.7,257,petrol,automatic,RWD,24215,10,79437,213,2,2,convertible,blue,0,no,full,Germany
1032,5 Series,2005,3.7,291,diesel,automatic,AWD,226393,8.7,22862,200,4,5,sedan,grey,3,yes,full,Netherlands
1033,X1,2022,2.1,197,diesel,automatic,AWD,39997,7,49199,148,5,5,suv,black,,no,full,UK
1034,3 Series,2022,2.2,233,diesel,manual,RWD,7005,7.2,43605,164,4,5,sedan,black,0,,full,Italy
1035,5 Series,2012,3.6,289,petrol,automatic,AWD,170348,10.4,43888,231,4,5,sedan,white,2,no,full,USA
1036,X5,2020,3.5,317,diesel,automatic,AWD,67813,7.8,74552,153,5,5,suv,black,1,no,full,Spain
1037,X1,2011,1.8,136,hybrid,automatic,AWD,176342,4.7,21509,108,5,5,suv,blue,4,no,partial,Italy
1038,1 Series,2024,1.7,186,hybrid,automatic,RWD,17275,4.7,29346,105,3,5,hatchback,white,1,no,full,Germany
1039,Z4,2017,2.4,219,petrol,automatic,RWD,170368,8.1,41297,177,2,2,convertible,white,3,yes,partial,Spain
1040,X3,2013,2.6,178,petrol,automatic,AWD,212365,7.8,41638,178,5,5,suv,silver,2,no,full,UK
1041,7 Series,2014,3.8,338,hybrid,automatic,AWD,182967,6.1,82733,130,4,4,sedan,grey,1,no,full,UK
1042,X5,2011,4,347,hybrid,automatic,AWD,241537,6.8,45223,144,5,5,suv,silver,3,yes,full,Italy
1043,X3,2019,2.9,255,hybrid,,RWD,93719,5.8,44935,131,5,5,suv,white,2,no,none,Spain
1044,i3,2023,0,174,electric,automatic,RWD,22795,0,52723,0,5,4,hatchback,,0,no,partial,France
1045,3 Series,2023,3.2,342,hybrid,automatic,RWD,4062,5.4,49072,113,4,5,sedan,black,0,no,full,Turkey
1046,X3,2024,2,210,diesel,automatic,RWD,9026,6.4,68690,128,5,5,suv,grey,0,no,full,Italy
1047,X1,2017,2.1,219,hybrid,automatic,AWD,143639,4.3,26221,81,5,5,suv,grey,1,yes,none,Germany
1048,X1,2007,1.9,152,petrol,automatic,FWD,283031,6.6,9667,146,5,5,suv,grey,4,yes,partial,USA
1049,X1,2022,1.8,246,petrol,automatic,FWD,14062,7,50883,155,5,5,suv,red,1,no,full,Spain
1050,5 Series,2016,3.6,299,hybrid,automatic,RWD,56319,6.5,46124,140,4,5,sedan,white,3,yes,partial,UK
1051,i3,2018,0,217,electric,automatic,RWD,85850,0,45138,0,5,4,hatchback,black,2,no,partial,UK
1052,i7,2012,0,462,electric,automatic,AWD,194650,0,99361,0,4,4,sedan,silver,3,no,full,Turkey
1053,3 Series,2013,1.7,213,petrol,manual,AWD,288693,7.2,12971,163,4,5,sedan,blue,4,yes,partial,USA
1054,3 Series,2022,2.2,239,hybrid,automatic,RWD,24787,5.2,42573,131,4,5,sedan,silver,1,no,full,UK
1055,X3,2019,2.4,254,hybrid,automatic,AWD,57364,5.9,50705,125,5,5,suv,silver,2,no,partial,Turkey
1056,3 Series,2024,2.4,259,petrol,manual,AWD,764,8.1,49183,170,4,5,sedan,white,0,no,full,Germany
1057,i3,2012,0,172,electric,automatic,RWD,205796,0,24445,0,5,4,hatchback,,4,no,none,Spain
1058,X1,2014,1.5,122,hybrid,automatic,AWD,169874,,25101,80,5,5,suv,silver,2,,full,Italy
1059,X5,2021,4.2,335,petrol,automatic,AWD,36817,11.4,96603,245,5,5,suv,black,0,no,,Germany
1060,3 Series,2011,3.1,250,petrol,manual,AWD,174370,9.1,22627,212,4,5,sedan,white,3,no,full,UK
1061,Z4,2019,2.6,272,petrol,automatic,RWD,70535,8.6,46464,202,2,2,convertible,black,2,yes,partial,Italy
1062,X1,2023,1.6,127,hybrid,automatic,FWD,4336,,42711,77,5,5,suv,silver,0,no,partial,Spain
1063,X5,2024,3.4,342,petrol,automatic,AWD,0,10.5,95773,232,5,5,suv,blue,0,no,full,Netherlands
1064,3 Series,2010,3.4,314,diesel,automatic,RWD,135990,7.9,22979,173,4,5,sedan,black,5,no,none,Germany
1065,1 Series,2021,2.2,186,diesel,automatic,RWD,32145,7.4,24965,147,3,4,hatchback,white,,no,full,Turkey
1066,3 Series,2018,1.6,137,petrol,automatic,AWD,84436,7.1,29251,167,4,5,sedan,red,2,no,full,France
1067,5 Series,2005,3.4,264,diesel,automatic,RWD,300000,7.9,15709,179,4,5,sedan,silver,2,no,none,Germany
1068,i7,2010,0,382,electric,automatic,AWD,109211,0,97688,0,4,4,sedan,black,2,yes,partial,USA
1069,X3,2021,3.4,337,hybrid,automatic,AWD,39912,5.4,66291,112,5,5,suv,silver,1,no,full,Germany
1070,7 Series,2020,0,389,electric,automatic,AWD,36679,0,124524,0,4,5,sedan,silver,0,no,full,Germany
1071,3 Series,2013,2.4,259,diesel,automatic,RWD,158918,7.1,24079,165,4,5,sedan,blue,3,no,none,Germany
1072,i3,2023,0,185,electric,automatic,RWD,11937,0,60297,0,5,4,hatchback,silver,0,no,full,France
1073,1 Series,2017,2.2,248,petrol,automatic,RWD,76173,7.8,18109,154,3,5,hatchback,silver,3,yes,partial,USA
1074,X5,2023,3.8,298,hybrid,automatic,AWD,10557,6.9,91774,150,5,5,suv,red,0,no,full,Turkey
1075,X7,2021,3.5,341,petrol,automatic,AWD,51875,10.3,120506,215,5,5,suv,grey,0,no,full,USA
1076,Z4,2019,2.6,240,petrol,automatic,RWD,91400,7.8,58379,152,2,2,convertible,black,4,no,full,UK
1077,3 Series,2018,3.1,282,petrol,automatic,RWD,82992,9.1,38210,192,4,5,sedan,black,2,no,full,Turkey
1078,i7,2021,0,517,electric,automatic,RWD,45479,0,174299,0,4,5,sedan,black,0,yes,full,Germany
1079,X3,2006,2,226,petrol,automatic,AWD,300000,7.8,21986,173,5,5,suv,silver,3,no,,France
1080,X3,2019,3.5,352,petrol,automatic,RWD,63914,9.9,63521,214,5,5,suv,silver,1,no,full,USA
1081,X3,2013,2.3,280,hybrid,automatic,RWD,89070,5,42525,100,5,5,suv,white,2,yes,full,Netherlands
1082,X7,2024,3.4,337,hybrid,automatic,AWD,0,5.7,120854,129,5,5,suv,white,1,no,full,Spain
1083,X3,2020,2.8,305,diesel,automatic,RWD,97344,7.5,58906,156,5,5,suv,blue,1,no,full,Italy
1084,X1,2024,2.4,172,hybrid,automatic,AWD,9143,,51993,131,5,5,suv,white,0,no,full,USA
1085,X1,2013,2.3,253,hybrid,automatic,FWD,123580,5.2,27869,107,5,5,suv,,3,yes,full,Germany
1086,3 Series,2020,2.6,197,petrol,automatic,RWD,96022,7,40443,148,4,5,sedan,black,1,no,full,Germany
1087,1 Series,2009,1.7,187,petrol,manual,FWD,255439,6.8,4666,160,3,5,hatchback,black,4,no,partial,Spain
1088,X7,2020,4.2,383,petrol,automatic,AWD,54435,11.3,96970,259,5,5,suv,blue,0,,none,Turkey
1089,X1,2022,1.8,226,hybrid,automatic,FWD,30154,4.6,48370,96,5,5,suv,blue,1,no,partial,Netherlands
1090,3 Series,2019,2,145,hybrid,automatic,AWD,80333,4.4,32957,95,4,5,sedan,silver,4,no,full,Germany
1091,X5,2015,4,356,hybrid,automatic,AWD,168250,6.6,57748,140,5,5,suv,black,3,no,none,Spain
1092,i3,2023,0,190,electric,automatic,RWD,0,0,66039,0,5,4,hatchback,black,0,no,full,Netherlands
1093,3 Series,2021,2.7,254,petrol,automatic,AWD,40211,8.4,41180,188,4,5,sedan,silver,1,no,full,Italy
1094,X5,2008,3.6,314,hybrid,automatic,AWD,300000,6.6,40159,145,5,5,suv,white,3,no,full,Italy
1095,i3,2024,0,199,electric,automatic,RWD,0,0,63580,0,5,4,hatchback,black,0,no,full,Italy
1096,X3,2016,3.1,253,diesel,automatic,RWD,88736,7.7,39479,188,5,5,suv,black,1,yes,partial,France
1097,X1,2015,2.4,182,diesel,automatic,AWD,157495,7.8,29665,184,5,5,suv,black,1,no,partial,Turkey
1098,7 Series,2010,0,380,electric,automatic,AWD,296937,0,51841,0,4,5,sedan,white,3,yes,none,USA
1099,i7,2021,0,502,electric,automatic,AWD,33654,0,178416,0,4,5,sedan,black,1,no,partial,Italy
1100,7 Series,2022,3.1,304,hybrid,automatic,AWD,50911,6.2,115232,141,4,5,sedan,grey,0,no,full,Netherlands
1101,3 Series,2008,3.2,319,hybrid,automatic,AWD,91502,5.9,23328,123,4,5,sedan,white,3,yes,none,Spain
1102,7 Series,2021,4.8,388,petrol,automatic,RWD,59492,12.1,105562,269,4,4,sedan,white,1,no,full,USA
1103,X3,2024,2.8,234,petrol,automatic,AWD,0,9.4,67582,207,5,5,suv,red,1,no,full,Germany
1104,5 Series,2023,4.1,376,diesel,automatic,AWD,34730,9.3,70367,210,4,5,sedan,silver,0,no,full,Turkey
1105,X5,2019,3.3,267,petrol,automatic,AWD,66921,9.2,70444,205,5,5,suv,black,2,no,full,Italy
1106,X5,2010,4.3,358,diesel,automatic,AWD,184429,9.9,44182,230,5,5,suv,blue,3,yes,full,Italy
1107,5 Series,2015,3,305,petrol,automatic,AWD,189491,10.1,41500,222,4,5,sedan,black,2,no,full,Italy
1108,X3,2009,3.4,326,hybrid,automatic,RWD,252204,5.8,21969,,5,5,suv,black,4,yes,none,Netherlands
1109,i4,2018,0,277,electric,automatic,RWD,126855,0,54668,0,4,5,coupe,white,1,no,partial,Italy
1110,i7,2016,0,392,electric,automatic,RWD,134916,0,102115,0,4,5,sedan,blue,3,yes,partial,Netherlands
1111,X5,2024,4.2,339,diesel,automatic,AWD,0,9.1,85637,197,5,5,suv,blue,0,no,full,Turkey
1112,X5,2007,3.8,363,hybrid,automatic,AWD,300000,6.5,35737,142,5,5,suv,blue,2,yes,partial,Italy
1113,3 Series,2024,3.2,353,petrol,automatic,AWD,0,8.3,50958,189,4,5,sedan,silver,0,no,full,Netherlands
1114,X3,2009,2.5,209,petrol,automatic,RWD,231007,8.3,25752,,5,5,suv,silver,5,yes,full,Netherlands
1115,X1,2007,2.1,259,diesel,automatic,FWD,300000,7.1,11288,152,5,5,suv,white,3,yes,full,Turkey
1116,X3,2021,2.2,215,diesel,automatic,AWD,26423,7,64983,173,5,5,suv,blue,1,no,full,USA
1117,5 Series,2020,2.6,206,petrol,automatic,RWD,49471,8.2,49289,180,4,5,sedan,white,1,yes,full,USA
1118,X3,2020,2.5,206,diesel,automatic,RWD,71860,8.1,57739,182,5,5,suv,black,1,no,full,Spain
1119,3 Series,2021,1.9,238,hybrid,automatic,RWD,55784,4.7,35160,93,4,5,sedan,black,1,yes,full,Italy
1120,i3,2020,0,180,electric,automatic,RWD,66581,0,48407,0,5,4,hatchback,silver,0,yes,full,Netherlands
1121,X5,2022,3.5,285,petrol,automatic,AWD,8525,8.7,80381,203,5,5,suv,black,,no,partial,USA
1122,5 Series,2012,3.4,303,hybrid,automatic,RWD,136561,6.6,39571,135,4,5,sedan,white,5,no,partial,UK
1123,5 Series,2022,2.5,181,diesel,automatic,RWD,26165,7.6,58475,173,4,5,sedan,blue,0,no,full,USA
1124,X5,2018,4.1,370,hybrid,automatic,AWD,136890,7,74189,151,5,5,suv,white,1,no,full,UK
1125,3 Series,2013,2.2,189,petrol,manual,RWD,126347,8.1,25323,163,4,5,sedan,white,3,no,partial,Netherlands
1126,1 Series,2022,2.6,262,petrol,automatic,RWD,36164,7.6,31607,176,5,5,hatchback,black,1,no,full,Italy
1127,1 Series,2020,1.8,176,petrol,automatic,RWD,42372,7.1,29237,162,5,4,hatchback,white,1,no,full,Netherlands
1128,X3,2013,3.1,304,diesel,automatic,AWD,234075,8.6,31362,187,5,5,suv,grey,5,no,none,Netherlands
1129,X3,2023,2.6,328,diesel,automatic,AWD,36895,7.6,70606,163,5,5,suv,black,0,no,partial,USA
1130,3 Series,2023,2.3,170,diesel,automatic,AWD,0,7.7,40053,166,4,5,sedan,silver,0,no,full,Spain
1131,5 Series,2020,2.7,255,petrol,automatic,RWD,66609,8.4,59935,203,4,5,sedan,red,1,no,full,Italy
1132,3 Series,2018,2.8,293,diesel,automatic,AWD,132255,7.3,44237,137,4,5,sedan,blue,1,no,full,UK
1133,X7,2019,3.1,337,hybrid,automatic,AWD,55461,5.9,94035,135,5,5,suv,grey,2,yes,full,France
1134,5 Series,2024,3.6,340,hybrid,automatic,AWD,8479,6,80345,124,4,5,sedan,white,1,no,full,UK
1135,1 Series,2011,2.8,228,petrol,manual,RWD,300000,9.6,3456,214,5,5,hatchback,black,4,yes,none,Netherlands
1136,X5,2014,4,373,hybrid,automatic,AWD,116976,6.4,66790,139,5,5,suv,silver,2,no,partial,France
1137,3 Series,2023,3.1,267,diesel,automatic,RWD,0,7.8,48298,156,4,5,sedan,silver,0,no,full,Spain
1138,5 Series,2017,2.5,191,petrol,automatic,RWD,135751,8.8,35945,193,4,5,sedan,red,1,yes,partial,Netherlands
1139,3 Series,2017,3,272,petrol,automatic,AWD,82747,9.1,35616,213,4,5,sedan,red,1,no,full,France
1140,3 Series,2019,2.8,234,petrol,manual,RWD,116322,8.8,33772,197,4,5,sedan,silver,4,no,full,Spain
1141,X3,2016,2.1,149,petrol,automatic,RWD,182937,8,30259,159,5,5,suv,black,2,yes,full,Turkey
1142,i7,2018,0,538,electric,automatic,RWD,120088,0,145150,0,4,4,sedan,blue,3,no,full,Germany
1143,5 Series,2007,4.3,389,petrol,automatic,AWD,300000,11.6,28862,249,4,5,sedan,silver,2,no,full,Turkey
1144,5 Series,2007,2.4,273,hybrid,automatic,RWD,300000,5.5,25527,121,4,5,sedan,grey,2,no,full,Italy
1145,X5,2012,,235,petrol,automatic,AWD,266301,9.1,37593,199,5,5,suv,silver,4,yes,partial,UK
1146,5 Series,2023,4,360,diesel,automatic,RWD,19370,9.7,69487,,4,5,sedan,white,0,no,full,Netherlands
1147,X1,2015,2.5,244,diesel,automatic,AWD,117754,7.4,38949,173,5,5,suv,blue,1,no,full,Netherlands
1148,3 Series,2017,2.9,323,hybrid,automatic,AWD,75450,5.9,36764,112,4,5,sedan,white,,no,partial,Spain
1149,X3,2022,2.9,325,petrol,automatic,AWD,38542,9.8,58831,214,5,5,suv,grey,1,no,none,Spain
1150,5 Series,2023,4.1,335,hybrid,automatic,RWD,4693,6.6,74802,160,4,5,sedan,red,0,no,full,Netherlands
1151,X1,2022,1.6,170,hybrid,automatic,FWD,32049,4,44335,90,5,5,suv,black,1,no,partial,USA
1152,7 Series,2011,4.9,368,diesel,automatic,RWD,186102,10.5,61436,251,4,4,sedan,black,4,yes,full,France
1153,3 Series,2014,1.9,167,hybrid,manual,RWD,116777,4.6,23536,112,4,5,sedan,red,3,no,full,Italy
1154,1 Series,2012,2.9,241,diesel,automatic,RWD,268170,7.9,11758,178,5,4,hatchback,grey,2,yes,full,Spain
1155,X3,2018,2.2,207,diesel,automatic,AWD,93513,7.1,46229,154,5,5,suv,black,2,no,partial,Netherlands
1156,3 Series,2019,1.9,172,hybrid,manual,AWD,61752,4.5,29704,116,4,5,sedan,red,3,no,none,USA
1157,1 Series,2007,1.6,190,petrol,automatic,FWD,284570,7.5,3619,162,5,4,hatchback,red,2,yes,none,UK
1158,7 Series,2020,0,412,electric,automatic,RWD,62868,0,90279,0,4,5,sedan,silver,1,yes,partial,France
1159,X1,2018,1.6,266,petrol,automatic,AWD,125102,7.8,41262,188,5,5,suv,silver,1,no,full,Germany
1160,1 Series,2008,2.2,224,hybrid,manual,FWD,288194,5.2,4314,109,5,5,hatchback,white,4,yes,partial,Italy
1161,1 Series,2013,2.4,216,hybrid,automatic,FWD,92883,5,18975,113,3,5,hatchback,blue,,no,full,France
1162,X7,2017,3.1,238,diesel,automatic,AWD,120874,8.1,88378,180,5,5,suv,blue,3,no,partial,Italy
1163,3 Series,2024,1.7,267,hybrid,automatic,AWD,10722,,50892,99,4,5,sedan,silver,,no,full,UK
1164,i4,2024,0,481,electric,automatic,AWD,6372,0,97715,0,4,5,coupe,silver,0,no,full,Italy
1165,i7,2007,0,538,electric,automatic,AWD,278134,0,104404,0,4,5,sedan,black,3,no,full,Italy
1166,5 Series,2010,4.3,401,petrol,automatic,AWD,153137,12,43738,,4,5,sedan,white,4,no,full,Spain
1167,5 Series,2014,3.1,276,hybrid,automatic,RWD,204698,6,42635,141,4,5,sedan,white,3,no,full,Netherlands
1168,1 Series,2017,2.3,184,diesel,automatic,RWD,114269,7.1,19180,166,5,4,hatchback,red,2,no,partial,Turkey
1169,i4,2017,0,234,electric,automatic,RWD,127183,0,54688,0,4,5,coupe,black,1,no,full,France
1170,3 Series,2020,1.9,154,hybrid,manual,RWD,53327,5.6,35122,118,4,5,sedan,grey,1,no,partial,Italy
1171,1 Series,2023,2.2,175,diesel,automatic,FWD,25620,6.1,30010,113,3,4,hatchback,,0,no,full,UK
1172,X3,2019,2.8,271,diesel,automatic,AWD,83547,8,46490,185,5,5,suv,white,2,no,partial,Spain
1173,X1,2022,2.5,304,petrol,automatic,FWD,11862,9.5,53561,211,5,5,suv,silver,0,,full,Italy
1174,X5,2014,3.9,309,hybrid,automatic,AWD,101143,7.1,75669,161,5,5,suv,red,4,no,full,Germany
1175,1 Series,2018,2.9,270,diesel,automatic,FWD,63278,,28961,160,5,4,hatchback,grey,1,no,full,Netherlands
1176,X1,2015,1.9,224,hybrid,automatic,AWD,118318,4.5,31070,81,5,5,suv,silver,3,no,full,Spain
1177,X1,2020,1.6,137,hybrid,automatic,AWD,93430,4.1,30924,92,5,5,suv,white,1,yes,full,Turkey
1178,X7,2013,4.2,319,diesel,automatic,AWD,174182,9.7,67412,224,5,5,suv,blue,3,no,none,UK
1179,3 Series,2020,3,291,petrol,automatic,AWD,107853,9.7,31373,217,4,5,sedan,silver,1,yes,full,Germany
1180,i7,2022,0,387,electric,automatic,AWD,24266,0,197987,0,4,4,sedan,black,2,no,,Germany
1181,X3,2024,2.7,208,hybrid,automatic,RWD,4377,4.7,61622,102,5,5,suv,silver,0,no,full,Italy
1182,X1,2014,2.5,211,petrol,automatic,FWD,126978,9.7,27647,213,5,5,suv,grey,1,yes,partial,Turkey
1183,X7,2024,3.9,332,hybrid,automatic,AWD,0,6.9,114250,146,5,5,suv,,0,,partial,Italy
1184,X1,2008,2.2,192,diesel,automatic,FWD,231775,6.9,13586,149,5,5,suv,black,4,yes,partial,Italy
1185,5 Series,2022,3.5,283,diesel,automatic,AWD,35611,8,54475,179,4,5,sedan,black,1,no,full,Turkey
1186,5 Series,2024,2.8,230,petrol,automatic,RWD,0,9,68868,202,4,5,sedan,grey,0,no,full,France
1187,5 Series,2017,2.9,283,diesel,automatic,RWD,162200,8.1,44188,191,4,5,sedan,white,2,no,partial,Netherlands
1188,X5,2012,3.1,247,diesel,automatic,AWD,101447,8.2,58145,180,5,5,suv,blue,3,no,full,Germany
1189,X3,2005,2.9,264,diesel,automatic,RWD,246479,7.3,18485,146,5,5,suv,black,4,no,partial,Spain
1190,i7,2018,0,485,electric,automatic,RWD,106905,0,145087,0,4,5,sedan,blue,3,no,full,USA
1191,i4,2007,0,365,electric,automatic,AWD,276957,0,33394,0,4,5,coupe,white,3,no,,USA
1192,X3,2016,2.4,216,petrol,automatic,RWD,125359,8.4,47144,207,5,5,suv,blue,1,no,full,Turkey
1193,X1,2015,2.2,260,petrol,automatic,AWD,150039,9.1,29389,199,5,5,suv,black,3,no,partial,Turkey
1194,X5,2021,4.1,395,hybrid,automatic,AWD,61489,7.1,86048,146,5,5,suv,blue,1,no,partial,Netherlands
1195,5 Series,2013,3.6,236,petrol,automatic,RWD,186064,10.1,28498,204,4,5,sedan,grey,4,yes,partial,Spain
1196,3 Series,2016,,228,diesel,manual,AWD,119666,6.6,32923,147,4,5,sedan,,1,no,full,UK
1197,5 Series,2021,2.2,200,hybrid,automatic,AWD,49429,4.3,58715,100,4,5,sedan,black,0,no,full,France
1198,1 Series,2009,1.7,173,hybrid,automatic,RWD,194948,4.8,6187,103,3,4,hatchback,silver,3,no,partial,Spain
1199,1 Series,2024,2.2,222,hybrid,automatic,FWD,16726,5.1,35608,122,3,5,hatchback,grey,0,no,full,Germany
1200,X1,2011,1.8,161,hybrid,automatic,FWD,180942,4.4,18663,94,5,5,suv,white,5,no,partial,Turkey
1201,5 Series,2019,,316,diesel,automatic,AWD,62707,9.6,52411,221,4,5,sedan,grey,4,no,partial,USA
1202,1 Series,2017,2.8,183,petrol,automatic,FWD,88735,9.2,20553,186,3,4,hatchback,black,2,no,full,Turkey
1203,X1,2016,2.3,233,petrol,automatic,AWD,113019,8.2,30726,172,5,5,suv,black,3,no,full,Turkey
1204,X5,2023,4.1,327,petrol,automatic,AWD,7840,10.4,95324,212,5,5,suv,white,0,no,full,France
1205,X1,2024,1.7,165,diesel,automatic,AWD,0,5.9,47599,138,5,5,suv,,0,no,,USA
1206,5 Series,2010,4.3,386,petrol,automatic,AWD,210169,11.4,33935,266,4,5,sedan,black,2,yes,partial,Germany
1207,7 Series,2024,4.2,381,petrol,automatic,RWD,7092,11,110523,245,4,5,sedan,black,1,no,full,France
1208,1 Series,2024,,202,hybrid,automatic,RWD,0,5.5,34570,118,5,5,hatchback,white,1,no,full,Netherlands
1209,1 Series,2013,2.3,190,hybrid,automatic,RWD,212541,4.9,12993,104,5,5,hatchback,black,3,no,partial,Italy
1210,7 Series,2012,3.6,381,hybrid,automatic,AWD,187852,6,70282,118,4,5,sedan,red,3,no,full,USA
1211,Z4,2021,2.3,160,petrol,automatic,RWD,35222,8.4,62509,194,2,2,convertible,,0,no,partial,Netherlands
1212,1 Series,2024,2.9,264,diesel,automatic,FWD,0,8,36968,170,5,5,hatchback,red,0,no,full,USA
1213,1 Series,2019,2.4,249,hybrid,manual,FWD,84094,4.8,26267,96,3,4,hatchback,blue,3,no,partial,UK
1214,X1,2018,2.3,192,hybrid,automatic,AWD,95167,5.1,39554,124,5,5,suv,grey,3,no,full,France
1215,X5,2022,3.4,312,diesel,automatic,AWD,43534,8.4,89173,192,5,5,suv,black,1,no,full,USA
1216,1 Series,2006,3,262,hybrid,automatic,FWD,284203,5.7,3344,123,5,5,hatchback,silver,4,yes,none,UK
1217,X3,2008,3.2,232,hybrid,automatic,AWD,110027,5.4,38879,103,5,5,suv,white,4,,full,Germany
1218,1 Series,2022,2.8,245,hybrid,automatic,FWD,30220,5.4,31819,124,5,5,hatchback,white,2,no,full,USA
1219,5 Series,2024,2.3,172,hybrid,automatic,AWD,0,5.2,69357,115,4,5,sedan,silver,1,no,,Netherlands
1220,1 Series,2020,1.9,194,diesel,,FWD,69799,6.9,26280,159,3,5,hatchback,black,1,no,partial,Germany
1221,X1,2013,1.9,171,petrol,automatic,FWD,71087,,28014,196,5,5,suv,blue,5,no,partial,Netherlands
1222,X5,2021,4.2,348,petrol,automatic,AWD,53684,9.9,94559,223,5,5,suv,silver,1,no,full,UK
1223,5 Series,2016,2.8,255,diesel,automatic,RWD,163465,6.9,37938,154,4,5,sedan,black,1,yes,full,Germany
1224,X5,2024,3.2,265,hybrid,automatic,AWD,4057,5.8,97927,135,5,5,suv,silver,0,no,full,Netherlands
1225,X3,2023,,260,petrol,automatic,RWD,13392,9.3,65371,214,5,5,suv,blue,0,no,full,Netherlands
1226,5 Series,2017,4.1,359,diesel,automatic,RWD,79933,9.6,57551,210,4,5,sedan,white,1,no,full,Italy
1227,5 Series,2016,3.9,303,diesel,automatic,AWD,127929,9.3,47432,210,4,5,sedan,silver,1,no,full,Turkey
1228,X5,2010,4.3,383,petrol,automatic,AWD,244804,10.8,41318,239,5,5,suv,black,2,yes,partial,Germany
1229,X5,2023,4.1,356,diesel,automatic,AWD,1078,10,92592,234,5,5,suv,red,0,no,partial,Italy
1230,3 Series,2013,2.5,234,hybrid,automatic,RWD,221053,4.5,22215,103,4,5,sedan,black,3,no,full,France
1231,5 Series,2023,3.9,370,diesel,automatic,AWD,26225,9.8,71800,205,4,5,sedan,red,0,no,full,Germany
1232,X1,2022,2,250,petrol,automatic,AWD,20412,7.6,48570,174,5,5,suv,black,1,no,full,Netherlands
1233,X7,2022,4.1,378,petrol,automatic,AWD,22977,11.3,113907,251,5,5,suv,white,1,,partial,UK
1234,Z4,2024,2.7,239,petrol,automatic,RWD,7163,8.7,68193,204,2,2,convertible,red,0,yes,full,France
1235,1 Series,2022,2.9,270,petrol,automatic,RWD,32700,8.5,34510,179,5,5,hatchback,black,1,no,partial,Netherlands
1236,3 Series,2007,3.1,291,diesel,automatic,RWD,196929,7.3,18508,157,4,5,sedan,black,3,yes,full,Turkey
1237,7 Series,2018,4.6,332,hybrid,automatic,AWD,74570,7,89077,158,4,5,sedan,white,3,,full,Italy
1238,5 Series,2018,3.9,306,hybrid,automatic,AWD,37382,7.2,54247,175,4,5,sedan,silver,1,no,full,Italy
1239,X7,2011,4.4,356,hybrid,automatic,AWD,136070,6.9,70518,150,5,5,suv,black,2,yes,partial,USA
1240,7 Series,2017,4.1,388,diesel,automatic,RWD,190939,9.6,73614,209,4,5,sedan,blue,3,yes,full,Italy
1241,7 Series,2012,4.7,376,petrol,automatic,AWD,199406,12,78502,277,4,4,sedan,white,2,no,full,UK
1242,i4,2014,0,387,electric,automatic,AWD,178737,0,56387,0,4,5,coupe,silver,1,no,partial,UK
1243,3 Series,2023,2.8,245,hybrid,automatic,RWD,42086,5.3,42641,106,4,5,sedan,blue,0,no,partial,USA
1244,i3,2011,0,224,electric,automatic,RWD,148252,0,29009,0,5,4,hatchback,,2,no,partial,France
1245,X1,2013,2.5,233,diesel,automatic,FWD,124567,7.4,29811,161,5,5,suv,white,2,no,partial,UK
1246,3 Series,2022,1.9,199,diesel,automatic,RWD,20159,6.6,44585,143,4,5,sedan,black,2,no,full,USA
1247,3 Series,2009,2.6,276,diesel,automatic,RWD,201099,8.8,19626,191,4,5,sedan,silver,2,no,full,Spain
1248,5 Series,2011,3.8,301,hybrid,automatic,AWD,229888,5.8,33796,137,4,5,sedan,white,5,no,full,UK
1249,1 Series,2009,2.5,242,petrol,automatic,FWD,300000,8.2,7018,171,3,4,hatchback,white,2,no,partial,UK
1250,7 Series,2017,3.4,322,hybrid,automatic,AWD,129787,6.6,72256,148,4,4,sedan,black,1,no,none,France
1251,X7,2018,3.5,336,diesel,automatic,AWD,111115,9.4,113481,221,5,5,suv,red,2,no,full,Netherlands
1252,1 Series,2014,2.6,233,diesel,automatic,RWD,186123,7,14936,161,3,5,hatchback,blue,3,no,full,Spain
1253,Z4,2023,2.2,248,petrol,automatic,RWD,39261,8.8,69387,206,2,2,convertible,blue,0,no,full,UK
1254,X7,2013,3.6,346,petrol,automatic,AWD,65455,9.8,85518,218,5,5,suv,,4,no,partial,France
1255,3 Series,2022,3.4,367,hybrid,automatic,RWD,41954,6.3,47616,136,4,5,sedan,blue,1,,full,Turkey
1256,X7,2018,3.8,332,petrol,automatic,AWD,127603,10.8,93413,228,5,5,suv,black,1,no,partial,France
1257,3 Series,2024,1.8,188,hybrid,automatic,AWD,10701,5,37130,104,4,5,sedan,black,1,yes,full,Italy
1258,Z4,2014,2.2,213,petrol,manual,RWD,249686,8.2,37008,170,2,2,convertible,black,3,yes,full,UK
1259,X3,2023,2,185,diesel,automatic,RWD,12400,6.4,64126,163,5,5,suv,grey,0,no,full,Germany
1260,3 Series,2020,2,205,diesel,manual,AWD,64551,7.2,34348,161,4,5,sedan,black,2,no,partial,Germany
1261,X5,2006,4.1,318,petrol,,AWD,151284,,39464,234,5,5,suv,silver,4,yes,full,Italy
1262,5 Series,2013,2.4,259,diesel,automatic,RWD,213668,7.3,33431,141,4,5,sedan,silver,3,yes,partial,Germany
1263,X3,2010,3.2,287,hybrid,automatic,RWD,156112,5.4,32704,128,5,5,suv,silver,4,no,partial,Netherlands
1264,3 Series,2017,3.4,294,diesel,automatic,RWD,101254,8.5,27732,193,4,5,sedan,black,1,yes,full,Spain
1265,i7,2021,0,444,electric,automatic,RWD,59614,0,146978,0,4,5,sedan,white,1,yes,full,Italy
1266,X1,2022,2.4,214,hybrid,automatic,FWD,23294,4.8,42510,101,5,5,suv,blue,1,yes,partial,UK
1267,X3,2022,2.3,277,petrol,automatic,RWD,33786,7.1,57239,145,5,5,suv,black,1,yes,full,USA
1268,X3,2014,2.8,262,hybrid,automatic,RWD,149484,5,43012,97,5,5,suv,white,1,no,full,Italy
1269,i3,2023,0,157,electric,automatic,RWD,22204,0,61597,0,5,4,hatchback,white,1,no,full,Spain
1270,3 Series,2022,2.9,283,hybrid,automatic,RWD,41511,5.3,49600,116,4,5,sedan,white,1,no,full,Germany
1271,5 Series,2012,3.7,265,hybrid,automatic,RWD,215811,6.2,32577,130,4,5,sedan,red,,no,partial,Netherlands
1272,X3,2013,2.7,257,petrol,automatic,AWD,171646,8.9,34204,197,5,5,suv,silver,3,no,partial,Spain
1273,X5,2023,3.1,267,hybrid,automatic,AWD,9458,5.6,90636,120,5,5,suv,blue,1,no,partial,USA
1274,i3,2020,0,191,electric,automatic,RWD,90094,0,48066,0,5,4,hatchback,black,0,no,full,Turkey
1275,Z4,2009,2.7,316,petrol,automatic,RWD,245414,9,27261,210,2,2,convertible,black,3,yes,none,Turkey
1276,3 Series,2022,1.7,176,petrol,automatic,AWD,34499,7.6,41488,166,4,5,sedan,blue,1,no,full,Italy
1277,X7,2019,3.3,368,diesel,automatic,AWD,92305,8.4,84359,195,5,5,suv,black,3,no,none,Turkey
1278,X1,2011,1.6,127,hybrid,automatic,FWD,198762,3.8,18051,66,5,5,suv,blue,3,no,partial,France
1279,X1,2013,1.7,131,hybrid,automatic,FWD,159971,4.3,22251,92,5,5,suv,blue,3,yes,full,France
1280,7 Series,2020,0,397,electric,automatic,RWD,20836,0,115380,0,4,5,sedan,blue,1,no,full,Turkey
1281,X3,2017,3.2,270,hybrid,automatic,AWD,81766,5.7,49715,115,5,5,suv,blue,2,no,full,UK
1282,i4,2015,0,496,electric,automatic,AWD,129831,0,71758,,4,5,coupe,blue,2,no,partial,France
1283,i4,2022,0,353,electric,automatic,RWD,27158,0,69216,0,4,5,coupe,white,1,yes,full,Italy
1284,i3,2018,0,175,electric,automatic,RWD,97733,0,39689,0,5,4,hatchback,white,2,no,partial,Italy
1285,1 Series,2016,2.8,265,petrol,automatic,FWD,132110,9.5,19969,209,3,5,hatchback,black,1,yes,full,USA
1286,X7,2013,3.8,265,hybrid,automatic,AWD,239766,6.4,66166,131,5,5,suv,red,3,no,none,UK
1287,3 Series,2010,2.2,232,hybrid,automatic,AWD,219126,4.6,21418,99,4,5,sedan,blue,4,no,partial,Turkey
1288,5 Series,2019,,278,diesel,automatic,AWD,91832,7.5,52053,175,4,5,sedan,white,2,no,partial,USA
1289,Z4,2016,2.9,243,petrol,automatic,RWD,168983,8.7,46490,188,2,2,convertible,blue,2,no,full,UK
1290,X3,2021,3.4,306,petrol,automatic,AWD,75162,11,62652,238,5,5,suv,black,1,no,full,UK
1291,5 Series,2020,3.2,218,petrol,automatic,RWD,87919,8.8,49368,212,4,5,sedan,blue,0,no,full,France
1292,1 Series,2013,2.3,227,diesel,automatic,RWD,83796,7.4,17242,154,3,4,hatchback,white,3,yes,partial,Spain
1293,X5,2023,3.7,245,diesel,automatic,AWD,25633,8.4,93247,196,5,5,suv,silver,0,no,full,Netherlands
1294,X3,2010,2.3,223,diesel,automatic,AWD,75696,6.8,33137,152,5,5,suv,white,3,no,partial,Spain
1295,1 Series,2024,2.6,276,diesel,automatic,RWD,16770,7.3,37637,175,3,5,hatchback,grey,1,no,,UK
1296,i3,2017,0,164,electric,automatic,RWD,76187,0,42028,0,5,4,hatchback,white,1,no,full,UK
1297,X1,2006,2.3,170,hybrid,automatic,FWD,300000,5,10286,111,5,5,suv,,2,,partial,Germany
1298,X3,2022,2.5,182,hybrid,automatic,AWD,18848,4.7,60151,102,5,5,suv,black,2,no,full,USA
1299,7 Series,2021,0,429,electric,automatic,AWD,56637,0,118153,,4,5,sedan,silver,2,no,full,UK
1300,i4,2015,0,224,electric,automatic,AWD,96510,0,57127,0,4,5,coupe,black,1,no,full,France
1301,5 Series,2014,2.3,262,diesel,,RWD,164800,7.4,41545,167,4,5,sedan,white,2,no,full,France
1302,3 Series,2023,1.7,194,petrol,automatic,AWD,23232,7.6,39653,175,4,5,sedan,blue,0,no,full,Italy
1303,X5,2020,3.7,297,petrol,automatic,AWD,91180,10,70567,230,5,5,suv,black,0,yes,full,France
1304,X3,2022,3.2,209,diesel,automatic,RWD,13791,7.6,61659,152,5,5,suv,black,1,no,full,Netherlands
1305,X1,2017,1.5,138,petrol,automatic,FWD,86612,7.2,31516,158,5,5,suv,grey,2,yes,full,Spain
1306,X3,2023,3.3,267,petrol,automatic,RWD,0,9.5,73276,211,5,5,suv,blue,0,no,full,USA
1307,Z4,2006,2.3,161,petrol,manual,RWD,239458,7.3,23778,153,2,2,convertible,grey,2,yes,partial,France
1308,X3,2013,3.2,333,hybrid,automatic,RWD,150672,5.7,29966,120,5,5,suv,blue,4,yes,none,Spain
1309,3 Series,2024,1.7,148,petrol,automatic,AWD,30585,6.8,41240,159,4,5,sedan,grey,0,no,partial,Italy
1310,7 Series,2019,3.9,308,diesel,automatic,AWD,103257,9.7,109804,224,4,4,sedan,blue,,no,full,Germany
1311,5 Series,2015,2.4,306,petrol,automatic,RWD,176719,8,44793,185,4,5,sedan,white,1,yes,full,Netherlands
1312,3 Series,2021,1.7,162,diesel,automatic,RWD,64907,6.2,36777,132,4,5,sedan,white,0,no,full,UK
1313,1 Series,2007,2,153,hybrid,automatic,RWD,292612,3.7,3124,85,3,4,hatchback,white,2,no,partial,Turkey
1314,5 Series,2022,3.7,362,hybrid,automatic,AWD,45353,6.6,70225,167,4,5,sedan,black,0,no,full,UK
1315,X5,2020,3.6,344,diesel,automatic,AWD,53323,8.7,90565,196,5,5,suv,red,0,no,full,Germany
1316,5 Series,2013,2.9,257,petrol,automatic,AWD,270699,8.5,37245,189,4,5,sedan,white,4,no,full,Germany
1317,3 Series,2014,2.9,279,diesel,manual,AWD,167539,8.6,25056,183,4,5,sedan,white,1,yes,full,Germany
1318,3 Series,2018,3.2,253,petrol,automatic,RWD,83141,9.2,35773,187,4,5,sedan,silver,1,no,partial,Netherlands
1319,3 Series,2024,3.1,289,petrol,automatic,RWD,6413,9.6,56294,206,4,5,sedan,black,0,no,full,Netherlands
1320,X3,2024,2.6,179,hybrid,automatic,RWD,8218,5,60403,94,5,5,suv,white,1,no,partial,Spain
1321,5 Series,2023,2.9,276,diesel,automatic,AWD,17739,8.2,69873,175,4,5,sedan,black,0,no,full,Italy
1322,X1,2011,2.4,272,hybrid,automatic,FWD,289724,5.4,21245,119,5,5,suv,blue,2,yes,full,Netherlands
1323,X3,2022,2.1,203,diesel,automatic,RWD,27596,7.3,62931,148,5,5,suv,white,2,no,full,Italy
1324,X1,2009,2.2,185,petrol,automatic,AWD,132912,7.6,25880,175,5,5,suv,black,3,,full,Italy
1325,i7,2009,0,437,electric,automatic,RWD,219136,0,94154,0,4,5,sedan,silver,3,yes,full,Netherlands
1326,1 Series,2021,2.6,246,hybrid,automatic,RWD,36890,5.8,31160,119,3,4,hatchback,black,0,no,full,USA
1327,5 Series,2024,4.2,403,diesel,automatic,AWD,22168,9.8,71811,220,4,5,sedan,black,0,no,full,France
1328,5 Series,2020,3.6,337,diesel,automatic,AWD,48662,8.9,63813,200,4,5,sedan,white,1,no,full,UK
1329,X1,2016,1.9,186,petrol,automatic,AWD,189577,7.8,29567,176,5,5,suv,white,2,no,,USA
1330,5 Series,2021,2.4,216,diesel,automatic,AWD,52992,,52180,145,4,5,sedan,silver,1,no,full,Italy
1331,X5,2007,3.8,317,diesel,automatic,AWD,245334,8.6,29464,187,5,5,suv,silver,3,yes,none,Turkey
1332,7 Series,2019,0,305,electric,automatic,AWD,63695,0,113432,0,4,4,sedan,black,1,no,partial,Netherlands
1333,X5,2015,3.6,368,hybrid,automatic,AWD,122510,6.1,70485,130,5,5,suv,black,1,yes,full,Netherlands
1334,i7,2013,0,542,electric,automatic,RWD,167611,0,111912,0,4,5,sedan,silver,2,no,full,Italy
1335,5 Series,2016,3.6,334,petrol,automatic,AWD,121849,10.8,44277,240,4,5,sedan,blue,1,no,partial,Italy
1336,3 Series,2005,1.6,134,hybrid,automatic,RWD,300000,4.1,3840,97,4,5,sedan,white,5,yes,partial,Spain
1337,Z4,2022,2,200,petrol,automatic,RWD,13531,8.9,64721,201,2,2,convertible,blue,2,no,full,France
1338,3 Series,2023,2.4,181,diesel,automatic,RWD,8725,6.5,38929,152,4,5,sedan,white,1,no,full,Italy
1339,3 Series,2024,3.2,288,hybrid,automatic,AWD,9485,5.4,47045,127,4,5,sedan,white,0,no,,Germany
1340,X3,2012,2.9,249,petrol,automatic,RWD,196855,9.5,36208,219,5,5,suv,silver,3,no,partial,Germany
1341,3 Series,2016,2.1,175,hybrid,automatic,AWD,107898,5.1,28199,97,4,5,sedan,black,3,no,partial,USA
1342,7 Series,2023,3.2,337,diesel,automatic,RWD,17712,7.8,127817,186,4,5,sedan,black,1,no,full,USA
1343,i4,2005,0,207,electric,automatic,RWD,300000,0,23249,0,4,5,coupe,black,2,no,none,UK
1344,7 Series,2017,5,476,diesel,automatic,AWD,140695,10.8,96619,236,4,4,sedan,blue,2,no,full,Spain
1345,X3,2020,2.3,266,hybrid,automatic,RWD,73680,5.1,48229,116,5,5,suv,black,2,no,partial,Turkey
1346,X5,2018,3.8,295,diesel,automatic,AWD,126869,8.6,62968,,5,5,suv,silver,1,yes,partial,Spain
1347,5 Series,2019,,366,petrol,automatic,RWD,64698,10.9,52584,246,4,5,sedan,silver,4,no,full,Germany
1348,5 Series,2007,2.5,258,hybrid,automatic,RWD,300000,5.1,17300,108,4,5,sedan,white,2,yes,none,Italy
1349,5 Series,2008,2.8,292,hybrid,automatic,AWD,145629,5.2,29186,124,4,5,sedan,red,3,yes,full,Turkey
1350,5 Series,2012,3,265,diesel,automatic,AWD,166375,7.4,34462,156,4,5,sedan,white,2,yes,full,USA
1351,1 Series,2011,3,293,petrol,automatic,RWD,215550,8.8,12539,193,5,5,hatchback,black,3,no,partial,Italy
1352,1 Series,2019,2,219,hybrid,automatic,FWD,86785,4.2,26347,93,3,5,hatchback,black,2,no,full,Germany
1353,7 Series,2014,3.1,257,hybrid,automatic,RWD,162368,6.4,65944,144,4,5,sedan,black,2,yes,full,Spain
1354,1 Series,2021,2.2,221,diesel,automatic,RWD,52583,7.3,30610,166,3,5,hatchback,white,1,no,full,Germany
1355,i7,2006,0,492,electric,automatic,AWD,275825,0,67652,0,4,5,sedan,blue,4,yes,full,Turkey
1356,7 Series,2023,4.7,404,hybrid,automatic,AWD,0,7.4,124102,158,4,5,sedan,blue,0,no,full,Germany
1357,7 Series,2019,4,363,hybrid,automatic,RWD,47650,6.9,105708,,4,5,sedan,black,3,no,full,Netherlands
1358,i4,2021,0,455,electric,automatic,AWD,41724,0,84611,0,4,5,coupe,black,1,no,,Turkey
1359,X5,2023,4.2,368,petrol,automatic,AWD,17271,11.1,90169,249,5,5,suv,white,0,no,full,Netherlands
1360,3 Series,2018,1.8,234,hybrid,automatic,AWD,117510,5.5,33780,123,4,5,sedan,grey,2,no,full,Germany
1361,X1,2020,2.1,251,petrol,automatic,AWD,28701,8,48081,193,5,5,suv,grey,1,no,full,Germany
1362,Z4,2012,2.6,289,petrol,automatic,RWD,191282,,36085,184,2,2,convertible,silver,4,no,partial,Netherlands
1363,5 Series,2022,3.1,270,diesel,automatic,RWD,23131,8.2,56660,186,4,5,sedan,white,0,no,full,Turkey
1364,X3,2024,3.2,348,hybrid,automatic,AWD,0,6.7,75061,146,5,5,suv,white,0,no,full,UK
1365,5 Series,2021,3.2,270,petrol,,AWD,57831,10,60701,226,4,5,sedan,white,1,no,full,France
1366,3 Series,2012,3.5,337,hybrid,manual,RWD,264099,6,26433,141,4,5,sedan,,2,no,full,Turkey
1367,3 Series,2005,2.7,264,hybrid,manual,AWD,265467,5.4,11517,110,4,5,sedan,black,3,no,partial,Netherlands
1368,5 Series,2021,2.5,231,hybrid,automatic,AWD,64466,5.2,56536,119,4,5,sedan,grey,2,no,full,USA
1369,7 Series,2021,3.4,392,diesel,automatic,AWD,40860,9.1,106892,198,4,5,sedan,black,0,no,full,Netherlands
1370,1 Series,2012,2.7,243,hybrid,manual,FWD,215077,5.6,10727,124,5,4,hatchback,red,2,no,partial,USA
1371,i7,2022,0,660,electric,automatic,AWD,35453,0,190750,0,4,5,sedan,silver,1,no,full,UK
1372,X5,2011,4.1,336,hybrid,automatic,AWD,247501,7.1,50165,153,5,5,suv,black,5,no,full,Italy
1373,3 Series,2011,1.9,207,diesel,automatic,RWD,240203,6.6,18958,164,4,5,sedan,black,2,no,partial,Turkey
1374,i3,2016,0,189,electric,automatic,RWD,96349,,39191,0,5,4,hatchback,black,1,no,partial,Turkey
1375,X1,2022,1.7,138,diesel,automatic,FWD,25416,5,44163,104,5,5,suv,black,1,no,full,Turkey
1376,X3,2018,2.5,212,diesel,automatic,AWD,69324,7.5,53686,165,5,5,suv,silver,1,no,partial,Germany
1377,1 Series,2013,2.2,202,diesel,automatic,RWD,111385,7.1,18925,172,5,5,hatchback,white,3,no,full,USA
1378,X3,2017,3.5,384,hybrid,automatic,RWD,143729,5.9,62188,136,5,5,suv,,1,no,full,France
1379,3 Series,2011,3.1,308,petrol,manual,RWD,188675,9.3,22220,207,4,5,sedan,black,3,yes,full,Turkey
1380,3 Series,2021,2.9,244,petrol,automatic,AWD,39655,8.6,39508,192,4,5,sedan,red,1,no,none,Germany
1381,X7,2007,3.4,297,hybrid,automatic,AWD,212401,5.9,60889,126,5,5,suv,blue,2,no,partial,Spain
1382,3 Series,2020,1.8,203,diesel,automatic,AWD,68234,6.5,37260,147,4,5,sedan,grey,0,no,full,Spain
1383,X3,2018,3.5,315,hybrid,automatic,RWD,64299,,48007,117,5,5,suv,red,3,yes,full,Turkey
1384,X3,2008,2.6,242,diesel,automatic,RWD,300000,7.4,24592,170,5,5,suv,black,,no,full,Turkey
1385,X3,2006,2.2,223,diesel,automatic,AWD,264031,7.6,19497,172,5,5,suv,black,2,no,partial,Germany
1386,5 Series,2007,2.2,159,diesel,automatic,RWD,255317,6.7,18340,148,4,5,sedan,silver,4,no,none,Italy
1387,5 Series,2020,2.7,242,petrol,automatic,AWD,34935,9.1,53100,207,4,5,sedan,black,1,yes,full,USA
1388,1 Series,2015,1.7,152,hybrid,automatic,RWD,86193,4.5,15879,97,3,5,hatchback,red,1,yes,partial,Germany
1389,X3,2006,2.7,227,hybrid,automatic,RWD,300000,5.5,21778,126,5,5,suv,silver,2,no,partial,Germany
1390,X5,2022,4.3,418,diesel,automatic,AWD,18320,9.5,91183,223,5,5,suv,red,1,no,full,UK
1391,X3,2021,2.3,217,petrol,automatic,RWD,93264,8.5,56584,176,5,5,suv,grey,1,no,full,France
1392,Z4,2021,2.8,226,petrol,automatic,RWD,51247,8.8,61587,208,2,2,convertible,black,1,no,partial,USA
1393,5 Series,2023,2.9,189,diesel,automatic,AWD,4371,7.9,66841,174,4,5,sedan,white,0,no,full,Germany
1394,3 Series,2013,3.1,263,diesel,manual,AWD,122392,6.8,31457,132,4,5,sedan,black,2,no,full,Germany
1395,X3,2006,3,282,hybrid,automatic,AWD,260375,5.7,23989,121,5,5,suv,white,2,yes,full,Spain
1396,X5,2021,3.7,221,petrol,automatic,AWD,32304,10.4,79028,238,5,5,suv,silver,2,no,full,Netherlands
1397,1 Series,2018,2.2,250,diesel,automatic,FWD,97333,6.8,25447,148,5,4,hatchback,black,1,no,full,Netherlands
1398,7 Series,2012,4.2,427,petrol,automatic,RWD,170731,,71219,239,4,5,sedan,blue,4,no,partial,Germany
1399,Z4,2014,,211,petrol,manual,RWD,157655,8.9,41248,190,2,2,convertible,blue,2,no,none,USA
1400,Z4,2022,2.3,242,petrol,automatic,RWD,8606,8.8,75000,189,2,2,convertible,blue,0,no,full,Netherlands
1401,X5,2024,3.2,269,hybrid,automatic,AWD,0,5.5,103239,139,5,5,suv,blue,0,no,full,UK
1402,X5,2021,3.1,284,hybrid,automatic,AWD,43757,5.4,80455,122,5,5,suv,black,1,no,full,USA
1403,5 Series,2016,2.2,192,hybrid,automatic,AWD,154786,4.3,41347,99,4,5,sedan,silver,3,no,full,UK
1404,5 Series,2012,2.5,279,petrol,automatic,AWD,185448,9,38158,187,4,5,sedan,silver,3,no,partial,Italy
1405,3 Series,2022,2,181,petrol,manual,AWD,16117,8,33360,158,4,5,sedan,blue,1,yes,full,France
1406,i4,2005,0,161,electric,automatic,AWD,300000,,23905,0,4,5,coupe,white,5,yes,full,France
1407,3 Series,2010,3.4,282,hybrid,manual,RWD,161819,6.2,23196,112,4,5,sedan,blue,3,yes,full,Italy
1408,X7,2024,3.3,395,petrol,automatic,AWD,0,9.8,98831,225,5,5,suv,blue,0,yes,partial,Spain
1409,i3,2012,0,162,electric,automatic,RWD,198923,0,23773,0,5,4,hatchback,black,3,no,full,Turkey
1410,i3,2016,0,213,electric,automatic,RWD,129095,0,29037,0,5,4,hatchback,grey,1,yes,partial,Turkey
1411,X7,2018,3.7,311,hybrid,automatic,AWD,115986,6.4,104105,156,5,5,suv,blue,1,no,full,USA
1412,i3,2022,0,235,electric,automatic,RWD,44750,0,52352,0,5,4,hatchback,black,1,no,,Italy
1413,5 Series,2012,3.6,282,hybrid,automatic,AWD,120361,6.7,34092,131,4,5,sedan,grey,2,no,none,France
1414,X5,2022,3.1,324,hybrid,automatic,AWD,37169,6,83546,128,5,5,suv,silver,0,no,full,USA
1415,X7,2010,3.4,302,hybrid,automatic,AWD,203575,6.4,54293,148,5,5,suv,white,4,yes,partial,Netherlands
1416,1 Series,2007,,252,hybrid,manual,FWD,300000,4.9,3905,90,3,4,hatchback,black,5,no,partial,Turkey
1417,X1,2012,1.5,126,hybrid,automatic,AWD,135786,3.6,23503,,5,5,suv,black,4,no,partial,Germany
1418,X3,2006,2.6,267,hybrid,automatic,RWD,266684,5.6,19653,131,5,5,suv,grey,4,yes,partial,Germany
1419,X3,2009,2.9,240,petrol,automatic,RWD,216805,9,34974,213,5,5,suv,white,4,no,full,UK
1420,1 Series,2010,2.1,182,hybrid,manual,RWD,211393,4.5,10746,104,3,5,hatchback,black,5,no,partial,UK
1421,X3,2020,2.2,174,petrol,automatic,RWD,56530,8.2,51072,192,5,5,suv,blue,1,no,full,Netherlands
1422,X3,2017,3,344,petrol,automatic,RWD,176631,9.5,49548,210,5,5,suv,black,2,no,full,Turkey
1423,5 Series,2024,3.2,287,hybrid,automatic,RWD,5362,6.2,70254,140,4,5,sedan,black,1,no,full,Germany
1424,3 Series,2024,2.1,241,hybrid,automatic,RWD,16466,4.2,50423,81,4,5,sedan,black,1,no,full,Netherlands
1425,3 Series,2024,2,198,petrol,automatic,RWD,0,8.7,42600,191,4,5,sedan,silver,0,no,partial,Germany
1426,5 Series,2020,4.4,386,diesel,automatic,AWD,36727,10.4,67527,230,4,5,sedan,silver,1,no,full,Netherlands
1427,Z4,2023,2.8,250,petrol,automatic,RWD,26089,9.4,75494,212,2,2,convertible,white,0,no,full,Italy
1428,5 Series,2015,3.4,267,diesel,automatic,AWD,116771,8.4,37748,170,4,5,sedan,white,1,yes,full,UK
1429,1 Series,2022,2.9,268,petrol,automatic,FWD,40898,9.2,30976,218,3,5,hatchback,black,0,no,full,UK
1430,1 Series,2014,2.2,154,diesel,manual,RWD,157361,6.3,11516,144,5,5,hatchback,grey,1,yes,full,UK
1431,X7,2011,3.2,302,petrol,automatic,AWD,90742,10.5,73365,233,5,5,suv,white,4,no,partial,Germany
1432,1 Series,2019,2.4,196,petrol,automatic,RWD,53200,9.3,23523,229,5,4,hatchback,white,2,no,full,Turkey
1433,3 Series,2022,1.8,164,diesel,automatic,AWD,39641,6.5,39581,147,4,5,sedan,,2,no,partial,Germany
1434,7 Series,2014,3.3,298,petrol,automatic,RWD,127741,9.3,77810,195,4,4,sedan,silver,4,no,partial,France
1435,5 Series,2022,3,277,hybrid,,RWD,10786,5.6,64523,139,4,5,sedan,silver,2,no,full,Spain
1436,1 Series,2022,2.9,280,hybrid,automatic,FWD,27750,5.8,36499,134,3,4,hatchback,white,1,no,full,Netherlands
1437,X5,2024,4.3,354,petrol,automatic,AWD,0,11.2,106211,252,5,5,suv,black,0,no,full,Netherlands
1438,X3,2013,2.9,259,hybrid,automatic,RWD,189110,5.2,24150,124,5,5,suv,red,4,yes,none,Spain
1439,1 Series,2011,1.6,156,hybrid,automatic,RWD,224929,4.7,8302,99,5,4,hatchback,white,5,yes,partial,Netherlands
1440,7 Series,2016,4.3,336,hybrid,automatic,RWD,134964,6.7,84062,142,4,5,sedan,black,1,yes,full,UK
1441,X1,2007,1.6,150,diesel,automatic,AWD,93439,6.3,18969,159,5,5,suv,blue,4,yes,partial,France
1442,5 Series,2018,4.2,387,hybrid,automatic,RWD,34682,6.9,64595,159,4,5,sedan,grey,3,no,full,UK
1443,X1,2018,1.9,180,hybrid,automatic,FWD,127297,4.7,35485,102,5,5,suv,black,2,no,full,UK
1444,X5,2021,,299,petrol,automatic,AWD,36391,9.5,80443,216,5,5,suv,silver,1,no,full,Turkey
1445,1 Series,2006,1.8,187,diesel,automatic,RWD,282816,5.5,2640,119,5,5,hatchback,black,5,yes,full,France
1446,X1,2010,1.8,230,hybrid,automatic,AWD,260031,3.8,19171,82,5,5,suv,white,2,yes,full,USA
1447,5 Series,2018,3.6,386,diesel,automatic,AWD,85030,9.1,47269,205,4,5,sedan,grey,2,no,none,Spain
1448,X1,2023,2.3,216,hybrid,automatic,AWD,22067,5.2,48995,128,5,5,suv,white,1,,full,Netherlands
1449,X1,2006,2.4,194,diesel,automatic,FWD,300000,6.4,11414,131,5,5,suv,black,4,yes,full,Netherlands
1450,X7,2012,3.3,237,diesel,automatic,AWD,150785,8.2,69767,181,5,5,suv,silver,2,yes,partial,UK
1451,3 Series,2007,2.3,170,petrol,manual,RWD,271302,8.2,14227,175,4,5,sedan,black,2,no,full,UK
1452,X5,2020,4.2,306,petrol,automatic,AWD,90408,11.5,79416,243,5,5,suv,grey,0,no,full,Turkey
1453,X1,2010,2.2,218,hybrid,automatic,FWD,256238,4.5,15783,95,5,5,suv,blue,4,yes,partial,Germany
1454,X1,2023,2.1,250,hybrid,automatic,FWD,42421,4.6,48177,87,5,5,suv,black,0,no,full,Turkey
1455,1 Series,2019,2.8,251,hybrid,automatic,RWD,90219,5.4,26599,135,3,4,hatchback,silver,2,no,full,Germany
1456,X1,2015,2.3,240,diesel,automatic,FWD,121101,7.1,38818,157,5,5,suv,white,1,no,full,UK
1457,X1,2020,2.3,228,petrol,automatic,AWD,98362,7.7,42529,176,5,5,suv,black,1,no,full,France
1458,7 Series,2012,3.8,358,hybrid,automatic,AWD,140392,6.1,65482,147,4,5,sedan,white,5,yes,full,France
1459,1 Series,2021,1.9,188,hybrid,automatic,RWD,32088,4.8,30873,115,3,4,hatchback,white,1,no,full,Germany
1460,5 Series,2022,3.5,291,hybrid,automatic,AWD,38915,6,64892,136,4,5,sedan,red,1,no,full,France
1461,X5,2005,3.2,326,petrol,automatic,AWD,253587,8.8,31518,198,5,5,suv,,3,yes,full,Turkey
1462,i4,2006,0,379,electric,automatic,AWD,276421,0,44332,0,4,5,coupe,white,3,no,full,Netherlands
1463,X7,2011,3.1,248,hybrid,automatic,AWD,219218,5.8,54627,140,5,5,suv,grey,4,yes,full,Spain
1464,X5,2020,4.2,364,hybrid,automatic,AWD,12632,6.7,83343,146,5,5,suv,white,2,no,full,Turkey
1465,5 Series,2022,3.2,303,hybrid,automatic,AWD,24696,6.9,64452,155,4,5,sedan,white,0,no,full,Italy
1466,X3,2023,2.2,173,diesel,automatic,RWD,5836,6.1,60143,137,5,5,suv,blue,0,no,full,Spain
1467,X3,2021,3.2,336,hybrid,automatic,AWD,43254,6.2,66699,151,5,5,suv,grey,0,no,full,Netherlands
1468,1 Series,2013,,139,diesel,automatic,FWD,86550,5.9,12776,128,5,4,hatchback,silver,5,yes,full,UK
1469,X3,2022,3.2,333,hybrid,automatic,RWD,63058,5.1,69105,99,5,5,suv,white,0,no,partial,Germany
1470,i4,2014,0,313,electric,automatic,AWD,169177,0,50729,0,4,5,coupe,black,3,no,full,Germany
1471,i4,2021,0,356,electric,automatic,RWD,50646,0,85436,0,4,5,coupe,black,1,no,partial,Spain
1472,7 Series,2006,3.3,320,diesel,automatic,AWD,300000,8.3,39181,175,4,5,sedan,grey,3,yes,partial,France
1473,5 Series,2009,2.6,271,petrol,automatic,AWD,200618,9.5,27845,216,4,5,sedan,red,4,yes,full,UK
1474,5 Series,2022,4.2,349,hybrid,automatic,RWD,18454,7.3,67295,161,4,5,sedan,grey,1,no,full,Spain
1475,X1,2024,2.3,167,diesel,automatic,AWD,10176,7.3,45671,165,5,5,suv,white,,no,full,Turkey
1476,1 Series,2020,1.6,127,hybrid,automatic,RWD,14010,4.2,25577,93,3,4,hatchback,grey,1,no,partial,USA
1477,X1,2020,1.9,248,hybrid,automatic,FWD,59356,4.6,42125,102,5,5,suv,white,0,,full,Spain
1478,X5,2019,3.5,315,petrol,automatic,AWD,70409,10.5,66745,237,5,5,suv,black,1,no,none,Netherlands
1479,X1,2013,1.9,140,diesel,automatic,FWD,156291,6.2,25270,142,5,5,suv,grey,3,no,full,Germany
1480,5 Series,2022,4,400,hybrid,automatic,RWD,41804,6.6,65300,140,4,5,sedan,white,1,no,full,Spain
1481,i4,2013,,347,electric,automatic,RWD,215150,0,39843,0,4,5,coupe,silver,2,no,none,Italy
1482,X3,2007,2,284,petrol,automatic,AWD,157161,8.1,26767,182,5,5,suv,silver,2,yes,partial,France
1483,X7,2013,3.7,324,petrol,automatic,AWD,92874,10.7,76709,242,5,5,suv,black,3,yes,full,Spain
1484,X5,2016,3.5,341,petrol,automatic,AWD,135632,9.6,66290,211,5,5,suv,black,2,yes,full,UK
1485,3 Series,2012,3.1,274,diesel,automatic,RWD,208373,8.2,20003,181,4,5,sedan,white,2,no,partial,Turkey
1486,5 Series,2020,4.3,353,hybrid,automatic,RWD,73312,7,60218,172,4,5,sedan,silver,1,no,,Spain
1487,3 Series,2014,2.5,242,diesel,automatic,AWD,162895,6.7,30065,146,4,5,sedan,red,2,,full,Italy
1488,X3,2017,3.2,254,diesel,automatic,RWD,94786,7.7,39142,159,5,5,suv,white,3,no,none,USA
1489,X5,2010,3.3,310,hybrid,automatic,AWD,124794,6,51831,129,5,5,suv,grey,3,no,full,Turkey
1490,i3,2020,0,155,electric,automatic,RWD,30197,0,55108,0,5,4,hatchback,white,1,no,full,Italy
1491,X7,2005,4.4,374,diesel,automatic,AWD,261928,9.2,54103,209,5,5,suv,white,5,,partial,Spain
1492,i3,2022,0,167,electric,automatic,RWD,28237,0,57124,0,5,4,hatchback,blue,0,no,full,Netherlands
1493,5 Series,2023,3,279,diesel,automatic,RWD,15568,8.5,62514,196,4,5,sedan,grey,0,no,full,UK
1494,X1,2018,2.2,216,diesel,automatic,FWD,160393,6.4,32569,140,5,5,suv,white,3,no,full,Spain
1495,7 Series,2007,3.9,287,petrol,automatic,AWD,300000,9.8,49155,221,4,4,sedan,white,5,no,full,Netherlands
1496,X7,2023,3.9,331,petrol,automatic,AWD,7597,10.9,136929,229,5,5,suv,black,0,no,full,UK
1497,5 Series,2021,2.9,234,petrol,automatic,AWD,43106,9.8,54855,206,4,5,sedan,white,1,yes,full,Netherlands
1498,5 Series,2016,3.6,283,diesel,automatic,AWD,199981,9,42277,199,4,5,sedan,red,3,no,full,Turkey
1499,X1,2021,2.3,213,petrol,automatic,AWD,48353,7.9,44865,174,5,5,suv,silver,1,no,full,Netherlands
1500,5 Series,2023,4.2,347,diesel,automatic,AWD,11566,8.6,63815,184,4,5,sedan,black,1,no,full,Turkey
1501,5 Series,2018,4.2,343,hybrid,automatic,AWD,119964,7,48516,157,4,5,sedan,black,1,no,partial,Turkey
1502,X1,2023,2,223,petrol,automatic,FWD,4554,8.5,52570,195,5,5,suv,silver,0,no,full,USA
1503,Z4,2021,2.5,232,petrol,automatic,RWD,32131,9.5,66751,218,2,2,convertible,silver,1,no,partial,UK
1504,5 Series,2012,2,284,hybrid,automatic,RWD,147848,5.1,36790,,4,5,sedan,black,4,no,partial,Spain
1505,X7,2018,3,261,petrol,automatic,AWD,78516,9,110425,182,5,5,suv,blue,3,no,full,France
1506,3 Series,2024,3,315,diesel,automatic,RWD,0,8.1,44835,167,4,5,sedan,silver,0,no,partial,Netherlands
1507,i3,2020,0,148,electric,automatic,RWD,75918,0,53659,0,5,4,hatchback,red,1,no,full,UK
1508,X1,2019,1.9,225,hybrid,automatic,AWD,48460,4.9,43880,120,5,5,suv,blue,4,no,full,Italy
1509,5 Series,2012,2.9,278,petrol,automatic,AWD,245080,8.7,27804,196,4,5,sedan,blue,4,no,none,Germany
1510,X7,2018,3.2,280,hybrid,automatic,AWD,80276,5.8,108555,124,5,5,suv,white,2,no,full,USA
1511,i7,2005,0,520,electric,automatic,AWD,150424,0,81915,0,4,5,sedan,white,3,yes,partial,Germany
1512,i7,2021,0,369,electric,automatic,AWD,16153,0,128566,0,4,5,sedan,red,1,yes,full,Turkey
1513,Z4,2024,2.2,221,petrol,automatic,RWD,0,8.3,74459,195,2,2,convertible,,1,no,full,Netherlands
1514,5 Series,2014,2.8,294,hybrid,automatic,RWD,175758,5.6,44582,137,4,5,sedan,grey,3,no,full,USA
1515,1 Series,2021,2,150,petrol,automatic,RWD,57082,7.3,23562,149,3,4,hatchback,blue,0,no,partial,Germany
1516,X3,2024,2.5,261,petrol,automatic,RWD,0,8.5,72252,208,5,5,suv,grey,0,no,full,UK
1517,5 Series,2020,3.1,270,diesel,automatic,AWD,58994,7.2,65923,167,4,5,sedan,white,1,no,,USA
1518,1 Series,2016,1.8,136,hybrid,automatic,FWD,164854,4.7,12354,112,3,4,hatchback,blue,3,no,partial,UK
1519,X7,2005,,300,diesel,automatic,AWD,300000,9.5,58479,210,5,5,suv,blue,4,no,partial,Italy
1520,X5,2008,4.3,363,hybrid,automatic,AWD,72145,6.6,51657,151,5,5,suv,silver,3,no,partial,Spain
1521,3 Series,2017,2.1,241,petrol,automatic,RWD,113686,8.8,34547,218,4,5,sedan,silver,1,no,full,USA
1522,5 Series,2024,2.5,253,diesel,automatic,RWD,0,7.5,61395,165,4,5,sedan,blue,0,yes,full,USA
1523,X1,2005,2.4,241,petrol,automatic,FWD,300000,7.9,11516,203,5,5,suv,black,4,yes,partial,Turkey
1524,X3,2019,3,256,diesel,automatic,AWD,61175,8.4,58002,203,5,5,suv,white,2,no,full,Germany
1525,3 Series,2024,2.3,196,diesel,manual,RWD,0,6.2,47289,127,4,5,sedan,black,0,no,full,Netherlands
1526,X3,2020,2.9,223,hybrid,automatic,RWD,60813,5.4,52589,122,5,5,suv,white,1,no,full,Spain
1527,X5,2022,,354,hybrid,automatic,AWD,23044,7.5,91639,151,5,5,suv,black,1,no,partial,USA
1528,X7,2016,3.1,294,petrol,automatic,AWD,191021,9.2,71130,195,5,5,suv,grey,3,no,none,France
1529,3 Series,2011,3.5,352,hybrid,automatic,AWD,258864,6.5,18921,157,4,5,sedan,black,5,no,,Germany
1530,X1,2020,,149,hybrid,automatic,FWD,26079,4.8,45595,105,5,5,suv,red,1,no,full,USA
1531,1 Series,2014,2.7,307,petrol,automatic,FWD,212811,10.1,15303,231,5,5,hatchback,white,2,yes,full,Italy
1532,3 Series,2020,3.2,287,diesel,automatic,RWD,67277,8,35691,181,4,5,sedan,red,0,yes,full,Italy
1533,X3,2022,3.4,282,petrol,automatic,RWD,16782,9.5,65917,212,5,5,suv,white,1,no,full,Spain
1534,X3,2009,2.6,260,petrol,automatic,RWD,145064,8.5,30598,198,5,5,suv,silver,3,no,none,Spain
1535,3 Series,2018,3.1,218,diesel,automatic,AWD,124314,7.9,27323,162,4,5,sedan,white,1,no,none,Italy
1536,7 Series,2020,5,371,diesel,automatic,RWD,66173,10.7,93214,250,4,5,sedan,black,0,yes,partial,France
1537,Z4,2014,2.8,214,petrol,automatic,RWD,222108,9.3,29150,218,2,2,convertible,blue,4,yes,none,Spain
1538,5 Series,2014,2.7,264,hybrid,automatic,RWD,134541,5.3,44710,102,4,5,sedan,silver,2,no,full,Spain
1539,5 Series,2010,2.3,248,diesel,automatic,RWD,233013,6.5,30484,144,4,5,sedan,red,3,no,partial,Netherlands
1540,3 Series,2022,3,234,hybrid,automatic,AWD,33767,5.6,47116,114,4,5,sedan,blue,0,no,full,Netherlands
1541,i7,2007,0,439,electric,automatic,RWD,221619,0,76348,0,4,5,sedan,black,4,yes,none,Netherlands
1542,X3,2014,2.7,216,diesel,automatic,AWD,63480,6.6,38949,154,5,5,suv,,,yes,full,Italy
1543,Z4,2019,2.5,278,petrol,automatic,RWD,46785,9,54052,199,2,2,convertible,white,1,yes,partial,Germany
1544,i3,2010,0,133,electric,automatic,RWD,275047,0,18263,0,5,4,hatchback,black,3,yes,partial,Netherlands
1545,X1,2024,1.7,180,hybrid,automatic,AWD,0,4.5,53251,93,5,5,suv,black,0,no,full,Netherlands
1546,Z4,2014,2.7,223,petrol,automatic,RWD,185554,8.4,38582,171,2,2,convertible,silver,1,yes,full,Spain
1547,i7,2017,0,308,electric,automatic,AWD,157128,0,137913,0,4,4,sedan,silver,1,no,full,Germany
1548,3 Series,2016,2.9,277,diesel,automatic,RWD,156063,7.2,27644,167,4,5,sedan,white,3,no,partial,Netherlands
1549,3 Series,2005,3.4,333,petrol,manual,AWD,143298,9,21025,209,4,5,sedan,black,2,yes,partial,USA
1550,3 Series,2018,2.6,210,diesel,manual,RWD,89200,7.3,35106,166,4,5,sedan,silver,2,no,full,Germany
1551,X1,2008,2.1,217,diesel,automatic,AWD,300000,7,16078,152,5,5,suv,red,5,no,full,Germany
1552,X7,2018,4.4,435,petrol,automatic,AWD,96764,12.8,111104,279,5,5,suv,silver,2,no,full,Spain
1553,X1,2017,2.2,282,hybrid,automatic,FWD,86179,5.5,33359,135,5,5,suv,grey,2,no,none,Turkey
1554,X1,2022,2.3,169,diesel,automatic,FWD,33706,7.3,45678,129,5,5,suv,silver,2,no,full,USA
1555,X5,2024,3.6,385,diesel,automatic,AWD,0,9.9,94974,221,5,5,suv,silver,1,no,full,Germany
1556,X7,2013,4.4,342,diesel,automatic,AWD,140929,10.2,69786,235,5,5,suv,grey,3,yes,partial,Germany
1557,1 Series,2014,2,239,petrol,automatic,FWD,131985,7.3,19359,159,3,4,hatchback,black,1,no,full,Spain
1558,X7,2020,3.6,349,hybrid,automatic,AWD,43410,6.5,105975,136,5,5,suv,black,1,no,full,France
1559,i3,2017,0,196,electric,automatic,RWD,138939,0,41908,0,5,4,hatchback,blue,2,no,full,Italy
1560,X3,2018,2.2,214,diesel,automatic,AWD,40541,6.8,55493,141,5,5,suv,black,2,no,full,USA
1561,3 Series,2016,1.8,255,petrol,automatic,AWD,117860,7.9,33261,190,4,5,sedan,silver,1,no,partial,Germany
1562,5 Series,2011,3.6,377,diesel,automatic,AWD,253318,9.5,38328,214,4,5,sedan,silver,5,no,partial,Turkey
1563,X3,2016,2.2,222,diesel,automatic,AWD,89801,6.8,49376,141,5,5,suv,black,2,no,partial,Italy
1564,X5,2005,3.1,268,diesel,automatic,AWD,300000,8,23951,181,5,5,suv,black,4,yes,partial,Spain
1565,3 Series,2016,1.6,181,petrol,automatic,AWD,162193,8.1,27041,186,4,5,sedan,silver,1,no,full,Italy
1566,1 Series,2014,1.9,169,diesel,manual,FWD,182464,6.1,12200,133,3,5,hatchback,silver,3,no,partial,UK
1567,3 Series,2016,2,268,petrol,automatic,AWD,37942,8.1,35123,183,4,5,sedan,red,2,no,full,UK
1568,3 Series,2012,1.8,194,hybrid,automatic,RWD,209550,4.8,20438,112,4,5,sedan,black,2,no,full,USA
1569,X7,2010,3.8,349,diesel,automatic,AWD,158305,9.5,73198,191,5,5,suv,white,5,yes,full,Netherlands
1570,X1,2023,2.2,154,petrol,automatic,AWD,16167,7.3,49592,169,5,5,suv,red,0,no,full,UK
1571,X7,2014,4.4,401,diesel,automatic,AWD,123737,9.7,90414,207,5,5,suv,silver,1,no,partial,Spain
1572,i4,2014,0,304,electric,automatic,RWD,169644,0,43396,0,4,5,coupe,red,2,yes,partial,Italy
1573,i3,2010,0,209,electric,automatic,RWD,106075,0,29366,0,5,4,hatchback,black,3,no,partial,Netherlands
1574,5 Series,2017,3.2,358,petrol,automatic,AWD,132981,10.2,48771,238,4,5,sedan,red,1,no,none,Netherlands
1575,1 Series,2009,2.7,215,hybrid,automatic,RWD,172110,5.8,10618,115,5,5,hatchback,grey,4,no,partial,UK
1576,1 Series,2022,2,235,diesel,automatic,FWD,23952,6.7,32924,152,5,4,hatchback,,1,no,full,Germany
1577,i3,2022,0,217,electric,automatic,RWD,41709,0,59126,0,5,4,hatchback,silver,0,no,full,Turkey
1578,i4,2010,0,459,electric,automatic,AWD,137128,0,42332,0,4,5,coupe,black,4,yes,partial,Netherlands
1579,i7,2017,0,493,electric,automatic,AWD,39436,0,141547,0,4,5,sedan,,1,no,partial,Germany
1580,X3,2021,2.7,280,petrol,automatic,RWD,37300,9.3,67726,185,5,5,suv,white,0,no,full,France
1581,Z4,2024,3,295,petrol,automatic,RWD,0,9.7,73802,203,2,2,convertible,red,0,no,full,Turkey
1582,3 Series,2022,3.1,300,diesel,automatic,AWD,42713,6.7,47502,144,4,5,sedan,red,1,no,full,France
1583,7 Series,2007,0,424,electric,automatic,RWD,165703,0,47382,0,4,4,sedan,black,3,yes,none,Italy
1584,7 Series,2017,4.3,345,hybrid,automatic,RWD,109503,6.6,85666,150,4,4,sedan,black,1,no,partial,UK
1585,7 Series,2015,4.5,377,diesel,automatic,AWD,225278,9.4,72882,197,4,5,sedan,,2,no,partial,USA
1586,7 Series,2013,4,391,petrol,automatic,RWD,213704,11,62191,237,4,5,sedan,silver,2,yes,partial,Germany
1587,3 Series,2012,2.6,233,petrol,manual,RWD,140888,8.7,20504,195,4,5,sedan,black,3,yes,full,Spain
1588,i3,2020,0,138,electric,automatic,RWD,42997,0,50063,0,5,4,hatchback,white,1,no,full,Netherlands
1589,3 Series,2012,2.2,189,petrol,manual,AWD,131571,8,21602,192,4,5,sedan,black,,no,none,Netherlands
1590,X1,2024,1.7,211,petrol,automatic,AWD,0,6.5,51055,141,5,5,suv,silver,1,no,full,Spain
1591,X3,2007,2.4,224,petrol,automatic,RWD,300000,8.7,23064,193,5,5,suv,grey,5,no,full,Netherlands
1592,5 Series,2024,4.1,371,hybrid,automatic,RWD,0,6.5,77309,143,4,5,sedan,black,0,no,full,Germany
1593,7 Series,2010,4.9,466,hybrid,automatic,AWD,168640,8,61134,180,4,5,sedan,black,5,no,partial,Spain
1594,5 Series,2024,2.1,229,petrol,automatic,RWD,6018,7.1,67492,148,4,5,sedan,silver,0,no,full,Spain
1595,5 Series,2023,3.5,268,diesel,automatic,AWD,0,8.5,60426,184,4,5,sedan,white,0,no,partial,Turkey
1596,X1,2024,1.8,243,diesel,automatic,AWD,753,6.6,54894,162,5,5,suv,white,0,no,full,France
1597,X5,2024,3.3,284,diesel,automatic,AWD,0,8.6,98106,199,5,5,suv,white,0,no,full,UK
1598,3 Series,2020,3.1,394,diesel,manual,RWD,60788,8.4,49082,187,4,5,sedan,silver,0,no,full,Netherlands
1599,5 Series,2022,2.8,248,diesel,automatic,RWD,28495,7.5,61531,170,4,5,sedan,silver,1,no,full,Spain
1600,3 Series,2024,2.4,252,diesel,manual,RWD,3597,6.7,48678,166,4,5,sedan,white,0,no,full,UK
1601,1 Series,2005,,244,hybrid,automatic,FWD,300000,5,3810,114,5,4,hatchback,silver,2,no,partial,Spain
1602,3 Series,2012,3.5,264,hybrid,automatic,RWD,156958,5.9,23304,126,4,5,sedan,red,5,no,partial,Germany
1603,X3,2015,2.6,240,diesel,automatic,AWD,114948,7.4,46143,169,5,5,suv,silver,1,no,partial,Italy
1604,5 Series,2022,4,344,petrol,automatic,RWD,37196,11.1,73323,240,4,5,sedan,black,1,no,full,Netherlands
1605,1 Series,2013,1.8,154,diesel,automatic,FWD,107159,6.2,18828,145,3,4,hatchback,grey,2,no,full,USA
1606,X3,2020,2.4,264,diesel,automatic,AWD,37567,6.7,52163,137,5,5,suv,grey,1,yes,full,Spain
1607,X1,2020,1.5,176,petrol,automatic,AWD,75560,,39938,126,5,5,suv,black,1,no,full,Turkey
1608,X3,2024,3,268,diesel,automatic,RWD,0,7.8,67729,173,5,5,suv,grey,0,no,full,Netherlands
1609,1 Series,2021,1.9,161,petrol,automatic,FWD,39740,8.2,28370,185,5,5,hatchback,red,1,no,full,Netherlands
1610,7 Series,2021,3.2,346,hybrid,automatic,RWD,48634,5.4,105007,107,4,4,sedan,white,1,,full,Turkey
1611,5 Series,2015,2.5,246,diesel,automatic,AWD,211317,7.2,37950,153,4,5,sedan,black,3,no,full,Turkey
1612,3 Series,2014,,313,petrol,automatic,RWD,153050,10.1,29878,214,4,5,sedan,silver,1,no,full,Turkey
1613,i3,2020,0,162,electric,automatic,RWD,71171,0,54647,0,5,4,hatchback,blue,1,no,full,Spain
1614,X1,2008,2.1,223,petrol,automatic,AWD,159490,8.6,21249,185,5,5,suv,red,2,yes,partial,Spain
1615,3 Series,2012,2.7,216,diesel,manual,AWD,260971,6.7,17750,143,4,5,sedan,blue,3,no,none,Italy
1616,X1,2019,1.8,221,hybrid,automatic,FWD,44985,4.5,35324,85,5,5,suv,white,,yes,full,Spain
1617,7 Series,2022,3.8,295,petrol,automatic,RWD,15202,10.4,84613,215,4,4,sedan,white,2,yes,partial,USA
1618,5 Series,2014,2.8,299,hybrid,automatic,RWD,223644,6.3,31948,144,4,5,sedan,blue,1,no,partial,Spain
1619,X5,2021,3.1,250,diesel,automatic,AWD,34438,7.3,86998,149,5,5,suv,silver,0,no,full,Spain
1620,i4,2011,0,240,electric,automatic,AWD,206603,0,34231,0,4,5,coupe,black,4,yes,partial,UK
1621,5 Series,2021,3.1,249,diesel,automatic,AWD,46626,7.8,64195,193,4,5,sedan,black,2,no,full,Germany
1622,3 Series,2009,3,222,hybrid,manual,RWD,200211,5.7,20527,116,4,5,sedan,white,4,no,full,UK
1623,1 Series,2022,1.5,168,diesel,automatic,FWD,20667,6.2,27104,125,3,4,hatchback,white,2,no,full,UK
1624,X3,2023,2.8,260,diesel,automatic,AWD,20611,7.6,62621,162,5,5,suv,white,0,no,full,Spain
1625,X3,2017,2.7,284,petrol,automatic,AWD,110886,9.7,47290,207,5,5,suv,grey,3,yes,full,Netherlands
1626,1 Series,2018,1.8,166,hybrid,automatic,FWD,79960,4.8,19837,104,3,4,hatchback,blue,3,no,full,Spain
1627,X7,2024,3.4,284,petrol,automatic,AWD,0,9.3,124684,204,5,5,suv,silver,0,yes,full,USA
1628,X5,2023,3.8,306,petrol,automatic,AWD,0,9.7,99044,209,5,5,suv,black,0,no,full,Spain
1629,i4,2006,0,240,electric,automatic,AWD,156772,0,42565,,4,5,coupe,black,2,no,full,UK
1630,X3,2014,2.2,154,hybrid,automatic,RWD,137507,4.4,40784,85,5,5,suv,black,1,no,full,France
1631,3 Series,2019,2.1,201,diesel,automatic,RWD,77469,7.6,36973,169,4,5,sedan,blue,2,no,full,Italy
1632,1 Series,2014,2.4,214,hybrid,manual,FWD,202968,5,17208,116,5,5,hatchback,red,1,no,full,Turkey
1633,7 Series,2022,3.4,253,petrol,automatic,AWD,30258,9.3,108258,206,4,5,sedan,red,0,no,full,Germany
1634,3 Series,2007,1.9,203,diesel,automatic,AWD,296566,6.2,8375,138,4,5,sedan,white,3,yes,partial,Turkey
1635,5 Series,2012,3.2,284,diesel,automatic,RWD,130725,8.5,33736,197,4,5,sedan,red,3,yes,partial,Italy
1636,3 Series,2023,1.6,161,petrol,manual,RWD,12800,6.5,43001,147,4,5,sedan,silver,0,no,full,Netherlands
1637,i7,2024,0,555,electric,automatic,RWD,0,0,196473,0,4,5,sedan,white,0,no,partial,Germany
1638,3 Series,2021,3.5,306,petrol,manual,RWD,28519,10.2,38580,215,4,5,sedan,red,1,yes,partial,USA
1639,7 Series,2014,0,346,electric,automatic,AWD,141012,0,71227,0,4,4,sedan,,3,no,none,France
1640,5 Series,2023,2,205,petrol,automatic,RWD,3713,7.5,62288,167,4,5,sedan,white,0,no,partial,Germany
1641,5 Series,2019,3.3,305,petrol,automatic,RWD,101892,10.6,53761,233,4,5,sedan,white,2,no,partial,USA
1642,3 Series,2021,1.7,195,diesel,manual,RWD,48704,5.9,39977,125,4,5,sedan,black,1,no,,UK
1643,5 Series,2017,3.7,359,petrol,automatic,RWD,114404,9.9,43678,224,4,5,sedan,grey,2,yes,partial,Germany
1644,1 Series,2015,1.8,142,petrol,automatic,FWD,148186,7,15403,147,5,4,hatchback,black,1,no,full,Netherlands
1645,X7,2020,4.3,338,petrol,automatic,AWD,55723,10.7,112914,237,5,5,suv,black,1,no,partial,USA
1646,X1,2017,2.1,217,petrol,automatic,AWD,64522,7.5,37252,184,5,5,suv,white,2,no,full,Spain
1647,X7,2021,3.5,311,petrol,automatic,AWD,53321,10,118416,203,5,5,suv,,1,no,full,Netherlands
1648,X3,2023,2.5,273,petrol,automatic,RWD,17681,10.2,63482,238,5,5,suv,white,1,no,full,Spain
1649,X3,2016,3.3,280,diesel,automatic,RWD,98935,8.5,51917,172,5,5,suv,white,1,no,full,Germany
1650,5 Series,2005,4,326,hybrid,automatic,AWD,258411,6.9,23824,150,4,5,sedan,red,2,yes,full,France
1651,5 Series,2024,4,335,diesel,automatic,AWD,4822,9.3,79606,204,4,5,sedan,black,1,no,full,Germany
1652,X3,2007,3.4,307,petrol,automatic,AWD,241877,10.2,20227,223,5,5,suv,black,2,yes,none,France
1653,i3,2021,0,150,electric,automatic,RWD,50368,0,50934,0,5,4,hatchback,black,2,no,partial,UK
1654,Z4,2023,2.2,252,petrol,automatic,RWD,0,8.1,73497,164,2,2,convertible,white,1,no,full,France
1655,5 Series,2014,4.1,300,diesel,automatic,RWD,186161,8.9,44365,192,4,5,sedan,silver,2,no,full,France
1656,3 Series,2013,2.5,241,hybrid,automatic,AWD,210933,4.9,18893,93,4,5,sedan,white,2,yes,full,Turkey
1657,X1,2009,2.4,202,hybrid,automatic,FWD,231043,,20562,105,5,5,suv,blue,2,no,partial,USA
1658,X3,2013,3,190,diesel,automatic,RWD,229556,8.2,31892,186,5,5,suv,silver,,no,none,Italy
1659,5 Series,2020,3.5,343,diesel,automatic,AWD,71019,9,63278,208,4,5,sedan,red,0,no,partial,Spain
1660,X1,2024,1.9,146,diesel,automatic,FWD,0,6.4,49080,150,5,5,suv,black,0,no,full,Turkey
1661,1 Series,2008,2.7,253,hybrid,automatic,FWD,195847,5,15073,130,5,5,hatchback,black,,no,full,Spain
1662,X1,2021,2.5,187,hybrid,automatic,FWD,33583,4.8,44880,96,5,5,suv,grey,1,no,full,USA
1663,5 Series,2020,3.4,327,petrol,automatic,RWD,54141,9,50745,197,4,5,sedan,black,2,yes,full,Netherlands
1664,1 Series,2019,1.5,140,diesel,automatic,RWD,65295,6,24457,128,3,4,hatchback,white,1,no,full,Netherlands
1665,i4,2011,0,235,electric,automatic,AWD,137339,0,39596,0,4,5,coupe,red,4,yes,full,USA
1666,X7,2008,3.6,304,diesel,automatic,AWD,300000,8.4,56880,185,5,5,suv,black,4,no,partial,UK
1667,X3,2023,2.4,243,petrol,automatic,AWD,27300,8.3,62592,177,5,5,suv,blue,0,no,full,Turkey
1668,1 Series,2019,2.3,233,diesel,automatic,RWD,104946,7.6,22385,174,5,4,hatchback,silver,4,no,full,France
1669,3 Series,2019,3.5,344,diesel,automatic,RWD,40199,9.5,38403,206,4,5,sedan,black,1,yes,partial,Turkey
1670,X1,2016,1.5,185,diesel,automatic,AWD,101724,,34075,127,5,5,suv,red,1,no,full,Germany
1671,X5,2023,4.3,356,diesel,automatic,AWD,2146,9.6,89079,224,5,5,suv,white,0,no,full,Spain
1672,5 Series,2018,4,350,petrol,automatic,RWD,81550,10.6,51263,234,4,5,sedan,,1,no,none,Netherlands
1673,X7,2009,3.6,318,diesel,automatic,AWD,244914,8.2,62172,165,5,5,suv,black,2,no,partial,Italy
1674,X5,2012,4.1,363,hybrid,automatic,AWD,238549,6.7,53637,142,5,5,suv,white,2,no,full,Turkey
1675,3 Series,2014,2.7,268,petrol,automatic,RWD,124890,9,35801,197,4,5,sedan,white,2,no,full,Netherlands
1676,X1,2005,1.6,146,diesel,automatic,FWD,300000,6.5,6237,139,5,5,suv,silver,4,yes,none,Italy
1677,3 Series,2023,3,226,diesel,automatic,RWD,4002,7.8,43070,160,4,5,sedan,blue,1,no,full,UK
1678,3 Series,2019,3.2,299,diesel,automatic,RWD,69531,8.4,33067,195,4,5,sedan,,1,yes,none,UK
1679,X1,2017,2,165,hybrid,automatic,FWD,27535,4.4,31027,98,5,5,suv,white,1,no,none,Spain
1680,X1,2013,2.3,158,hybrid,automatic,FWD,105684,5.5,26520,130,5,5,suv,grey,2,no,partial,Spain
1681,X3,2013,3.2,305,petrol,automatic,RWD,181243,10.1,39211,215,5,5,suv,blue,4,yes,full,USA
1682,X5,2014,3,277,hybrid,automatic,AWD,193472,5.1,56770,125,5,5,suv,white,,no,full,Spain
1683,5 Series,2017,2.9,310,diesel,,RWD,84585,7.5,47621,178,4,5,sedan,blue,2,no,none,Spain
1684,X1,2014,1.5,182,diesel,automatic,AWD,118433,6.8,27442,150,5,5,suv,red,3,no,none,UK
1685,X1,2018,2.1,161,diesel,automatic,FWD,85914,7.3,29068,149,5,5,suv,white,,yes,partial,Italy
1686,1 Series,2005,2.3,158,hybrid,automatic,RWD,97296,4.8,11328,97,5,5,hatchback,silver,3,no,full,Germany
1687,X1,2019,1.9,191,diesel,automatic,FWD,78465,6.3,38793,133,5,5,suv,black,2,no,full,France
1688,X3,2013,3.4,306,diesel,automatic,RWD,152299,8.5,41680,198,5,5,suv,silver,4,no,none,France
1689,i4,2024,0,285,electric,automatic,RWD,14229,0,86692,0,4,5,coupe,white,0,no,full,Netherlands
1690,X3,2021,2.6,240,hybrid,automatic,AWD,59052,5.4,59643,124,5,5,suv,silver,1,no,partial,Germany
1691,5 Series,2023,3.9,369,hybrid,automatic,RWD,28887,6.2,68437,133,4,5,sedan,white,0,no,full,Spain
1692,X3,2016,2.3,205,diesel,automatic,RWD,148089,,43699,,5,5,suv,black,3,no,full,Spain
1693,X5,2017,4.1,388,hybrid,automatic,AWD,148553,6.8,72124,151,5,5,suv,white,3,no,partial,USA
1694,Z4,2015,2.6,254,petrol,automatic,RWD,112036,8.7,51239,178,2,2,convertible,grey,2,no,full,France
1695,5 Series,2023,2.5,264,petrol,automatic,AWD,0,9.1,66468,201,4,5,sedan,blue,0,no,partial,Netherlands
1696,i7,2019,0,460,electric,automatic,RWD,96593,0,138767,0,4,5,sedan,silver,2,no,full,Turkey
1697,i3,2008,0,222,electric,automatic,RWD,201666,0,25335,0,5,4,hatchback,blue,5,no,partial,Germany
1698,X3,2021,3.1,290,hybrid,automatic,AWD,31648,5.9,60324,134,5,5,suv,black,0,no,full,Spain
1699,X3,2011,2.8,274,diesel,automatic,RWD,275530,7.2,31794,165,5,5,suv,silver,2,no,partial,Germany
1700,X7,2008,3.7,374,petrol,automatic,AWD,225452,10.9,61104,237,5,5,suv,black,4,no,partial,Spain
1701,1 Series,2006,2.9,256,petrol,automatic,FWD,245584,9.1,9757,207,5,4,hatchback,black,3,no,partial,Germany
1702,3 Series,2022,1.8,138,hybrid,automatic,AWD,24857,5.1,39665,97,4,5,sedan,black,1,no,full,Spain
1703,5 Series,2024,2.9,296,diesel,automatic,RWD,0,8.8,60943,184,4,5,sedan,black,0,no,none,USA
1704,5 Series,2022,3.8,370,petrol,automatic,AWD,62948,9.6,60326,221,4,5,sedan,black,1,no,full,Netherlands
1705,i7,2021,0,478,electric,automatic,RWD,4669,0,183873,0,4,4,sedan,blue,1,no,full,Turkey
1706,X3,2007,2.4,279,hybrid,automatic,RWD,234664,4.8,23104,85,5,5,suv,silver,4,no,partial,Turkey
1707,3 Series,2013,3.3,307,hybrid,manual,AWD,139641,6.5,24189,150,4,5,sedan,black,3,yes,full,Turkey
1708,Z4,2020,2.2,227,petrol,automatic,RWD,79328,7.6,60451,174,2,2,convertible,black,0,no,full,USA
1709,7 Series,2016,0,372,electric,automatic,AWD,147080,0,82739,0,4,4,sedan,silver,,,partial,Spain
1710,X5,2024,4.3,291,diesel,automatic,AWD,0,9.4,96154,196,5,5,suv,black,0,no,partial,France
1711,3 Series,2012,2.5,260,petrol,automatic,AWD,220975,8.2,19601,200,4,5,sedan,,3,no,partial,USA
1712,i3,2021,0,205,electric,automatic,RWD,43853,0,48178,0,5,4,hatchback,black,1,yes,full,France
1713,Z4,2014,2.9,260,petrol,automatic,RWD,144507,9.2,41389,206,2,2,convertible,blue,2,,partial,Spain
1714,X1,2009,1.7,159,hybrid,automatic,FWD,300000,4.4,10160,107,5,5,suv,black,3,no,none,France
1715,3 Series,2024,3.1,340,petrol,automatic,AWD,5211,8.8,53116,193,4,5,sedan,white,0,no,full,Spain
1716,X1,2022,2.2,157,hybrid,automatic,FWD,46829,4.4,45312,89,5,5,suv,grey,1,no,full,Germany
1717,i3,2018,0,204,electric,automatic,RWD,107789,0,39508,0,5,4,hatchback,black,4,no,partial,Turkey
1718,i4,2010,0,448,electric,automatic,RWD,208583,0,44462,0,4,5,coupe,silver,5,yes,full,UK
1719,X1,2022,2,248,diesel,automatic,AWD,43236,7.7,42665,174,5,5,suv,red,1,no,full,Turkey
1720,X1,2018,2,186,diesel,automatic,FWD,78073,6.6,35461,138,5,5,suv,black,1,yes,full,France
1721,7 Series,2024,3.4,304,petrol,automatic,RWD,0,9.4,111824,194,4,4,sedan,silver,0,no,full,France
1722,X5,2017,3.9,338,hybrid,automatic,AWD,89790,6.2,73629,145,5,5,suv,blue,2,no,full,France
1723,7 Series,2022,3.6,355,petrol,automatic,RWD,8937,11.5,101879,249,4,4,sedan,blue,1,,partial,USA
1724,X7,2024,3.6,326,diesel,automatic,AWD,0,9,133975,201,5,5,suv,white,0,no,full,Germany
1725,X3,2021,2.6,227,petrol,automatic,RWD,47322,8.2,62066,164,5,5,suv,white,2,no,full,Spain
1726,3 Series,2023,3.1,304,hybrid,automatic,AWD,15022,6.5,41524,132,4,5,sedan,black,,no,partial,Spain
1727,X3,2013,3.2,291,petrol,automatic,RWD,265070,9.2,37555,213,5,5,suv,blue,2,no,full,Spain
1728,X1,2009,1.7,205,diesel,automatic,FWD,177476,6,20568,124,5,5,suv,black,5,no,partial,USA
1729,3 Series,2016,3.5,314,diesel,automatic,RWD,86142,8.6,36616,187,4,5,sedan,grey,1,no,full,Italy
1730,X1,2024,2.4,195,hybrid,automatic,FWD,0,,45729,117,5,5,suv,black,0,no,full,Turkey
1731,i4,2018,0,377,electric,automatic,AWD,61523,0,65234,0,4,5,coupe,,1,no,partial,Germany
1732,5 Series,2015,4.4,401,petrol,automatic,RWD,111263,11.4,45619,,4,5,sedan,white,2,no,partial,France
1733,X5,2012,3.1,341,hybrid,automatic,AWD,130375,5.7,54083,120,5,5,suv,white,5,no,partial,UK
1734,X1,2010,2.2,183,hybrid,automatic,AWD,210354,5.7,18204,114,5,5,suv,red,2,no,none,UK
1735,1 Series,2017,2.9,252,hybrid,automatic,FWD,87865,5.6,23044,121,5,4,hatchback,blue,2,no,full,Spain
1736,1 Series,2017,1.7,131,hybrid,automatic,RWD,109234,3.9,18516,87,3,5,hatchback,grey,3,no,partial,UK
1737,X1,2013,1.7,131,hybrid,automatic,FWD,160458,3.5,22451,61,5,5,suv,black,3,no,full,Spain
1738,1 Series,2019,2.2,207,hybrid,automatic,RWD,76837,5,25486,103,5,4,hatchback,grey,2,no,partial,USA
1739,7 Series,2012,3.3,316,diesel,automatic,RWD,222664,8.4,62878,202,4,4,sedan,white,3,no,partial,Turkey
1740,i7,2018,0,397,electric,automatic,AWD,114447,0,112088,0,4,5,sedan,black,1,no,none,France
1741,i3,2024,0,181,electric,automatic,RWD,23599,0,61312,0,5,4,hatchback,silver,0,no,full,Netherlands
1742,X3,2012,3.4,237,diesel,automatic,AWD,280835,8.9,28330,188,5,5,suv,silver,5,yes,partial,France
1743,i4,2019,0,232,electric,automatic,AWD,64443,0,77114,0,4,5,coupe,silver,1,no,full,Germany
1744,3 Series,2010,2,236,hybrid,automatic,RWD,228307,4.6,14748,120,4,5,sedan,white,2,no,partial,Spain
1745,X3,2017,2.1,149,hybrid,automatic,AWD,162655,,38272,113,5,5,suv,black,1,no,partial,Spain
1746,5 Series,2017,2.2,197,petrol,automatic,RWD,86417,8.5,41044,186,4,5,sedan,black,1,,full,France
1747,i3,2024,0,199,electric,automatic,RWD,15199,0,68152,0,5,4,hatchback,black,0,no,full,Netherlands
1748,1 Series,2020,2.9,240,diesel,manual,RWD,100852,7.9,25325,,3,5,hatchback,white,1,no,partial,UK
1749,X7,2015,4.3,321,hybrid,automatic,AWD,95343,6.9,87954,164,5,5,suv,white,2,yes,full,Spain
1750,X7,2021,3.2,334,diesel,automatic,AWD,30092,8,129230,165,5,5,suv,grey,1,no,full,Netherlands
1751,5 Series,2017,4.1,297,diesel,automatic,RWD,144458,9.7,33016,214,4,5,sedan,white,3,yes,none,Turkey
1752,X5,2020,3.1,308,hybrid,automatic,AWD,60908,5.9,88538,123,5,5,suv,black,0,no,full,Italy
1753,7 Series,2009,0,456,electric,automatic,AWD,150872,0,65744,0,4,4,sedan,black,3,no,,Spain
1754,3 Series,2020,2.4,183,petrol,automatic,RWD,88478,8.4,37311,187,4,5,sedan,white,1,no,partial,UK
1755,1 Series,2023,2.6,252,petrol,automatic,RWD,13460,8.5,33221,204,3,4,hatchback,red,0,no,full,UK
1756,3 Series,2012,2.3,214,diesel,automatic,RWD,242657,7.8,14386,175,4,5,sedan,white,5,no,full,Turkey
1757,X7,2018,3.7,395,petrol,automatic,AWD,169358,10.2,98997,225,5,5,suv,grey,2,no,full,Turkey
1758,3 Series,2017,1.7,142,diesel,automatic,AWD,112736,6.8,24052,150,4,5,sedan,red,1,no,partial,Turkey
1759,3 Series,2019,3.2,272,hybrid,automatic,AWD,94433,6.3,34762,138,4,5,sedan,silver,3,no,full,Spain
1760,1 Series,2021,2.5,266,diesel,automatic,FWD,57457,7.8,29462,183,3,5,hatchback,black,1,no,full,France
1761,X7,2023,4.3,334,hybrid,automatic,AWD,12981,6.6,114328,145,5,5,suv,grey,0,no,full,Spain
1762,3 Series,2015,1.9,230,diesel,automatic,AWD,118743,6.9,27939,,4,5,sedan,white,1,no,partial,USA
1763,1 Series,2010,1.8,152,hybrid,automatic,RWD,200172,4.6,5297,99,3,4,hatchback,red,4,yes,partial,France
1764,3 Series,2023,3.2,252,hybrid,automatic,RWD,5493,5.2,44427,110,4,5,sedan,red,1,,,France
1765,5 Series,2017,3.8,364,hybrid,automatic,AWD,145896,6.6,50551,135,4,5,sedan,white,2,no,partial,UK
1766,X3,2021,3.1,260,diesel,automatic,AWD,42188,8.2,45216,161,5,5,suv,white,1,no,none,Spain
1767,X7,2008,4.3,339,diesel,automatic,AWD,273615,9.5,50166,206,5,5,suv,white,3,yes,none,Germany
1768,i7,2011,0,345,electric,automatic,AWD,269859,0,75288,0,4,5,sedan,blue,3,yes,full,France
1769,1 Series,2010,2.3,237,petrol,manual,RWD,191961,8.5,11044,177,5,4,hatchback,black,3,yes,full,Germany
1770,i7,2006,0,486,electric,automatic,AWD,149827,0,92213,0,4,5,sedan,red,3,no,full,USA
1771,X3,2024,2.2,200,hybrid,automatic,AWD,0,5.1,69994,120,5,5,suv,silver,0,no,full,Italy
1772,5 Series,2022,3.5,359,hybrid,automatic,AWD,43740,6.8,59730,146,4,5,sedan,blue,1,yes,full,France
1773,X3,2022,2.9,264,hybrid,automatic,AWD,43916,5.5,56298,112,5,5,suv,white,2,no,full,Spain
1774,Z4,2023,2.9,238,petrol,automatic,RWD,38922,9.7,63549,222,2,2,convertible,black,0,no,partial,UK
1775,i7,2018,0,355,electric,automatic,RWD,128977,0,133956,0,4,5,sedan,white,1,no,partial,Germany
1776,5 Series,2015,3.1,241,petrol,automatic,AWD,131731,9.7,37925,221,4,5,sedan,white,2,no,none,France
1777,X7,2022,4.1,387,hybrid,automatic,AWD,15552,6.8,122635,140,5,5,suv,black,1,no,partial,Germany
1778,X3,2007,3.1,319,petrol,automatic,RWD,300000,8,28576,176,5,5,suv,white,5,no,partial,Turkey
1779,5 Series,2018,3.2,306,petrol,automatic,AWD,126155,9.6,54119,210,4,5,sedan,blue,2,no,full,Netherlands
1780,X1,2016,2.3,202,hybrid,automatic,AWD,80030,5.2,40541,106,5,5,suv,silver,2,no,full,USA
1781,1 Series,2022,2.4,252,petrol,automatic,RWD,29141,8.5,31632,179,5,4,hatchback,black,,no,full,USA
1782,7 Series,2011,4.1,341,petrol,automatic,RWD,247411,9.6,52082,220,4,4,sedan,silver,4,yes,none,Spain
1783,X5,2021,3.8,289,hybrid,automatic,AWD,42926,6.2,78615,132,5,5,suv,silver,0,no,full,France
1784,Z4,2009,2.5,167,petrol,automatic,RWD,244491,8.7,22872,200,2,2,convertible,black,3,yes,none,France
1785,X5,2019,4.1,319,diesel,automatic,AWD,67067,10,80211,204,5,5,suv,white,2,no,full,Italy
1786,i3,2018,0,211,electric,automatic,RWD,70087,0,47581,0,5,4,hatchback,black,2,no,full,France
1787,X3,2024,3.4,322,diesel,automatic,AWD,14842,8.3,79007,182,5,5,suv,black,0,no,full,Netherlands
1788,3 Series,2024,1.7,225,hybrid,manual,RWD,21244,4.4,46530,101,4,5,sedan,blue,0,no,full,USA
1789,X3,2024,3.3,345,hybrid,automatic,AWD,8909,6.6,78335,153,5,5,suv,blue,0,no,full,USA
1790,7 Series,2018,0,464,electric,automatic,RWD,77972,0,102828,0,4,4,sedan,silver,1,no,full,Spain
1791,5 Series,2023,3.2,262,diesel,automatic,RWD,0,8.6,63134,205,4,5,sedan,silver,0,no,full,Italy
1792,3 Series,2008,2.7,260,diesel,manual,AWD,300000,7.7,11456,152,4,5,sedan,white,4,yes,none,Germany
1793,X1,2009,2,230,hybrid,automatic,FWD,217242,4.5,21440,108,5,5,suv,white,2,no,partial,Italy
1794,Z4,2020,2,255,petrol,automatic,RWD,75172,8.2,47253,179,2,2,convertible,silver,1,no,none,Turkey
1795,3 Series,2023,1.9,254,petrol,automatic,RWD,39972,8,45161,161,4,5,sedan,blue,0,no,full,Netherlands
1796,X1,2021,1.9,210,petrol,automatic,FWD,37171,7,41276,160,5,5,suv,blue,0,yes,full,Germany
1797,1 Series,2023,2.6,289,diesel,manual,RWD,1207,7,33756,139,3,5,hatchback,blue,0,no,partial,Italy
1798,X7,2020,3.3,320,diesel,automatic,AWD,20040,8.8,103101,199,5,5,suv,black,2,yes,full,Netherlands
1799,3 Series,2014,3.3,287,diesel,automatic,RWD,99925,8,29608,186,4,5,sedan,silver,1,no,full,Italy
1800,5 Series,2018,4.4,417,diesel,automatic,RWD,132361,10.1,49790,219,4,5,sedan,black,4,no,full,Spain
1801,X3,2013,2.6,201,petrol,automatic,RWD,173272,8,43361,163,5,5,suv,white,3,no,full,Germany
1802,X5,2006,3.6,249,petrol,automatic,AWD,278285,9.7,36267,212,5,5,suv,blue,2,yes,partial,UK
1803,7 Series,2016,0,451,electric,automatic,AWD,75120,0,95259,0,4,5,sedan,black,2,no,partial,Italy
1804,3 Series,2012,2.8,208,diesel,automatic,RWD,144626,7.1,21691,166,4,5,sedan,white,4,,partial,France
1805,1 Series,2005,2.3,264,diesel,automatic,FWD,300000,6.4,8009,127,5,5,hatchback,white,4,no,partial,USA
1806,5 Series,2012,2.9,287,hybrid,automatic,RWD,165524,5.8,35603,118,4,5,sedan,white,4,no,full,Turkey
1807,X1,2024,2.2,219,diesel,automatic,FWD,11686,6.6,51546,140,5,5,suv,black,1,no,full,Germany
1808,1 Series,2006,,291,petrol,automatic,FWD,114363,9.4,16429,212,5,5,hatchback,white,2,no,full,Turkey
1809,7 Series,2021,0,380,electric,automatic,AWD,65312,0,114742,0,4,4,sedan,blue,0,no,full,Italy
1810,5 Series,2015,2.7,251,hybrid,automatic,RWD,95029,5.3,43837,119,4,5,sedan,white,1,yes,full,UK
1811,X3,2019,3,319,petrol,automatic,AWD,69695,9.3,54115,201,5,5,suv,grey,2,no,full,Turkey
1812,X1,2022,1.8,162,diesel,automatic,AWD,39436,6.1,45013,144,5,5,suv,black,2,no,full,Spain
1813,5 Series,2014,4.3,346,petrol,automatic,RWD,242102,10.2,48074,214,4,5,sedan,silver,1,no,full,Netherlands
1814,1 Series,2020,2.3,260,petrol,automatic,RWD,8897,9.1,33942,213,3,4,hatchback,black,1,no,full,Netherlands
1815,1 Series,2011,3,305,diesel,manual,FWD,216312,8.2,13454,196,3,5,hatchback,silver,5,yes,partial,France
1816,X7,2020,3.2,377,hybrid,automatic,AWD,67032,6.6,113889,137,5,5,suv,blue,1,no,full,USA
1817,X3,2012,2.4,245,hybrid,automatic,AWD,184507,4.8,38907,112,5,5,suv,grey,3,no,full,UK
1818,i7,2020,0,469,electric,automatic,AWD,73208,0,198562,0,4,5,sedan,black,0,no,full,USA
1819,i4,2022,0,270,electric,automatic,RWD,29386,0,71567,0,4,5,coupe,black,1,yes,full,Germany
1820,3 Series,2020,1.8,249,hybrid,automatic,AWD,98337,4.1,34285,82,4,5,sedan,black,0,no,partial,Spain
1821,5 Series,2012,3.2,307,petrol,automatic,RWD,179199,8.9,40001,206,4,5,sedan,black,4,no,full,Italy
1822,3 Series,2017,3,259,petrol,automatic,RWD,71783,8.4,34067,189,4,5,sedan,grey,3,no,full,Spain
1823,i4,2013,0,359,electric,automatic,AWD,285590,0,38965,0,4,5,coupe,,4,yes,full,Netherlands
1824,X3,2019,2.4,215,diesel,automatic,AWD,51507,7.3,48843,159,5,5,suv,white,4,,partial,Turkey
1825,Z4,2024,2.6,172,petrol,automatic,RWD,8543,8.4,73322,174,2,2,convertible,black,0,no,full,Germany
1826,X1,2007,2.1,207,diesel,automatic,FWD,186054,6.6,17094,133,5,5,suv,silver,4,yes,partial,UK
1827,3 Series,2023,2.4,192,diesel,automatic,RWD,24671,7,34882,137,4,5,sedan,white,0,no,none,Turkey
1828,X3,2014,2.7,265,petrol,automatic,AWD,166256,8.8,35278,196,5,5,suv,grey,,yes,partial,Italy
1829,X1,2021,1.7,182,diesel,automatic,AWD,33137,6,45713,124,5,5,suv,black,1,no,partial,Germany
1830,X1,2020,1.7,227,diesel,automatic,AWD,65789,6,35708,134,5,5,suv,blue,1,yes,full,Netherlands
1831,X1,2019,2.4,273,hybrid,automatic,AWD,66585,5.4,47018,122,5,5,suv,black,2,no,full,Netherlands
1832,3 Series,2019,3,322,petrol,automatic,AWD,92722,9.5,30454,202,4,5,sedan,blue,2,yes,full,Italy
1833,i3,2020,0,197,electric,automatic,RWD,34562,0,51358,0,5,4,hatchback,white,1,no,partial,France
1834,1 Series,2011,2.6,213,hybrid,manual,FWD,276324,6,8923,137,3,4,hatchback,black,3,yes,full,Italy
1835,X3,2023,3.3,349,petrol,automatic,RWD,23975,9.8,71096,220,5,5,suv,white,0,no,full,USA
1836,3 Series,2011,3.4,284,hybrid,manual,RWD,300000,5.8,17909,133,4,5,sedan,white,4,no,partial,Spain
1837,3 Series,2012,1.6,143,petrol,manual,AWD,195202,7,20276,161,4,5,sedan,white,5,no,full,USA
1838,i7,2021,0,577,electric,automatic,RWD,43518,0,172219,0,4,4,sedan,red,0,no,full,USA
1839,1 Series,2021,1.7,199,diesel,automatic,RWD,42225,6.7,31376,135,3,4,hatchback,white,,no,full,UK
1840,X1,2021,1.5,158,diesel,automatic,AWD,55966,5.7,38690,106,5,5,suv,black,,no,full,USA
1841,X5,2019,,309,diesel,automatic,AWD,84900,8.7,69455,196,5,5,suv,white,3,no,full,Turkey
1842,i4,2020,0,263,electric,automatic,RWD,40643,0,73461,0,4,5,coupe,red,,no,full,Italy
1843,1 Series,2009,1.6,148,hybrid,manual,RWD,195060,4.2,6394,93,3,5,hatchback,silver,3,no,,Netherlands
1844,X7,2018,4,314,diesel,automatic,AWD,44957,9.4,88618,199,5,5,suv,grey,3,no,partial,Italy
1845,X5,2022,3.3,329,petrol,automatic,AWD,18866,9.1,69197,189,5,5,suv,black,2,yes,partial,Germany
1846,X7,2023,4.1,397,petrol,automatic,AWD,18170,10.2,122506,215,5,5,suv,grey,0,no,full,Italy
1847,7 Series,2023,0,367,electric,automatic,RWD,44946,,127398,0,4,5,sedan,red,1,no,full,Germany
1848,3 Series,2014,2,226,petrol,automatic,RWD,102338,7.7,31829,165,4,5,sedan,black,2,no,partial,Spain
1849,X1,2011,,175,petrol,automatic,FWD,176675,8,16476,164,5,5,suv,silver,2,yes,none,UK
1850,3 Series,2020,2.3,220,petrol,automatic,AWD,50656,8.4,35990,189,4,5,sedan,black,1,no,full,Turkey
1851,X3,2014,2,216,petrol,automatic,RWD,149682,7.9,39715,172,5,5,suv,red,2,no,full,Spain
1852,i7,2007,0,530,electric,automatic,RWD,176409,0,83590,0,4,5,sedan,silver,4,yes,full,UK
1853,X5,2019,3.3,276,petrol,automatic,AWD,104121,9.2,61079,186,5,5,suv,silver,3,no,partial,France
1854,5 Series,2023,2.6,253,petrol,automatic,AWD,14761,8.8,52299,196,4,5,sedan,black,1,yes,partial,Netherlands
1855,X3,2014,2.1,153,diesel,automatic,RWD,120476,7.4,35924,180,5,5,suv,grey,2,no,partial,Italy
1856,X3,2014,2.8,249,petrol,automatic,RWD,173524,9.2,48839,210,5,5,suv,black,2,no,full,Germany
1857,X5,2020,3,223,hybrid,automatic,AWD,51192,5.6,78269,123,5,5,suv,blue,1,no,full,Italy
1858,X5,2010,3.6,292,diesel,automatic,AWD,270891,9.1,39116,211,5,5,suv,white,4,no,none,Italy
1859,X3,2018,2.4,291,hybrid,automatic,RWD,37840,5,55704,130,5,5,suv,white,2,yes,full,USA
1860,Z4,2008,2.9,290,petrol,automatic,RWD,224837,9.6,28322,215,2,2,convertible,red,4,yes,partial,Netherlands
1861,7 Series,2020,4.7,351,diesel,automatic,AWD,81765,10.5,107725,232,4,4,sedan,black,2,no,full,UK
1862,X5,2021,3.7,318,diesel,automatic,AWD,36086,9.1,79688,198,5,5,suv,red,1,no,,Spain
1863,5 Series,2015,3.9,332,diesel,automatic,RWD,136171,9,50890,191,4,5,sedan,white,1,no,full,Netherlands
1864,X5,2012,3.3,235,hybrid,automatic,AWD,165138,6.3,57611,150,5,5,suv,black,2,no,full,France
1865,X3,2020,,173,petrol,automatic,RWD,68336,8.1,52205,169,5,5,suv,grey,1,,full,Spain
1866,3 Series,2023,2.2,265,hybrid,automatic,AWD,12400,4.3,44706,84,4,5,sedan,white,1,no,partial,France
1867,X3,2013,3.2,361,hybrid,automatic,AWD,141716,5.5,40700,128,5,5,suv,white,5,yes,full,Italy
1868,7 Series,2014,4.2,339,diesel,automatic,AWD,171436,8.7,78072,187,4,5,sedan,grey,,no,full,France
1869,X7,2010,3.3,263,hybrid,automatic,AWD,59882,,57857,122,5,5,suv,black,4,yes,none,Spain
1870,X3,2023,2.3,231,diesel,automatic,RWD,7783,7.3,66884,171,5,5,suv,grey,0,no,full,Spain
1871,5 Series,2023,4.4,352,diesel,automatic,AWD,22691,9.8,76886,212,4,5,sedan,red,0,no,full,USA
1872,3 Series,2016,2.8,216,petrol,automatic,AWD,91511,9.7,30657,209,4,5,sedan,black,2,,full,Spain
1873,X7,2022,3,264,diesel,automatic,AWD,854,7.9,104198,179,5,5,suv,black,0,yes,full,Italy
1874,i3,2018,0,192,electric,automatic,RWD,55594,0,47861,0,5,4,hatchback,black,3,no,full,Spain
1875,1 Series,2014,2.5,254,diesel,manual,FWD,159907,7.5,14389,145,5,5,hatchback,white,2,yes,partial,France
1876,X1,2007,2.2,264,diesel,automatic,FWD,300000,6.9,16653,159,5,5,suv,grey,2,yes,partial,UK
1877,5 Series,2015,2.9,240,hybrid,automatic,RWD,134197,5.3,47462,115,4,5,sedan,blue,2,no,,Germany
1878,3 Series,2024,1.6,127,diesel,automatic,AWD,0,6,46788,119,4,5,sedan,black,0,no,full,Netherlands
1879,i7,2021,0,407,electric,automatic,AWD,20668,0,210181,0,4,4,sedan,silver,0,no,full,USA
1880,X3,2021,2.7,246,diesel,automatic,RWD,37566,7,52108,162,5,5,suv,blue,0,no,partial,France
1881,5 Series,2018,2,259,petrol,automatic,RWD,89918,8.3,41867,191,4,5,sedan,black,2,yes,partial,Netherlands
1882,7 Series,2016,3.7,273,diesel,automatic,AWD,117490,8.7,90963,200,4,5,sedan,silver,1,no,full,Netherlands
1883,X1,2019,2,168,petrol,automatic,AWD,106843,7.2,36365,161,5,5,suv,blue,1,no,full,USA
1884,X1,2016,1.9,165,petrol,automatic,AWD,111619,7.3,28545,157,5,5,suv,grey,3,yes,full,UK
1885,X1,2005,1.6,154,hybrid,automatic,FWD,267359,4.2,12960,102,5,5,suv,black,5,yes,full,UK
1886,X3,2018,3.3,338,diesel,,AWD,130002,8.3,56413,182,5,5,suv,black,1,no,full,UK
1887,X7,2015,4,261,diesel,automatic,AWD,177342,9.4,89621,208,5,5,suv,grey,1,no,partial,France
1888,1 Series,2010,3,276,petrol,manual,FWD,144379,9,12688,191,5,4,hatchback,blue,3,yes,partial,USA
1889,i4,2018,0,311,electric,automatic,AWD,148924,0,57588,0,4,5,coupe,white,4,no,full,France
1890,1 Series,2009,2.3,186,petrol,manual,RWD,235670,8.2,5123,182,5,4,hatchback,silver,4,no,none,Germany
1891,X1,2012,1.9,170,hybrid,automatic,AWD,177497,4.2,20905,100,5,5,suv,silver,3,yes,partial,USA
1892,i4,2010,0,468,electric,automatic,AWD,300000,0,40401,0,4,5,coupe,silver,2,no,none,Spain
1893,X7,2010,4.4,443,hybrid,automatic,AWD,217440,7.5,66859,160,5,5,suv,white,3,yes,full,Spain
1894,X3,2017,3,215,petrol,,AWD,87618,8.8,40685,182,5,5,suv,red,1,yes,partial,USA
1895,7 Series,2007,0,383,electric,automatic,RWD,300000,0,47972,0,4,4,sedan,grey,5,no,partial,Spain
1896,1 Series,2014,2.4,199,petrol,manual,RWD,171292,8.5,17211,180,3,4,hatchback,blue,2,no,full,France
1897,X3,2018,2.5,248,diesel,automatic,AWD,60314,6.9,45475,147,5,5,suv,,1,no,partial,Spain
1898,X3,2012,2,216,hybrid,automatic,AWD,188100,4.5,35194,93,5,5,suv,silver,3,no,full,France
1899,X1,2023,,140,hybrid,automatic,AWD,0,4.2,39585,89,5,5,suv,,0,yes,full,Turkey
1900,i4,2009,0,314,electric,automatic,RWD,249904,0,38295,0,4,5,coupe,silver,4,no,full,Turkey
1901,X5,2006,3.2,301,diesel,automatic,AWD,249001,8.4,33653,185,5,5,suv,grey,5,yes,full,France
1902,X1,2023,1.9,234,hybrid,automatic,AWD,35455,4.7,47319,108,5,5,suv,black,0,,full,USA
1903,5 Series,2010,2.6,275,diesel,automatic,RWD,300000,7.3,21131,166,4,5,sedan,white,2,yes,partial,Italy
1904,X1,2021,1.8,197,diesel,automatic,AWD,16982,5.7,48564,125,5,5,suv,black,1,no,full,UK
1905,5 Series,2012,2.5,228,diesel,automatic,AWD,221077,6.7,33810,151,4,5,sedan,red,2,no,full,Germany
1906,7 Series,2024,4.9,376,petrol,automatic,RWD,21340,12.2,127556,270,4,4,sedan,white,0,no,full,Italy
1907,X1,2022,2,211,diesel,automatic,AWD,17848,7,51001,153,5,5,suv,red,2,no,full,Netherlands
1908,X3,2017,3.5,271,petrol,automatic,RWD,65666,10.8,53319,237,5,5,suv,white,1,no,full,France
1909,1 Series,2020,2.1,191,diesel,automatic,RWD,36022,6.9,22947,161,5,5,hatchback,grey,1,no,partial,France
1910,X5,2014,3.9,369,diesel,automatic,AWD,112773,9,52488,204,5,5,suv,silver,2,yes,partial,Turkey
1911,i3,2016,0,166,electric,automatic,RWD,108481,0,31348,0,5,4,hatchback,black,2,yes,full,Spain
1912,7 Series,2023,0,410,electric,automatic,RWD,0,0,115269,0,4,4,sedan,grey,0,yes,full,Italy
1913,X7,2012,3.3,300,hybrid,automatic,AWD,199747,5.7,79280,131,5,5,suv,silver,,no,full,Italy
1914,5 Series,2022,4.1,325,diesel,automatic,AWD,23513,9.2,61060,192,4,5,sedan,blue,1,no,partial,UK
1915,7 Series,2011,4.6,418,diesel,automatic,RWD,97174,9.6,76806,200,4,5,sedan,silver,2,no,full,USA
1916,3 Series,2019,3.2,245,petrol,automatic,RWD,92012,10,31643,223,4,5,sedan,black,2,no,partial,Turkey
1917,X5,2014,3.4,238,hybrid,automatic,AWD,107399,6.2,45973,134,5,5,suv,black,1,yes,none,France
1918,X1,2023,1.6,178,diesel,automatic,AWD,18349,6.1,51922,135,5,5,suv,silver,0,no,full,Netherlands
1919,3 Series,2019,2,256,hybrid,automatic,AWD,101834,4.7,31432,118,4,5,sedan,blue,3,no,full,Turkey
1920,7 Series,2018,0,340,electric,automatic,RWD,111319,0,96495,0,4,4,sedan,grey,1,no,partial,Italy
1921,X1,2012,1.9,163,diesel,automatic,AWD,266086,6.1,12677,122,5,5,suv,black,3,no,none,Turkey
1922,X1,2022,2.1,193,petrol,automatic,AWD,37539,7.2,32669,148,5,5,suv,,1,yes,partial,Turkey
1923,7 Series,2006,3,239,diesel,automatic,RWD,300000,8.1,48366,172,4,5,sedan,silver,3,no,full,Italy
1924,3 Series,2021,2.3,255,hybrid,automatic,RWD,17939,5.6,39730,118,4,5,sedan,grey,1,yes,full,Germany
1925,5 Series,2008,2.8,256,hybrid,automatic,RWD,236281,5.9,26852,132,4,5,sedan,silver,3,no,partial,UK
1926,1 Series,2005,2.6,255,hybrid,automatic,RWD,227359,5.6,5662,114,3,4,hatchback,black,3,yes,full,France
1927,3 Series,2016,2.8,262,hybrid,automatic,AWD,144344,5.6,31874,114,4,5,sedan,red,2,no,full,Italy
1928,3 Series,2021,2.9,273,petrol,automatic,RWD,53178,9.6,43823,204,4,5,sedan,grey,1,no,full,Germany
1929,3 Series,2023,1.7,176,diesel,automatic,AWD,0,6.1,41623,130,4,5,sedan,silver,0,yes,full,Netherlands
1930,1 Series,2014,2.5,236,hybrid,manual,FWD,194817,5.1,13024,99,3,5,hatchback,blue,3,yes,full,Italy
1931,3 Series,2012,2.6,272,hybrid,automatic,AWD,217216,5.1,24612,119,4,5,sedan,red,2,no,partial,Spain
1932,1 Series,2014,2.1,252,petrol,automatic,RWD,151439,8.7,13770,178,3,4,hatchback,silver,2,yes,partial,UK
1933,7 Series,2023,,288,hybrid,automatic,RWD,29115,5.9,118575,119,4,4,sedan,silver,0,no,full,USA
1934,3 Series,2005,2.8,245,petrol,manual,RWD,300000,9.1,15231,210,4,5,sedan,blue,3,no,partial,Turkey
1935,1 Series,2010,2.1,226,hybrid,automatic,RWD,237163,4.3,11833,92,5,5,hatchback,white,3,yes,full,UK
1936,1 Series,2015,2.6,231,diesel,automatic,FWD,192929,7,13316,150,5,4,hatchback,black,4,yes,full,Germany
1937,X1,2022,1.6,127,petrol,automatic,FWD,38767,6.6,41283,143,5,5,suv,grey,1,no,full,Italy
1938,3 Series,2020,2.3,251,petrol,automatic,AWD,60026,8.9,39566,215,4,5,sedan,white,1,no,full,France
1939,3 Series,2019,3.2,273,diesel,automatic,AWD,71072,8.5,30800,209,4,5,sedan,black,4,yes,partial,Germany
1940,7 Series,2023,0,405,electric,automatic,AWD,0,0,121910,,4,4,sedan,red,0,yes,full,UK
1941,X1,2012,2.4,248,diesel,automatic,FWD,161892,7.3,22352,155,5,5,suv,silver,3,yes,partial,Italy
1942,Z4,2011,3,306,petrol,manual,RWD,247605,9.2,33729,216,2,2,convertible,white,4,yes,full,USA
1943,1 Series,2019,2.2,329,diesel,automatic,FWD,87480,6.8,33206,154,5,5,hatchback,grey,1,no,full,UK
1944,X5,2017,3.6,224,petrol,automatic,AWD,97328,9.8,63919,209,5,5,suv,silver,2,no,partial,USA
1945,5 Series,2014,2.3,224,petrol,automatic,RWD,51763,8.5,38862,195,4,5,sedan,red,2,no,none,USA
1946,X3,2008,3.4,269,diesel,automatic,AWD,161601,8.8,27439,187,5,5,suv,silver,3,yes,partial,Netherlands
1947,X3,2023,2.6,236,diesel,automatic,AWD,0,7.3,68828,161,5,5,suv,black,1,no,full,France
1948,i7,2015,0,368,electric,automatic,RWD,61282,0,122235,0,4,4,sedan,red,1,no,full,USA
1949,i7,2009,0,515,electric,automatic,AWD,184581,0,96945,0,4,4,sedan,white,4,no,none,UK
1950,i4,2021,0,263,electric,automatic,AWD,40217,0,78944,0,4,5,coupe,grey,,no,full,UK
1951,X3,2022,2.1,238,petrol,automatic,RWD,49248,8.9,61022,186,5,5,suv,white,0,no,partial,Spain
1952,X3,2017,3.2,281,hybrid,automatic,AWD,145173,5.7,44856,129,5,5,suv,black,4,no,full,France
1953,i3,2010,0,232,electric,automatic,RWD,178913,0,26609,0,5,4,hatchback,black,2,no,partial,Italy
1954,X7,2024,3,306,petrol,automatic,AWD,8585,9.1,122535,191,5,5,suv,grey,1,no,full,Spain
1955,X3,2022,3.5,312,petrol,automatic,AWD,29740,10.6,64682,235,5,5,suv,white,0,no,partial,UK
1956,3 Series,2021,2.9,290,petrol,automatic,AWD,34406,8.8,48470,182,4,5,sedan,black,1,no,full,Netherlands
1957,5 Series,2018,2.7,243,petrol,automatic,RWD,105340,8.7,44159,176,4,5,sedan,white,1,yes,partial,Germany
1958,5 Series,2010,4.3,351,diesel,automatic,AWD,159921,9.8,34811,205,4,5,sedan,black,3,no,partial,Italy
1959,X3,2024,2.1,204,petrol,automatic,RWD,3279,7.1,57528,156,5,5,suv,white,0,no,partial,Netherlands
1960,X3,2024,2.2,198,diesel,automatic,AWD,0,6.5,71133,,5,5,suv,black,1,no,full,Netherlands
1961,X3,2021,2.4,208,diesel,automatic,RWD,61089,7.1,61718,155,5,5,suv,red,2,no,full,Germany
1962,1 Series,2020,2.9,244,diesel,manual,FWD,44619,7.5,26800,149,3,4,hatchback,blue,2,no,full,Netherlands
1963,7 Series,2006,3,292,petrol,automatic,AWD,300000,9.5,43401,213,4,4,sedan,red,3,yes,full,Netherlands
1964,X1,2019,1.8,177,petrol,automatic,FWD,107154,7.7,35250,166,5,5,suv,blue,1,no,partial,Turkey
1965,X3,2020,2.4,173,petrol,automatic,RWD,40114,7.6,45038,175,5,5,suv,grey,0,yes,full,Spain
1966,3 Series,2022,3,285,petrol,automatic,AWD,32884,8.9,47802,200,4,5,sedan,black,1,no,full,USA
1967,5 Series,2012,3.7,259,diesel,automatic,AWD,108027,9.1,34810,209,4,5,sedan,black,5,no,partial,Turkey
1968,X7,2016,4.2,331,petrol,automatic,AWD,149725,10.9,98935,221,5,5,suv,white,1,no,partial,UK
1969,X1,2023,2,203,petrol,automatic,FWD,9593,7.5,49983,172,5,5,suv,blue,0,no,full,Italy
1970,3 Series,2017,1.7,198,hybrid,automatic,RWD,62694,4.3,35506,91,4,5,sedan,blue,3,no,full,USA
1971,Z4,2006,3,223,petrol,manual,RWD,154365,8.3,34080,183,2,2,convertible,white,3,no,partial,Germany
1972,i3,2022,0,191,electric,automatic,RWD,22519,,47802,0,5,4,hatchback,,1,,partial,Turkey
1973,3 Series,2017,2.5,233,hybrid,automatic,RWD,97314,5.1,35869,116,4,5,sedan,grey,2,no,full,USA
1974,5 Series,2024,4,333,hybrid,automatic,RWD,5901,6.9,74924,159,4,5,sedan,black,0,no,full,UK
1975,7 Series,2024,0,375,electric,automatic,AWD,25666,0,141784,0,4,5,sedan,blue,1,no,full,France
1976,Z4,2023,2.4,239,petrol,automatic,RWD,6343,8.3,71458,,2,2,convertible,white,0,no,full,Germany
1977,X1,2023,1.5,122,petrol,automatic,FWD,24632,6.8,35019,152,5,5,suv,white,0,yes,full,Turkey
1978,5 Series,2020,3.2,280,diesel,automatic,RWD,55182,9,52824,192,4,5,sedan,silver,0,yes,full,UK
1979,X3,2013,2.1,252,petrol,automatic,AWD,214143,8,36848,156,5,5,suv,blue,5,no,full,Germany
1980,3 Series,2023,1.7,131,hybrid,automatic,AWD,25132,4.4,33549,101,4,5,sedan,black,0,yes,partial,France
1981,X1,2015,2,145,hybrid,automatic,FWD,117743,4.2,30488,92,5,5,suv,silver,1,no,,Spain
1982,3 Series,2020,2.2,198,petrol,automatic,RWD,85683,8,30620,177,4,5,sedan,white,,yes,full,France
1983,3 Series,2013,2,250,petrol,manual,RWD,92912,7.8,28496,180,4,5,sedan,black,4,no,full,France
1984,5 Series,2017,3.9,359,diesel,automatic,RWD,94972,9.4,58493,202,4,5,sedan,black,2,no,full,Netherlands
1985,X3,2012,2.1,210,petrol,automatic,RWD,142148,7.6,33713,156,5,5,suv,white,3,yes,full,Spain
1986,3 Series,2021,3.4,352,petrol,automatic,RWD,18138,9.6,52892,201,4,5,sedan,silver,1,no,full,Netherlands
1987,i4,2012,0,320,electric,automatic,RWD,118747,0,51790,0,4,5,coupe,black,3,no,partial,USA
1988,Z4,2016,2.3,241,petrol,manual,RWD,100482,8.4,39169,184,2,2,convertible,red,4,yes,partial,Italy
1989,X3,2021,2.9,231,hybrid,automatic,AWD,24383,5.1,46307,97,5,5,suv,silver,1,yes,partial,Netherlands
1990,X7,2019,4.1,359,hybrid,automatic,AWD,110172,6.6,99784,146,5,5,suv,white,2,no,none,Netherlands
1991,i3,2012,0,204,electric,automatic,RWD,203194,0,32172,0,5,4,hatchback,white,2,no,partial,Germany
1992,5 Series,2009,3.8,340,petrol,,AWD,300000,10,27535,233,4,5,sedan,silver,3,no,partial,Spain
1993,5 Series,2019,2.8,279,petrol,automatic,RWD,46065,9.3,51509,211,4,5,sedan,black,2,no,,Spain
1994,5 Series,2020,2.2,240,hybrid,automatic,AWD,62630,5,62141,110,4,5,sedan,silver,1,,full,France
1995,1 Series,2007,2.7,320,diesel,automatic,RWD,107282,7.4,17042,169,5,4,hatchback,black,4,yes,partial,Germany
1996,X3,2009,3.1,270,diesel,automatic,AWD,145574,7.8,36200,161,5,5,suv,blue,2,no,,Netherlands
1997,5 Series,2020,3.2,289,hybrid,automatic,RWD,48776,5.2,50754,104,4,5,sedan,black,1,no,partial,Spain
1998,X1,2024,2.3,239,petrol,automatic,AWD,19003,7.5,47789,174,5,5,suv,black,1,no,full,Turkey
1999,5 Series,2019,,303,hybrid,automatic,RWD,101204,6.1,49790,146,4,5,sedan,grey,3,no,partial,UK
2000,3 Series,2006,2.1,240,diesel,automatic,AWD,201523,6.7,12537,150,4,5,sedan,white,2,yes,partial,Germany
2001,5 Series,2014,4.2,389,diesel,automatic,AWD,112882,9.5,43764,196,4,5,sedan,black,2,no,none,France
2002,3 Series,2017,1.8,206,hybrid,automatic,RWD,39611,4.3,35859,99,4,5,sedan,black,1,no,partial,Netherlands
2003,3 Series,2017,2.9,285,petrol,manual,AWD,91290,8.9,37555,205,4,5,sedan,white,1,no,full,Italy
2004,7 Series,2008,0,331,electric,automatic,AWD,259600,0,55038,0,4,4,sedan,grey,2,yes,partial,Germany
2005,3 Series,2022,3.4,347,hybrid,automatic,RWD,20527,5.7,48130,129,4,5,sedan,blue,0,no,full,Spain
2006,X1,2011,2.2,244,hybrid,automatic,AWD,150900,4.6,24241,100,5,5,suv,white,2,no,partial,Turkey
2007,Z4,2007,3,258,petrol,automatic,RWD,252687,8.6,23900,170,2,2,convertible,blue,2,no,none,Turkey
2008,5 Series,2018,2.6,239,diesel,automatic,AWD,109162,7.2,45232,155,4,5,sedan,black,1,no,full,Turkey
2009,7 Series,2021,5,394,hybrid,automatic,RWD,18866,7.8,99688,176,4,4,sedan,grey,1,yes,full,Italy
2010,i4,2015,0,439,electric,automatic,AWD,113252,0,59052,0,4,5,coupe,black,1,no,partial,UK
2011,1 Series,2016,2.1,219,petrol,automatic,FWD,170837,7.4,17077,,3,5,hatchback,silver,1,no,partial,Italy
2012,i4,2020,0,480,electric,automatic,RWD,59884,0,77493,0,4,5,coupe,white,1,no,full,Turkey
2013,X3,2019,2.9,242,petrol,automatic,RWD,25798,9.4,48053,212,5,5,suv,blue,2,yes,full,Turkey
2014,X5,2015,3.4,320,petrol,automatic,AWD,197444,10.3,47835,230,5,5,suv,silver,1,yes,partial,Turkey
2015,1 Series,2016,2.4,213,petrol,automatic,FWD,117402,8,17371,178,3,4,hatchback,grey,4,no,partial,France
2016,X3,2019,2.3,201,diesel,automatic,AWD,118770,7,38987,154,5,5,suv,silver,2,no,none,Turkey
2017,3 Series,2015,2.5,176,hybrid,manual,AWD,137749,4.8,27275,96,4,5,sedan,black,1,no,full,Turkey
2018,5 Series,2020,2.2,154,petrol,automatic,RWD,32086,8,54362,183,4,5,sedan,white,0,no,full,Spain
2019,X3,2017,2.7,234,diesel,automatic,AWD,92785,7.3,36096,185,5,5,suv,red,4,yes,none,Turkey
2020,X1,2015,2.3,191,petrol,automatic,FWD,162269,8.8,28346,184,5,5,suv,red,3,no,partial,USA
2021,3 Series,2008,2.5,241,petrol,automatic,AWD,268545,8.3,19408,175,4,5,sedan,grey,4,,full,UK
2022,i4,2020,0,419,electric,automatic,RWD,64530,0,72993,0,4,5,coupe,blue,1,no,partial,France
2023,5 Series,2022,4.1,278,diesel,automatic,RWD,25864,9.8,67248,221,4,5,sedan,grey,2,no,full,Netherlands
2024,Z4,2023,2.9,197,petrol,automatic,RWD,0,,58021,181,2,2,convertible,white,0,yes,partial,Netherlands
2025,X1,2016,2.4,219,hybrid,automatic,FWD,145394,5.4,29277,123,5,5,suv,red,1,yes,partial,Netherlands
2026,X5,2011,3.6,273,petrol,automatic,AWD,214862,10.6,51190,241,5,5,suv,white,2,no,full,Italy
2027,3 Series,2011,2.1,159,hybrid,automatic,RWD,220293,4.8,17903,101,4,5,sedan,silver,3,no,partial,Spain
2028,X1,2023,1.9,194,hybrid,automatic,FWD,9010,4.6,42347,100,5,5,suv,white,1,yes,full,Turkey
2029,X5,2014,3.1,300,petrol,automatic,AWD,185907,9.2,59245,207,5,5,suv,silver,,no,partial,USA
2030,X5,2021,3.5,317,hybrid,automatic,AWD,54769,6.2,92037,156,5,5,suv,silver,0,no,full,Germany
2031,5 Series,2022,4,294,hybrid,automatic,AWD,23410,6.5,60902,138,4,5,sedan,white,2,no,full,UK
2032,7 Series,2019,4.2,334,diesel,automatic,AWD,29115,9.5,99720,210,4,5,sedan,white,1,no,partial,Italy
2033,i4,2016,0,271,electric,automatic,AWD,101749,0,56801,0,4,5,coupe,white,1,no,full,Germany
2034,X1,2024,1.6,142,hybrid,automatic,AWD,18498,4.5,47665,99,5,5,suv,black,1,no,full,Turkey
2035,X5,2018,4.2,311,hybrid,automatic,AWD,124270,6.5,72722,151,5,5,suv,silver,2,no,partial,Italy
2036,5 Series,2021,4.3,366,petrol,automatic,RWD,57773,11.2,65312,241,4,5,sedan,black,2,no,full,Spain
2037,Z4,2016,2.2,176,petrol,automatic,RWD,109927,8.7,43858,201,2,2,convertible,,4,yes,full,Germany
2038,i4,2020,0,286,electric,automatic,AWD,68863,0,85550,0,4,5,coupe,black,1,,full,USA
2039,5 Series,2021,2.9,196,petrol,automatic,RWD,12433,9.3,59249,198,4,5,sedan,black,0,no,partial,Germany
2040,X5,2019,3.6,270,petrol,automatic,AWD,89348,9.8,77355,192,5,5,suv,white,1,no,full,Italy
2041,3 Series,2018,3.4,231,petrol,,RWD,84083,9.3,26807,203,4,5,sedan,silver,4,yes,partial,Germany
2042,X7,2019,4.2,348,diesel,automatic,AWD,91943,9.5,112268,212,5,5,suv,black,2,no,partial,Netherlands
2043,X5,2022,4,374,diesel,automatic,AWD,15375,8.9,99716,199,5,5,suv,white,1,no,full,USA
2044,5 Series,2007,4.2,328,hybrid,automatic,RWD,179515,6.5,33892,140,4,5,sedan,red,3,no,full,Netherlands
2045,3 Series,2017,2.1,166,diesel,automatic,AWD,119967,5.9,24666,134,4,5,sedan,black,2,yes,full,USA
2046,X5,2019,3.7,272,diesel,automatic,AWD,80166,8.7,76405,184,5,5,suv,white,1,no,full,France
2047,X1,2015,1.8,183,diesel,automatic,FWD,188772,6.7,31928,149,5,5,suv,black,4,no,full,Netherlands
2048,i4,2017,0,338,electric,automatic,AWD,120947,0,61543,0,4,5,coupe,white,2,no,partial,USA
2049,3 Series,2016,3.5,262,diesel,automatic,RWD,60994,9.1,35458,204,4,5,sedan,white,2,no,partial,Italy
2050,3 Series,2018,2,216,diesel,automatic,AWD,83147,6.5,33765,148,4,5,sedan,black,1,no,,UK
2051,X1,2016,2.4,234,diesel,automatic,AWD,137935,7.2,35643,155,5,5,suv,white,,no,partial,France
2052,X3,2022,2,210,petrol,automatic,AWD,7249,8.3,65024,193,5,5,suv,white,2,no,full,Germany
2053,X5,2020,3.5,402,hybrid,automatic,AWD,53070,6.1,88022,140,5,5,suv,white,2,no,full,France
2054,3 Series,2010,3.2,261,petrol,manual,RWD,198243,9.1,19950,194,4,5,sedan,black,5,no,none,France
2055,5 Series,2006,2.5,223,petrol,automatic,RWD,290306,8,14199,176,4,5,sedan,black,4,yes,full,Turkey
2056,X5,2023,3.7,344,diesel,automatic,AWD,0,8.4,86452,191,5,5,suv,blue,,no,partial,UK
2057,X3,2012,3.2,199,hybrid,automatic,AWD,114890,5,39938,97,5,5,suv,grey,2,no,partial,Netherlands
2058,X3,2016,2.3,277,diesel,automatic,RWD,106387,7.4,42289,163,5,5,suv,silver,1,no,none,Netherlands
2059,X3,2012,2.7,203,hybrid,automatic,AWD,269978,5.5,23304,128,5,5,suv,,2,no,partial,Spain
2060,X7,2009,4.4,405,hybrid,automatic,AWD,300000,7.2,60315,161,5,5,suv,black,3,yes,partial,UK
2061,X1,2024,2.1,240,petrol,automatic,FWD,5213,8.5,53624,190,5,5,suv,black,0,no,full,France
2062,X5,2007,3.4,248,diesel,automatic,AWD,284645,7.5,36434,161,5,5,suv,white,2,no,full,Netherlands
2063,Z4,2023,2.1,207,petrol,automatic,RWD,3392,7.7,72599,152,2,2,convertible,black,1,,full,Italy
2064,1 Series,2021,,243,hybrid,manual,RWD,63934,3.8,30927,94,3,4,hatchback,black,2,no,full,USA
2065,X3,2017,2.8,217,hybrid,automatic,RWD,131007,5.2,50691,124,5,5,suv,white,2,no,full,Germany
2066,5 Series,2021,4.2,383,hybrid,automatic,AWD,36170,6,60424,128,4,5,sedan,grey,1,no,partial,Turkey
2067,i4,2019,0,203,electric,automatic,AWD,66942,0,63835,0,4,5,coupe,white,2,no,partial,Spain
2068,X5,2015,3,262,diesel,automatic,AWD,152751,7.2,63013,159,5,5,suv,white,3,yes,full,USA
2069,X3,2013,3.4,285,diesel,automatic,AWD,175195,8.8,32314,191,5,5,suv,grey,5,,none,UK
2070,7 Series,2011,3.2,318,petrol,automatic,AWD,170112,10.7,65550,219,4,4,sedan,white,2,yes,full,Germany
2071,7 Series,2018,0,422,electric,automatic,RWD,49022,0,91979,0,4,5,sedan,silver,2,no,full,Italy
2072,i3,2024,0,142,electric,automatic,RWD,12679,0,61414,0,5,4,hatchback,black,0,no,full,France
2073,Z4,2006,2.7,282,petrol,manual,RWD,179496,9.3,32822,194,2,2,convertible,black,5,no,full,USA
2074,3 Series,2015,2.5,219,diesel,automatic,AWD,106734,6.9,26341,149,4,5,sedan,black,2,no,none,USA
2075,5 Series,2018,2.7,268,petrol,,AWD,98993,9.2,46344,197,4,5,sedan,grey,2,no,full,Spain
2076,3 Series,2006,2.8,269,diesel,manual,AWD,296712,7.7,10358,174,4,5,sedan,white,3,yes,partial,Spain
2077,7 Series,2021,0,466,electric,automatic,RWD,47537,0,116317,0,4,4,sedan,silver,1,yes,full,UK
2078,3 Series,2005,2.4,212,diesel,automatic,RWD,300000,6.8,10176,155,4,5,sedan,white,3,yes,full,Spain
2079,7 Series,2012,3.8,368,hybrid,automatic,AWD,266017,5.9,77890,127,4,5,sedan,silver,3,no,partial,USA
2080,5 Series,2017,2.2,263,petrol,automatic,AWD,151480,8.4,41993,197,4,5,sedan,grey,2,no,full,Turkey
2081,X5,2024,4.4,412,diesel,automatic,AWD,0,10.1,89790,228,5,5,suv,black,0,no,partial,Italy
2082,1 Series,2021,2.9,294,hybrid,automatic,FWD,36680,5.6,34231,124,5,5,hatchback,black,1,no,full,France
2083,X5,2014,4,364,hybrid,automatic,AWD,185072,6.2,58872,133,5,5,suv,red,2,yes,full,France
2084,X5,2013,3.6,325,hybrid,automatic,AWD,254808,6.9,52262,143,5,5,suv,red,4,no,full,Turkey
2085,i3,2008,0,197,electric,automatic,RWD,300000,0,15106,0,5,4,hatchback,grey,,no,partial,Germany
2086,i7,2020,0,475,electric,automatic,AWD,18461,0,181845,0,4,5,sedan,grey,0,no,full,Turkey
2087,5 Series,2009,4.3,334,petrol,automatic,AWD,236463,10.9,35670,250,4,5,sedan,red,2,no,full,France
2088,3 Series,2012,3.3,345,hybrid,manual,RWD,180901,5.6,22923,118,4,5,sedan,black,4,yes,partial,Spain
2089,3 Series,2006,2.4,211,hybrid,manual,AWD,237436,5,11498,93,4,5,sedan,black,4,yes,partial,Netherlands
2090,3 Series,2024,3.4,245,diesel,automatic,AWD,0,8.1,47795,184,4,5,sedan,black,1,,,Germany
2091,X5,2023,4,374,hybrid,automatic,AWD,20710,6.8,97304,145,5,5,suv,silver,0,no,full,Turkey
2092,X1,2016,1.6,152,petrol,automatic,AWD,109208,7.2,32589,143,5,5,suv,white,2,no,full,USA
2093,i7,2016,0,492,electric,automatic,AWD,99027,0,96771,0,4,4,sedan,blue,1,yes,partial,Turkey
2094,X1,2018,1.9,198,hybrid,automatic,FWD,52508,4.8,31365,102,5,5,suv,blue,1,yes,full,Spain
2095,X1,2018,1.6,207,hybrid,automatic,AWD,83470,4.3,36856,97,5,5,suv,black,1,no,full,Spain
2096,5 Series,2007,4.3,352,diesel,automatic,RWD,281157,10.5,24907,228,4,5,sedan,black,4,no,partial,Spain
2097,X1,2019,2.4,194,petrol,automatic,FWD,73479,7.7,34739,174,5,5,suv,white,2,yes,full,Spain
2098,7 Series,2022,3.9,354,hybrid,automatic,RWD,13593,6.8,118031,163,4,4,sedan,grey,1,no,full,France
2099,X1,2023,2.4,206,diesel,automatic,AWD,25360,6.3,44458,153,5,5,suv,white,0,no,full,Spain
2100,X1,2011,2.4,255,diesel,automatic,FWD,178271,7.5,21781,143,5,5,suv,,3,yes,partial,UK
2101,X5,2017,3.6,292,diesel,automatic,AWD,138909,9.4,58101,215,5,5,suv,white,1,yes,full,Italy
2102,1 Series,2016,2,181,hybrid,automatic,FWD,121203,4.6,17668,106,5,4,hatchback,black,4,no,full,UK
2103,1 Series,2009,2.5,254,petrol,automatic,RWD,236956,9.7,10162,205,3,4,hatchback,black,5,yes,full,Turkey
2104,X3,2022,3.2,325,petrol,automatic,AWD,47371,8.7,57584,197,5,5,suv,white,1,yes,full,USA
2105,X3,2015,2.4,229,diesel,automatic,RWD,194867,7.1,40075,154,5,5,suv,black,2,no,full,Spain
2106,X7,2023,4.2,359,hybrid,automatic,AWD,31080,6.8,129713,152,5,5,suv,grey,0,no,full,Turkey
2107,i3,2011,0,231,electric,automatic,RWD,239861,0,25077,0,5,4,hatchback,grey,5,no,partial,Italy
2108,1 Series,2020,2.2,243,diesel,automatic,FWD,70391,6.4,29128,135,3,4,hatchback,blue,1,no,full,Netherlands
2109,7 Series,2024,0,424,electric,automatic,RWD,0,0,136508,0,4,4,sedan,silver,0,no,partial,France
2110,i3,2009,0,194,electric,automatic,RWD,255759,0,19817,0,5,4,hatchback,,3,yes,partial,UK
2111,1 Series,2007,1.5,181,petrol,automatic,FWD,300000,6.8,2640,151,3,4,hatchback,white,5,yes,partial,Turkey
2112,i3,2016,0,189,electric,automatic,RWD,165216,,38298,0,5,4,hatchback,black,1,no,partial,Spain
2113,X7,2023,3.5,291,petrol,automatic,AWD,8380,9.8,137319,214,5,5,suv,white,0,no,full,Germany
2114,i3,2024,0,174,electric,automatic,RWD,0,0,57069,0,5,4,hatchback,blue,0,no,partial,Spain
2115,3 Series,2009,2.6,281,hybrid,manual,AWD,300000,5.6,15145,117,4,5,sedan,black,3,no,none,France
2116,X1,2023,1.7,162,petrol,automatic,AWD,969,6.7,47701,147,5,5,suv,black,0,no,full,Italy
2117,3 Series,2011,2.4,163,diesel,manual,AWD,188813,6.5,16249,134,4,5,sedan,black,2,no,partial,France
2118,3 Series,2016,1.9,237,petrol,manual,RWD,222243,7.1,21943,152,4,5,sedan,black,2,yes,partial,Spain
2119,X5,2012,4.4,395,diesel,automatic,AWD,158523,10,51082,226,5,5,suv,grey,5,no,,Italy
2120,X5,2019,4.2,356,petrol,automatic,AWD,46458,10.6,78521,218,5,5,suv,silver,1,no,partial,Italy
2121,i3,2021,0,173,electric,automatic,RWD,69403,0,47879,0,5,4,hatchback,white,1,no,partial,USA
2122,X3,2017,2.4,209,petrol,automatic,AWD,102274,9,50677,176,5,5,suv,white,1,no,full,UK
2123,5 Series,2020,3.9,362,diesel,automatic,RWD,67532,8.8,69764,205,4,5,sedan,blue,1,no,full,UK
2124,X5,2011,4.1,408,diesel,automatic,AWD,152428,9.6,49443,199,5,5,suv,white,3,yes,none,Germany
2125,3 Series,2022,3.2,311,hybrid,automatic,AWD,31681,5.7,43567,124,4,5,sedan,silver,1,no,full,France
2126,X3,2022,2,192,hybrid,automatic,RWD,59618,5,58589,120,5,5,suv,black,1,no,partial,Italy
2127,X5,2015,3.9,339,hybrid,automatic,AWD,208121,6.4,53634,136,5,5,suv,grey,1,yes,full,UK
2128,3 Series,2009,2.4,222,hybrid,manual,AWD,243858,4.6,17464,99,4,5,sedan,black,2,no,partial,Germany
2129,5 Series,2023,3.3,321,petrol,,AWD,18409,10,61368,214,4,5,sedan,black,0,no,full,Turkey
2130,1 Series,2013,1.9,197,hybrid,automatic,FWD,168257,4.6,14741,97,3,5,hatchback,white,2,no,partial,Spain
2131,i3,2018,0,181,electric,automatic,RWD,83651,0,48833,0,5,4,hatchback,blue,1,no,full,Germany
2132,5 Series,2020,3.4,341,petrol,automatic,AWD,25931,9.6,55262,203,4,5,sedan,black,2,yes,partial,UK
2133,1 Series,2015,1.7,199,petrol,manual,FWD,69166,7,18192,147,3,4,hatchback,black,2,no,none,France
2134,i3,2011,0,184,electric,automatic,RWD,79738,0,32185,0,5,4,hatchback,red,5,yes,full,UK
2135,X3,2016,3,260,petrol,automatic,RWD,89125,8.2,45488,182,5,5,suv,grey,2,no,partial,Spain
2136,3 Series,2020,2.3,254,hybrid,automatic,AWD,72865,4.6,36074,92,4,5,sedan,grey,0,no,partial,Spain
2137,X3,2010,3.3,273,diesel,automatic,RWD,161147,7.9,32224,164,5,5,suv,black,3,yes,full,UK
2138,3 Series,2014,1.7,155,petrol,manual,AWD,117635,7.1,24349,150,4,5,sedan,silver,2,no,partial,USA
2139,X1,2024,1.6,217,hybrid,automatic,AWD,0,4.3,46163,105,5,5,suv,white,1,no,full,Spain
2140,Z4,2017,2.6,301,petrol,automatic,RWD,108824,9.4,48238,213,2,2,convertible,blue,3,yes,full,Netherlands
2141,1 Series,2019,2.6,259,hybrid,manual,RWD,52906,5.9,27234,118,5,4,hatchback,silver,2,no,full,UK
2142,3 Series,2022,2.8,292,hybrid,automatic,AWD,56693,,44917,117,4,5,sedan,black,1,no,partial,Germany
2143,X3,2005,2.5,250,petrol,automatic,AWD,224750,9.3,22004,206,5,5,suv,black,5,no,none,Spain
2144,5 Series,2021,3.6,298,petrol,automatic,AWD,59070,9.6,66937,201,4,5,sedan,blue,0,no,full,Germany
2145,5 Series,2017,4.4,371,hybrid,automatic,AWD,73879,7.1,57192,175,4,5,sedan,white,2,no,partial,USA
2146,X3,2012,3.3,266,hybrid,automatic,RWD,300000,6.2,26433,129,5,5,suv,red,2,yes,none,Spain
2147,1 Series,2021,2.1,274,diesel,automatic,FWD,82449,6.7,24312,,5,5,hatchback,silver,1,yes,partial,France
2148,X7,2006,3.6,255,petrol,automatic,AWD,300000,10.5,55806,237,5,5,suv,grey,,no,partial,UK
2149,X3,2013,2.1,219,hybrid,automatic,AWD,116266,4.4,36668,93,5,5,suv,grey,3,yes,full,Germany
2150,7 Series,2023,4.4,380,petrol,,AWD,5498,10,93902,218,4,4,sedan,white,0,yes,partial,Netherlands
2151,X5,2007,3.1,273,hybrid,automatic,AWD,239462,5.6,37375,132,5,5,suv,silver,4,no,partial,Spain
2152,1 Series,2023,2.5,196,hybrid,automatic,RWD,18978,5.3,31147,109,5,5,hatchback,black,0,no,full,USA
2153,5 Series,2021,2.6,223,diesel,automatic,AWD,53350,7.1,58360,157,4,5,sedan,white,0,no,full,Italy
2154,X5,2007,3.5,233,hybrid,automatic,AWD,261492,5.5,32757,134,5,5,suv,blue,2,yes,partial,Turkey
2155,X3,2007,2.5,207,diesel,automatic,AWD,300000,7.9,21226,171,5,5,suv,white,4,no,full,Turkey
2156,i7,2022,0,532,electric,automatic,AWD,20126,0,132330,0,4,4,sedan,silver,1,yes,partial,Italy
2157,i7,2018,0,652,electric,automatic,RWD,72439,0,154677,0,4,4,sedan,blue,2,no,full,France
2158,3 Series,2011,2.1,251,hybrid,automatic,AWD,174948,4.9,23291,107,4,5,sedan,grey,3,yes,full,Germany
2159,5 Series,2009,,220,diesel,automatic,AWD,300000,7.3,17384,151,4,5,sedan,white,4,no,none,Turkey
2160,1 Series,2018,2.7,322,diesel,automatic,RWD,56693,6.9,30786,155,5,4,hatchback,grey,1,no,partial,Italy
2161,i3,2012,0,154,electric,automatic,RWD,199863,0,31021,0,5,4,hatchback,black,3,no,full,Netherlands
2162,i3,2024,0,176,electric,automatic,RWD,9079,0,56037,0,5,4,hatchback,blue,0,no,full,Spain
2163,i7,2010,0,257,electric,automatic,RWD,202746,0,72802,0,4,4,sedan,black,3,yes,partial,USA
2164,X5,2016,4.2,343,hybrid,automatic,AWD,137392,6.7,57470,135,5,5,suv,white,2,yes,partial,Netherlands
2165,3 Series,2018,2.1,258,diesel,automatic,RWD,61766,7.4,30223,164,4,5,sedan,blue,1,no,none,France
2166,3 Series,2024,2.2,237,diesel,automatic,RWD,0,7.6,47476,166,4,5,sedan,silver,1,no,full,France
2167,7 Series,2023,3.3,272,hybrid,automatic,RWD,17808,5.9,116913,147,4,5,sedan,black,0,no,full,Spain
2168,X1,2009,2.2,179,hybrid,automatic,FWD,190028,4.4,20966,98,5,5,suv,black,3,no,full,USA
2169,X7,2013,3.5,300,hybrid,automatic,AWD,187225,6.4,87688,144,5,5,suv,silver,3,no,full,Spain
2170,X5,2018,,333,diesel,automatic,AWD,49236,8.1,61515,155,5,5,suv,red,2,yes,partial,Italy
2171,i4,2013,0,359,electric,automatic,AWD,115980,0,56296,0,4,5,coupe,black,2,no,full,USA
2172,X3,2019,3.2,262,petrol,automatic,AWD,70290,8.9,50950,211,5,5,suv,black,1,yes,full,Italy
2173,3 Series,2010,2.5,270,hybrid,automatic,RWD,276160,5.5,16090,132,4,5,sedan,silver,3,no,,Turkey
2174,X7,2012,4.4,458,petrol,automatic,AWD,185451,11.8,74892,257,5,5,suv,blue,2,yes,full,Spain
2175,Z4,2015,2.6,276,petrol,automatic,RWD,143776,8.7,43168,180,2,2,convertible,white,2,no,partial,Netherlands
2176,7 Series,2018,4.3,331,petrol,automatic,RWD,87805,11.8,83919,270,4,5,sedan,black,3,no,partial,France
2177,3 Series,2017,2.6,245,petrol,automatic,AWD,69334,8.2,32351,174,4,5,sedan,,3,no,full,Italy
2178,X7,2018,3.7,371,diesel,automatic,AWD,51823,8.9,108495,192,5,5,suv,black,3,no,full,Italy
2179,X3,2005,2.6,255,petrol,automatic,RWD,171792,8.9,28397,191,5,5,suv,black,4,no,partial,USA
2180,5 Series,2016,2.8,278,hybrid,automatic,AWD,174784,5.7,46026,124,4,5,sedan,blue,3,,full,UK
2181,1 Series,2024,1.7,177,diesel,automatic,RWD,0,6.1,34651,139,5,5,hatchback,red,0,no,full,Germany
2182,X7,2017,3.2,337,hybrid,automatic,AWD,126176,6,102605,139,5,5,suv,white,1,no,full,Netherlands
2183,1 Series,2012,2.5,235,diesel,automatic,FWD,282795,7.5,6185,174,3,4,hatchback,red,3,no,none,Spain
2184,X5,2008,3.1,310,diesel,automatic,AWD,176235,8.6,38996,183,5,5,suv,blue,5,yes,full,Italy
2185,1 Series,2024,2,182,petrol,automatic,RWD,0,8.2,35708,175,3,4,hatchback,silver,0,no,full,Netherlands
2186,5 Series,2010,2.4,260,diesel,automatic,AWD,300000,7.3,19478,161,4,5,sedan,black,3,no,none,Germany
2187,Z4,2021,2.6,290,petrol,automatic,RWD,77514,9,58800,180,2,2,convertible,black,0,no,partial,Spain
2188,1 Series,2007,2.6,223,hybrid,automatic,FWD,178671,5.1,10779,107,3,4,hatchback,silver,4,yes,none,France
2189,3 Series,2021,2.2,164,hybrid,automatic,AWD,58941,4.8,35172,107,4,5,sedan,white,1,no,full,Turkey
2190,5 Series,2023,4.4,358,hybrid,automatic,AWD,26873,7.4,76867,165,4,5,sedan,silver,0,no,full,UK
2191,Z4,2022,,236,petrol,automatic,RWD,36749,8.6,73843,202,2,2,convertible,white,1,,full,Italy
2192,X5,2011,3.4,290,diesel,automatic,AWD,240120,8.6,47589,191,5,5,suv,silver,2,yes,full,Italy
2193,i3,2022,0,170,electric,automatic,RWD,39805,0,51196,0,5,4,hatchback,blue,2,yes,full,Italy
2194,7 Series,2022,3.5,316,hybrid,automatic,AWD,28329,6.1,108372,134,4,5,sedan,black,1,no,full,Italy
2195,Z4,2007,2.4,194,petrol,automatic,RWD,300000,7.2,22537,150,2,2,convertible,blue,5,yes,full,Spain
2196,3 Series,2017,1.9,184,diesel,automatic,RWD,102281,7.5,29479,159,4,5,sedan,black,3,no,,Italy
2197,X7,2006,4.2,366,hybrid,automatic,AWD,300000,6.8,53646,158,5,5,suv,black,5,no,full,UK
2198,3 Series,2018,2.7,208,hybrid,automatic,RWD,110047,5.1,25235,108,4,5,sedan,black,4,no,none,Netherlands
2199,X1,2015,2.2,214,hybrid,automatic,AWD,160273,5.7,31637,117,5,5,suv,black,1,no,full,USA
2200,5 Series,2006,2.9,267,hybrid,automatic,RWD,300000,5.8,21866,120,4,5,sedan,white,3,no,partial,Spain
2201,3 Series,2014,2.3,227,hybrid,automatic,AWD,89628,5,27235,105,4,5,sedan,black,1,yes,full,Germany
2202,i3,2009,0,196,electric,automatic,RWD,97326,0,32612,0,5,4,hatchback,black,3,no,full,Spain
2203,i3,2009,0,163,electric,automatic,RWD,253346,0,16188,0,5,4,hatchback,blue,2,no,none,Netherlands
2204,3 Series,2011,2.5,212,hybrid,automatic,RWD,37372,5.9,33301,140,4,5,sedan,silver,2,no,full,Germany
2205,i4,2012,0,422,electric,automatic,AWD,97708,0,44922,0,4,5,coupe,white,5,yes,partial,UK
2206,i3,2024,0,171,electric,automatic,RWD,0,0,64803,0,5,4,hatchback,,0,no,full,Spain
2207,3 Series,2018,3,234,hybrid,automatic,RWD,127391,,39556,79,4,5,sedan,silver,1,no,full,UK
2208,X7,2024,3.5,333,diesel,automatic,AWD,0,9.2,138035,212,5,5,suv,white,0,no,full,USA
2209,i4,2015,0,327,electric,automatic,AWD,174825,0,42405,0,4,5,coupe,black,1,yes,partial,UK
2210,i3,2015,0,151,electric,automatic,RWD,132962,0,33486,0,5,4,hatchback,white,2,yes,full,Netherlands
2211,X3,2022,3.1,265,hybrid,automatic,RWD,32566,6.4,60318,135,5,5,suv,black,0,no,partial,UK
2212,3 Series,2023,3.1,232,diesel,automatic,RWD,2486,7.7,46903,163,4,5,sedan,white,0,no,full,Italy
2213,7 Series,2012,4.7,423,petrol,automatic,RWD,300000,11.7,57080,268,4,4,sedan,white,2,yes,none,France
2214,3 Series,2008,2.6,212,hybrid,automatic,AWD,300000,5.7,9720,118,4,5,sedan,black,5,no,full,Germany
2215,3 Series,2019,2.2,232,diesel,automatic,RWD,114151,6.9,31130,137,4,5,sedan,red,2,yes,full,France
2216,X3,2015,2.5,188,hybrid,automatic,AWD,150728,5.1,41275,123,5,5,suv,blue,3,no,full,France
2217,i7,2007,0,509,electric,automatic,AWD,300000,0,81922,0,4,4,sedan,black,3,yes,partial,UK
2218,X5,2017,4.1,293,diesel,automatic,AWD,88328,9,72592,209,5,5,suv,blue,1,no,full,Germany
2219,1 Series,2007,1.6,195,hybrid,automatic,RWD,170517,4.7,9999,103,5,5,hatchback,white,2,no,none,France
2220,1 Series,2019,2.8,258,petrol,automatic,FWD,56684,9.2,26843,211,3,5,hatchback,blue,2,no,partial,UK
2221,X5,2020,3,229,diesel,automatic,AWD,71280,7.5,65743,164,5,5,suv,black,1,yes,full,Germany
2222,7 Series,2019,4.2,306,petrol,automatic,RWD,26542,9.9,104238,208,4,4,sedan,black,1,no,full,Germany
2223,X5,2018,3.1,331,petrol,automatic,AWD,84629,10,68258,205,5,5,suv,silver,3,no,partial,Spain
2224,7 Series,2019,3.7,399,hybrid,automatic,AWD,54561,6.3,109231,128,4,4,sedan,white,2,no,full,UK
2225,X3,2016,2.3,246,diesel,automatic,RWD,144430,7.4,41294,163,5,5,suv,red,3,yes,full,Italy
2226,i7,2014,0,598,electric,automatic,RWD,91346,0,133305,0,4,5,sedan,black,2,no,full,USA
2227,X3,2020,3.2,250,petrol,automatic,AWD,88085,9.3,45590,196,5,5,suv,white,1,yes,full,Italy
2228,X7,2009,3.8,361,hybrid,automatic,AWD,114531,6.3,86620,132,5,5,suv,white,3,no,full,Germany
2229,X5,2008,3.5,265,diesel,automatic,AWD,267984,9.7,38486,222,5,5,suv,black,3,yes,full,Spain
2230,Z4,2012,2.4,323,petrol,automatic,RWD,258803,9.2,39160,194,2,2,convertible,black,2,no,none,UK
2231,7 Series,2014,0,453,electric,automatic,RWD,169696,0,76985,0,4,4,sedan,black,1,yes,full,USA
2232,3 Series,2020,2.8,289,hybrid,automatic,RWD,65686,4.7,47048,,4,5,sedan,red,2,no,full,USA
2233,X3,2008,3.4,277,petrol,automatic,AWD,88896,10.2,34229,232,5,5,suv,silver,4,yes,full,Italy
2234,X1,2006,2.2,209,hybrid,automatic,AWD,300000,4.9,13925,110,5,5,suv,black,4,no,none,Spain
2235,X5,2021,4.4,410,hybrid,automatic,AWD,47712,7.1,88885,145,5,5,suv,black,0,no,full,UK
2236,Z4,2008,,228,petrol,automatic,RWD,118653,9.1,39150,200,2,2,convertible,white,2,no,partial,UK
2237,i7,2017,0,519,electric,automatic,AWD,139329,0,136846,0,4,5,sedan,black,2,no,full,USA
2238,X1,2006,2.1,246,hybrid,automatic,AWD,243389,4.8,12362,111,5,5,suv,silver,5,no,full,Netherlands
2239,3 Series,2023,3.3,374,diesel,automatic,RWD,16483,8.2,51651,174,4,5,sedan,black,0,no,full,Spain
2240,X5,2017,3.7,317,diesel,automatic,AWD,93607,8.8,73198,182,5,5,suv,black,2,no,full,Italy
2241,i3,2024,0,186,electric,automatic,RWD,0,0,64878,,5,4,hatchback,white,0,no,full,Germany
2242,3 Series,2007,3.1,294,hybrid,automatic,AWD,300000,6.2,13385,150,4,5,sedan,red,4,yes,partial,Germany
2243,5 Series,2005,3.2,214,diesel,automatic,AWD,300000,8.1,16557,178,4,5,sedan,blue,4,yes,partial,France
2244,X3,2022,2.4,206,diesel,automatic,AWD,42627,,69580,164,5,5,suv,black,0,no,full,UK
2245,X1,2011,1.6,127,petrol,automatic,FWD,246926,6.1,18112,132,5,5,suv,white,4,no,partial,UK
2246,X7,2015,3.5,224,petrol,automatic,AWD,170136,9.7,87397,211,5,5,suv,black,2,no,,Italy
2247,X5,2015,3.3,324,diesel,automatic,AWD,99308,8.4,55863,172,5,5,suv,white,4,no,partial,Italy
2248,X7,2014,3.7,332,hybrid,automatic,AWD,202484,6.5,79802,146,5,5,suv,silver,3,yes,full,Netherlands
2249,Z4,2018,2.8,223,petrol,automatic,RWD,92833,9.2,58475,203,2,2,convertible,red,3,no,full,France
2250,X7,2020,4.2,381,hybrid,automatic,AWD,69449,6.7,118761,134,5,5,suv,black,1,no,full,Italy
2251,X3,2011,2.9,316,diesel,automatic,AWD,178738,8.4,31896,189,5,5,suv,black,3,no,partial,USA
2252,X5,2021,3.9,349,petrol,automatic,AWD,14078,10,75325,210,5,5,suv,silver,0,no,none,Italy
2253,i4,2012,0,320,electric,,RWD,187211,0,41635,0,4,5,coupe,white,2,no,full,Turkey
2254,X7,2024,3.5,259,petrol,automatic,AWD,0,9.1,139798,203,5,5,suv,blue,0,no,full,Germany
2255,X1,2018,1.7,141,diesel,automatic,FWD,98016,6.1,24770,141,5,5,suv,white,3,yes,none,Netherlands
2256,5 Series,2022,2.5,273,diesel,automatic,RWD,36634,7.7,57279,162,4,5,sedan,grey,2,no,full,UK
2257,7 Series,2020,0,426,electric,automatic,RWD,16970,0,128643,0,4,5,sedan,white,,no,full,Turkey
2258,i7,2019,0,532,electric,automatic,RWD,29099,0,130622,0,4,4,sedan,grey,1,yes,none,Spain
2259,X7,2016,3.6,314,diesel,automatic,AWD,122166,7.8,83452,170,5,5,suv,white,4,no,partial,USA
2260,X1,2011,1.6,212,petrol,automatic,FWD,133746,7.1,26403,153,5,5,suv,blue,3,no,partial,Netherlands
2261,3 Series,2017,2.4,226,diesel,automatic,AWD,152030,7,28612,157,4,5,sedan,black,1,no,partial,Netherlands
2262,1 Series,2020,,281,hybrid,automatic,FWD,90469,5.8,25215,133,5,4,hatchback,black,1,no,full,Turkey
2263,Z4,2013,3,264,petrol,automatic,RWD,231535,9.3,31364,209,2,2,convertible,silver,5,yes,none,UK
2264,3 Series,2022,2.3,172,diesel,automatic,AWD,29948,6.9,34348,161,4,5,sedan,white,2,yes,full,Turkey
2265,i3,2024,0,226,electric,automatic,RWD,25498,0,52726,0,5,4,hatchback,black,0,yes,full,Turkey
2266,3 Series,2023,2.4,222,petrol,automatic,RWD,18800,8.9,47334,214,4,5,sedan,silver,1,no,full,Germany
2267,5 Series,2023,2.6,281,diesel,automatic,AWD,14159,7.7,66390,170,4,5,sedan,white,0,no,full,Spain
2268,i7,2015,0,421,electric,automatic,RWD,116487,0,128724,0,4,5,sedan,grey,3,no,full,UK
2269,5 Series,2011,3.4,347,hybrid,automatic,AWD,180205,5.4,42587,105,4,5,sedan,silver,4,no,partial,UK
2270,i3,2005,0,186,electric,automatic,RWD,257824,0,16016,0,5,4,hatchback,blue,5,yes,partial,USA
2271,3 Series,2012,2.4,214,hybrid,,AWD,240642,4.9,16848,109,4,5,sedan,white,5,no,partial,UK
2272,X5,2021,4.1,252,diesel,automatic,AWD,55158,9.2,77835,213,5,5,suv,black,1,no,full,Netherlands
2273,X7,2013,3.3,274,diesel,automatic,AWD,157711,8.9,80448,189,5,5,suv,white,4,no,partial,Netherlands
2274,3 Series,2016,3,233,hybrid,automatic,AWD,162266,5.9,31487,115,4,5,sedan,white,3,no,full,USA
2275,5 Series,2021,3.5,298,diesel,automatic,AWD,57870,,55557,180,4,5,sedan,black,1,no,full,Spain
2276,Z4,2024,2.8,210,petrol,automatic,RWD,7309,7.3,66057,168,2,2,convertible,black,1,no,full,Turkey
2277,X1,2022,2.4,252,hybrid,automatic,FWD,49391,4.8,48674,92,5,5,suv,black,2,no,full,Spain
2278,X5,2010,3.6,306,petrol,automatic,AWD,207992,10.5,46208,236,5,5,suv,white,3,no,full,France
2279,X7,2013,3.7,367,petrol,automatic,AWD,148822,10.3,82868,221,5,5,suv,white,3,no,partial,Italy
2280,X1,2021,1.9,172,hybrid,automatic,AWD,19595,4.2,44230,101,5,5,suv,grey,0,no,full,USA
2281,X1,2018,1.8,175,petrol,automatic,FWD,66443,7.6,33686,162,5,5,suv,white,1,no,none,Germany
2282,3 Series,2022,3.2,298,petrol,manual,AWD,30477,9.5,52532,199,4,5,sedan,silver,1,no,full,USA
2283,3 Series,2019,2.4,215,diesel,manual,AWD,52527,7.5,31343,183,4,5,sedan,silver,,yes,full,Spain
2284,3 Series,2015,2.6,231,petrol,automatic,RWD,160351,8.6,32211,195,4,5,sedan,silver,3,no,full,UK
2285,3 Series,2021,,178,hybrid,automatic,RWD,50637,,33336,79,4,5,sedan,silver,1,yes,full,France
2286,X1,2014,2,160,hybrid,,AWD,154768,4.4,23822,102,5,5,suv,grey,2,yes,full,USA
2287,X3,2020,3,264,diesel,automatic,RWD,27453,7.5,59893,167,5,5,suv,silver,0,no,full,France
2288,3 Series,2013,2.2,283,diesel,manual,RWD,116069,7.5,34112,161,4,5,sedan,silver,2,no,full,Turkey
2289,X1,2022,2.3,218,hybrid,automatic,FWD,22312,4.4,45879,97,5,5,suv,grey,1,no,partial,France
2290,X7,2022,3.1,256,diesel,automatic,AWD,29144,7.5,114368,170,5,5,suv,black,1,no,partial,Spain
2291,X7,2023,3.3,218,hybrid,automatic,AWD,17350,5.7,102384,125,5,5,suv,silver,1,no,partial,Italy
2292,X5,2007,3.5,316,hybrid,automatic,AWD,300000,5.7,40462,135,5,5,suv,white,3,no,full,Spain
2293,3 Series,2012,,216,diesel,manual,RWD,249631,6,14451,132,4,5,sedan,blue,3,yes,partial,Netherlands
2294,X3,2022,2.2,237,diesel,automatic,RWD,54036,6.2,63093,135,5,5,suv,white,1,no,full,France
2295,X7,2023,4,324,diesel,automatic,AWD,5166,9.1,130521,210,5,5,suv,silver,0,no,full,UK
2296,X1,2006,2.1,213,petrol,automatic,AWD,300000,8.4,15492,190,5,5,suv,black,3,no,full,France
2297,X7,2022,4.3,337,hybrid,automatic,AWD,33036,7.4,128067,171,5,5,suv,white,0,no,full,Germany
2298,5 Series,2020,3.7,308,diesel,automatic,RWD,56437,9.2,52325,208,4,5,sedan,,1,no,none,USA
2299,5 Series,2023,3.2,230,hybrid,automatic,RWD,0,5.3,63061,122,4,5,sedan,red,0,no,full,Italy
2300,X5,2014,3.5,273,diesel,automatic,AWD,82349,,65709,184,5,5,suv,silver,2,yes,full,Germany
2301,3 Series,2007,2.2,230,petrol,manual,AWD,160976,8.4,17187,179,4,5,sedan,black,4,yes,full,Turkey
2302,3 Series,2022,3,257,diesel,automatic,AWD,47482,7.5,40488,171,4,5,sedan,white,0,no,full,Italy
2303,5 Series,2020,2.5,272,petrol,automatic,AWD,20862,9.2,56060,200,4,5,sedan,white,1,no,partial,Italy
2304,X3,2013,2,213,diesel,automatic,RWD,187679,7.8,37205,160,5,5,suv,white,3,no,partial,Italy
2305,X5,2013,,255,petrol,automatic,AWD,171027,8.7,56320,200,5,5,suv,white,4,no,partial,USA
2306,X3,2024,2.9,296,petrol,automatic,RWD,0,9.3,70304,,5,5,suv,silver,0,no,partial,Netherlands
2307,X1,2019,1.7,147,diesel,automatic,FWD,150491,6.2,30850,139,5,5,suv,black,1,no,partial,Spain
2308,1 Series,2016,1.7,152,petrol,automatic,RWD,93205,7.9,19950,182,5,5,hatchback,white,4,no,full,Germany
2309,5 Series,2013,3.8,308,hybrid,automatic,RWD,113026,6.4,39681,122,4,5,sedan,blue,2,no,partial,France
2310,1 Series,2017,2.4,250,diesel,automatic,RWD,136179,6,24431,121,5,5,hatchback,silver,1,no,partial,UK
2311,X5,2016,3.3,291,hybrid,automatic,AWD,129880,5.3,63396,112,5,5,suv,silver,4,no,full,USA
2312,X3,2022,3.5,322,hybrid,automatic,RWD,10542,6,70015,128,5,5,suv,blue,1,no,,UK
2313,1 Series,2016,2.6,267,petrol,automatic,FWD,70958,8.7,21707,192,5,5,hatchback,white,3,no,partial,Germany
2314,i4,2014,0,322,electric,automatic,AWD,143575,0,54618,0,4,5,coupe,,1,no,full,Spain
2315,i7,2015,0,627,electric,automatic,AWD,102367,0,144775,0,4,4,sedan,silver,3,no,full,UK
2316,i4,2008,0,295,electric,automatic,RWD,300000,0,29076,0,4,5,coupe,black,2,yes,partial,Netherlands
2317,X5,2019,3.7,233,hybrid,automatic,AWD,65030,5.7,77884,120,5,5,suv,black,3,no,full,Italy
2318,X1,2023,2.1,185,petrol,automatic,AWD,0,7.2,51651,168,5,5,suv,white,0,no,full,France
2319,5 Series,2016,2.3,226,hybrid,,AWD,88670,,45977,111,4,5,sedan,white,2,no,partial,UK
2320,1 Series,2014,1.9,200,hybrid,manual,RWD,151239,4.2,16971,86,5,5,hatchback,black,4,no,full,UK
2321,7 Series,2024,0,433,electric,automatic,RWD,18691,0,115582,0,4,5,sedan,silver,0,yes,full,Netherlands
2322,X1,2022,2.1,169,petrol,automatic,FWD,29343,7.3,41721,164,5,5,suv,black,1,no,full,France
2323,5 Series,2022,4.3,379,petrol,automatic,RWD,18670,11.2,77291,252,4,5,sedan,white,0,no,full,Germany
2324,1 Series,2021,1.8,193,hybrid,automatic,RWD,42625,,29684,,3,4,hatchback,red,2,no,full,Netherlands
2325,X1,2023,2.4,203,diesel,automatic,FWD,11855,7.6,45896,175,5,5,suv,white,1,no,partial,Spain
2326,3 Series,2021,2.3,218,diesel,automatic,RWD,76117,6.5,38533,134,4,5,sedan,silver,1,no,full,Italy
2327,3 Series,2008,3.3,277,petrol,automatic,RWD,203377,9.3,18275,207,4,5,sedan,white,4,,full,Spain
2328,i7,2010,0,373,electric,automatic,RWD,190504,0,97967,0,4,4,sedan,silver,3,no,full,Netherlands
2329,Z4,2022,2.8,245,petrol,automatic,RWD,28501,8.9,75956,189,2,2,convertible,silver,1,no,full,Netherlands
2330,3 Series,2023,2.2,164,hybrid,automatic,RWD,26724,5,38897,111,4,5,sedan,silver,0,no,partial,Netherlands
2331,5 Series,2006,2.9,198,petrol,automatic,AWD,300000,8.4,20585,179,4,5,sedan,blue,2,no,none,Netherlands
2332,1 Series,2023,2.8,243,hybrid,automatic,FWD,19630,5.3,28674,121,5,4,hatchback,red,0,yes,partial,USA
2333,1 Series,2005,2.3,260,diesel,manual,RWD,109626,7.4,15563,163,5,4,hatchback,blue,2,no,full,Germany
2334,3 Series,2023,2.3,269,petrol,automatic,AWD,17985,7.5,49733,173,4,5,sedan,blue,0,no,full,USA
2335,X3,2008,2.4,163,petrol,automatic,RWD,177326,8.3,26421,183,5,5,suv,grey,3,yes,full,Spain
2336,X3,2021,2.2,231,hybrid,automatic,AWD,52669,5.2,55750,107,5,5,suv,white,1,no,full,Turkey
2337,5 Series,2019,4.1,344,diesel,automatic,AWD,91951,8.8,50973,199,4,5,sedan,grey,2,no,partial,Spain
2338,X5,2017,3,285,diesel,automatic,AWD,93906,8.3,66183,195,5,5,suv,white,1,no,full,Turkey
2339,X1,2021,1.7,131,diesel,automatic,AWD,62299,6.8,40776,142,5,5,suv,grey,0,no,full,Netherlands
2340,X7,2023,4.4,340,hybrid,automatic,AWD,26935,7.1,125272,144,5,5,suv,silver,0,no,partial,France
2341,X7,2010,4.2,360,petrol,automatic,AWD,169533,11,61230,251,5,5,suv,white,4,yes,full,Netherlands
2342,X3,2020,3,334,hybrid,automatic,AWD,62303,6,65236,120,5,5,suv,black,1,no,full,UK
2343,i4,2016,0,413,electric,automatic,RWD,123001,0,56483,0,4,5,coupe,grey,1,yes,full,France
2344,X5,2021,3.3,292,diesel,automatic,AWD,43810,7.7,78833,185,5,5,suv,black,1,no,full,Netherlands
2345,X3,2018,3.3,277,petrol,automatic,AWD,86835,10,58588,199,5,5,suv,black,1,no,full,Germany
2346,3 Series,2024,2.2,187,petrol,manual,AWD,0,7.6,47511,152,4,5,sedan,grey,0,no,full,UK
2347,X3,2023,2.2,202,hybrid,automatic,AWD,12435,4.8,64686,105,5,5,suv,white,0,,full,Turkey
2348,X3,2013,3,324,petrol,automatic,AWD,171004,9.2,33676,204,5,5,suv,silver,5,,full,Spain
2349,1 Series,2021,1.8,167,hybrid,manual,RWD,25479,4.5,27650,113,5,5,hatchback,grey,2,no,partial,Germany
2350,5 Series,2014,2.1,195,hybrid,automatic,AWD,221678,4.4,35543,104,4,5,sedan,silver,4,no,full,UK
2351,i3,2017,0,167,electric,automatic,RWD,98414,0,35882,0,5,4,hatchback,black,3,yes,full,Netherlands
2352,3 Series,2018,1.6,129,diesel,automatic,AWD,118952,5.6,28776,126,4,5,sedan,silver,1,no,full,Netherlands
2353,X7,2010,4.1,324,hybrid,automatic,AWD,178500,6.7,76068,155,5,5,suv,white,3,no,full,USA
2354,i3,2016,0,166,electric,automatic,RWD,156332,0,34584,0,5,4,hatchback,black,2,no,full,Turkey
2355,i7,2009,0,312,electric,automatic,AWD,248184,0,58834,0,4,4,sedan,white,5,yes,none,Turkey
2356,1 Series,2024,1.9,151,petrol,manual,FWD,12082,8.1,29704,179,3,5,hatchback,white,0,no,full,Germany
2357,i3,2022,0,191,electric,automatic,RWD,31398,0,57782,0,5,4,hatchback,grey,1,no,partial,France
2358,X1,2023,2.3,252,hybrid,automatic,FWD,4273,5,53071,129,5,5,suv,grey,0,no,full,Netherlands
2359,i3,2019,0,172,electric,automatic,RWD,107151,0,41054,0,5,4,hatchback,blue,2,no,none,Germany
2360,X5,2007,4.1,312,hybrid,automatic,AWD,300000,6,32550,128,5,5,suv,white,3,,partial,UK
2361,X1,2021,1.5,140,petrol,automatic,AWD,49392,7.6,38279,175,5,5,suv,black,1,no,partial,France
2362,X3,2018,2.8,247,hybrid,automatic,AWD,75985,5.5,47121,130,5,5,suv,silver,2,no,partial,Germany
2363,3 Series,2022,3.4,365,diesel,automatic,AWD,26423,9.1,50486,201,4,5,sedan,white,1,no,full,Germany
2364,X1,2024,1.6,178,petrol,automatic,AWD,249,6.8,49173,135,5,5,suv,red,0,no,full,Spain
2365,i3,2023,0,185,electric,automatic,RWD,29461,0,61282,0,5,4,hatchback,silver,0,no,full,UK
2366,X5,2014,3.7,338,hybrid,automatic,AWD,173099,6.3,65545,125,5,5,suv,black,1,no,partial,France
2367,Z4,2013,2.7,301,petrol,automatic,RWD,141859,8.8,39547,204,2,2,convertible,white,4,yes,full,Spain
2368,i7,2018,0,404,electric,automatic,AWD,105442,0,139209,0,4,4,sedan,white,1,no,full,Netherlands
2369,5 Series,2022,3.2,273,hybrid,automatic,RWD,54040,5.4,62372,124,4,5,sedan,blue,2,no,full,USA
2370,1 Series,2006,2.8,275,diesel,manual,RWD,196949,7.4,7637,155,3,5,hatchback,black,4,yes,partial,France
2371,X3,2008,2.1,242,hybrid,automatic,RWD,247279,5,20333,120,5,5,suv,grey,3,yes,none,Spain
2372,X3,2012,3.4,293,diesel,automatic,AWD,180263,9,36728,187,5,5,suv,black,4,yes,full,Netherlands
2373,X5,2013,3.7,390,hybrid,automatic,AWD,138411,6.7,68868,150,5,5,suv,black,5,no,full,Italy
2374,3 Series,2010,2.6,183,diesel,automatic,RWD,265518,7.3,16450,164,4,5,sedan,white,3,no,full,Germany
2375,i7,2016,0,437,electric,automatic,RWD,59139,0,116656,0,4,4,sedan,black,1,no,none,Spain
2376,1 Series,2022,2.6,244,hybrid,automatic,FWD,62523,5.5,28626,117,5,5,hatchback,silver,1,no,full,Netherlands
2377,X5,2012,4.3,380,diesel,automatic,AWD,174794,10.2,52123,221,5,5,suv,blue,2,no,none,USA
2378,5 Series,2007,,203,hybrid,automatic,RWD,251187,5.5,20405,120,4,5,sedan,black,4,no,partial,Turkey
2379,3 Series,2013,1.7,149,diesel,manual,AWD,72815,6.5,24831,147,4,5,sedan,red,3,yes,full,Germany
2380,5 Series,2010,3.8,330,hybrid,automatic,RWD,222527,6.6,27789,161,4,5,sedan,black,4,yes,,UK
2381,X3,2005,3.1,259,hybrid,automatic,AWD,300000,6.1,13334,139,5,5,suv,white,4,yes,none,Netherlands
2382,3 Series,2014,3.3,315,diesel,automatic,RWD,241712,7.3,19812,173,4,5,sedan,,1,yes,,Italy
2383,7 Series,2022,4.4,361,diesel,,AWD,38650,9.1,111856,210,4,5,sedan,grey,1,no,partial,Netherlands
2384,1 Series,2019,1.7,160,diesel,manual,RWD,85869,5.7,17853,135,5,5,hatchback,white,4,no,partial,France
2385,5 Series,2010,2.8,240,petrol,automatic,RWD,144464,9.4,36240,197,4,5,sedan,blue,5,no,partial,Netherlands
2386,X5,2012,4.2,325,hybrid,automatic,AWD,148881,6.7,61073,146,5,5,suv,silver,4,no,full,UK
2387,1 Series,2017,2.5,220,diesel,manual,RWD,114334,7.8,15416,176,5,5,hatchback,grey,1,yes,partial,Turkey
2388,X5,2019,4.3,417,petrol,automatic,AWD,92951,10.8,61081,226,5,5,suv,black,1,yes,partial,Spain
2389,i7,2019,0,381,electric,automatic,RWD,88751,0,168992,0,4,4,sedan,silver,2,no,full,Spain
2390,X3,2020,2.5,220,diesel,automatic,AWD,31086,6.7,59286,168,5,5,suv,black,2,,full,Spain
2391,i7,2020,0,596,electric,automatic,AWD,44155,0,155521,0,4,4,sedan,red,0,no,partial,France
2392,X7,2006,4,235,diesel,automatic,AWD,87890,8.9,67937,196,5,5,suv,black,4,no,full,UK
2393,3 Series,2019,2.4,276,petrol,automatic,RWD,20892,8.9,43457,192,4,5,sedan,grey,2,no,full,Germany
2394,Z4,2022,2.2,156,petrol,automatic,RWD,0,7.5,70179,171,2,2,convertible,black,1,no,full,Netherlands
2395,X1,2023,2,167,petrol,automatic,FWD,0,8.5,47001,200,5,5,suv,black,0,no,partial,Germany
2396,1 Series,2021,2.9,316,petrol,manual,FWD,32167,9.3,32843,199,5,5,hatchback,black,1,no,full,France
2397,1 Series,2021,2.3,264,hybrid,automatic,RWD,57521,5.1,24559,102,3,4,hatchback,white,0,no,partial,Turkey
2398,X7,2013,,331,petrol,automatic,AWD,142629,9.7,93517,206,5,5,suv,black,2,no,full,UK
2399,X7,2008,3.8,359,diesel,automatic,AWD,211588,8.7,72216,,5,5,suv,white,2,no,full,Netherlands
2400,X1,2010,2.4,279,petrol,automatic,AWD,138187,8.4,30184,178,5,5,suv,white,2,no,full,France
2401,5 Series,2023,3.8,361,petrol,automatic,AWD,12494,10.4,77088,229,4,5,sedan,red,0,no,full,France
2402,i3,2020,0,248,electric,automatic,RWD,97576,0,54639,0,5,4,hatchback,grey,1,no,full,Netherlands
2403,X3,2010,2.7,228,diesel,automatic,RWD,181457,7.5,32033,174,5,5,suv,grey,3,no,,Italy
2404,X7,2023,3.9,291,petrol,automatic,AWD,1045,10.8,130892,243,5,5,suv,blue,0,,full,UK
2405,5 Series,2008,4.3,378,hybrid,automatic,AWD,221479,6.9,31024,149,4,5,sedan,blue,4,no,full,USA
2406,X3,2010,2.3,243,diesel,automatic,AWD,273634,6.9,23614,151,5,5,suv,grey,3,no,partial,Germany
2407,Z4,2018,2.1,207,petrol,automatic,RWD,91727,8.2,54710,179,2,2,convertible,black,4,no,,Netherlands
2408,5 Series,2012,3,190,diesel,automatic,RWD,147013,7.6,33898,176,4,5,sedan,white,4,,full,UK
2409,3 Series,2008,2.9,226,petrol,automatic,RWD,240384,9.6,17165,191,4,5,sedan,black,2,no,full,USA
2410,X3,2016,,279,petrol,automatic,RWD,145388,9.3,45403,210,5,5,suv,black,1,no,partial,Netherlands
2411,5 Series,2017,4.3,380,diesel,automatic,AWD,107418,10.2,55121,210,4,5,sedan,blue,2,no,full,USA
2412,X1,2015,1.6,127,hybrid,automatic,FWD,170272,4.3,27134,97,5,5,suv,black,1,no,partial,UK
2413,5 Series,2024,2.8,241,petrol,automatic,AWD,0,8.6,73062,207,4,5,sedan,black,1,no,full,Netherlands
2414,Z4,2022,2.3,194,petrol,automatic,RWD,23158,7.6,57146,157,2,2,convertible,white,0,yes,full,Turkey
2415,X1,2012,1.9,237,diesel,,FWD,168317,6.1,26508,144,5,5,suv,grey,5,no,full,Netherlands
2416,3 Series,2015,1.8,205,petrol,automatic,RWD,108032,7.6,23896,173,4,5,sedan,black,3,no,partial,USA
2417,X1,2016,2.3,293,diesel,automatic,FWD,142864,7.7,33880,181,5,5,suv,blue,2,no,full,UK
2418,X3,2013,2.2,186,hybrid,automatic,AWD,138924,4.5,34459,106,5,5,suv,black,2,,full,Spain
2419,X5,2018,3,256,petrol,automatic,AWD,75019,9.6,82793,198,5,5,suv,grey,1,no,full,France
2420,Z4,2021,2.9,267,petrol,automatic,RWD,20185,9.6,74380,221,2,2,convertible,grey,2,no,full,Germany
2421,5 Series,2023,3.2,281,diesel,automatic,AWD,37170,8.4,60166,177,4,5,sedan,silver,1,no,full,Italy
2422,3 Series,2021,3.3,247,hybrid,automatic,RWD,29115,6.2,47351,121,4,5,sedan,silver,0,no,full,Italy
2423,X5,2016,3.7,311,hybrid,automatic,AWD,43959,6.5,53685,132,5,5,suv,white,4,yes,partial,Italy
2424,7 Series,2015,3.1,290,diesel,automatic,AWD,91456,7.9,75547,159,4,4,sedan,black,1,no,partial,Spain
2425,3 Series,2024,2,186,hybrid,automatic,RWD,10161,,47097,86,4,5,sedan,black,1,no,full,Netherlands
2426,X1,2013,1.7,157,diesel,automatic,FWD,199585,6.6,22753,147,5,5,suv,white,5,no,full,Turkey
2427,i4,2021,0,531,electric,automatic,AWD,45201,0,94260,0,4,5,coupe,white,2,no,full,USA
2428,X1,2020,2.3,241,hybrid,automatic,AWD,55065,4.4,44195,93,5,5,suv,silver,1,no,full,Italy
2429,X7,2020,3.1,318,petrol,automatic,AWD,24772,9.5,118762,199,5,5,suv,silver,1,no,full,Netherlands
2430,5 Series,2022,3.8,361,diesel,automatic,RWD,52890,9.7,63976,203,4,5,sedan,white,1,no,full,France
2431,X3,2022,3,288,petrol,automatic,RWD,32394,9.7,63868,215,5,5,suv,white,,no,full,Turkey
2432,5 Series,2015,4,353,hybrid,automatic,RWD,83320,6.5,42376,138,4,5,sedan,black,2,no,none,Netherlands
2433,X3,2022,2.6,214,petrol,automatic,RWD,25758,8.8,62936,196,5,5,suv,red,1,no,full,Spain
2434,i7,2018,0,478,electric,automatic,AWD,80649,0,163247,0,4,4,sedan,grey,1,no,full,UK
2435,Z4,2019,2.4,231,petrol,automatic,RWD,63781,7.9,50664,181,2,2,convertible,silver,2,no,partial,Turkey
2436,X5,2015,3.2,270,petrol,automatic,AWD,120678,9.4,57906,192,5,5,suv,,3,no,none,UK
2437,X3,2022,2.1,183,petrol,automatic,RWD,0,7.5,61904,173,5,5,suv,black,0,no,full,Italy
2438,i3,2021,0,159,electric,automatic,RWD,51533,0,52524,0,5,4,hatchback,white,1,,partial,Italy
2439,X3,2021,2,174,hybrid,automatic,AWD,46650,4.4,55774,82,5,5,suv,black,0,no,full,UK
2440,3 Series,2023,3.1,229,hybrid,,AWD,12521,5.5,44243,,4,5,sedan,white,1,no,full,Spain
2441,X1,2023,1.8,159,diesel,automatic,FWD,40653,6.3,43494,144,5,5,suv,,1,no,full,UK
2442,X5,2019,3.1,311,diesel,automatic,AWD,50402,6.8,62118,156,5,5,suv,grey,4,yes,partial,USA
2443,X1,2010,1.9,224,hybrid,automatic,FWD,200883,4.3,26885,112,5,5,suv,white,2,no,full,Netherlands
2444,3 Series,2009,1.8,181,petrol,manual,RWD,184077,7.5,13885,157,4,5,sedan,silver,3,yes,none,Germany
2445,1 Series,2024,2.2,254,petrol,automatic,RWD,24146,8.4,33665,181,5,5,hatchback,black,0,no,full,France
2446,X3,2022,2,222,petrol,automatic,AWD,29768,7.7,59286,162,5,5,suv,black,1,no,full,UK
2447,X3,2021,3.5,267,petrol,automatic,AWD,55661,8.7,57974,188,5,5,suv,black,2,no,full,Netherlands
2448,X1,2013,2.1,212,diesel,automatic,FWD,225080,6.4,20247,130,5,5,suv,red,3,yes,partial,Turkey
2449,X1,2019,1.5,165,hybrid,automatic,FWD,77274,3.9,36248,77,5,5,suv,silver,2,no,full,USA
2450,7 Series,2022,3.6,284,petrol,automatic,RWD,34549,10.1,114190,202,4,4,sedan,blue,1,no,full,Germany
2451,1 Series,2014,1.9,191,diesel,manual,RWD,156138,6.4,14352,142,5,4,hatchback,grey,1,no,full,UK
2452,i3,2018,0,153,electric,automatic,RWD,93465,0,32362,0,5,4,hatchback,white,4,yes,partial,Netherlands
2453,7 Series,2023,0,487,electric,automatic,AWD,6783,0,121204,,4,4,sedan,white,1,no,full,Turkey
2454,1 Series,2022,2.7,265,petrol,automatic,RWD,17904,8.2,32844,170,3,5,hatchback,black,1,no,full,USA
2455,X1,2015,2.4,223,petrol,automatic,AWD,115938,8.3,30527,180,5,5,suv,red,3,yes,full,Turkey
2456,X7,2007,4,361,hybrid,automatic,AWD,300000,6.5,60444,137,5,5,suv,white,2,no,full,Germany
2457,3 Series,2014,2.5,248,diesel,manual,RWD,120177,6.6,23729,140,4,5,sedan,white,4,yes,partial,UK
2458,X3,2010,2.9,225,petrol,automatic,AWD,165380,9.7,29455,191,5,5,suv,silver,3,no,partial,Italy
2459,X5,2019,4.3,343,petrol,automatic,AWD,74806,11.2,79044,269,5,5,suv,grey,3,no,partial,UK
2460,3 Series,2023,2.7,273,diesel,automatic,AWD,23558,7.6,50005,168,4,5,sedan,white,1,no,full,UK
2461,X3,2018,2.5,205,diesel,automatic,AWD,76452,7.1,52373,174,5,5,suv,black,2,no,full,Italy
2462,5 Series,2016,2.6,263,hybrid,automatic,AWD,134087,5.5,40488,106,4,5,sedan,,4,no,partial,Turkey
2463,i3,2023,0,157,electric,automatic,RWD,1773,0,53122,0,5,4,hatchback,silver,1,no,partial,France
2464,1 Series,2009,2.2,171,diesel,manual,RWD,161117,7,10045,152,3,4,hatchback,silver,2,no,partial,Italy
2465,X1,2010,1.8,201,hybrid,automatic,FWD,143117,4.7,22639,111,5,5,suv,,3,,full,Italy
2466,3 Series,2023,3.2,257,petrol,automatic,RWD,10986,9.4,49692,213,4,5,sedan,black,0,no,full,Turkey
2467,5 Series,2024,2.3,209,diesel,automatic,AWD,12388,6.8,67192,158,4,5,sedan,grey,0,no,full,France
2468,i4,2011,0,382,electric,automatic,RWD,189561,0,36601,0,4,5,coupe,white,2,yes,partial,Turkey
2469,X7,2011,3.8,329,diesel,automatic,AWD,117141,8.9,64744,185,5,5,suv,grey,3,yes,partial,Spain
2470,1 Series,2017,2.9,277,petrol,,RWD,37446,10.2,22594,234,5,4,hatchback,black,,yes,partial,Netherlands
2471,i3,2016,0,139,electric,automatic,RWD,104070,0,37666,0,5,4,hatchback,,2,no,full,Turkey
2472,X7,2023,4,332,petrol,automatic,AWD,31002,10.5,125520,227,5,5,suv,white,0,no,full,Spain
2473,X3,2018,2.2,277,diesel,automatic,AWD,112581,6.6,52777,146,5,5,suv,white,1,no,,France
2474,5 Series,2006,4.3,360,hybrid,,AWD,300000,6.9,21197,139,4,5,sedan,silver,3,yes,partial,UK
2475,3 Series,2023,2.5,217,diesel,automatic,AWD,5926,7.6,43781,172,4,5,sedan,white,0,no,partial,UK
2476,3 Series,2016,1.9,220,diesel,automatic,AWD,142752,6.8,28099,148,4,5,sedan,white,1,no,full,Turkey
2477,1 Series,2024,1.7,180,petrol,automatic,RWD,632,6.6,26743,135,5,4,hatchback,silver,1,no,partial,Italy
2478,3 Series,2022,3,219,hybrid,manual,AWD,21533,5.7,44053,139,4,5,sedan,silver,,no,full,USA
2479,X7,2016,4.1,329,hybrid,automatic,AWD,99421,,86751,157,5,5,suv,blue,2,no,partial,Spain
2480,X3,2012,2.7,257,petrol,automatic,RWD,190449,8.3,34399,177,5,5,suv,silver,2,no,partial,USA
2481,X7,2008,3.5,337,petrol,automatic,AWD,242845,10.2,57518,209,5,5,suv,blue,2,yes,partial,Italy
2482,5 Series,2024,3.3,338,diesel,automatic,AWD,4788,8.8,68042,184,4,5,sedan,white,0,yes,full,Germany
2483,X1,2024,1.8,141,petrol,automatic,AWD,12362,7.9,44725,179,5,5,suv,black,0,no,full,Spain
2484,Z4,2019,2.5,224,petrol,automatic,RWD,65824,8.8,55884,203,2,2,convertible,silver,3,no,full,Italy
2485,5 Series,2006,2.7,239,hybrid,automatic,RWD,206088,5.3,24458,102,4,5,sedan,black,5,yes,full,Italy
2486,X1,2014,1.8,234,diesel,automatic,FWD,192635,5.9,32634,122,5,5,suv,black,2,no,full,Italy
2487,Z4,2020,2.1,194,petrol,automatic,RWD,58854,8.6,63952,194,2,2,convertible,white,0,no,full,Germany
2488,i3,2015,0,193,electric,automatic,RWD,153312,0,40015,0,5,4,hatchback,white,3,no,full,Germany
2489,X7,2018,3.6,290,hybrid,automatic,AWD,124908,6.2,90535,149,5,5,suv,red,1,no,partial,Germany
2490,1 Series,2009,2,178,petrol,automatic,FWD,224526,7.8,9473,171,3,4,hatchback,white,4,no,full,Spain
2491,i7,2021,0,418,electric,automatic,AWD,61114,0,166107,0,4,4,sedan,red,2,no,partial,UK
2492,5 Series,2011,4.2,264,hybrid,automatic,AWD,185717,6.9,33405,152,4,5,sedan,black,2,yes,full,Italy
2493,X1,2023,1.8,220,hybrid,automatic,FWD,34661,5,44429,117,5,5,suv,black,0,no,full,Turkey
2494,3 Series,2017,1.9,181,diesel,automatic,AWD,73763,6.2,28726,143,4,5,sedan,red,1,yes,partial,Italy
2495,X1,2010,1.8,218,hybrid,automatic,FWD,186184,5.1,19353,115,5,5,suv,black,2,yes,partial,USA
2496,3 Series,2022,,332,diesel,automatic,AWD,53450,8.9,48740,190,4,5,sedan,white,1,no,full,UK
2497,X1,2012,2,249,hybrid,automatic,AWD,189470,4.4,27427,107,5,5,suv,white,3,no,partial,Netherlands
2498,X1,2017,2.5,219,diesel,automatic,AWD,122648,7.3,40326,179,5,5,suv,silver,1,no,full,Germany
2499,X1,2017,1.9,164,petrol,automatic,AWD,80930,6.9,25310,151,5,5,suv,white,2,yes,partial,Turkey
2500,3 Series,2015,3.1,271,diesel,automatic,RWD,158268,8.2,25336,,4,5,sedan,silver,4,no,partial,France
2501,X1,2023,2.4,223,petrol,,AWD,0,8.7,53438,210,5,5,suv,silver,0,no,full,France
2502,X1,2022,2.4,229,diesel,automatic,AWD,16532,7.4,49702,160,5,5,suv,white,0,no,partial,USA
2503,i3,2020,0,156,electric,automatic,RWD,92279,0,39418,0,5,4,hatchback,black,2,yes,partial,Netherlands
2504,i4,2006,0,261,electric,automatic,RWD,300000,0,23494,0,4,5,coupe,red,4,yes,none,Italy
2505,X3,2016,2.4,219,hybrid,automatic,RWD,22603,5,52011,114,5,5,suv,white,2,no,partial,Netherlands
2506,X1,2018,2.4,192,hybrid,automatic,FWD,77176,4.8,36048,101,5,5,suv,white,2,no,full,Spain
2507,1 Series,2019,3,316,petrol,automatic,FWD,52087,9.1,24451,203,3,5,hatchback,blue,2,yes,,Spain
2508,5 Series,2009,4.1,275,hybrid,automatic,RWD,128625,6,32943,130,4,5,sedan,blue,4,no,full,Spain
2509,i4,2018,0,376,electric,automatic,RWD,37816,0,67367,0,4,5,coupe,silver,2,no,full,Spain
2510,X7,2010,4.1,346,petrol,automatic,AWD,171947,11.5,71350,262,5,5,suv,black,2,,partial,USA
2511,1 Series,2010,2.7,223,diesel,automatic,RWD,300000,7.3,5453,168,3,5,hatchback,red,4,yes,partial,Spain
2512,X3,2013,2.4,258,hybrid,automatic,AWD,160992,5.9,29665,127,5,5,suv,silver,2,yes,partial,Turkey
2513,i3,2011,0,204,electric,automatic,RWD,236091,0,25619,0,5,4,hatchback,white,2,no,partial,France
2514,5 Series,2019,3.7,303,diesel,automatic,RWD,73118,8.8,45867,204,4,5,sedan,white,3,yes,partial,Netherlands
2515,X5,2018,,321,petrol,automatic,AWD,66811,10,63823,233,5,5,suv,white,3,yes,full,Spain
2516,X3,2023,2.3,201,diesel,automatic,RWD,30774,7.1,65551,148,5,5,suv,white,0,no,full,USA
2517,X5,2018,3,234,diesel,automatic,AWD,90238,8.1,70928,167,5,5,suv,black,2,no,,Netherlands
2518,7 Series,2017,4.6,377,hybrid,automatic,RWD,151600,7.2,96303,155,4,5,sedan,black,1,no,full,USA
2519,Z4,2008,2.5,252,petrol,manual,RWD,129508,9.5,40024,214,2,2,convertible,blue,2,no,partial,Spain
2520,X1,2022,1.9,193,diesel,automatic,AWD,34352,6.3,38776,153,5,5,suv,red,1,no,partial,France
2521,X1,2022,2.2,192,hybrid,automatic,FWD,38442,,44129,111,5,5,suv,white,1,no,partial,Germany
2522,i3,2020,0,160,electric,automatic,RWD,60776,0,49404,0,5,4,hatchback,blue,2,no,full,Italy
2523,7 Series,2011,3.2,294,petrol,automatic,RWD,148353,9.8,71780,215,4,4,sedan,silver,2,no,full,Turkey
2524,1 Series,2012,2.1,247,hybrid,automatic,RWD,289126,5.4,8534,118,3,5,hatchback,black,2,yes,partial,France
2525,5 Series,2019,4.2,369,hybrid,automatic,AWD,79326,7.1,67661,149,4,5,sedan,black,1,no,full,France
2526,7 Series,2016,0,508,electric,automatic,AWD,49338,0,90508,0,4,4,sedan,white,4,no,full,Italy
2527,5 Series,2012,2.4,234,hybrid,automatic,AWD,183196,5,27551,107,4,5,sedan,black,2,,,Turkey
2528,X7,2015,3.9,325,hybrid,automatic,AWD,148355,6.5,75039,147,5,5,suv,white,1,no,,USA
2529,3 Series,2013,3.4,389,petrol,manual,RWD,249037,10.2,26186,212,4,5,sedan,silver,2,no,full,Germany
2530,1 Series,2018,2.9,254,petrol,automatic,RWD,91505,9.3,23000,209,3,5,hatchback,white,2,no,partial,Turkey
2531,X3,2015,2.7,255,diesel,automatic,RWD,118637,8,45042,173,5,5,suv,black,3,no,full,Italy
2532,X1,2021,1.6,238,petrol,automatic,FWD,44873,8.2,44045,182,5,5,suv,silver,2,no,full,Netherlands
2533,X5,2011,4.2,372,hybrid,automatic,AWD,156540,6.9,59277,168,5,5,suv,silver,3,no,full,Spain
2534,X3,2023,3.2,303,petrol,automatic,RWD,0,10,63052,234,5,5,suv,black,1,no,partial,Germany
2535,7 Series,2019,4.5,360,petrol,automatic,AWD,56095,11,80524,241,4,5,sedan,white,3,yes,partial,Italy
2536,3 Series,2017,1.7,190,hybrid,automatic,AWD,64372,4.8,29990,117,4,5,sedan,white,4,no,none,Germany
2537,5 Series,2010,3.5,305,hybrid,automatic,RWD,266617,6.5,28109,152,4,5,sedan,white,2,no,partial,France
2538,X3,2018,2.7,214,hybrid,automatic,RWD,114491,5.3,46068,101,5,5,suv,blue,2,no,partial,Spain
2539,7 Series,2024,3.4,291,hybrid,automatic,RWD,0,5.8,123746,,4,5,sedan,white,0,no,full,UK
2540,7 Series,2011,4.9,397,diesel,,RWD,235546,11.2,54441,,4,5,sedan,silver,4,no,none,Netherlands
2541,5 Series,2021,3.3,248,diesel,automatic,AWD,49009,7.6,56851,174,4,5,sedan,white,1,no,full,Spain
2542,3 Series,2012,3,311,diesel,manual,RWD,176014,8,29411,180,4,5,sedan,grey,3,no,full,UK
2543,3 Series,2013,2.5,191,diesel,manual,AWD,153862,7.3,17635,164,4,5,sedan,white,4,yes,none,Germany
2544,5 Series,2007,4.2,271,petrol,automatic,AWD,273567,10,24351,225,4,5,sedan,grey,5,no,partial,Spain
2545,1 Series,2009,2.1,197,hybrid,manual,FWD,197788,5.1,9508,113,3,4,hatchback,white,3,no,partial,France
2546,X7,2016,3.8,322,petrol,automatic,AWD,125299,10.6,78167,237,5,5,suv,white,1,no,partial,Turkey
2547,i4,2017,0,536,electric,automatic,RWD,63442,0,70040,0,4,5,coupe,white,3,no,full,Germany
2548,X5,2019,3.8,298,hybrid,automatic,AWD,55210,6.5,76225,144,5,5,suv,white,2,no,partial,France
2549,X7,2010,3.6,273,petrol,automatic,AWD,300000,10.8,60706,236,5,5,suv,black,3,no,full,Italy
2550,7 Series,2024,0,355,electric,automatic,AWD,15267,0,143955,0,4,5,sedan,grey,1,no,full,France
2551,i3,2015,0,136,electric,automatic,RWD,178133,0,28198,0,5,4,hatchback,white,2,yes,partial,USA
2552,X1,2016,1.9,199,diesel,automatic,FWD,58494,6.6,34589,142,5,5,suv,blue,1,no,partial,Netherlands
2553,i4,2024,0,263,electric,,RWD,3317,0,93637,0,4,5,coupe,black,0,no,full,Italy
2554,X1,2020,1.6,127,petrol,automatic,FWD,38064,7.2,41178,149,5,5,suv,silver,1,no,full,Spain
2555,X3,2020,3.2,284,petrol,automatic,AWD,64064,9.6,57802,201,5,5,suv,red,1,no,partial,USA
2556,5 Series,2015,3.8,365,petrol,automatic,AWD,70525,11.2,41580,231,4,5,sedan,red,1,yes,partial,Netherlands
2557,3 Series,2023,3.1,293,hybrid,automatic,AWD,36955,5.9,45190,129,4,5,sedan,white,0,no,full,France
2558,X1,2015,2.4,239,diesel,automatic,AWD,121033,6.7,34949,148,5,5,suv,black,2,no,full,Spain
2559,X1,2009,1.9,187,diesel,automatic,FWD,229635,6.4,17315,147,5,5,suv,grey,2,no,full,UK
2560,3 Series,2015,2.5,239,petrol,manual,AWD,103869,8,33718,165,4,5,sedan,black,2,no,partial,Germany
2561,X7,2009,3.6,362,diesel,automatic,AWD,279672,8.2,71256,,5,5,suv,black,2,no,partial,Germany
2562,3 Series,2022,2.1,231,petrol,automatic,RWD,51668,8,37023,169,4,5,sedan,red,1,no,none,USA
2563,X1,2017,1.9,266,petrol,automatic,FWD,66603,7.9,38169,188,5,5,suv,blue,1,no,partial,Italy
2564,X7,2011,3.6,274,hybrid,automatic,AWD,172107,6.5,67792,145,5,5,suv,white,3,no,partial,Germany
2565,5 Series,2014,3.4,307,diesel,automatic,RWD,122090,8.4,40907,183,4,5,sedan,silver,1,no,full,Italy
2566,3 Series,2023,2.7,213,hybrid,automatic,RWD,13434,5.2,41363,116,4,5,sedan,blue,1,no,full,Spain
2567,5 Series,2010,3.6,251,hybrid,automatic,AWD,275129,6.6,26171,147,4,5,sedan,black,3,yes,partial,Germany
2568,X7,2013,4.1,345,diesel,automatic,AWD,78145,9.4,88030,208,5,5,suv,red,2,no,partial,France
2569,X3,2013,2.2,186,petrol,automatic,AWD,161017,,36882,188,5,5,suv,silver,3,no,partial,UK
2570,X3,2010,2.6,254,petrol,automatic,AWD,192896,8.8,26249,213,5,5,suv,blue,3,yes,partial,USA
2571,7 Series,2013,3.7,362,hybrid,automatic,RWD,178414,6.1,74154,121,4,5,sedan,silver,4,no,full,Germany
2572,3 Series,2024,3.5,277,hybrid,automatic,RWD,0,6.4,45419,143,4,5,sedan,,0,no,full,Turkey
2573,X7,2011,3.8,284,diesel,automatic,AWD,162988,9.3,73426,205,5,5,suv,black,3,no,full,Spain
2574,5 Series,2023,3.6,277,hybrid,automatic,RWD,32248,6.6,61742,150,4,5,sedan,white,1,no,full,Turkey
2575,5 Series,2009,2.3,177,diesel,automatic,AWD,198605,6.5,23249,141,4,5,sedan,white,2,yes,full,Spain
2576,3 Series,2021,1.6,151,petrol,automatic,AWD,25551,5.5,36988,133,4,5,sedan,blue,,no,full,Spain
2577,3 Series,2015,2.4,261,diesel,automatic,RWD,125891,7.4,27701,166,4,5,sedan,black,3,no,partial,USA
2578,5 Series,2018,3.6,246,petrol,automatic,RWD,47995,9.8,44681,218,4,5,sedan,silver,4,no,partial,Germany
2579,X7,2012,4.4,397,hybrid,automatic,AWD,127594,6.6,91735,144,5,5,suv,white,3,no,full,Italy
2580,X5,2023,3.9,350,petrol,automatic,AWD,19930,11.2,81218,243,5,5,suv,black,0,yes,partial,UK
2581,5 Series,2022,2.5,246,petrol,automatic,AWD,35884,9.3,63693,201,4,5,sedan,grey,1,no,full,France
2582,i3,2024,0,171,electric,automatic,RWD,26971,0,66075,0,5,4,hatchback,black,0,no,full,Netherlands
2583,1 Series,2022,2.3,189,hybrid,automatic,FWD,2415,4.6,28946,89,3,4,hatchback,white,1,no,full,Spain
2584,3 Series,2018,2.5,280,diesel,automatic,AWD,93728,7.9,37205,182,4,5,sedan,white,3,no,full,France
2585,X3,2015,2.5,243,petrol,automatic,RWD,131554,,41776,199,5,5,suv,black,2,yes,full,Germany
2586,X5,2014,3.1,266,petrol,automatic,AWD,150237,9.1,66061,206,5,5,suv,silver,2,no,full,Spain
2587,3 Series,2009,2.7,236,petrol,manual,RWD,186491,8.7,18984,194,4,5,sedan,blue,3,no,full,France
2588,i3,2016,0,198,electric,automatic,RWD,118678,0,39671,0,5,4,hatchback,white,2,no,full,Spain
2589,3 Series,2007,2.1,243,hybrid,manual,RWD,268937,5,11186,114,4,5,sedan,grey,4,yes,partial,Spain
2590,Z4,2024,2.4,267,petrol,automatic,RWD,0,8.7,65361,183,2,2,convertible,silver,,,full,USA
2591,3 Series,2012,2.3,242,diesel,manual,RWD,206159,6.8,15044,164,4,5,sedan,black,5,yes,partial,Spain
2592,5 Series,2007,2.7,233,diesel,automatic,AWD,211538,8.2,26272,176,4,5,sedan,red,2,no,partial,France
2593,X3,2005,2,231,diesel,automatic,RWD,300000,6,14675,127,5,5,suv,silver,3,no,partial,Italy
2594,3 Series,2018,2.2,228,hybrid,automatic,RWD,78161,4.8,34880,119,4,5,sedan,white,2,,full,Turkey
2595,3 Series,2014,2.5,211,diesel,automatic,RWD,49762,7.1,35323,167,4,5,sedan,red,1,no,full,Germany
2596,X3,2019,2.3,186,petrol,automatic,AWD,72749,8,53330,168,5,5,suv,silver,2,no,partial,USA
2597,5 Series,2014,2.6,225,hybrid,automatic,RWD,119761,5,35268,113,4,5,sedan,blue,2,no,partial,Turkey
2598,5 Series,2008,4.4,294,petrol,automatic,AWD,202832,11.2,30363,256,4,5,sedan,blue,3,no,partial,Italy
2599,3 Series,2020,2.6,214,hybrid,automatic,RWD,79556,5.3,39268,109,4,5,sedan,white,1,no,,UK
2600,X1,2020,1.9,227,petrol,automatic,FWD,39344,7.7,35573,169,5,5,suv,white,1,yes,partial,Turkey
2601,5 Series,2008,3.5,279,petrol,automatic,RWD,255109,10,24770,212,4,5,sedan,grey,4,no,none,USA
2602,X3,2024,2.4,212,diesel,automatic,AWD,0,7,67428,137,5,5,suv,black,0,no,full,Spain
2603,3 Series,2022,2.9,312,petrol,automatic,RWD,10436,9.5,51225,222,4,5,sedan,grey,1,no,full,USA
2604,3 Series,2010,2.9,294,hybrid,automatic,RWD,241259,5.6,18585,125,4,5,sedan,white,2,yes,partial,France
2605,1 Series,2006,2.2,206,petrol,manual,RWD,300000,7,5570,167,5,5,hatchback,black,3,no,full,Italy
2606,3 Series,2023,2.9,213,hybrid,automatic,AWD,7512,5.1,47348,118,4,5,sedan,red,0,no,full,Netherlands
2607,X1,2018,1.6,181,diesel,automatic,AWD,85564,6.7,43090,144,5,5,suv,grey,3,,full,Germany
2608,1 Series,2022,2.5,216,hybrid,manual,FWD,42600,5.7,27524,120,5,4,hatchback,black,2,no,partial,France
2609,5 Series,2017,2.8,221,petrol,automatic,AWD,127306,9.5,43565,199,4,5,sedan,silver,4,no,partial,UK
2610,X7,2008,3.4,273,petrol,automatic,AWD,271825,10.8,56010,245,5,5,suv,silver,3,yes,partial,USA
2611,X7,2010,4.3,469,hybrid,automatic,AWD,209356,6.6,83280,156,5,5,suv,blue,2,no,full,USA
2612,Z4,2012,2.4,246,petrol,manual,RWD,149663,8.8,42937,202,2,2,convertible,grey,2,no,partial,Italy
2613,X1,2020,1.8,166,hybrid,automatic,FWD,48578,4.9,40721,99,5,5,suv,black,2,no,full,France
2614,X7,2007,3.7,329,hybrid,automatic,AWD,220818,6.9,49396,142,5,5,suv,grey,4,yes,partial,Spain
2615,3 Series,2009,3.4,296,petrol,manual,AWD,208063,10.6,20527,,4,5,sedan,black,4,,full,USA
2616,i3,2014,0,177,electric,automatic,RWD,180129,0,29985,0,5,4,hatchback,black,1,no,partial,Turkey
2617,X5,2015,3.4,308,petrol,automatic,AWD,182226,10.2,54583,206,5,5,suv,,3,yes,full,Netherlands
2618,X5,2015,4.3,406,petrol,automatic,AWD,174883,10.8,65795,230,5,5,suv,white,3,no,full,Spain
2619,i7,2012,0,422,electric,automatic,AWD,171925,0,86633,0,4,4,sedan,red,4,yes,partial,UK
2620,X7,2021,4.2,382,hybrid,automatic,AWD,52161,6.5,120720,136,5,5,suv,red,2,no,full,Germany
2621,X1,2013,2.3,215,hybrid,automatic,FWD,155781,5,22883,112,5,5,suv,silver,2,no,none,UK
2622,7 Series,2015,0,460,electric,automatic,AWD,169429,0,75024,0,4,5,sedan,red,2,no,,Turkey
2623,X3,2012,3,251,diesel,automatic,RWD,279259,7.1,25151,160,5,5,suv,silver,2,no,none,UK
2624,5 Series,2024,3.5,332,petrol,automatic,AWD,0,10.3,65206,212,4,5,sedan,silver,0,no,full,Netherlands
2625,Z4,2021,2.8,285,petrol,automatic,RWD,77038,7.8,65127,174,2,2,convertible,blue,1,no,full,Germany
2626,i4,2018,0,218,electric,automatic,RWD,78934,0,66323,0,4,5,coupe,black,3,no,full,USA
2627,X7,2023,3.5,281,diesel,automatic,AWD,20382,8.7,135194,191,5,5,suv,black,1,no,full,UK
2628,5 Series,2021,4,361,petrol,automatic,RWD,18336,11.4,62049,255,4,5,sedan,silver,1,no,full,USA
2629,X1,2019,1.6,167,diesel,automatic,FWD,76787,5.6,37166,119,5,5,suv,black,2,no,partial,Spain
2630,1 Series,2010,2.4,216,hybrid,manual,FWD,178319,4.8,11935,113,5,4,hatchback,white,2,no,none,Italy
2631,X5,2014,4.3,376,diesel,automatic,AWD,140163,9.6,68382,214,5,5,suv,black,3,no,full,France
2632,7 Series,2011,4.7,439,petrol,automatic,AWD,202062,11.6,59811,263,4,4,sedan,silver,5,yes,partial,Spain
2633,X7,2017,3.1,293,diesel,automatic,AWD,125615,8,80280,171,5,5,suv,black,2,yes,none,France
2634,X1,2024,2.2,241,petrol,automatic,FWD,5087,7.9,54967,168,5,5,suv,silver,0,no,full,Spain
2635,1 Series,2020,2.3,256,diesel,automatic,FWD,54758,6.7,26722,147,3,5,hatchback,white,1,no,partial,Italy
2636,3 Series,2018,3.1,283,diesel,automatic,RWD,73806,9,38943,206,4,5,sedan,silver,3,,full,USA
2637,i3,2023,0,153,electric,automatic,RWD,28307,0,59847,0,5,4,hatchback,silver,0,no,full,USA
2638,5 Series,2012,2.6,343,petrol,automatic,RWD,245776,9.2,34176,189,4,5,sedan,silver,2,yes,full,France
2639,X3,2008,2.7,284,petrol,automatic,AWD,177582,9.4,26468,,5,5,suv,white,3,yes,partial,USA
2640,i7,2017,0,533,electric,automatic,AWD,103082,0,120744,0,4,5,sedan,white,4,yes,full,Italy
2641,Z4,2008,2.1,219,petrol,manual,RWD,201105,7.5,27741,163,2,2,convertible,white,2,yes,partial,France
2642,X7,2005,3.8,268,petrol,automatic,AWD,285985,10,49554,217,5,5,suv,white,3,yes,full,Spain
2643,3 Series,2011,2.7,251,diesel,automatic,AWD,279363,7.4,13531,164,4,5,sedan,black,3,yes,partial,Germany
2644,i7,2011,0,511,electric,automatic,AWD,69250,0,109907,0,4,4,sedan,silver,5,no,full,USA
2645,3 Series,2023,3.1,238,petrol,automatic,RWD,22055,9.3,46021,196,4,5,sedan,grey,0,no,partial,Germany
2646,i3,2022,0,216,electric,automatic,RWD,36518,0,55098,0,5,4,hatchback,,1,,full,Spain
2647,X3,2023,2.4,253,diesel,automatic,AWD,24825,7.3,63646,162,5,5,suv,white,0,no,full,USA
2648,X1,2011,1.6,213,hybrid,automatic,AWD,153416,4.2,24621,91,5,5,suv,silver,2,yes,full,France
2649,5 Series,2021,3.5,292,petrol,automatic,RWD,38728,9.6,62493,216,4,5,sedan,silver,1,no,partial,Netherlands
2650,X5,2014,3.5,339,hybrid,automatic,AWD,150579,6.2,62576,143,5,5,suv,black,2,no,full,UK
2651,Z4,2023,2.8,209,petrol,automatic,RWD,0,8.5,68620,193,2,2,convertible,black,1,no,full,Germany
2652,5 Series,2006,2.5,306,hybrid,automatic,RWD,269370,5.3,30824,111,4,5,sedan,red,2,yes,full,USA
2653,X3,2005,3.5,320,petrol,automatic,RWD,194573,10.6,27512,227,5,5,suv,grey,4,no,,France
2654,X3,2016,3.1,272,diesel,automatic,RWD,111552,7.7,34553,176,5,5,suv,red,4,yes,partial,Spain
2655,X3,2016,2.8,276,hybrid,automatic,RWD,120185,4.5,47173,117,5,5,suv,blue,1,yes,full,USA
2656,5 Series,2015,3.9,329,diesel,automatic,AWD,187868,9.4,43760,213,4,5,sedan,blue,1,no,partial,Spain
2657,Z4,2022,2.5,249,petrol,automatic,RWD,44982,9.6,69743,209,2,2,convertible,white,0,no,,Spain
2658,X5,2015,4,321,hybrid,automatic,AWD,101768,7.3,56129,155,5,5,suv,grey,3,yes,full,Netherlands
2659,i3,2016,0,172,electric,automatic,RWD,69370,0,37915,0,5,4,hatchback,silver,1,no,none,Italy
2660,3 Series,2007,1.9,177,diesel,automatic,AWD,266218,6,15223,140,4,5,sedan,grey,2,no,partial,USA
2661,3 Series,2014,1.9,223,petrol,automatic,AWD,164445,7.3,22096,157,4,5,sedan,blue,3,yes,partial,Netherlands
2662,X5,2014,4.1,366,petrol,automatic,AWD,122619,11.3,59911,258,5,5,suv,white,4,no,full,Italy
2663,5 Series,2011,2.3,247,diesel,automatic,AWD,276068,7,30783,140,4,5,sedan,white,5,no,partial,France
2664,X3,2023,3.4,336,hybrid,automatic,AWD,0,6.5,67785,156,5,5,suv,grey,0,no,full,France
2665,7 Series,2020,3.4,285,hybrid,automatic,RWD,64225,6.5,95205,137,4,4,sedan,blue,1,no,full,Spain
2666,i3,2023,0,187,electric,automatic,RWD,24392,0,61406,0,5,4,hatchback,silver,0,no,full,Netherlands
2667,X3,2018,2.1,204,diesel,automatic,RWD,45110,7.3,47973,128,5,5,suv,black,3,yes,full,Netherlands
2668,i3,2017,0,159,electric,automatic,RWD,74655,0,42858,0,5,4,hatchback,silver,4,no,full,Italy
2669,5 Series,2015,3,232,petrol,automatic,AWD,191266,9.7,43169,204,4,5,sedan,black,1,no,full,Germany
2670,X1,2016,2.4,210,petrol,automatic,FWD,81403,7.8,27931,161,5,5,suv,black,3,no,none,Italy
2671,3 Series,2023,2.1,209,diesel,automatic,AWD,19802,6.3,42536,141,4,5,sedan,white,0,no,full,Spain
2672,1 Series,2024,2,197,petrol,automatic,RWD,0,7.9,35296,178,3,5,hatchback,black,0,no,full,UK
2673,5 Series,2021,2.9,282,diesel,automatic,AWD,84809,8,60541,164,4,5,sedan,red,1,no,partial,USA
2674,i7,2013,0,463,electric,automatic,RWD,114355,0,123270,0,4,5,sedan,black,4,no,full,Italy
2675,3 Series,2011,2.2,196,hybrid,manual,RWD,171404,4.8,19950,103,4,5,sedan,black,2,no,none,France
2676,3 Series,2022,3.3,256,diesel,automatic,RWD,12444,8.3,46569,183,4,5,sedan,blue,0,no,full,Spain
2677,i3,2018,0,189,electric,,RWD,70203,0,43023,0,5,4,hatchback,black,1,no,full,Spain
2678,3 Series,2021,3.3,234,petrol,automatic,AWD,37615,9,39543,204,4,5,sedan,blue,0,no,full,USA
2679,7 Series,2017,4.6,426,petrol,automatic,RWD,74810,11.1,80821,233,4,4,sedan,silver,4,yes,full,Turkey
2680,1 Series,2018,2.6,193,petrol,manual,FWD,145957,8.6,14611,194,3,5,hatchback,,1,yes,partial,Turkey
2681,5 Series,2022,2.2,201,petrol,automatic,RWD,15762,8.1,54530,177,4,5,sedan,silver,1,no,full,Turkey
2682,1 Series,2012,2.1,170,hybrid,automatic,FWD,246580,4.5,5201,97,5,5,hatchback,silver,4,yes,none,Germany
2683,X5,2018,4.4,334,petrol,automatic,AWD,81353,11.7,76973,260,5,5,suv,blue,1,no,full,UK
2684,7 Series,2015,0,424,electric,automatic,RWD,93818,0,95610,0,4,4,sedan,grey,1,no,full,Germany
2685,3 Series,2018,1.8,138,diesel,automatic,AWD,88933,7.5,30347,175,4,5,sedan,silver,1,no,full,Netherlands
2686,X1,2023,2.1,225,petrol,automatic,FWD,18201,8.5,52990,198,5,5,suv,grey,1,no,full,Netherlands
2687,5 Series,2022,2.9,242,petrol,automatic,AWD,22317,8.7,62576,191,4,5,sedan,black,1,no,full,Italy
2688,5 Series,2014,3,254,petrol,automatic,RWD,195368,10,40568,224,4,5,sedan,silver,4,no,full,UK
2689,3 Series,2008,2,198,petrol,automatic,RWD,196595,8.4,17150,181,4,5,sedan,silver,4,no,partial,Spain
2690,Z4,2012,2.7,247,petrol,automatic,RWD,93414,9,32211,207,2,2,convertible,grey,3,yes,partial,Turkey
2691,i7,2018,0,330,electric,automatic,AWD,56444,0,138285,0,4,4,sedan,blue,1,no,partial,Germany
2692,X3,2008,3.3,318,diesel,automatic,RWD,154210,8.4,33845,180,5,5,suv,white,5,no,partial,USA
2693,3 Series,2021,2.1,231,hybrid,automatic,AWD,36934,4.7,43241,94,4,5,sedan,red,1,no,full,UK
2694,5 Series,2024,2.4,257,hybrid,automatic,RWD,0,5.4,58576,124,4,5,sedan,silver,1,no,partial,Turkey
2695,3 Series,2010,3,212,petrol,manual,RWD,300000,9.4,10862,188,4,5,sedan,silver,2,yes,full,Netherlands
2696,5 Series,2017,2.4,215,petrol,automatic,AWD,124140,7.5,40021,171,4,5,sedan,black,4,no,partial,USA
2697,3 Series,2022,2.1,208,diesel,automatic,AWD,7404,7.5,46096,160,4,5,sedan,red,2,no,full,France
2698,X5,2024,3.6,282,diesel,automatic,AWD,17580,8.6,88926,176,5,5,suv,,0,no,full,Netherlands
2699,X5,2011,3,260,petrol,automatic,AWD,191361,8.2,36753,181,5,5,suv,silver,3,yes,partial,Spain
2700,3 Series,2017,1.8,177,hybrid,automatic,AWD,76975,4.1,30869,91,4,5,sedan,,1,no,full,Turkey
2701,X5,2022,3.8,360,diesel,automatic,AWD,7554,9,94746,197,5,5,suv,black,0,no,full,Germany
2702,5 Series,2022,4.3,432,hybrid,automatic,RWD,37019,7.3,75525,167,4,5,sedan,white,1,no,full,USA
2703,i7,2024,0,504,electric,automatic,AWD,11787,0,181876,0,4,5,sedan,black,1,,,Spain
2704,X5,2006,4.1,345,hybrid,automatic,AWD,300000,6.7,43546,158,5,5,suv,white,3,no,full,Turkey
2705,3 Series,2019,2.3,233,petrol,automatic,AWD,61789,8.2,30627,167,4,5,sedan,white,3,no,partial,Turkey
2706,3 Series,2019,2.7,227,diesel,automatic,RWD,59283,7.6,28338,178,4,5,sedan,white,2,yes,partial,Italy
2707,3 Series,2024,2.5,196,petrol,manual,RWD,0,9.5,45977,201,4,5,sedan,blue,1,no,full,France
2708,3 Series,2014,1.7,154,diesel,automatic,RWD,142888,6.1,21554,134,4,5,sedan,black,4,no,partial,UK
2709,X1,2024,2.3,213,diesel,automatic,FWD,11000,6.8,52178,143,5,5,suv,grey,0,no,full,Spain
2710,X1,2011,1.5,197,hybrid,automatic,AWD,150268,4.2,28066,93,5,5,suv,blue,2,no,full,USA
2711,X1,2016,1.5,172,hybrid,automatic,AWD,88613,4.7,33078,106,5,5,suv,silver,3,no,full,UK
2712,5 Series,2023,2.2,246,diesel,automatic,RWD,34234,5.7,64093,119,4,5,sedan,black,1,no,full,USA
2713,X1,2020,1.6,177,petrol,automatic,AWD,64003,6.3,42790,138,5,5,suv,silver,2,no,full,Turkey
2714,i3,2007,0,176,electric,automatic,RWD,300000,0,13957,0,5,4,hatchback,white,5,yes,full,USA
2715,X1,2019,2.2,270,diesel,automatic,FWD,53952,7.2,38542,154,5,5,suv,silver,1,yes,partial,Netherlands
2716,5 Series,2009,3.4,260,petrol,automatic,AWD,225110,9.6,29069,208,4,5,sedan,silver,4,no,partial,UK
2717,i4,2009,0,287,electric,automatic,RWD,196182,0,33129,0,4,5,coupe,black,3,yes,none,Netherlands
2718,X5,2011,3.2,268,petrol,automatic,AWD,225236,9.1,53104,204,5,5,suv,white,2,no,full,Italy
2719,X7,2024,4.4,341,diesel,automatic,AWD,0,9.5,115480,200,5,5,suv,silver,0,yes,full,Netherlands
2720,3 Series,2024,1.9,186,hybrid,automatic,RWD,16392,4.8,45985,99,4,5,sedan,white,0,no,full,UK
2721,3 Series,2016,1.7,169,hybrid,automatic,AWD,122541,4.5,22908,117,4,5,sedan,grey,1,no,none,France
2722,X3,2018,2.6,229,diesel,automatic,AWD,135283,7.7,52815,166,5,5,suv,grey,2,no,full,Germany
2723,i3,2007,0,195,electric,automatic,RWD,263151,0,21012,0,5,4,hatchback,black,2,no,full,France
2724,X3,2010,3.1,271,diesel,automatic,RWD,281976,8.3,31398,189,5,5,suv,silver,2,no,full,UK
2725,5 Series,2010,2.5,208,petrol,automatic,AWD,191517,8.2,31735,167,4,5,sedan,,3,no,none,USA
2726,X5,2022,3.1,247,petrol,automatic,AWD,39605,9.7,81360,205,5,5,suv,white,0,no,full,Netherlands
2727,3 Series,2020,2.9,238,diesel,automatic,AWD,76070,7.3,39893,159,4,5,sedan,white,1,no,full,Spain
2728,i7,2022,0,250,electric,automatic,AWD,33778,0,175489,0,4,5,sedan,white,1,no,full,France
2729,X5,2018,3.5,324,diesel,automatic,AWD,77679,8,67666,177,5,5,suv,blue,2,yes,full,UK
2730,5 Series,2020,2.8,249,petrol,automatic,AWD,6696,8.8,59674,197,4,5,sedan,black,1,no,full,Spain
2731,Z4,2023,2.5,261,petrol,automatic,RWD,11486,8.6,63600,183,2,2,convertible,black,0,no,none,Spain
2732,X5,2010,3.8,358,hybrid,automatic,AWD,275050,6.5,40987,141,5,5,suv,blue,3,yes,none,Netherlands
2733,i7,2022,0,523,electric,automatic,RWD,61638,0,187300,0,4,4,sedan,black,0,no,full,Turkey
2734,X7,2024,3.3,287,diesel,automatic,AWD,2476,8,122558,165,5,5,suv,silver,0,no,full,France
2735,5 Series,2005,2,177,hybrid,automatic,RWD,184231,,22608,107,4,5,sedan,red,2,yes,partial,Germany
2736,5 Series,2013,3.4,283,diesel,automatic,RWD,204568,8.4,31777,181,4,5,sedan,black,3,no,partial,Spain
2737,5 Series,2019,2.7,212,hybrid,automatic,RWD,98464,5.8,45487,130,4,5,sedan,black,,no,partial,France
2738,X3,2016,2.6,227,hybrid,automatic,RWD,136358,5,44823,128,5,5,suv,white,3,no,partial,Netherlands
2739,i7,2023,0,551,electric,automatic,RWD,12042,0,172221,0,4,4,sedan,grey,0,no,full,Italy
2740,X1,2015,2.1,203,diesel,automatic,AWD,111048,5.9,31926,118,5,5,suv,white,1,no,partial,USA
2741,7 Series,2017,0,358,electric,automatic,AWD,74257,0,91750,0,4,5,sedan,black,2,no,full,Spain
2742,5 Series,2013,2.4,254,petrol,automatic,RWD,272788,8.1,30675,189,4,5,sedan,silver,2,yes,partial,Germany
2743,3 Series,2009,2.2,189,hybrid,automatic,RWD,167912,,18898,120,4,5,sedan,black,2,no,partial,Spain
2744,3 Series,2024,2.6,266,diesel,automatic,AWD,10304,6.9,51847,156,4,5,sedan,black,0,no,full,Spain
2745,1 Series,2018,1.8,199,diesel,automatic,RWD,84999,6,23830,137,3,4,hatchback,grey,1,no,full,USA
2746,X1,2024,2.2,171,diesel,automatic,AWD,0,6.3,54523,137,5,5,suv,grey,0,no,full,Germany
2747,1 Series,2019,2.1,201,hybrid,automatic,FWD,102964,4.8,21796,108,3,5,hatchback,white,1,no,,Germany
2748,X3,2021,2.7,203,petrol,automatic,AWD,60694,7.9,53424,165,5,5,suv,blue,1,no,full,France
2749,X1,2017,1.8,220,petrol,automatic,FWD,52970,8,40441,189,5,5,suv,grey,1,no,full,France
2750,3 Series,2019,3.4,349,diesel,automatic,RWD,73770,8.4,47485,,4,5,sedan,blue,2,no,full,France
2751,X7,2022,4,269,hybrid,automatic,AWD,48565,6.8,101710,156,5,5,suv,white,1,no,none,UK
2752,3 Series,2020,3.2,338,petrol,automatic,RWD,109249,9.6,47050,218,4,5,sedan,silver,1,no,full,USA
2753,5 Series,2010,2.1,198,diesel,automatic,AWD,213007,7.2,20648,150,4,5,sedan,black,5,no,none,Turkey
2754,1 Series,2024,2.3,260,diesel,automatic,RWD,4404,6.3,33000,149,3,4,hatchback,silver,0,no,partial,Germany
2755,X1,2018,2.1,162,diesel,automatic,FWD,136844,5.8,22999,143,5,5,suv,silver,2,yes,partial,Turkey
2756,5 Series,2024,3,318,diesel,automatic,AWD,0,7.4,62750,168,4,5,sedan,black,1,no,none,Netherlands
2757,i7,2016,0,433,electric,automatic,AWD,90330,0,122619,0,4,4,sedan,white,1,no,none,Germany
2758,5 Series,2022,,187,petrol,automatic,AWD,53308,7.7,59822,168,4,5,sedan,red,1,no,full,Germany
2759,i7,2013,0,578,electric,automatic,RWD,162269,0,124022,0,4,4,sedan,white,2,,partial,Netherlands
2760,X5,2022,4,372,diesel,automatic,AWD,54485,9.4,91050,203,5,5,suv,silver,1,no,full,Germany
2761,3 Series,2024,2.4,254,diesel,automatic,AWD,0,7.9,51113,170,4,5,sedan,,0,no,full,Germany
2762,5 Series,2016,,218,petrol,automatic,AWD,157223,7.6,34894,169,4,5,sedan,blue,3,no,partial,France
2763,3 Series,2010,3.1,263,diesel,automatic,RWD,232901,8.3,14373,202,4,5,sedan,black,3,yes,partial,France
2764,X5,2015,3.4,266,hybrid,automatic,AWD,107323,5.5,67635,114,5,5,suv,black,1,no,,UK
2765,5 Series,2008,3.8,349,hybrid,automatic,AWD,148966,7,42906,148,4,5,sedan,blue,2,no,partial,Netherlands
2766,X1,2009,1.5,122,petrol,automatic,FWD,162852,6.5,16876,148,5,5,suv,black,5,no,partial,Netherlands
2767,X3,2024,3,239,petrol,automatic,RWD,0,9,70174,201,5,5,suv,black,0,no,full,Italy
2768,X7,2020,4,379,petrol,automatic,AWD,66595,11.8,120651,278,5,5,suv,silver,1,no,full,UK
2769,5 Series,2023,3.9,379,petrol,automatic,RWD,28302,9.9,74653,213,4,5,sedan,white,0,no,full,France
2770,3 Series,2018,2.9,212,diesel,manual,RWD,101541,7.6,29673,162,4,5,sedan,white,4,no,partial,Turkey
2771,i4,2024,0,280,electric,automatic,AWD,0,0,87715,0,4,5,coupe,white,0,no,full,Italy
2772,X1,2015,2.4,230,petrol,automatic,FWD,120538,8.4,33008,180,5,5,suv,black,3,no,full,Spain
2773,1 Series,2010,1.8,173,diesel,manual,RWD,192715,6.1,8279,136,3,4,hatchback,black,3,no,partial,Italy
2774,X1,2010,2.3,179,hybrid,automatic,FWD,65970,5,25085,,5,5,suv,white,3,yes,partial,UK
2775,3 Series,2013,2.3,158,hybrid,manual,AWD,155093,4.5,24389,104,4,5,sedan,blue,3,no,full,France
2776,3 Series,2012,2.7,238,hybrid,automatic,AWD,158243,5,22313,117,4,5,sedan,grey,3,no,full,USA
2777,X7,2007,3.4,252,diesel,automatic,AWD,300000,8,48490,192,5,5,suv,white,2,yes,partial,Italy
2778,i7,2023,0,464,electric,automatic,AWD,13865,0,163405,0,4,5,sedan,silver,1,yes,full,Turkey
2779,3 Series,2024,1.7,184,hybrid,automatic,AWD,0,4.7,38775,122,4,5,sedan,red,0,no,partial,Spain
2780,1 Series,2015,3,190,petrol,automatic,FWD,184763,9.2,16142,201,5,4,hatchback,black,2,no,partial,France
2781,5 Series,2013,3.3,300,hybrid,automatic,AWD,116277,5.8,43886,139,4,5,sedan,silver,2,no,partial,UK
2782,X3,2010,2.2,177,diesel,automatic,AWD,94317,7.3,27494,164,5,5,suv,silver,3,yes,partial,Spain
2783,3 Series,2017,2.5,209,diesel,automatic,AWD,137407,6.5,25617,134,4,5,sedan,black,1,no,partial,France
2784,3 Series,2008,2.4,210,diesel,manual,AWD,241860,6.6,13421,149,4,5,sedan,silver,4,no,full,Turkey
2785,X3,2024,3.4,279,hybrid,automatic,RWD,0,5.9,58132,110,5,5,suv,white,0,yes,full,France
2786,X7,2007,3.8,342,petrol,automatic,AWD,300000,10.9,55016,235,5,5,suv,white,5,yes,full,Germany
2787,X1,2012,2.2,196,petrol,automatic,FWD,189141,8,26571,198,5,5,suv,black,4,no,partial,Netherlands
2788,1 Series,2006,2.1,224,petrol,manual,RWD,300000,7.9,4255,177,5,4,hatchback,silver,2,no,full,Turkey
2789,X3,2009,2.4,248,petrol,automatic,RWD,248308,7.8,29252,171,5,5,suv,grey,4,no,none,UK
2790,5 Series,2023,3.6,304,petrol,automatic,RWD,5518,10.3,62713,201,4,5,sedan,black,0,no,partial,Spain
2791,X1,2013,2,180,hybrid,automatic,AWD,230916,4.6,20905,101,5,5,suv,silver,2,no,full,Spain
2792,i7,2006,0,557,electric,automatic,RWD,300000,0,79189,0,4,4,sedan,white,3,yes,full,Spain
2793,i7,2015,0,466,electric,automatic,AWD,147817,0,108478,0,4,4,sedan,black,1,yes,full,USA
2794,5 Series,2020,3.5,304,petrol,automatic,AWD,88387,9.5,66269,213,4,5,sedan,grey,0,no,full,Germany
2795,3 Series,2005,1.8,209,diesel,manual,RWD,300000,6.3,10064,120,4,5,sedan,black,3,yes,full,Italy
2796,i7,2019,0,383,electric,automatic,AWD,96658,0,159156,0,4,4,sedan,silver,1,no,full,Turkey
2797,X3,2020,2.4,261,diesel,automatic,AWD,59682,7.2,62717,155,5,5,suv,blue,1,no,full,UK
2798,5 Series,2021,3.3,256,hybrid,automatic,RWD,63345,5.9,60655,125,4,5,sedan,grey,0,no,full,Italy
2799,3 Series,2024,1.7,180,petrol,automatic,RWD,0,7,41786,154,4,5,sedan,grey,0,no,partial,Turkey
2800,3 Series,2024,3,343,hybrid,automatic,AWD,19850,5.2,50673,126,4,5,sedan,white,0,no,full,Germany
2801,X3,2021,3.3,290,petrol,automatic,AWD,51771,9,56142,205,5,5,suv,black,0,yes,full,Netherlands
2802,i7,2014,0,598,electric,automatic,RWD,116705,0,105181,0,4,4,sedan,white,1,no,none,Italy
2803,i7,2008,0,387,electric,automatic,AWD,108308,0,85226,0,4,5,sedan,black,3,yes,full,Spain
2804,X7,2007,3.3,337,diesel,automatic,AWD,300000,8.2,61909,210,5,5,suv,red,2,yes,full,Germany
2805,1 Series,2014,2.5,208,petrol,manual,FWD,209157,8,15531,174,3,4,hatchback,black,1,no,full,France
2806,X5,2012,3.1,304,diesel,automatic,AWD,189442,7.8,48114,169,5,5,suv,black,3,yes,partial,USA
2807,X1,2022,1.9,179,hybrid,automatic,FWD,31005,4.2,44155,99,5,5,suv,white,1,no,partial,Spain
2808,X1,2023,2.4,246,petrol,automatic,AWD,0,8.9,44893,202,5,5,suv,white,1,yes,full,Germany
2809,5 Series,2023,3.2,295,hybrid,automatic,RWD,0,6.6,61889,142,4,5,sedan,grey,0,no,full,Turkey
2810,1 Series,2013,1.7,225,diesel,automatic,FWD,275430,7.2,6381,150,5,5,hatchback,black,3,no,partial,Spain
2811,i3,2022,0,153,electric,automatic,RWD,3798,0,59272,0,5,4,hatchback,silver,1,no,full,Spain
2812,7 Series,2021,0,423,electric,automatic,AWD,36230,0,128549,0,4,4,sedan,grey,1,no,partial,Netherlands
2813,5 Series,2022,2.5,218,hybrid,automatic,AWD,17514,4.5,68772,96,4,5,sedan,white,1,no,full,UK
2814,1 Series,2008,2.5,259,petrol,automatic,FWD,274893,8.4,8980,190,5,4,hatchback,red,3,yes,full,UK
2815,5 Series,2021,2.1,238,hybrid,automatic,RWD,34232,4.8,56283,108,4,5,sedan,grey,1,no,partial,Italy
2816,3 Series,2024,2.3,202,diesel,automatic,RWD,13920,6.6,48129,155,4,5,sedan,white,1,no,full,Netherlands
2817,X3,2018,2.5,317,diesel,automatic,AWD,41597,6.4,61744,148,5,5,suv,black,2,no,full,France
2818,7 Series,2018,3.5,312,diesel,automatic,RWD,129322,8.8,93375,187,4,5,sedan,white,2,no,full,UK
2819,X1,2024,2,220,petrol,automatic,FWD,0,7.8,51014,179,5,5,suv,grey,0,no,full,France
2820,X3,2023,2.8,275,hybrid,automatic,RWD,13978,5.6,63638,129,5,5,suv,grey,0,no,partial,Italy
2821,5 Series,2012,3,239,petrol,automatic,AWD,111703,9.1,30514,214,4,5,sedan,grey,3,no,none,Spain
2822,X7,2012,4,385,diesel,automatic,AWD,167250,9.3,77427,198,5,5,suv,black,,no,partial,Italy
2823,1 Series,2022,2.8,204,hybrid,automatic,RWD,33225,4.9,29597,100,5,4,hatchback,black,1,no,partial,Netherlands
2824,5 Series,2017,2.4,235,hybrid,automatic,RWD,108891,5.1,48813,110,4,5,sedan,black,2,no,full,Germany
2825,5 Series,2012,3.4,237,petrol,automatic,AWD,172942,10.3,32311,226,4,5,sedan,red,3,yes,partial,Netherlands
2826,5 Series,2021,3.5,359,diesel,automatic,RWD,41629,8.7,68713,194,4,5,sedan,silver,1,no,full,Netherlands
2827,X5,2015,3.7,357,petrol,automatic,AWD,99740,10.9,63647,258,5,5,suv,blue,1,no,partial,France
2828,X1,2019,1.7,154,petrol,automatic,AWD,97071,7.4,29140,167,5,5,suv,white,2,yes,partial,Italy
2829,i7,2020,0,468,electric,automatic,RWD,46105,0,162374,0,4,5,sedan,black,0,no,partial,Italy
2830,1 Series,2022,1.6,143,hybrid,automatic,RWD,0,3.9,26398,82,3,4,hatchback,red,1,no,none,UK
2831,X7,2022,4.2,355,petrol,automatic,AWD,44021,11.5,122255,259,5,5,suv,black,1,no,full,USA
2832,i4,2011,0,290,electric,automatic,RWD,143028,0,51083,0,4,5,coupe,silver,3,no,full,Italy
2833,X3,2013,2.1,216,diesel,automatic,RWD,136087,7.3,40219,161,5,5,suv,black,4,no,full,Germany
2834,X5,2022,3.1,275,petrol,automatic,AWD,39462,8.7,77734,199,5,5,suv,blue,1,no,partial,Turkey
2835,Z4,2021,2.5,232,petrol,automatic,RWD,45176,7.6,71064,154,2,2,convertible,black,1,no,full,USA
2836,5 Series,2008,3.8,321,hybrid,automatic,RWD,293921,7.2,26463,165,4,5,sedan,black,2,yes,full,Germany
2837,7 Series,2015,4.2,382,petrol,automatic,AWD,132019,10.7,91478,241,4,4,sedan,white,1,no,full,Italy
2838,Z4,2016,2.4,239,petrol,automatic,RWD,102736,8.8,50123,195,2,2,convertible,blue,2,no,full,Italy
2839,X1,2005,2.5,167,diesel,automatic,FWD,300000,7.5,5442,178,5,5,suv,red,3,yes,partial,France
2840,1 Series,2021,1.7,168,petrol,automatic,FWD,72313,6.9,22933,162,5,5,hatchback,white,1,no,full,Turkey
2841,X3,2013,2.1,277,hybrid,automatic,RWD,235374,5.3,33202,112,5,5,suv,blue,5,no,partial,Italy
2842,3 Series,2016,2.2,264,diesel,manual,AWD,138700,7.4,31852,170,4,5,sedan,black,2,no,full,Turkey
2843,1 Series,2019,2.7,291,petrol,automatic,RWD,96997,9.4,24268,216,3,4,hatchback,black,2,no,full,Netherlands
2844,i4,2007,0,377,electric,automatic,RWD,177371,0,34386,0,4,5,coupe,red,2,yes,full,Germany
2845,1 Series,2021,2.6,285,diesel,automatic,RWD,31291,7.4,26771,160,3,5,hatchback,silver,2,yes,full,USA
2846,7 Series,2015,3.8,325,hybrid,automatic,AWD,170984,6.6,73579,148,4,4,sedan,red,2,no,full,Turkey
2847,Z4,2008,2.8,224,petrol,manual,RWD,262987,7.9,20437,169,2,2,convertible,white,5,yes,full,Spain
2848,5 Series,2024,3.6,355,diesel,automatic,AWD,30054,9.3,66373,192,4,5,sedan,black,0,no,,Spain
2849,3 Series,2018,1.9,165,diesel,automatic,RWD,112566,6.1,26648,144,4,5,sedan,red,2,no,partial,Netherlands
2850,1 Series,2006,2.2,243,diesel,automatic,FWD,264929,6.8,4930,133,3,4,hatchback,black,5,yes,partial,UK
2851,3 Series,2013,2.3,188,petrol,automatic,AWD,146847,7.5,21219,159,4,5,sedan,silver,4,yes,,USA
2852,5 Series,2020,2.2,210,diesel,,RWD,12619,6.8,57282,137,4,5,sedan,black,1,no,full,Turkey
2853,5 Series,2021,2.9,305,petrol,automatic,RWD,63650,8.7,55638,186,4,5,sedan,grey,2,yes,full,France
2854,7 Series,2020,3.9,246,diesel,automatic,RWD,82436,,80728,213,4,5,sedan,blue,2,yes,full,Turkey
2855,X5,2010,4.3,338,petrol,automatic,AWD,161847,10.7,45893,238,5,5,suv,silver,3,yes,full,Italy
2856,X1,2023,1.5,143,petrol,automatic,FWD,23508,7.1,46652,159,5,5,suv,black,0,no,full,USA
2857,i3,2014,0,193,electric,automatic,RWD,110813,0,30191,0,5,4,hatchback,black,2,yes,full,Turkey
2858,5 Series,2016,3.7,309,hybrid,automatic,AWD,133997,6.8,44161,155,4,5,sedan,,2,no,partial,UK
2859,X1,2021,1.7,178,diesel,automatic,FWD,56643,6.6,41931,142,5,5,suv,white,1,no,full,Spain
2860,X3,2015,3.4,356,petrol,automatic,RWD,92462,9.4,53602,215,5,5,suv,white,1,no,partial,USA
2861,3 Series,2019,3.1,247,hybrid,automatic,AWD,75942,5.8,35494,119,4,5,sedan,red,3,no,partial,Spain
2862,3 Series,2018,1.8,136,petrol,automatic,RWD,83132,7.6,28429,169,4,5,sedan,blue,1,yes,full,Italy
2863,X1,2010,2,145,petrol,automatic,AWD,148487,8,19885,183,5,5,suv,white,3,yes,partial,Turkey
2864,3 Series,2016,2.1,165,diesel,automatic,AWD,81353,6.4,22905,142,4,5,sedan,blue,1,yes,partial,Turkey
2865,3 Series,2022,1.8,246,diesel,automatic,RWD,5100,6.9,41524,158,4,5,sedan,grey,1,no,full,Italy
2866,3 Series,2019,2.9,266,diesel,manual,RWD,47018,7.4,40012,181,4,5,sedan,blue,1,no,full,Turkey
2867,X1,2017,1.8,188,petrol,automatic,FWD,91675,7.7,36822,152,5,5,suv,blue,3,no,full,France
2868,5 Series,2010,3.6,295,petrol,automatic,AWD,58523,9.8,44448,215,4,5,sedan,white,2,no,partial,USA
2869,X3,2023,2.9,243,hybrid,automatic,RWD,19367,5.3,58944,111,5,5,suv,white,0,no,partial,USA
2870,X5,2022,3.4,308,diesel,automatic,AWD,41848,8,85609,176,5,5,suv,blue,1,no,full,Spain
2871,X7,2019,3.4,336,petrol,automatic,AWD,78836,9.4,88861,204,5,5,suv,silver,1,yes,partial,Italy
2872,3 Series,2014,2.1,150,diesel,automatic,RWD,131191,6.6,27307,144,4,5,sedan,red,1,no,full,UK
2873,1 Series,2013,2.4,257,diesel,automatic,FWD,151897,7.1,13817,,3,4,hatchback,black,4,no,none,Turkey
2874,X5,2013,3.5,270,hybrid,automatic,AWD,114197,6.4,53582,146,5,5,suv,grey,4,yes,partial,USA
2875,i4,2012,0,425,electric,automatic,AWD,253249,0,37986,0,4,5,coupe,black,3,yes,partial,Netherlands
2876,Z4,2016,2.9,276,petrol,manual,RWD,125749,8.7,54367,189,2,2,convertible,red,1,no,partial,USA
2877,X3,2010,3.4,279,petrol,automatic,AWD,59445,9.4,38503,207,5,5,suv,white,2,yes,full,Netherlands
2878,X5,2020,4.1,368,hybrid,automatic,AWD,104617,6.8,70534,148,5,5,suv,black,0,yes,full,Italy
2879,X5,2020,3.3,300,petrol,automatic,AWD,72325,9.6,84030,213,5,5,suv,blue,0,no,full,Germany
2880,X5,2009,3.2,269,petrol,automatic,AWD,161468,8.9,41031,207,5,5,suv,blue,2,yes,full,Turkey
2881,X5,2013,3.1,221,petrol,automatic,AWD,211577,9.9,51261,231,5,5,suv,grey,4,no,full,Turkey
2882,3 Series,2021,3,254,hybrid,automatic,AWD,45154,,38860,148,4,5,sedan,black,1,no,partial,USA
2883,X3,2012,3.4,335,petrol,automatic,AWD,260795,10.5,39249,219,5,5,suv,silver,2,no,full,Netherlands
2884,Z4,2024,2.2,238,petrol,automatic,RWD,0,8.9,72477,188,2,2,convertible,white,1,no,full,France
2885,7 Series,2019,3.3,287,petrol,automatic,AWD,39625,9.5,76717,204,4,5,sedan,black,3,yes,full,Italy
2886,X1,2021,2.3,250,hybrid,automatic,FWD,37188,5,49801,106,5,5,suv,blue,1,no,full,France
2887,i4,2013,0,408,electric,automatic,AWD,154935,0,55481,0,4,5,coupe,blue,4,no,full,Spain
2888,X1,2016,2.2,216,petrol,automatic,FWD,90315,8.4,40070,177,5,5,suv,grey,2,no,full,Netherlands
2889,X1,2015,1.8,185,petrol,automatic,AWD,65552,6.2,30105,138,5,5,suv,black,1,no,none,Italy
2890,X5,2023,3.4,355,petrol,automatic,AWD,7483,10,96883,215,5,5,suv,white,0,no,full,Spain
2891,5 Series,2018,4.3,330,diesel,automatic,AWD,80469,9.5,53510,218,4,5,sedan,white,3,no,partial,USA
2892,Z4,2010,2.6,206,petrol,automatic,RWD,212263,,37242,178,2,2,convertible,black,2,no,full,Germany
2893,X7,2017,4,367,hybrid,automatic,AWD,96731,7.4,109250,162,5,5,suv,silver,2,no,full,UK
2894,5 Series,2005,3.5,340,diesel,automatic,RWD,282543,8.7,16528,183,4,5,sedan,silver,3,yes,full,Italy
2895,1 Series,2010,2.3,216,hybrid,automatic,RWD,153060,4.6,12391,93,3,5,hatchback,black,3,yes,full,Italy
2896,X7,2020,4.1,411,hybrid,automatic,AWD,89612,6.9,103460,132,5,5,suv,red,1,yes,full,USA
2897,3 Series,2013,2.4,258,hybrid,automatic,AWD,203531,5.7,20248,114,4,5,sedan,silver,5,yes,full,Spain
2898,1 Series,2015,,197,petrol,automatic,FWD,125063,8.3,16773,177,3,5,hatchback,white,3,no,partial,Italy
2899,5 Series,2012,3.1,197,petrol,,RWD,228356,9.1,25540,187,4,5,sedan,white,3,yes,full,Netherlands
2900,7 Series,2017,0,545,electric,automatic,RWD,73229,0,97537,0,4,4,sedan,black,2,no,partial,USA
2901,i3,2022,0,168,electric,automatic,RWD,34917,0,68055,0,5,4,hatchback,black,0,no,full,USA
2902,X1,2024,2.1,195,petrol,automatic,AWD,0,7.4,54937,172,5,5,suv,blue,1,no,full,Germany
2903,X3,2024,2.6,259,diesel,automatic,RWD,0,7.9,69417,177,5,5,suv,red,0,no,full,Spain
2904,5 Series,2019,2.4,222,diesel,automatic,RWD,44847,7,55607,161,4,5,sedan,red,1,no,full,UK
2905,1 Series,2015,2.5,205,petrol,automatic,FWD,124559,,17521,167,3,5,hatchback,black,4,no,partial,Italy
2906,X5,2023,3.9,323,diesel,automatic,AWD,0,8.8,91895,177,5,5,suv,silver,0,no,full,UK
2907,i7,2018,0,439,electric,automatic,AWD,102780,0,126667,0,4,5,sedan,white,1,no,partial,Spain
2908,3 Series,2005,3.2,327,diesel,manual,RWD,300000,8.3,8069,,4,5,sedan,grey,4,yes,partial,Italy
2909,X1,2013,1.5,175,diesel,,AWD,178037,,21712,140,5,5,suv,white,3,yes,partial,Germany
2910,3 Series,2010,3.3,355,petrol,manual,RWD,300000,10.3,15666,210,4,5,sedan,silver,5,yes,partial,Germany
2911,7 Series,2017,3.5,288,hybrid,automatic,RWD,150266,5.7,74576,129,4,5,sedan,black,1,no,none,Italy
2912,7 Series,2016,0,371,electric,automatic,RWD,111511,0,74753,0,4,5,sedan,red,2,no,partial,Spain
2913,i7,2019,0,614,electric,automatic,RWD,91327,0,153437,0,4,5,sedan,black,2,no,none,USA
2914,X5,2021,4.1,355,petrol,automatic,AWD,64214,10.9,87588,219,5,5,suv,silver,0,no,full,UK
2915,X5,2023,3.3,273,petrol,automatic,AWD,16091,9.4,88573,204,5,5,suv,white,0,no,full,France
2916,Z4,2016,2,169,petrol,automatic,RWD,86241,7.8,46058,166,2,2,convertible,grey,1,no,full,Turkey
2917,X5,2019,3.8,364,diesel,automatic,AWD,100640,8.5,70052,175,5,5,suv,black,2,no,partial,Turkey
2918,1 Series,2010,1.9,190,hybrid,automatic,FWD,155617,5,10215,106,3,4,hatchback,black,5,no,none,Italy
2919,i3,2009,0,185,electric,automatic,RWD,284389,0,19614,0,5,4,hatchback,silver,4,no,partial,Spain
2920,1 Series,2008,2.6,247,hybrid,automatic,FWD,69855,4.9,16048,104,5,4,hatchback,blue,4,no,partial,UK
2921,3 Series,2018,1.7,150,diesel,automatic,RWD,74571,6.3,33414,134,4,5,sedan,black,3,no,,USA
2922,X3,2017,2.7,265,diesel,automatic,RWD,105569,6.8,33716,141,5,5,suv,black,3,yes,none,Spain
2923,i3,2020,0,151,electric,automatic,RWD,52538,0,56480,0,5,4,hatchback,black,2,no,full,Spain
2924,X7,2017,4,328,petrol,automatic,AWD,98160,10.4,103159,228,5,5,suv,,1,no,partial,USA
2925,X1,2016,1.6,163,petrol,automatic,AWD,115010,6.8,28220,157,5,5,suv,black,3,yes,full,UK
2926,5 Series,2016,2.5,227,diesel,automatic,AWD,86300,7.5,45623,170,4,5,sedan,silver,2,no,full,France
2927,X7,2011,4.2,369,diesel,automatic,AWD,243649,9.5,63261,216,5,5,suv,white,5,yes,partial,Spain
2928,5 Series,2016,2.1,201,hybrid,automatic,RWD,47807,4.2,44394,89,4,5,sedan,red,2,no,full,Turkey
2929,i3,2019,0,185,electric,automatic,RWD,81491,0,48381,0,5,4,hatchback,blue,1,no,partial,Spain
2930,X7,2024,3.4,277,petrol,automatic,AWD,3214,9.9,119905,218,5,5,suv,silver,0,no,full,France
2931,X1,2006,2.2,192,diesel,automatic,FWD,153510,6.5,17379,148,5,5,suv,black,4,yes,partial,Italy
2932,3 Series,2011,2.8,269,petrol,manual,RWD,234650,9.1,17930,203,4,5,sedan,white,3,yes,full,Italy
2933,3 Series,2005,2.4,218,petrol,automatic,AWD,164573,9.3,15795,200,4,5,sedan,white,3,no,partial,Turkey
2934,i3,2011,0,203,electric,automatic,RWD,179215,0,25174,0,5,4,hatchback,white,2,no,none,Italy
2935,i4,2008,0,234,electric,automatic,RWD,159875,0,34755,0,4,5,coupe,white,3,yes,full,France
2936,X3,2012,3.1,241,diesel,automatic,AWD,140704,8.3,36433,174,5,5,suv,black,2,no,full,USA
2937,3 Series,2016,1.7,157,diesel,manual,RWD,127127,6.7,25153,156,4,5,sedan,white,2,no,full,USA
2938,5 Series,2019,3.6,388,diesel,automatic,AWD,139835,9,63003,197,4,5,sedan,red,2,no,full,UK
2939,X1,2005,1.9,216,petrol,automatic,FWD,300000,7.6,15806,171,5,5,suv,black,4,no,partial,USA
2940,1 Series,2012,2.2,205,diesel,automatic,RWD,268947,7.1,7221,152,3,5,hatchback,grey,5,no,partial,UK
2941,3 Series,2023,2.6,232,petrol,automatic,AWD,3387,8.2,45969,184,4,5,sedan,black,0,no,full,Netherlands
2942,1 Series,2018,3,358,hybrid,automatic,RWD,106862,5.6,27363,115,5,4,hatchback,black,2,no,none,Italy
2943,3 Series,2007,2.7,259,petrol,manual,AWD,196052,9,15125,210,4,5,sedan,white,2,yes,full,UK
2944,i7,2019,0,464,electric,automatic,AWD,86714,0,163352,0,4,4,sedan,blue,3,,partial,Germany
2945,3 Series,2009,3.3,293,petrol,manual,AWD,218013,10.8,19217,226,4,5,sedan,blue,3,yes,partial,Germany
2946,5 Series,2022,2.1,180,diesel,automatic,RWD,26499,6.4,49260,141,4,5,sedan,black,2,yes,full,UK
2947,5 Series,2014,2.4,230,diesel,automatic,AWD,198332,7.2,35959,139,4,5,sedan,black,2,no,partial,Germany
2948,X3,2017,2.7,246,hybrid,automatic,RWD,85394,6.1,45906,129,5,5,suv,blue,4,no,partial,Spain
2949,X5,2022,4,331,petrol,automatic,AWD,1845,10.3,88817,212,5,5,suv,red,0,no,partial,UK
2950,1 Series,2021,2.8,265,diesel,automatic,FWD,71855,7.8,27397,174,5,4,hatchback,black,1,no,partial,Netherlands
2951,X3,2014,,221,hybrid,automatic,AWD,108077,5.1,34635,99,5,5,suv,red,1,yes,partial,Spain
2952,3 Series,2009,3.1,324,hybrid,manual,RWD,276948,6,15996,135,4,5,sedan,silver,3,no,none,Italy
2953,X5,2024,4,387,diesel,automatic,AWD,0,9,93549,188,5,5,suv,black,0,no,full,Turkey
2954,i4,2019,0,366,electric,automatic,AWD,85036,,79615,0,4,5,coupe,red,1,no,full,Germany
2955,X1,2005,1.8,174,hybrid,automatic,AWD,224704,4.3,13856,73,5,5,suv,silver,4,no,full,Italy
2956,1 Series,2024,2.8,247,hybrid,automatic,FWD,0,6,31296,143,3,5,hatchback,white,0,no,full,Turkey
2957,1 Series,2010,1.8,193,petrol,automatic,FWD,139319,7.7,12013,161,5,4,hatchback,white,3,yes,partial,Italy
2958,3 Series,2009,2.5,190,hybrid,automatic,RWD,181248,5.5,13656,105,4,5,sedan,silver,4,no,partial,Turkey
2959,i7,2024,0,541,electric,automatic,RWD,0,0,225487,,4,4,sedan,silver,0,no,full,UK
2960,X1,2012,2.1,149,diesel,automatic,FWD,186283,6.8,19146,150,5,5,suv,silver,3,no,none,UK
2961,X7,2020,3.6,300,petrol,,AWD,23087,10.4,118776,234,5,5,suv,white,1,,full,Spain
2962,1 Series,2019,2.4,243,hybrid,automatic,FWD,80617,5.3,25502,115,5,4,hatchback,silver,2,no,full,Germany
2963,3 Series,2016,2.2,241,hybrid,automatic,RWD,94434,5.1,26741,87,4,5,sedan,blue,2,no,none,Netherlands
2964,i3,2019,0,216,electric,automatic,RWD,86332,0,53337,0,5,4,hatchback,white,3,no,full,UK
2965,i3,2018,0,182,electric,automatic,RWD,97057,0,40717,0,5,4,hatchback,black,2,no,full,Italy
2966,7 Series,2024,4.6,413,petrol,automatic,RWD,0,11,108300,247,4,5,sedan,black,0,no,partial,USA
2967,X5,2013,4.1,362,petrol,automatic,AWD,156955,11.2,60232,260,5,5,suv,,3,yes,full,Spain
2968,X7,2021,3.5,300,petrol,automatic,AWD,54639,10.2,121249,223,5,5,suv,silver,1,no,full,France
2969,i4,2014,0,302,electric,automatic,RWD,219820,0,49548,0,4,5,coupe,white,3,no,full,Turkey
2970,3 Series,2016,2.3,228,diesel,manual,AWD,97395,6.4,31184,145,4,5,sedan,red,2,no,full,Spain
2971,3 Series,2022,2.6,212,hybrid,automatic,AWD,13422,4.8,45294,103,4,5,sedan,white,1,no,full,Spain
2972,X3,2010,3.5,297,diesel,automatic,AWD,234694,8.9,31114,185,5,5,suv,black,,no,full,Italy
2973,3 Series,2011,2.8,250,hybrid,automatic,AWD,161078,5,25354,110,4,5,sedan,grey,3,no,full,France
2974,X1,2016,2.2,212,diesel,automatic,AWD,89993,6.9,41716,153,5,5,suv,red,2,no,full,Germany
2975,X7,2015,3.4,335,petrol,automatic,AWD,176519,8.9,88382,191,5,5,suv,blue,2,yes,full,Germany
2976,X1,2012,2.3,262,petrol,automatic,FWD,171055,8.5,24537,181,5,5,suv,silver,4,yes,full,Netherlands
2977,X1,2011,,206,diesel,automatic,FWD,118947,6.8,25911,147,5,5,suv,black,2,yes,full,UK
2978,1 Series,2018,1.6,206,hybrid,automatic,RWD,143711,3.3,19997,73,3,4,hatchback,red,2,no,full,UK
2979,5 Series,2014,2.4,226,diesel,automatic,RWD,202454,7,38401,157,4,5,sedan,,,no,partial,Netherlands
2980,X5,2018,4.3,323,diesel,automatic,AWD,94757,9,72890,195,5,5,suv,white,2,no,full,Turkey
2981,X3,2013,,269,hybrid,automatic,RWD,194383,5.4,36445,127,5,5,suv,black,3,yes,full,USA
2982,7 Series,2024,0,473,electric,automatic,AWD,1879,0,145495,0,4,5,sedan,red,0,no,full,Netherlands
2983,X1,2005,2.2,254,hybrid,automatic,AWD,273905,,12159,122,5,5,suv,red,5,yes,partial,Spain
2984,3 Series,2022,1.6,127,petrol,manual,AWD,28143,5.9,36416,127,4,5,sedan,white,2,no,full,USA
2985,X5,2014,4.4,384,diesel,automatic,AWD,246131,10.3,68498,220,5,5,suv,blue,1,no,full,Germany
2986,5 Series,2021,4,360,hybrid,automatic,AWD,70365,7.1,58249,152,4,5,sedan,white,1,no,full,Spain
2987,3 Series,2022,3.2,321,diesel,manual,AWD,23775,7.9,41009,170,4,5,sedan,silver,1,no,partial,Italy
2988,X1,2008,1.7,240,petrol,automatic,FWD,207602,7.2,17198,154,5,5,suv,white,4,yes,full,Turkey
2989,i7,2017,0,468,electric,automatic,RWD,116597,0,97330,0,4,5,sedan,silver,1,yes,none,France
2990,X3,2017,2.6,229,hybrid,automatic,AWD,101788,4.9,42300,89,5,5,suv,white,2,yes,full,Germany
2991,i7,2020,0,504,electric,automatic,RWD,50939,0,141841,0,4,5,sedan,black,1,yes,partial,France
2992,5 Series,2021,3.7,441,petrol,automatic,AWD,40473,9.9,76077,223,4,5,sedan,silver,1,no,full,Italy
2993,5 Series,2008,3.6,333,diesel,automatic,RWD,300000,9,22397,184,4,5,sedan,silver,4,yes,partial,USA
2994,X5,2009,3.6,263,petrol,automatic,AWD,207063,10.2,34837,219,5,5,suv,grey,5,yes,partial,Netherlands
2995,3 Series,2014,2.1,232,petrol,manual,RWD,164613,6.8,30943,151,4,5,sedan,black,2,no,full,USA
2996,5 Series,2013,2.6,207,diesel,automatic,AWD,229800,6.7,30203,167,4,5,sedan,black,3,no,,Netherlands
2997,5 Series,2022,3.2,301,hybrid,automatic,AWD,4489,5.7,61912,,4,5,sedan,grey,0,no,partial,Spain
2998,Z4,2023,2.5,179,petrol,automatic,RWD,39575,8.9,64067,199,2,2,convertible,white,0,no,full,Spain
2999,5 Series,2012,3.4,309,petrol,,RWD,181220,9.8,34942,,4,5,sedan,silver,2,yes,partial,Turkey
3000,i3,2015,0,188,electric,,RWD,170551,0,31884,0,5,4,hatchback,blue,3,no,full,Turkey
3001,X1,2010,2,242,hybrid,automatic,FWD,252865,4.9,17491,114,5,5,suv,white,2,yes,full,UK
3002,X5,2011,3.6,386,diesel,automatic,AWD,210672,8.7,67657,212,5,5,suv,black,3,no,full,USA
3003,3 Series,2020,3.3,266,diesel,automatic,RWD,87960,7.7,41546,174,4,5,sedan,white,2,no,full,Germany
3004,1 Series,2019,2.7,252,petrol,automatic,FWD,69288,7.8,28661,171,5,5,hatchback,white,2,no,full,Netherlands
3005,3 Series,2017,2.4,211,hybrid,automatic,RWD,154965,5.2,23805,115,4,5,sedan,black,1,yes,partial,Germany
3006,3 Series,2018,3.5,280,hybrid,automatic,RWD,46135,5.6,42943,111,4,5,sedan,white,2,no,full,Italy
3007,5 Series,2009,4,289,hybrid,automatic,AWD,159093,6.2,28811,138,4,5,sedan,black,3,yes,partial,USA
3008,X7,2017,4.3,321,hybrid,automatic,AWD,56065,7.3,107997,165,5,5,suv,black,2,no,full,Italy
3009,3 Series,2010,1.6,177,hybrid,,AWD,241479,4.8,13056,110,4,5,sedan,black,4,yes,partial,Netherlands
3010,X1,2022,2.1,225,petrol,automatic,FWD,42376,7.9,40888,173,5,5,suv,silver,1,yes,full,Spain
3011,X5,2015,3.8,348,diesel,automatic,AWD,115450,9,65600,202,5,5,suv,silver,2,no,full,Turkey
3012,Z4,2023,2.9,251,petrol,automatic,RWD,17364,9,78158,185,2,2,convertible,black,1,no,full,USA
3013,3 Series,2024,2.2,205,hybrid,automatic,RWD,17727,5.3,40175,108,4,5,sedan,white,0,no,partial,Netherlands
3014,X7,2017,3.4,319,hybrid,automatic,AWD,166921,5.4,93459,110,5,5,suv,silver,1,no,full,Spain
3015,3 Series,2017,1.6,180,petrol,automatic,RWD,114595,8.2,30364,173,4,5,sedan,silver,2,yes,full,Germany
3016,X5,2018,3.6,332,petrol,automatic,AWD,48588,9.6,67468,209,5,5,suv,black,4,yes,full,Italy
3017,5 Series,2024,2.3,267,hybrid,automatic,AWD,4198,5.6,69122,107,4,5,sedan,grey,0,no,full,France
3018,X3,2022,2.3,210,petrol,automatic,AWD,9572,8.5,64587,174,5,5,suv,blue,1,no,full,Spain
3019,X3,2009,2.8,236,hybrid,automatic,RWD,209867,5.6,29308,107,5,5,suv,silver,2,no,partial,Spain
3020,7 Series,2006,0,423,electric,automatic,AWD,225545,0,46006,0,4,4,sedan,red,5,yes,full,UK
3021,X7,2011,3.9,363,petrol,automatic,AWD,186576,10.3,79476,226,5,5,suv,grey,3,no,full,Netherlands
3022,5 Series,2020,3.2,266,petrol,automatic,RWD,79321,10.3,47724,246,4,5,sedan,,2,no,none,UK
3023,1 Series,2013,1.6,169,diesel,automatic,FWD,190791,5.2,13161,121,5,5,hatchback,black,4,no,partial,Germany
3024,7 Series,2019,4.1,363,diesel,,RWD,124027,9.1,94136,203,4,5,sedan,white,2,no,,Turkey
3025,X1,2012,2.2,233,petrol,automatic,FWD,257401,9,19079,201,5,5,suv,white,3,no,none,Spain
3026,3 Series,2017,2.8,274,diesel,automatic,AWD,107222,8,30412,191,4,5,sedan,blue,3,no,partial,Italy
3027,3 Series,2015,2.7,210,hybrid,automatic,AWD,167867,4.4,22903,94,4,5,sedan,white,2,no,partial,Netherlands
3028,X3,2008,2.9,270,hybrid,automatic,RWD,277872,5.8,29162,129,5,5,suv,grey,2,yes,full,Spain
3029,5 Series,2017,4.3,317,hybrid,automatic,RWD,141448,6.6,49983,141,4,5,sedan,black,1,no,full,Italy
3030,3 Series,2006,2.5,211,petrol,automatic,RWD,282433,8,11479,171,4,5,sedan,white,3,no,partial,Italy
3031,X7,2019,3.3,299,hybrid,automatic,AWD,46387,6.3,97934,125,5,5,suv,black,1,yes,full,USA
3032,X5,2024,3.7,256,petrol,automatic,AWD,12402,11.3,96904,246,5,5,suv,black,0,no,full,USA
3033,1 Series,2007,2.9,272,hybrid,automatic,RWD,225581,5.4,11404,127,3,5,hatchback,blue,3,yes,partial,USA
3034,7 Series,2019,4.8,390,hybrid,automatic,RWD,51138,7.7,113467,178,4,4,sedan,white,1,no,full,USA
3035,7 Series,2008,0,428,electric,automatic,AWD,300000,0,50643,0,4,5,sedan,blue,5,no,partial,Italy
3036,5 Series,2007,,206,petrol,automatic,RWD,300000,8.6,15612,194,4,5,sedan,blue,3,no,partial,Italy
3037,X1,2010,2,235,hybrid,automatic,AWD,186384,5,18678,125,5,5,suv,blue,3,yes,partial,UK
3038,3 Series,2012,1.9,251,diesel,automatic,AWD,205971,6.9,20816,154,4,5,sedan,silver,4,no,partial,Germany
3039,X5,2018,3.1,239,petrol,automatic,AWD,70031,9.3,70576,189,5,5,suv,black,1,no,partial,Netherlands
3040,1 Series,2012,2.7,249,hybrid,manual,FWD,144250,5.5,16289,107,5,4,hatchback,white,4,no,partial,Germany
3041,3 Series,2021,3.3,338,hybrid,automatic,AWD,59230,6.4,40323,138,4,5,sedan,silver,2,yes,full,Germany
3042,X5,2020,3.1,247,petrol,automatic,AWD,45601,9,77055,215,5,5,suv,blue,1,no,full,France
3043,5 Series,2007,4,378,hybrid,automatic,AWD,121817,6.5,28809,143,4,5,sedan,black,,yes,none,France
3044,5 Series,2013,2.1,249,diesel,automatic,RWD,177250,6.4,41819,133,4,5,sedan,grey,4,no,full,Germany
3045,5 Series,2018,4.1,308,diesel,automatic,RWD,136274,9.3,60636,210,4,5,sedan,red,1,no,full,Netherlands
3046,X3,2011,2.6,218,hybrid,automatic,RWD,236918,,28400,139,5,5,suv,blue,3,no,partial,Turkey
3047,X1,2020,1.9,148,hybrid,automatic,AWD,6281,3.9,42158,97,5,5,suv,silver,0,no,full,France
3048,3 Series,2020,2.2,179,petrol,automatic,AWD,72062,8.2,39083,171,4,5,sedan,red,1,no,full,Germany
3049,Z4,2009,2.7,254,petrol,manual,RWD,221201,8.1,38129,176,2,2,convertible,red,3,no,full,France
3050,X3,2018,2.5,167,hybrid,automatic,AWD,129364,4.4,46309,108,5,5,suv,black,4,no,full,USA
3051,X3,2006,3.2,308,petrol,automatic,AWD,218595,9.4,24788,214,5,5,suv,red,3,yes,partial,USA
3052,5 Series,2011,3,283,hybrid,automatic,RWD,171684,6.6,35458,136,4,5,sedan,white,4,no,partial,Germany
3053,7 Series,2021,0,542,electric,automatic,AWD,38662,0,142614,0,4,5,sedan,black,1,no,full,Italy
3054,X3,2016,3.3,300,hybrid,automatic,AWD,100208,5.4,37906,120,5,5,suv,,1,yes,partial,Italy
3055,Z4,2013,2.2,196,petrol,automatic,RWD,244894,7.7,31872,163,2,2,convertible,blue,2,yes,partial,UK
3056,X7,2023,3.9,329,diesel,automatic,AWD,0,9.6,134664,219,5,5,suv,blue,0,no,full,France
3057,1 Series,2021,1.9,190,petrol,automatic,RWD,45477,7.3,27359,135,5,4,hatchback,silver,1,no,full,UK
3058,7 Series,2022,3.4,232,petrol,automatic,RWD,46092,10.1,109611,223,4,4,sedan,white,1,no,full,France
3059,X1,2019,2.1,211,diesel,automatic,AWD,93399,6.5,35941,134,5,5,suv,black,2,no,partial,France
3060,3 Series,2015,3,254,diesel,automatic,RWD,109442,7.1,29590,166,4,5,sedan,black,3,yes,full,USA
3061,X3,2022,2.3,240,diesel,automatic,RWD,60442,6.5,64664,137,5,5,suv,blue,0,no,full,Italy
3062,X5,2016,3.9,290,petrol,automatic,AWD,104954,10.4,56823,232,5,5,suv,black,1,yes,partial,UK
3063,5 Series,2018,2.1,216,hybrid,automatic,AWD,69631,5.6,48981,114,4,5,sedan,red,3,no,partial,Netherlands
3064,i4,2019,0,383,electric,automatic,RWD,39844,0,83822,0,4,5,coupe,silver,1,no,full,Germany
3065,Z4,2017,3,208,petrol,automatic,RWD,176193,8.9,49387,189,2,2,convertible,black,2,no,full,UK
3066,1 Series,2024,2.1,149,diesel,automatic,RWD,1005,7.2,29855,151,5,5,hatchback,blue,0,no,full,Spain
3067,i4,2024,0,223,electric,automatic,RWD,0,0,97297,0,4,5,coupe,,1,no,full,Netherlands
3068,3 Series,2024,2.1,270,petrol,manual,AWD,0,,46547,165,4,5,sedan,black,1,no,full,Netherlands
3069,1 Series,2019,2,145,hybrid,automatic,RWD,49073,5.1,24732,123,3,4,hatchback,grey,1,no,partial,USA
3070,3 Series,2007,2.3,235,petrol,automatic,AWD,244674,8.8,13713,197,4,5,sedan,black,3,yes,partial,UK
3071,3 Series,2019,3.2,209,diesel,automatic,RWD,86801,8,33340,170,4,5,sedan,white,1,no,full,Turkey
3072,3 Series,2024,2.4,238,diesel,automatic,AWD,0,7.1,43304,156,4,5,sedan,white,1,yes,full,Spain
3073,X3,2018,3.3,307,hybrid,automatic,AWD,156098,5.8,47016,115,5,5,suv,black,2,no,full,Italy
3074,X5,2018,4,364,diesel,automatic,AWD,110970,9.6,61481,209,5,5,suv,red,2,no,partial,Turkey
3075,X5,2016,3.6,318,diesel,automatic,AWD,121203,8.9,66974,210,5,5,suv,black,2,no,partial,Netherlands
3076,5 Series,2023,2.4,197,diesel,automatic,RWD,13855,6.8,66384,168,4,5,sedan,grey,,no,full,Italy
3077,5 Series,2012,2,146,diesel,automatic,AWD,124554,6.8,33293,149,4,5,sedan,white,2,no,none,Germany
3078,3 Series,2020,3,262,diesel,automatic,RWD,67040,8.2,38687,189,4,5,sedan,white,1,yes,full,Spain
3079,1 Series,2023,1.6,171,hybrid,automatic,FWD,25090,,26897,80,3,5,hatchback,black,1,no,full,Netherlands
3080,7 Series,2020,4.3,360,petrol,automatic,AWD,11618,12,116165,264,4,4,sedan,black,1,no,full,USA
3081,5 Series,2015,3.8,293,diesel,automatic,RWD,116758,9,49113,200,4,5,sedan,black,3,no,partial,France
3082,3 Series,2017,3.3,280,petrol,manual,RWD,105764,8.6,29020,182,4,5,sedan,silver,3,no,none,USA
3083,3 Series,2012,2.5,246,hybrid,automatic,AWD,181184,5.5,23009,120,4,5,sedan,black,2,yes,full,France
3084,3 Series,2012,1.9,213,diesel,automatic,AWD,151324,6.3,18755,153,4,5,sedan,grey,4,yes,partial,USA
3085,i3,2011,0,211,electric,automatic,RWD,125674,0,27342,0,5,4,hatchback,black,4,yes,partial,France
3086,3 Series,2021,2.8,229,hybrid,,AWD,68490,5.5,41106,119,4,5,sedan,white,1,no,full,UK
3087,i7,2020,0,539,electric,automatic,AWD,73005,0,136062,0,4,4,sedan,black,1,yes,full,Turkey
3088,1 Series,2016,2.3,165,diesel,automatic,RWD,129167,6.9,14068,149,5,5,hatchback,white,2,yes,partial,Germany
3089,5 Series,2010,3.1,300,diesel,automatic,RWD,111513,8.1,39844,185,4,5,sedan,red,2,no,partial,Italy
3090,7 Series,2007,4.5,365,petrol,automatic,AWD,135038,11.3,43349,245,4,5,sedan,grey,4,yes,none,Turkey
3091,X1,2010,1.9,172,petrol,automatic,AWD,84086,7.2,25003,160,5,5,suv,black,4,no,partial,Spain
3092,3 Series,2020,2.1,207,hybrid,automatic,RWD,60159,4.6,36265,110,4,5,sedan,white,1,no,full,France
3093,i3,2012,0,150,electric,automatic,RWD,166800,0,25389,0,5,4,hatchback,black,2,yes,partial,Spain
3094,X3,2017,2.2,184,diesel,automatic,AWD,93052,7.8,48664,165,5,5,suv,red,1,no,full,USA
3095,5 Series,2010,2.5,223,petrol,automatic,AWD,300000,8.2,19900,190,4,5,sedan,black,2,yes,none,USA
3096,7 Series,2013,4.1,383,diesel,,AWD,183473,9.6,70732,212,4,5,sedan,black,2,yes,partial,Germany
3097,1 Series,2012,2.9,215,diesel,automatic,FWD,300000,7.7,3346,161,5,5,hatchback,black,4,no,full,France
3098,3 Series,2008,2.1,178,diesel,manual,RWD,296854,7.2,10526,159,4,5,sedan,white,5,no,full,USA
3099,i4,2022,0,338,electric,automatic,RWD,14576,0,81108,0,4,5,coupe,silver,2,no,full,Italy
3100,X1,2007,1.7,212,hybrid,automatic,AWD,187662,4.6,17079,102,5,5,suv,white,2,no,none,USA
3101,i3,2012,0,180,electric,automatic,RWD,250291,0,19298,0,5,4,hatchback,grey,5,no,none,Netherlands
3102,3 Series,2023,3.4,313,hybrid,automatic,RWD,10622,5.5,50623,125,4,5,sedan,white,1,no,full,UK
3103,Z4,2015,2.8,206,petrol,automatic,RWD,143784,9.3,47759,201,2,2,convertible,,3,no,full,Spain
3104,3 Series,2017,3,257,petrol,automatic,RWD,51394,9.5,37421,194,4,5,sedan,silver,2,no,partial,Netherlands
3105,i7,2012,0,404,electric,automatic,AWD,179951,0,92202,0,4,4,sedan,blue,2,yes,full,France
3106,1 Series,2018,2.1,175,diesel,automatic,FWD,52174,7,22256,155,3,4,hatchback,white,3,no,full,Netherlands
3107,i7,2011,0,550,electric,automatic,AWD,192176,0,122946,0,4,4,sedan,red,3,no,full,USA
3108,3 Series,2024,2,145,petrol,automatic,AWD,16232,7.8,42188,186,4,5,sedan,black,0,no,partial,USA
3109,X3,2020,2.6,202,diesel,automatic,AWD,65500,7.2,54958,160,5,5,suv,black,0,no,full,Spain
3110,3 Series,2015,3.2,283,petrol,automatic,RWD,188542,9.4,21060,203,4,5,sedan,white,1,yes,partial,Spain
3111,X5,2012,3.3,305,hybrid,automatic,AWD,273980,5.6,41740,125,5,5,suv,grey,4,yes,partial,Spain
3112,1 Series,2012,2.3,228,diesel,manual,RWD,203931,6.8,13368,144,3,5,hatchback,white,3,no,none,Turkey
3113,5 Series,2015,3.1,200,diesel,automatic,RWD,123763,7.7,49523,162,4,5,sedan,white,2,no,full,UK
3114,i7,2023,0,463,electric,automatic,AWD,11140,0,179552,0,4,4,sedan,white,0,yes,full,France
3115,1 Series,2016,1.8,204,hybrid,manual,RWD,119926,4,18638,90,3,4,hatchback,silver,3,no,full,Spain
3116,7 Series,2015,3.9,320,petrol,automatic,RWD,106196,10.4,63037,231,4,4,sedan,white,2,yes,partial,Turkey
3117,3 Series,2023,3.4,263,petrol,automatic,RWD,7512,9,47190,202,4,5,sedan,blue,0,no,full,Netherlands
3118,3 Series,2010,3.3,310,hybrid,manual,RWD,166360,6.2,25190,132,4,5,sedan,white,3,no,full,USA
3119,i3,2009,0,156,electric,automatic,RWD,161389,,26064,0,5,4,hatchback,white,2,no,full,Turkey
3120,5 Series,2011,2.6,256,petrol,automatic,RWD,191183,8.2,29904,186,4,5,sedan,blue,5,no,partial,Italy
3121,X7,2015,3.9,278,hybrid,automatic,AWD,90698,6.2,101434,135,5,5,suv,black,1,no,full,Germany
3122,7 Series,2016,3.3,334,petrol,automatic,AWD,122786,10,89181,233,4,4,sedan,grey,1,yes,full,Netherlands
3123,7 Series,2018,4.4,350,diesel,automatic,AWD,80283,10.1,90984,211,4,4,sedan,silver,2,no,partial,France
3124,5 Series,2021,2.6,194,petrol,automatic,AWD,44010,9.2,59246,,4,5,sedan,silver,1,no,full,France
3125,7 Series,2006,3.8,373,diesel,automatic,AWD,220930,9.2,52784,188,4,5,sedan,white,4,no,full,Netherlands
3126,X1,2024,1.6,162,hybrid,automatic,FWD,17921,4.8,50049,119,5,5,suv,white,0,no,full,UK
3127,5 Series,2023,2.9,262,petrol,automatic,AWD,18162,9.8,64086,217,4,5,sedan,blue,0,no,full,France
3128,i4,2015,0,280,electric,automatic,AWD,60555,0,53968,0,4,5,coupe,blue,1,no,full,Turkey
3129,7 Series,2009,0,491,electric,automatic,AWD,230657,0,76433,0,4,4,sedan,black,2,no,full,Netherlands
3130,Z4,2019,2.1,212,petrol,,RWD,98246,8,55087,173,2,2,convertible,silver,4,no,full,France
3131,3 Series,2006,1.7,145,hybrid,manual,AWD,300000,4.9,3840,87,4,5,sedan,black,5,no,full,UK
3132,X1,2023,2.3,239,hybrid,automatic,FWD,23026,4.6,53928,93,5,5,suv,white,1,no,full,Netherlands
3133,1 Series,2024,2.7,251,petrol,automatic,RWD,0,8.5,38243,192,3,4,hatchback,black,0,no,full,Netherlands
3134,X1,2017,2.5,198,petrol,automatic,FWD,101102,8.9,36816,194,5,5,suv,red,1,no,full,UK
3135,5 Series,2006,3.3,303,hybrid,automatic,AWD,271149,6.3,20272,132,4,5,sedan,blue,2,yes,none,France
3136,i3,2008,0,175,electric,automatic,RWD,77613,0,25645,0,5,4,hatchback,white,2,yes,,Turkey
3137,X5,2007,3.6,267,petrol,automatic,AWD,291397,10.7,30225,226,5,5,suv,black,2,yes,partial,USA
3138,3 Series,2010,3.1,277,petrol,manual,RWD,162920,9.2,17371,209,4,5,sedan,grey,3,yes,none,Italy
3139,X3,2016,2.8,254,diesel,automatic,RWD,137411,7.3,37891,177,5,5,suv,silver,2,yes,full,Italy
3140,5 Series,2021,2.9,292,hybrid,automatic,RWD,27807,6.1,53814,125,4,5,sedan,white,2,no,partial,Netherlands
3141,1 Series,2013,1.8,188,diesel,automatic,FWD,256954,6.3,4281,138,3,4,hatchback,black,4,yes,none,Netherlands
3142,5 Series,2020,3.5,269,hybrid,automatic,AWD,60179,6.4,57630,130,4,5,sedan,white,,no,full,Spain
3143,3 Series,2018,3.1,280,hybrid,automatic,RWD,89950,5.2,32531,126,4,5,sedan,black,2,yes,,France
3144,5 Series,2013,4.1,391,petrol,automatic,AWD,50748,10.5,46413,235,4,5,sedan,white,4,yes,partial,Netherlands
3145,X3,2016,2.9,201,hybrid,automatic,RWD,167616,5.4,42630,127,5,5,suv,red,2,no,full,UK
3146,5 Series,2024,2.5,254,petrol,,AWD,9799,8.5,64517,186,4,5,sedan,white,0,no,full,UK
3147,3 Series,2024,2.2,226,petrol,automatic,AWD,20309,8.3,47626,180,4,5,sedan,black,0,no,full,UK
3148,X3,2019,2.6,242,hybrid,automatic,RWD,25442,6.2,51393,143,5,5,suv,red,3,no,partial,France
3149,X5,2022,3.4,332,petrol,automatic,AWD,26053,9.8,80342,204,5,5,suv,white,1,no,full,Turkey
3150,X3,2007,2.5,221,petrol,automatic,RWD,220145,8,21230,166,5,5,suv,white,4,yes,partial,USA
3151,3 Series,2021,2.5,231,hybrid,automatic,RWD,47095,5.6,43782,108,4,5,sedan,black,1,no,full,Germany
3152,5 Series,2019,4.2,348,hybrid,automatic,RWD,74754,6.7,57724,145,4,5,sedan,silver,2,no,partial,Italy
3153,1 Series,2022,2.1,164,hybrid,manual,RWD,28263,4.6,21043,93,5,5,hatchback,red,1,yes,partial,Netherlands
3154,3 Series,2020,2.6,264,petrol,automatic,AWD,43042,8.5,37211,177,4,5,sedan,black,1,no,full,Spain
3155,X3,2013,3.2,275,petrol,automatic,AWD,112377,10.1,43630,227,5,5,suv,white,3,no,full,UK
3156,1 Series,2022,2.6,231,hybrid,automatic,FWD,38206,4.9,27749,107,5,5,hatchback,black,0,no,partial,Netherlands
3157,i4,2016,0,262,electric,automatic,AWD,93990,0,63274,0,4,5,coupe,,1,no,full,Turkey
3158,Z4,2024,2.7,260,petrol,automatic,RWD,1127,8.2,71517,185,2,2,convertible,blue,1,no,full,Italy
3159,3 Series,2022,2.6,226,hybrid,automatic,RWD,11816,5.2,44695,108,4,5,sedan,black,1,no,full,Spain
3160,X1,2023,2.1,199,petrol,automatic,AWD,22584,7.8,50561,172,5,5,suv,white,0,no,full,France
3161,3 Series,2022,3.2,297,petrol,automatic,AWD,32216,9.9,49060,221,4,5,sedan,blue,1,no,full,USA
3162,Z4,2015,2.7,219,petrol,automatic,RWD,92013,9,44816,183,2,2,convertible,red,2,yes,partial,UK
3163,3 Series,2017,2.3,225,diesel,automatic,AWD,97995,6.9,27351,165,4,5,sedan,black,4,yes,full,Italy
3164,X3,2018,2.9,240,petrol,automatic,RWD,115215,8.9,44115,192,5,5,suv,blue,2,no,full,Turkey
3165,5 Series,2016,2,218,hybrid,automatic,AWD,225671,4.5,43298,107,4,5,sedan,black,2,no,full,Germany
3166,X7,2020,4,284,hybrid,automatic,AWD,53710,6.9,115725,154,5,5,suv,red,1,no,partial,UK
3167,5 Series,2024,3.9,363,hybrid,automatic,RWD,3513,6.8,69202,166,4,5,sedan,silver,0,no,full,UK
3168,1 Series,2013,3,258,hybrid,automatic,RWD,167405,5.3,11387,122,3,4,hatchback,grey,3,no,none,Germany
3169,X1,2010,2.1,272,petrol,automatic,AWD,132052,7.6,24995,174,5,5,suv,black,3,yes,full,France
3170,3 Series,2020,,277,petrol,automatic,RWD,68919,7.2,41867,153,4,5,sedan,silver,1,no,full,Italy
3171,1 Series,2020,2.8,225,diesel,automatic,RWD,53844,7.5,25286,156,3,4,hatchback,grey,,no,full,UK
3172,1 Series,2020,1.6,193,petrol,automatic,RWD,41291,6.9,28033,171,5,4,hatchback,blue,1,no,full,Netherlands
3173,7 Series,2023,3.3,295,petrol,automatic,AWD,40255,9.5,111463,207,4,5,sedan,grey,0,no,partial,Netherlands
3174,Z4,2005,2.9,265,petrol,automatic,RWD,300000,9.8,28808,220,2,2,convertible,grey,2,no,full,Netherlands
3175,3 Series,2023,2.8,238,hybrid,automatic,RWD,11806,5.8,48123,127,4,5,sedan,silver,0,no,partial,UK
3176,X1,2019,2.1,226,hybrid,automatic,FWD,47703,4.6,35128,110,5,5,suv,black,2,yes,full,Italy
3177,X3,2024,2.5,249,petrol,automatic,RWD,0,9.2,56869,198,5,5,suv,white,1,yes,full,Netherlands
3178,X1,2021,1.8,180,petrol,automatic,AWD,24141,7.1,42536,146,5,5,suv,red,1,,full,USA
3179,i7,2017,0,612,electric,automatic,RWD,177675,0,142028,0,4,4,sedan,white,2,no,partial,UK
3180,X7,2012,3.8,343,diesel,automatic,AWD,160693,8.4,83753,197,5,5,suv,grey,4,no,partial,USA
3181,3 Series,2016,2,171,diesel,automatic,RWD,118673,6.1,22191,129,4,5,sedan,white,4,no,partial,Spain
3182,5 Series,2013,2.5,253,diesel,automatic,AWD,146673,7.1,36528,154,4,5,sedan,black,2,no,partial,UK
3183,3 Series,2024,2.7,282,diesel,automatic,AWD,3915,6.9,51121,143,4,5,sedan,red,0,,full,Spain
3184,X5,2006,,361,diesel,automatic,AWD,292238,10,36983,221,5,5,suv,grey,2,yes,full,USA
3185,i4,2014,0,354,electric,automatic,AWD,150387,0,49716,0,4,5,coupe,black,,no,full,Spain
3186,5 Series,2014,3.9,342,petrol,automatic,RWD,163798,11.6,37400,252,4,5,sedan,silver,1,yes,full,Spain
3187,3 Series,2021,1.9,146,hybrid,automatic,RWD,34284,4.8,38853,103,4,5,sedan,black,0,no,full,Germany
3188,3 Series,2019,3.2,254,diesel,automatic,AWD,94107,8.1,37890,168,4,5,sedan,blue,1,no,full,Spain
3189,X3,2020,3.4,302,hybrid,automatic,AWD,56488,6.2,58361,127,5,5,suv,white,1,no,full,USA
3190,1 Series,2016,2.6,227,hybrid,automatic,RWD,96932,4.5,19022,102,5,4,hatchback,black,2,no,partial,Turkey
3191,X5,2017,3.9,319,diesel,automatic,AWD,71997,7.6,66014,175,5,5,suv,grey,3,no,partial,Netherlands
3192,Z4,2015,2,201,petrol,manual,RWD,193504,7.5,47738,150,2,2,convertible,white,2,no,full,Italy
3193,Z4,2015,2.9,206,petrol,automatic,RWD,127117,9.5,39765,211,2,2,convertible,red,2,yes,partial,Turkey
3194,X3,2013,2.6,257,petrol,automatic,RWD,197093,9.2,40743,203,5,5,suv,grey,3,no,full,Germany
3195,5 Series,2023,4.1,347,petrol,automatic,AWD,14795,10.6,66877,241,4,5,sedan,black,0,no,partial,Netherlands
3196,3 Series,2012,2.9,199,hybrid,automatic,AWD,171210,5.6,19582,127,4,5,sedan,white,3,no,full,Italy
3197,X3,2020,2.7,265,hybrid,automatic,AWD,28344,5.1,57653,100,5,5,suv,black,1,no,partial,Netherlands
3198,X5,2008,4.3,392,diesel,automatic,AWD,211672,10,51417,211,5,5,suv,white,3,no,full,UK
3199,X3,2022,2.8,227,hybrid,automatic,RWD,35880,5.1,61714,105,5,5,suv,,1,no,partial,Netherlands
3200,3 Series,2024,1.9,197,hybrid,automatic,RWD,2704,4.6,46664,96,4,5,sedan,white,0,no,full,Turkey
3201,5 Series,2017,2.8,240,diesel,automatic,AWD,96677,7.9,49142,182,4,5,sedan,black,2,no,full,Germany
3202,X3,2018,2.3,171,hybrid,automatic,RWD,38963,4.5,49555,98,5,5,suv,black,3,no,full,Turkey
3203,1 Series,2008,2.6,236,diesel,manual,RWD,236898,7.3,7866,160,5,4,hatchback,silver,3,no,partial,UK
3204,1 Series,2009,2.6,223,petrol,automatic,FWD,243551,8.3,10247,193,3,5,hatchback,white,3,no,partial,Germany
3205,3 Series,2019,2.5,235,petrol,automatic,RWD,102217,8.1,32799,178,4,5,sedan,black,3,yes,full,USA
3206,X1,2022,,196,hybrid,automatic,FWD,29877,4.8,46451,121,5,5,suv,white,1,no,partial,UK
3207,5 Series,2022,3.8,293,petrol,automatic,AWD,44858,10.3,60188,213,4,5,sedan,black,1,no,full,Spain
3208,Z4,2017,2.8,288,petrol,automatic,RWD,41587,8.6,52871,191,2,2,convertible,silver,1,yes,partial,UK
3209,5 Series,2014,2.6,271,petrol,automatic,AWD,200015,8,47183,167,4,5,sedan,black,2,no,full,USA
3210,3 Series,2022,1.9,195,petrol,automatic,AWD,4877,7,40985,161,4,5,sedan,silver,1,no,full,USA
3211,7 Series,2007,3.6,217,hybrid,automatic,AWD,253971,6.1,50730,137,4,4,sedan,white,5,no,partial,UK
3212,3 Series,2005,3.5,352,hybrid,manual,AWD,300000,5.8,10807,127,4,5,sedan,black,3,yes,partial,France
3213,5 Series,2019,3,308,hybrid,automatic,RWD,113692,5.3,47296,113,4,5,sedan,blue,2,yes,full,Germany
3214,1 Series,2017,1.8,136,petrol,automatic,FWD,95228,7.4,14258,157,3,4,hatchback,black,3,yes,full,Spain
3215,1 Series,2018,2.5,240,petrol,,FWD,72168,9,25035,188,5,4,hatchback,red,1,no,partial,Netherlands
3216,3 Series,2019,2.4,235,hybrid,automatic,AWD,113418,5.4,27805,126,4,5,sedan,silver,1,no,none,Turkey
3217,Z4,2005,2.6,244,petrol,manual,RWD,300000,8.3,21065,180,2,2,convertible,silver,3,yes,full,Netherlands
3218,7 Series,2018,4.9,387,petrol,automatic,RWD,181639,12.4,85018,269,4,4,sedan,white,2,no,partial,Spain
3219,i4,2024,0,402,electric,automatic,AWD,10775,0,88063,0,4,5,coupe,white,1,no,full,Turkey
3220,1 Series,2022,,215,diesel,automatic,FWD,20784,7.6,28333,158,5,4,hatchback,black,1,no,full,Spain
3221,1 Series,2013,2.4,255,diesel,automatic,RWD,190905,6.8,16038,154,3,5,hatchback,black,4,no,full,Spain
3222,1 Series,2021,2.2,232,petrol,automatic,FWD,28839,7.9,32593,170,3,5,hatchback,white,1,no,full,France
3223,1 Series,2012,2,191,petrol,,FWD,192373,7.9,9225,165,5,5,hatchback,silver,2,no,partial,Turkey
3224,Z4,2009,2.3,258,petrol,manual,RWD,153084,8.4,25917,184,2,2,convertible,black,4,yes,,Turkey
3225,i7,2022,0,380,electric,automatic,RWD,0,0,187927,0,4,5,sedan,red,1,no,full,Germany
3226,5 Series,2023,3.3,304,diesel,,AWD,23933,8.4,69790,194,4,5,sedan,black,1,no,full,Spain
3227,7 Series,2009,0,412,electric,,RWD,237969,0,79844,0,4,4,sedan,grey,2,no,full,UK
3228,X3,2021,3.5,337,hybrid,automatic,RWD,57543,6.3,65095,126,5,5,suv,silver,1,no,full,UK
3229,3 Series,2011,2.9,310,diesel,manual,AWD,217017,8,14270,173,4,5,sedan,silver,5,yes,full,Turkey
3230,3 Series,2014,2.7,242,petrol,automatic,AWD,183655,8.9,27250,202,4,5,sedan,grey,1,no,partial,USA
3231,X7,2019,4.3,393,hybrid,automatic,AWD,43769,6.8,87334,,5,5,suv,,4,no,none,Netherlands
3232,5 Series,2012,4.2,420,petrol,automatic,RWD,175088,10.8,40569,239,4,5,sedan,blue,3,no,partial,USA
3233,1 Series,2019,2.3,241,petrol,automatic,RWD,87817,8.7,23145,191,5,4,hatchback,black,2,no,partial,Spain
3234,X3,2024,3.4,286,diesel,automatic,AWD,0,8.9,71444,187,5,5,suv,black,0,no,partial,Italy
3235,X5,2009,3.4,363,diesel,automatic,AWD,226212,8.6,55258,182,5,5,suv,black,3,,full,Germany
3236,X7,2014,3.3,227,hybrid,automatic,AWD,177213,5.5,76439,118,5,5,suv,white,1,no,partial,Germany
3237,X5,2018,4.3,359,hybrid,automatic,AWD,30455,6.2,76555,133,5,5,suv,black,3,no,full,UK
3238,Z4,2024,2.6,245,petrol,automatic,RWD,3431,8.3,70369,177,2,2,convertible,white,1,no,full,USA
3239,X5,2016,3.6,349,petrol,automatic,AWD,148794,9.9,64539,218,5,5,suv,black,2,no,none,UK
3240,5 Series,2022,4.3,410,diesel,automatic,RWD,44581,9.8,71160,212,4,5,sedan,silver,2,no,full,Spain
3241,3 Series,2019,3.1,305,hybrid,automatic,AWD,64004,6,39643,144,4,5,sedan,silver,2,no,full,Germany
3242,3 Series,2005,1.6,178,diesel,automatic,AWD,300000,5.5,4776,125,4,5,sedan,grey,4,yes,none,Turkey
3243,7 Series,2016,3.3,289,diesel,automatic,AWD,156344,8.7,79828,196,4,4,sedan,black,3,no,partial,UK
3244,X7,2008,4,354,hybrid,automatic,AWD,295683,6.1,55309,150,5,5,suv,,4,no,partial,Germany
3245,X1,2022,2,222,petrol,automatic,AWD,28960,8,49106,180,5,5,suv,white,0,no,full,France
3246,3 Series,2012,1.7,131,diesel,manual,RWD,180045,6.1,16823,130,4,5,sedan,blue,5,no,full,Spain
3247,7 Series,2016,0,399,electric,automatic,AWD,69701,0,77747,0,4,4,sedan,black,2,yes,partial,Spain
3248,3 Series,2005,3,215,diesel,automatic,AWD,197533,7.7,14020,167,4,5,sedan,grey,5,no,full,USA
3249,1 Series,2009,1.6,167,diesel,automatic,RWD,134189,6.6,10894,142,3,4,hatchback,red,5,yes,full,UK
3250,7 Series,2024,4.9,414,petrol,automatic,AWD,25444,12.9,100408,276,4,5,sedan,white,0,,none,USA
3251,7 Series,2014,3.3,327,diesel,automatic,RWD,122989,9.2,62132,201,4,5,sedan,silver,2,yes,partial,Turkey
3252,X3,2012,2.1,228,hybrid,automatic,RWD,173001,4.8,35984,102,5,5,suv,white,3,no,partial,UK
3253,X3,2019,3.1,318,diesel,automatic,AWD,110203,7.6,50546,156,5,5,suv,silver,2,no,partial,Turkey
3254,5 Series,2016,2.4,195,hybrid,automatic,AWD,56596,4.7,47228,94,4,5,sedan,black,2,no,full,Turkey
3255,5 Series,2018,2.3,223,petrol,automatic,AWD,89683,7.7,46666,170,4,5,sedan,black,1,,partial,UK
3256,3 Series,2016,3,282,diesel,automatic,RWD,155630,8,31461,170,4,5,sedan,white,2,no,full,Italy
3257,3 Series,2016,2.6,192,hybrid,automatic,AWD,138302,5.4,25247,132,4,5,sedan,black,2,no,partial,France
3258,X3,2008,2.8,250,hybrid,automatic,AWD,300000,5.3,20648,117,5,5,suv,white,3,no,partial,France
3259,3 Series,2006,3.5,366,diesel,manual,RWD,178875,,28868,204,4,5,sedan,red,3,no,full,Netherlands
3260,3 Series,2018,1.9,219,hybrid,manual,AWD,116782,5.2,31403,104,4,5,sedan,silver,4,no,full,Spain
3261,1 Series,2022,2.8,230,hybrid,manual,FWD,38965,5.7,27475,124,3,4,hatchback,grey,1,no,full,Turkey
3262,3 Series,2016,3.4,287,petrol,automatic,RWD,167999,9.2,25680,201,4,5,sedan,red,1,no,partial,Netherlands
3263,3 Series,2008,3.4,277,petrol,,AWD,196853,9.6,18583,208,4,5,sedan,silver,,no,partial,Netherlands
3264,3 Series,2020,1.9,260,hybrid,automatic,AWD,101302,4.8,40044,110,4,5,sedan,red,0,no,full,USA
3265,7 Series,2024,0,428,electric,automatic,RWD,23613,0,135505,0,4,4,sedan,white,0,no,full,UK
3266,1 Series,2022,1.7,176,petrol,automatic,RWD,21410,7.1,25261,152,3,4,hatchback,blue,1,no,partial,Italy
3267,7 Series,2014,4.9,415,petrol,automatic,RWD,132837,12.2,79992,264,4,5,sedan,grey,3,no,partial,Germany
3268,1 Series,2019,2.7,229,diesel,automatic,RWD,65159,7.6,21401,172,5,4,hatchback,black,3,yes,partial,Netherlands
3269,5 Series,2010,3.5,288,diesel,automatic,AWD,234303,8,32002,183,4,5,sedan,grey,3,no,partial,Turkey
3270,X3,2011,3.3,334,petrol,automatic,RWD,159467,9.1,35637,195,5,5,suv,silver,2,yes,full,Turkey
3271,X3,2016,,205,petrol,automatic,AWD,128107,8.2,39036,176,5,5,suv,silver,3,yes,partial,Germany
3272,X1,2009,1.8,136,petrol,automatic,AWD,298792,7.4,11878,157,5,5,suv,silver,5,yes,full,UK
3273,X7,2019,4.2,351,hybrid,automatic,AWD,44640,6.4,110636,141,5,5,suv,red,1,no,full,Netherlands
3274,X5,2021,3.6,291,hybrid,automatic,AWD,31792,6.5,69890,143,5,5,suv,black,1,,partial,Turkey
3275,X1,2022,2.3,195,petrol,automatic,FWD,40646,8.4,36802,188,5,5,suv,grey,1,no,none,France
3276,Z4,2021,2.5,236,petrol,automatic,RWD,49035,7.8,62851,175,2,2,convertible,black,1,no,full,France
3277,5 Series,2007,4,289,petrol,automatic,RWD,281010,10.2,29717,207,4,5,sedan,black,3,no,,UK
3278,X3,2014,3.1,274,petrol,automatic,AWD,100172,8.6,36156,,5,5,suv,,4,yes,partial,Germany
3279,5 Series,2018,3.5,321,diesel,automatic,AWD,127331,8.6,55024,201,4,5,sedan,blue,1,no,full,UK
3280,7 Series,2008,,304,hybrid,automatic,RWD,191514,5.8,40450,128,4,5,sedan,silver,4,yes,none,Spain
3281,1 Series,2010,1.8,193,diesel,manual,RWD,208034,6.2,7166,127,5,5,hatchback,black,3,yes,none,Italy
3282,1 Series,2008,2.8,250,petrol,automatic,RWD,163104,8.3,15656,169,5,4,hatchback,blue,5,no,partial,Spain
3283,3 Series,2014,2.9,248,hybrid,automatic,AWD,142756,6,24619,143,4,5,sedan,grey,2,yes,partial,Turkey
3284,X7,2013,3.7,272,petrol,automatic,AWD,168976,10.1,74150,229,5,5,suv,silver,2,yes,full,Turkey
3285,Z4,2021,2.4,166,petrol,automatic,RWD,77496,7.6,57062,170,2,2,convertible,white,1,no,partial,UK
3286,X1,2018,1.6,171,petrol,automatic,FWD,40012,7.7,32353,157,5,5,suv,grey,4,yes,full,France
3287,X7,2011,3,247,diesel,automatic,AWD,289579,8,55204,175,5,5,suv,black,2,no,none,Turkey
3288,i7,2019,,462,electric,automatic,RWD,70163,0,134581,0,4,4,sedan,blue,3,yes,full,UK
3289,i3,2019,0,194,electric,automatic,RWD,87895,0,52082,0,5,4,hatchback,black,2,no,partial,USA
3290,X7,2005,3.7,258,diesel,automatic,AWD,300000,8.4,38719,192,5,5,suv,black,3,no,none,Italy
3291,7 Series,2009,4.9,410,hybrid,automatic,AWD,287559,7.5,59871,169,4,4,sedan,blue,4,no,partial,UK
3292,i4,2014,0,347,electric,automatic,AWD,52043,0,57242,,4,5,coupe,grey,1,yes,partial,Italy
3293,1 Series,2006,1.9,167,petrol,automatic,RWD,300000,7.7,3065,179,3,4,hatchback,black,3,no,full,Spain
3294,3 Series,2022,3.4,294,petrol,automatic,AWD,24078,9.6,49853,208,4,5,sedan,white,2,no,full,Spain
3295,7 Series,2023,4,364,petrol,automatic,RWD,31058,10.5,118915,223,4,5,sedan,white,0,no,full,USA
3296,7 Series,2023,0,438,electric,automatic,AWD,13019,0,117666,0,4,4,sedan,,0,yes,full,Italy
3297,X3,2019,2.9,275,petrol,automatic,AWD,76497,9.5,60724,215,5,5,suv,black,4,no,full,UK
3298,5 Series,2007,3.8,287,petrol,automatic,AWD,300000,11.5,20234,261,4,5,sedan,white,2,yes,partial,Netherlands
3299,3 Series,2023,2.6,183,petrol,automatic,AWD,22418,8,37900,183,4,5,sedan,white,0,no,partial,UK
3300,Z4,2011,2,172,petrol,automatic,RWD,163404,7.6,34990,172,2,2,convertible,white,3,no,partial,France
3301,5 Series,2024,4.3,425,diesel,automatic,AWD,0,9.4,74439,219,4,5,sedan,white,0,no,full,USA
3302,X3,2019,3.3,307,diesel,automatic,RWD,84167,8.5,51436,197,5,5,suv,blue,3,yes,full,Spain
3303,5 Series,2021,2.8,233,diesel,automatic,RWD,61694,7.8,50591,172,4,5,sedan,silver,1,no,partial,Italy
3304,X1,2013,1.9,180,hybrid,automatic,FWD,120261,4.9,29737,120,5,5,suv,black,3,no,full,France
3305,i4,2017,0,320,electric,automatic,RWD,98735,0,59005,0,4,5,coupe,blue,1,no,full,Turkey
3306,3 Series,2015,1.9,197,hybrid,automatic,RWD,49648,4.2,33515,92,4,5,sedan,black,2,no,,Italy
3307,1 Series,2007,2.9,232,hybrid,automatic,FWD,174300,5,12775,90,5,5,hatchback,black,5,no,full,UK
3308,X3,2019,2.4,196,diesel,automatic,RWD,96398,6.8,52505,144,5,5,suv,black,1,no,partial,USA
3309,X7,2019,3.8,357,diesel,automatic,AWD,107362,10,98923,222,5,5,suv,blue,2,yes,full,France
3310,i3,2009,0,182,electric,automatic,RWD,286062,0,16990,0,5,4,hatchback,red,3,yes,partial,Turkey
3311,3 Series,2006,2.9,285,hybrid,automatic,AWD,285885,5.2,9301,126,4,5,sedan,black,3,yes,partial,Spain
3312,i4,2022,0,328,electric,automatic,AWD,53557,0,82717,0,4,5,coupe,red,1,no,full,USA
3313,X3,2022,3.3,302,diesel,automatic,AWD,17014,8.2,66223,166,5,5,suv,grey,1,,full,Germany
3314,i7,2023,0,527,electric,automatic,RWD,427,0,202072,0,4,5,sedan,black,0,no,full,Italy
3315,i4,2017,0,292,electric,automatic,AWD,94324,0,58740,0,4,5,coupe,blue,2,no,partial,Netherlands
3316,3 Series,2012,3.5,344,hybrid,automatic,AWD,292699,5.9,18474,137,4,5,sedan,silver,4,no,partial,Italy
3317,X5,2024,4.2,351,diesel,automatic,AWD,0,9.6,88085,213,5,5,suv,blue,0,no,full,Italy
3318,3 Series,2013,3.1,242,hybrid,manual,AWD,194339,5.4,23871,119,4,5,sedan,blue,3,no,full,USA
3319,i7,2022,0,576,electric,automatic,AWD,35015,0,174271,0,4,4,sedan,white,,no,partial,USA
3320,X5,2013,3.4,311,hybrid,automatic,AWD,143657,5.9,54540,133,5,5,suv,white,3,yes,full,UK
3321,X7,2017,3.5,280,petrol,automatic,AWD,119023,9.5,104633,219,5,5,suv,silver,1,no,full,France
3322,X5,2024,3.2,324,diesel,automatic,AWD,0,8.6,90396,197,5,5,suv,white,0,no,full,Italy
3323,1 Series,2015,3,315,petrol,automatic,RWD,204284,10.3,18501,231,5,5,hatchback,silver,2,yes,full,Turkey
3324,3 Series,2007,3.4,315,petrol,manual,AWD,258857,9.9,12243,209,4,5,sedan,grey,4,yes,full,Turkey
3325,5 Series,2006,2.9,293,diesel,automatic,RWD,173150,8.3,27076,195,4,5,sedan,black,4,no,partial,Turkey
3326,X3,2006,3.2,306,hybrid,automatic,RWD,171598,6.3,29911,126,5,5,suv,blue,4,yes,full,USA
3327,5 Series,2008,2.4,209,diesel,automatic,RWD,300000,6.7,26806,157,4,5,sedan,red,4,no,full,UK
3328,i7,2020,0,383,electric,automatic,AWD,28067,0,161840,0,4,5,sedan,red,1,no,full,France
3329,X5,2014,3.7,353,hybrid,automatic,AWD,137969,6.6,59545,165,5,5,suv,blue,4,no,partial,France
3330,5 Series,2018,3.8,345,petrol,automatic,RWD,89528,10,49031,233,4,5,sedan,red,4,no,partial,UK
3331,3 Series,2015,3.1,194,petrol,automatic,RWD,91322,9.3,25643,215,4,5,sedan,blue,4,no,partial,France
3332,1 Series,2021,2.4,198,petrol,automatic,FWD,38830,7.9,26541,169,3,5,hatchback,white,2,no,full,Turkey
3333,i7,2022,0,504,electric,automatic,AWD,24130,0,169450,0,4,4,sedan,black,1,no,full,USA
3334,X7,2019,4.4,332,hybrid,automatic,AWD,81084,6.7,93382,139,5,5,suv,silver,2,no,partial,Spain
3335,i4,2021,0,362,electric,automatic,RWD,62195,0,78609,0,4,5,coupe,red,2,no,partial,France
3336,5 Series,2014,3.7,320,petrol,automatic,RWD,198318,8.6,43542,190,4,5,sedan,black,2,no,full,Netherlands
3337,Z4,2020,2.1,210,petrol,automatic,RWD,54766,8.2,55251,181,2,2,convertible,blue,2,no,full,Spain
3338,X5,2018,3.6,306,petrol,automatic,AWD,120941,9.6,68222,213,5,5,suv,black,1,no,full,France
3339,X1,2011,1.8,227,petrol,automatic,AWD,148387,7.8,24999,171,5,5,suv,grey,5,no,partial,France
3340,X5,2009,3.9,290,hybrid,automatic,AWD,162114,7.2,41897,151,5,5,suv,black,4,yes,partial,UK
3341,X5,2014,3.5,281,hybrid,automatic,AWD,103988,6.2,54954,137,5,5,suv,black,3,no,partial,Italy
3342,7 Series,2020,0,413,electric,automatic,AWD,38066,0,120100,0,4,4,sedan,white,1,no,partial,USA
3343,X3,2023,2.1,233,hybrid,automatic,RWD,8097,4.6,62794,103,5,5,suv,red,0,no,full,Netherlands
3344,X3,2005,2.8,293,hybrid,automatic,AWD,142841,4.8,29522,103,5,5,suv,white,3,no,partial,Spain
3345,X1,2013,1.9,226,petrol,automatic,AWD,168260,8.6,18438,180,5,5,suv,black,4,yes,none,Turkey
3346,3 Series,2024,2.8,297,hybrid,automatic,RWD,10603,5.8,48038,125,4,5,sedan,,0,no,full,Turkey
3347,X5,2005,3.8,346,hybrid,automatic,AWD,178650,6.7,35111,144,5,5,suv,white,4,yes,full,Spain
3348,7 Series,2013,0,471,electric,automatic,AWD,173879,0,73924,0,4,4,sedan,white,3,no,partial,Spain
3349,X7,2015,3.8,252,diesel,automatic,AWD,162915,8.7,86147,185,5,5,suv,silver,1,yes,full,Germany
3350,3 Series,2020,2.2,161,diesel,automatic,AWD,72016,6.1,31528,137,4,5,sedan,black,1,yes,full,UK
3351,1 Series,2014,1.6,136,petrol,automatic,RWD,241455,7,8590,149,5,4,hatchback,silver,1,no,partial,Netherlands
3352,i4,2015,0,441,electric,automatic,AWD,86598,,68626,0,4,5,coupe,red,1,yes,full,Germany
3353,i3,2022,0,157,electric,automatic,RWD,38316,0,53820,0,5,4,hatchback,silver,2,no,full,Germany
3354,Z4,2017,2.3,238,petrol,automatic,RWD,108759,7.8,53173,174,2,2,convertible,black,2,no,full,France
3355,3 Series,2019,2,218,diesel,,RWD,92535,6.9,33020,160,4,5,sedan,white,1,no,partial,Germany
3356,1 Series,2020,2.3,231,diesel,automatic,FWD,65665,6.7,30686,133,3,5,hatchback,red,1,no,full,UK
3357,i7,2010,0,241,electric,automatic,RWD,264863,0,82562,0,4,5,sedan,white,2,no,partial,USA
3358,1 Series,2023,2.9,298,diesel,automatic,RWD,0,7.3,33572,164,3,5,hatchback,,1,no,full,Italy
3359,X3,2016,2.1,201,petrol,automatic,AWD,130063,8.1,36598,177,5,5,suv,blue,3,,partial,Italy
3360,Z4,2024,2.3,200,petrol,automatic,RWD,13612,8.2,68326,164,2,2,convertible,silver,0,no,full,Netherlands
3361,X1,2018,2.4,188,hybrid,automatic,FWD,117845,5.5,33369,116,5,5,suv,,3,no,partial,Spain
3362,3 Series,2021,3.1,299,hybrid,automatic,RWD,39753,6,48150,156,4,5,sedan,white,1,no,full,UK
3363,i7,2022,0,641,electric,automatic,RWD,34140,0,188441,0,4,5,sedan,white,1,no,full,Spain
3364,X5,2024,3.7,361,diesel,automatic,AWD,0,9.1,90728,196,5,5,suv,white,0,no,full,Spain
3365,3 Series,2010,2.3,219,hybrid,automatic,AWD,293825,5.3,13330,123,4,5,sedan,grey,3,no,full,Italy
3366,Z4,2022,2.2,251,petrol,automatic,RWD,26456,7.8,64951,176,2,2,convertible,blue,1,no,partial,UK
3367,1 Series,2020,2.4,271,hybrid,automatic,FWD,15889,5.5,27803,113,3,5,hatchback,white,1,no,partial,UK
3368,i7,2008,0,429,electric,automatic,RWD,201249,0,78226,0,4,5,sedan,black,4,yes,partial,USA
3369,5 Series,2011,4.3,271,petrol,automatic,AWD,134154,10.6,37496,242,4,5,sedan,grey,2,no,partial,Germany
3370,3 Series,2019,3.1,275,petrol,automatic,RWD,56312,9.3,31891,209,4,5,sedan,white,3,yes,partial,France
3371,5 Series,2018,3.9,300,petrol,automatic,RWD,48359,10.4,49455,211,4,5,sedan,silver,3,no,partial,USA
3372,5 Series,2023,2,159,hybrid,automatic,AWD,41855,4.8,53227,100,4,5,sedan,blue,0,no,partial,Turkey
3373,X1,2015,2.1,199,diesel,automatic,FWD,176930,7.6,28819,171,5,5,suv,white,1,yes,full,Netherlands
3374,Z4,2011,2,199,petrol,automatic,RWD,113508,7.6,37648,181,2,2,convertible,grey,2,yes,full,France
3375,1 Series,2019,2.7,260,diesel,automatic,RWD,80798,7.2,25922,155,5,4,hatchback,grey,2,no,full,Netherlands
3376,5 Series,2008,,227,petrol,automatic,AWD,222218,8.7,28767,189,4,5,sedan,black,3,yes,,Germany
3377,X3,2015,2.4,248,petrol,,AWD,123995,8.4,30339,185,5,5,suv,black,4,yes,none,France
3378,i3,2016,0,204,electric,,RWD,76978,0,44222,0,5,4,hatchback,silver,1,no,full,Turkey
3379,X1,2010,1.6,127,hybrid,automatic,FWD,157664,4.4,19138,94,5,5,suv,black,3,no,none,France
3380,3 Series,2023,2.2,207,diesel,automatic,AWD,17065,6.7,46504,148,4,5,sedan,black,0,no,full,USA
3381,Z4,2016,2.3,216,petrol,automatic,RWD,55668,8.1,49698,186,2,2,convertible,silver,2,no,full,Turkey
3382,Z4,2022,2.2,184,petrol,automatic,RWD,24660,8.2,72452,179,2,2,convertible,black,1,no,full,UK
3383,X3,2022,2.8,294,hybrid,automatic,RWD,19513,5.3,72719,119,5,5,suv,black,1,no,full,Germany
3384,i3,2015,0,161,electric,automatic,RWD,168224,0,33001,0,5,4,hatchback,blue,2,no,partial,France
3385,7 Series,2024,0,397,electric,automatic,AWD,0,0,119889,0,4,4,sedan,white,,no,partial,Turkey
3386,5 Series,2023,3.3,274,petrol,automatic,AWD,0,9.8,66987,224,4,5,sedan,black,,no,full,France
3387,i4,2009,0,411,electric,automatic,AWD,170868,0,40495,0,4,5,coupe,silver,5,yes,full,Germany
3388,X5,2011,4.1,287,petrol,automatic,AWD,271038,10,44855,230,5,5,suv,black,4,yes,full,Netherlands
3389,1 Series,2013,2.7,274,diesel,manual,RWD,112226,7,17282,171,5,5,hatchback,red,2,no,none,Spain
3390,3 Series,2013,2.8,239,diesel,automatic,AWD,127579,7.5,30787,166,4,5,sedan,white,2,no,partial,Germany
3391,7 Series,2019,0,325,electric,automatic,RWD,65286,0,85790,0,4,4,sedan,black,4,no,none,Turkey
3392,i3,2014,0,179,electric,automatic,RWD,173418,,35716,0,5,4,hatchback,silver,1,no,full,USA
3393,X5,2009,4,308,hybrid,automatic,AWD,263258,6.8,38596,153,5,5,suv,black,4,no,full,Turkey
3394,5 Series,2018,3.2,278,diesel,automatic,RWD,151607,8.6,39907,190,4,5,sedan,white,1,no,partial,Turkey
3395,i3,2011,0,222,electric,automatic,RWD,172616,0,31598,0,5,4,hatchback,white,3,no,partial,Turkey
3396,3 Series,2015,2,180,diesel,manual,AWD,147936,6.7,26254,146,4,5,sedan,white,1,no,full,Netherlands
3397,X3,2022,2.8,234,hybrid,automatic,RWD,0,5.7,63396,117,5,5,suv,grey,0,no,full,Germany
3398,X1,2024,1.9,208,petrol,automatic,AWD,1819,8.1,56596,191,5,5,suv,black,0,no,full,Netherlands
3399,X7,2019,3.9,332,hybrid,automatic,AWD,60379,7,108129,150,5,5,suv,blue,1,no,full,Spain
3400,3 Series,2020,3.1,242,diesel,automatic,RWD,57746,7.8,39890,173,4,5,sedan,silver,1,no,full,France
3401,i4,2022,0,348,electric,automatic,AWD,37264,0,85867,0,4,5,coupe,black,1,no,full,Netherlands
3402,X1,2019,2.5,195,diesel,automatic,AWD,83547,7.2,38850,159,5,5,suv,grey,2,no,full,Netherlands
3403,X1,2015,1.6,198,hybrid,automatic,FWD,144106,4.2,29770,83,5,5,suv,black,2,no,full,UK
3404,1 Series,2016,2.3,158,hybrid,automatic,RWD,62532,4.9,18940,109,5,5,hatchback,white,3,no,full,Spain
3405,X5,2021,3.5,267,diesel,automatic,AWD,32401,9.4,64619,228,5,5,suv,grey,2,yes,full,Turkey
3406,7 Series,2024,4.1,361,petrol,automatic,RWD,8120,10.7,124656,234,4,4,sedan,red,0,no,full,Spain
3407,X5,2009,4.3,327,diesel,automatic,AWD,300000,10.1,42918,221,5,5,suv,grey,3,yes,partial,UK
3408,X5,2021,4,321,petrol,automatic,AWD,26011,11.8,89041,255,5,5,suv,black,1,no,full,Netherlands
3409,i7,2007,0,471,electric,automatic,AWD,133311,0,93317,0,4,4,sedan,black,4,,full,USA
3410,i4,2021,0,336,electric,automatic,RWD,34215,0,69631,0,4,5,coupe,silver,1,no,partial,USA
3411,1 Series,2024,1.7,246,petrol,automatic,RWD,0,8.1,35702,173,3,4,hatchback,blue,0,no,full,France
3412,1 Series,2014,1.9,176,hybrid,manual,RWD,154620,4.9,16319,119,5,5,hatchback,white,1,no,full,Spain
3413,X1,2007,1.8,157,hybrid,automatic,FWD,300000,4.1,8706,113,5,5,suv,grey,3,no,partial,UK
3414,X3,2018,3,233,diesel,automatic,RWD,82879,8,56884,171,5,5,suv,white,2,no,full,Netherlands
3415,1 Series,2020,2.1,214,hybrid,automatic,FWD,72030,5.1,29123,122,3,4,hatchback,silver,1,no,full,Germany
3416,X7,2024,4.2,337,hybrid,automatic,AWD,0,6.5,135422,150,5,5,suv,black,,no,full,USA
3417,X1,2021,1.7,185,hybrid,automatic,AWD,41329,4.2,42065,,5,5,suv,grey,1,no,full,Spain
3418,i3,2017,0,158,electric,automatic,RWD,175249,0,39458,0,5,4,hatchback,red,2,no,full,France
3419,X3,2006,3.4,346,petrol,automatic,RWD,121807,9,37192,191,5,5,suv,black,3,no,full,Italy
3420,1 Series,2011,1.6,162,hybrid,manual,RWD,181607,4.5,7837,94,3,4,hatchback,grey,5,yes,full,Turkey
3421,5 Series,2005,4.1,384,petrol,automatic,RWD,300000,10.5,26076,238,4,5,sedan,white,2,no,partial,France
3422,3 Series,2010,2.6,228,hybrid,manual,RWD,192204,5.5,18465,135,4,5,sedan,white,2,no,none,Italy
3423,X7,2024,,289,petrol,automatic,AWD,0,9.7,123178,223,5,5,suv,silver,0,yes,full,Netherlands
3424,5 Series,2022,2.6,224,hybrid,automatic,RWD,10584,5.9,60651,126,4,5,sedan,blue,1,no,full,Turkey
3425,X3,2014,2.6,178,hybrid,automatic,AWD,120053,5.5,43634,124,5,5,suv,black,1,no,partial,Netherlands
3426,X7,2006,4.2,357,diesel,automatic,AWD,212166,9,48192,213,5,5,suv,black,3,yes,partial,Netherlands
3427,5 Series,2013,3.6,318,diesel,automatic,AWD,218366,8.8,38266,196,4,5,sedan,red,2,no,partial,Germany
3428,i4,2013,0,230,electric,automatic,AWD,281252,0,32152,0,4,5,coupe,black,5,yes,partial,Spain
3429,5 Series,2008,3,296,petrol,automatic,AWD,81249,9.1,35627,213,4,5,sedan,silver,3,no,full,Netherlands
3430,X3,2024,2.7,259,diesel,automatic,RWD,0,7,60430,144,5,5,suv,blue,0,no,full,Turkey
3431,3 Series,2020,2.2,201,petrol,manual,AWD,81431,,35976,197,4,5,sedan,blue,0,no,full,Turkey
3432,5 Series,2007,2.6,252,diesel,automatic,RWD,300000,7.4,20386,161,4,5,sedan,grey,3,no,none,Germany
3433,3 Series,2022,3.2,293,petrol,automatic,AWD,36516,9.6,41256,195,4,5,sedan,black,1,no,none,USA
3434,i7,2022,0,682,electric,automatic,RWD,36265,0,179410,0,4,5,sedan,black,1,no,full,Turkey
3435,3 Series,2018,1.7,131,petrol,automatic,RWD,98138,7.6,24281,148,4,5,sedan,white,3,no,partial,Italy
3436,X3,2019,3.1,282,diesel,automatic,RWD,89098,7.6,50817,181,5,5,suv,blue,1,no,partial,Spain
3437,3 Series,2021,2,234,diesel,automatic,RWD,61310,7.2,42048,167,4,5,sedan,silver,1,no,full,France
3438,5 Series,2021,,286,petrol,automatic,AWD,42050,7.9,63316,193,4,5,sedan,black,2,no,full,France
3439,5 Series,2015,3.3,222,hybrid,automatic,AWD,120919,5.2,39628,127,4,5,sedan,black,4,no,partial,France
3440,X7,2015,3.1,327,diesel,automatic,AWD,117433,7.8,91840,181,5,5,suv,blue,2,no,partial,Germany
3441,i3,2008,0,200,electric,automatic,RWD,300000,0,13459,0,5,4,hatchback,black,3,yes,full,UK
3442,Z4,2013,2.1,247,petrol,manual,RWD,169499,8.3,34694,182,2,2,convertible,black,5,yes,partial,Germany
3443,X3,2021,3.1,234,petrol,automatic,AWD,61023,8.7,57684,180,5,5,suv,black,1,no,full,UK
3444,3 Series,2020,2.3,224,petrol,automatic,AWD,25397,8,41207,168,4,5,sedan,black,1,no,full,UK
3445,X3,2018,2.6,261,diesel,automatic,RWD,106202,7.1,53624,143,5,5,suv,silver,3,no,full,Germany
3446,5 Series,2019,2.2,231,hybrid,automatic,AWD,67424,5,55342,112,4,5,sedan,black,1,no,partial,UK
3447,3 Series,2019,2.9,256,hybrid,automatic,AWD,102689,5.3,27021,126,4,5,sedan,red,3,yes,full,Turkey
3448,5 Series,2015,4.3,434,petrol,automatic,AWD,149364,11.3,48096,246,4,5,sedan,blue,4,no,full,France
3449,7 Series,2021,4.4,325,petrol,automatic,AWD,55769,10.6,91818,227,4,4,sedan,white,,no,partial,Turkey
3450,1 Series,2017,2.6,289,petrol,automatic,FWD,74010,8.9,25539,194,3,5,hatchback,black,3,no,full,UK
3451,i3,2019,0,178,electric,automatic,RWD,59217,0,46343,0,5,4,hatchback,blue,1,no,partial,Netherlands
3452,5 Series,2024,2.8,246,hybrid,automatic,AWD,0,5.7,67296,109,4,5,sedan,silver,0,no,full,USA
3453,X3,2023,3.5,243,diesel,automatic,RWD,10079,8.6,63267,183,5,5,suv,silver,1,no,full,Germany
3454,X5,2021,4.4,347,petrol,,AWD,46518,12.1,84606,261,5,5,suv,white,0,no,full,Turkey
3455,X3,2023,2.8,258,hybrid,automatic,RWD,33536,5.6,56025,125,5,5,suv,white,0,no,partial,Turkey
3456,X7,2020,3.3,268,hybrid,automatic,AWD,10260,6,114736,145,5,5,suv,silver,1,no,full,Turkey
3457,i7,2021,0,506,electric,automatic,RWD,30446,0,174845,0,4,5,sedan,blue,1,no,full,France
3458,5 Series,2022,4.1,390,hybrid,automatic,RWD,33249,6.2,67407,151,4,5,sedan,,1,no,full,Spain
3459,i7,2008,0,478,electric,automatic,RWD,220071,0,73017,0,4,4,sedan,black,4,yes,partial,Spain
3460,5 Series,2022,2.3,322,petrol,automatic,RWD,57090,8.2,58021,183,4,5,sedan,silver,1,no,full,Italy
3461,1 Series,2016,3,284,hybrid,manual,FWD,166905,5.5,22855,117,5,5,hatchback,silver,1,no,full,France
3462,X1,2016,2.2,188,diesel,automatic,FWD,183142,6.7,34860,148,5,5,suv,white,1,no,full,France
3463,3 Series,2017,3.4,311,diesel,,AWD,122775,8.6,33103,179,4,5,sedan,black,,no,full,Germany
3464,X3,2017,,203,hybrid,automatic,AWD,62860,4.8,42949,116,5,5,suv,silver,1,yes,full,Turkey
3465,X5,2016,3.7,306,diesel,automatic,AWD,95250,7.9,70788,183,5,5,suv,silver,1,no,full,Germany
3466,3 Series,2020,3.3,280,petrol,automatic,RWD,52112,9.5,40611,204,4,5,sedan,black,0,no,partial,UK
3467,3 Series,2016,2.3,158,petrol,automatic,RWD,84519,8.2,27998,173,4,5,sedan,blue,3,no,full,Spain
3468,7 Series,2014,3.2,217,petrol,automatic,AWD,142324,9.6,65129,224,4,4,sedan,white,3,yes,full,Spain
3469,i4,2024,0,452,electric,automatic,RWD,0,0,89384,0,4,5,coupe,grey,0,yes,full,Turkey
3470,i7,2017,0,461,electric,automatic,RWD,147945,0,132934,0,4,5,sedan,blue,1,no,full,USA
3471,i3,2018,0,222,electric,automatic,RWD,51694,0,49239,0,5,4,hatchback,silver,2,no,full,France
3472,1 Series,2013,1.6,194,petrol,automatic,RWD,79960,7.2,19153,157,3,4,hatchback,white,4,no,full,USA
3473,Z4,2018,3,336,petrol,automatic,RWD,140494,9.6,62835,218,2,2,convertible,silver,3,no,full,USA
3474,X1,2019,1.6,182,petrol,automatic,AWD,85639,7.6,37102,151,5,5,suv,red,2,no,partial,Netherlands
3475,5 Series,2016,2.6,203,diesel,automatic,AWD,116508,7.3,40586,,4,5,sedan,silver,4,no,partial,France
3476,7 Series,2011,3.8,361,diesel,automatic,AWD,140071,8.3,72883,180,4,5,sedan,blue,2,no,full,Germany
3477,X1,2008,1.6,136,hybrid,automatic,FWD,233309,4.3,11161,101,5,5,suv,black,3,yes,full,Spain
3478,X1,2015,2,150,hybrid,automatic,AWD,173615,4.2,32037,73,5,5,suv,black,1,no,full,France
3479,X3,2021,3.4,275,petrol,automatic,RWD,29971,10.4,60743,232,5,5,suv,black,1,no,partial,USA
3480,5 Series,2015,3.5,289,diesel,automatic,AWD,199683,8.9,47452,194,4,5,sedan,white,2,no,full,USA
3481,X7,2022,4.2,386,diesel,automatic,AWD,52948,9.7,110009,207,5,5,suv,blue,,yes,full,Netherlands
3482,X3,2024,3.1,274,diesel,automatic,AWD,0,7.8,72726,177,5,5,suv,blue,0,no,full,UK
3483,1 Series,2018,1.6,218,hybrid,automatic,FWD,56533,3.9,19566,,3,5,hatchback,black,4,yes,full,UK
3484,X1,2017,2.1,230,hybrid,automatic,AWD,84162,4.8,31044,103,5,5,suv,silver,3,yes,full,UK
3485,X1,2024,2.3,226,hybrid,automatic,AWD,0,,56612,84,5,5,suv,white,0,no,full,France
3486,7 Series,2013,5,397,petrol,automatic,AWD,158664,11.7,65951,254,4,4,sedan,black,2,yes,none,France
3487,X5,2012,4.4,400,petrol,automatic,AWD,233290,10.8,54556,237,5,5,suv,silver,4,no,partial,Spain
3488,5 Series,2023,2.1,213,petrol,automatic,AWD,15198,8.1,60487,173,4,5,sedan,white,0,no,full,France
3489,7 Series,2014,4.1,336,diesel,automatic,AWD,206633,8.6,79582,172,4,5,sedan,black,2,no,full,France
3490,7 Series,2018,3.5,302,petrol,automatic,AWD,141820,10.1,68776,212,4,4,sedan,white,4,yes,partial,Spain
3491,Z4,2012,2.5,191,petrol,manual,RWD,292212,8.8,32159,192,2,2,convertible,black,3,yes,full,UK
3492,X3,2017,2.9,235,petrol,automatic,RWD,161578,10.3,47993,244,5,5,suv,white,2,no,full,Germany
3493,7 Series,2007,4.8,419,diesel,automatic,RWD,300000,10.1,58595,220,4,5,sedan,silver,,no,full,Spain
3494,X3,2005,3.1,322,petrol,automatic,RWD,300000,10.7,17015,226,5,5,suv,black,5,yes,none,Spain
3495,3 Series,2008,1.8,179,hybrid,manual,AWD,204067,5,15901,99,4,5,sedan,black,3,yes,partial,France
3496,1 Series,2009,2.2,226,petrol,manual,FWD,225938,8.6,8426,192,3,5,hatchback,white,2,yes,partial,Spain
3497,Z4,2021,2.7,217,petrol,automatic,RWD,53922,8.8,62297,197,2,2,convertible,black,1,no,full,France
3498,5 Series,2019,4.3,356,hybrid,automatic,RWD,85299,6.5,51390,146,4,5,sedan,black,1,no,,France
3499,5 Series,2022,,263,petrol,automatic,AWD,18663,9,65509,200,4,5,sedan,black,2,no,full,Spain
3500,X7,2014,3.4,348,hybrid,automatic,AWD,108842,6.9,98008,155,5,5,suv,silver,2,no,full,USA
3501,X5,2023,3.9,339,hybrid,automatic,AWD,15013,6.2,84642,136,5,5,suv,white,1,no,full,Turkey
3502,5 Series,2009,3.5,286,diesel,automatic,RWD,293051,,23494,211,4,5,sedan,black,3,no,partial,Netherlands
3503,i4,2012,0,525,electric,,RWD,156737,0,59051,0,4,5,coupe,black,2,no,partial,Turkey
3504,3 Series,2017,2.5,241,diesel,automatic,RWD,52432,7,34035,153,4,5,sedan,silver,3,no,full,USA
3505,1 Series,2017,1.9,148,hybrid,automatic,RWD,96655,4.3,20834,95,3,4,hatchback,grey,1,no,full,USA
3506,X5,2020,4.3,342,hybrid,automatic,AWD,6,7.3,81320,153,5,5,suv,blue,0,no,full,France
3507,5 Series,2017,3.2,268,diesel,automatic,AWD,54362,6.9,48156,156,4,5,sedan,black,3,no,full,Spain
3508,5 Series,2013,4.2,353,hybrid,automatic,RWD,116613,6.7,49725,151,4,5,sedan,black,2,no,partial,UK
3509,3 Series,2024,2.7,254,diesel,automatic,RWD,0,8.5,44883,187,4,5,sedan,red,0,no,partial,France
3510,1 Series,2021,2.6,235,petrol,automatic,FWD,103104,9.9,23916,232,5,4,hatchback,black,1,no,full,Italy
3511,X3,2012,3.4,271,petrol,automatic,RWD,194722,9.2,35676,203,5,5,suv,black,2,no,partial,UK
3512,3 Series,2022,2,232,petrol,automatic,AWD,12247,8,43555,185,4,5,sedan,black,0,no,full,Spain
3513,3 Series,2020,3.2,292,diesel,automatic,AWD,23248,8.3,40688,204,4,5,sedan,blue,0,no,full,Netherlands
3514,3 Series,2019,2.5,223,hybrid,automatic,AWD,62775,5,39012,115,4,5,sedan,blue,1,no,partial,France
3515,Z4,2008,2.8,294,petrol,automatic,RWD,241127,,32536,227,2,2,convertible,grey,4,yes,full,Netherlands
3516,X5,2023,3.8,355,diesel,automatic,AWD,0,9.8,95402,224,5,5,suv,silver,1,no,full,Spain
3517,5 Series,2010,3.1,342,diesel,automatic,RWD,192696,8.1,30307,179,4,5,sedan,white,4,yes,partial,Italy
3518,3 Series,2016,2.6,246,diesel,automatic,RWD,127817,7.3,30004,169,4,5,sedan,grey,2,no,full,Turkey
3519,X3,2007,2.9,267,diesel,automatic,AWD,245684,7.8,29809,165,5,5,suv,white,3,no,partial,France
3520,X3,2014,3.3,351,petrol,automatic,AWD,104706,9.8,53003,219,5,5,suv,silver,2,no,full,France
3521,X1,2020,1.6,187,petrol,automatic,FWD,84234,5.8,34669,118,5,5,suv,black,2,no,none,UK
3522,i4,2021,0,287,electric,automatic,RWD,60939,0,75667,0,4,5,coupe,white,0,,full,Spain
3523,5 Series,2011,3.3,277,hybrid,automatic,AWD,184636,6.7,29989,147,4,5,sedan,black,2,yes,full,France
3524,X7,2008,4,393,diesel,automatic,AWD,296386,9.1,63837,195,5,5,suv,black,3,,full,Spain
3525,X1,2014,1.8,188,hybrid,automatic,AWD,130733,4.5,22278,108,5,5,suv,grey,1,yes,partial,France
3526,X5,2018,3.3,297,diesel,automatic,AWD,68507,9.2,71062,,5,5,suv,silver,1,no,partial,USA
3527,i7,2014,0,544,electric,automatic,AWD,107358,0,121989,0,4,4,sedan,white,1,no,partial,France
3528,1 Series,2009,1.6,192,hybrid,manual,RWD,163512,4.4,10585,109,3,4,hatchback,white,4,no,partial,France
3529,X1,2016,2.2,234,diesel,automatic,FWD,120170,6.9,30865,141,5,5,suv,red,2,no,partial,UK
3530,X1,2016,2,209,petrol,automatic,AWD,176433,8.1,29267,175,5,5,suv,white,2,no,full,Turkey
3531,5 Series,2024,2.5,232,hybrid,automatic,AWD,740,5.6,58364,119,4,5,sedan,grey,0,no,partial,France
3532,1 Series,2010,2.2,255,petrol,automatic,FWD,256020,8.4,11555,191,3,5,hatchback,white,3,no,partial,Turkey
3533,5 Series,2020,2,214,hybrid,automatic,RWD,84290,4.4,53549,100,4,5,sedan,silver,0,no,full,Turkey
3534,Z4,2020,2.4,250,petrol,automatic,RWD,84348,8.5,56767,197,2,2,convertible,silver,1,no,full,USA
3535,3 Series,2017,2.3,158,diesel,automatic,RWD,77578,6.8,30239,137,4,5,sedan,black,2,no,full,Netherlands
3536,1 Series,2016,2.1,212,petrol,automatic,FWD,94670,7.8,18865,177,3,5,hatchback,silver,1,yes,full,UK
3537,5 Series,2021,2.6,209,diesel,automatic,AWD,46456,7.4,54905,168,4,5,sedan,black,1,no,full,UK
3538,X3,2021,3.1,252,hybrid,automatic,RWD,56235,5.7,67956,117,5,5,suv,black,0,no,full,USA
3539,i4,2019,0,440,electric,automatic,RWD,90250,0,65450,0,4,5,coupe,white,3,no,none,France
3540,Z4,2016,2.9,272,petrol,automatic,RWD,110019,9.3,49260,209,2,2,convertible,white,2,yes,full,Germany
3541,X7,2023,4.2,371,petrol,automatic,AWD,20155,10.5,130575,234,5,5,suv,blue,1,no,full,Germany
3542,1 Series,2017,2,199,petrol,automatic,FWD,121147,7.6,22202,162,5,4,hatchback,blue,1,no,full,Netherlands
3543,3 Series,2023,1.6,150,diesel,automatic,RWD,11156,5.3,38659,113,4,5,sedan,silver,0,no,partial,Turkey
3544,X3,2023,,255,petrol,automatic,RWD,11139,8.7,62636,195,5,5,suv,black,0,no,full,Turkey
3545,X3,2008,3.5,360,hybrid,automatic,RWD,165426,6.7,33429,151,5,5,suv,black,3,no,partial,Italy
3546,X5,2007,3.7,366,diesel,automatic,AWD,300000,8.7,40201,189,5,5,suv,white,3,yes,partial,Spain
3547,X5,2008,4,373,petrol,automatic,AWD,153441,10.7,49017,228,5,5,suv,black,3,no,partial,Italy
3548,i3,2022,0,170,electric,automatic,RWD,34428,0,52883,0,5,4,hatchback,black,0,yes,full,Germany
3549,X3,2018,2.5,238,petrol,automatic,AWD,103913,8.9,52133,187,5,5,suv,grey,1,no,partial,USA
3550,Z4,2009,2.4,238,petrol,automatic,RWD,300000,8,31322,175,2,2,convertible,blue,3,yes,full,Netherlands
3551,5 Series,2020,2.5,192,petrol,automatic,AWD,51429,7.5,49290,173,4,5,sedan,silver,2,yes,full,USA
3552,3 Series,2021,1.6,178,diesel,automatic,RWD,15283,5.6,37090,122,4,5,sedan,blue,1,no,full,Spain
3553,X3,2017,,306,diesel,automatic,AWD,133128,8.5,48179,179,5,5,suv,silver,2,no,full,Italy
3554,X3,2023,2.9,204,hybrid,,RWD,4967,5.2,71296,122,5,5,suv,blue,0,no,full,USA
3555,X1,2024,1.7,205,petrol,automatic,FWD,0,8,56007,177,5,5,suv,silver,0,no,full,Italy
3556,3 Series,2023,3.2,289,hybrid,automatic,RWD,5159,5.3,47637,115,4,5,sedan,silver,0,no,full,Spain
3557,5 Series,2022,2.5,238,petrol,automatic,AWD,39091,8.7,63075,184,4,5,sedan,white,1,no,full,Spain
3558,3 Series,2021,3.4,330,diesel,automatic,RWD,45831,8.6,39511,171,4,5,sedan,black,1,yes,full,Germany
3559,1 Series,2022,1.5,122,hybrid,automatic,FWD,21680,4.3,26819,91,5,5,hatchback,black,0,no,full,Turkey
3560,1 Series,2015,2.7,229,petrol,manual,FWD,222721,8.9,13641,203,5,5,hatchback,white,3,no,partial,Netherlands
3561,X1,2024,2.1,247,diesel,automatic,FWD,5757,7.7,49597,166,5,5,suv,red,0,no,full,Spain
3562,5 Series,2008,3.7,314,diesel,automatic,RWD,249890,10.2,27311,219,4,5,sedan,white,3,no,none,Germany
3563,5 Series,2007,3.1,234,diesel,automatic,AWD,126086,7.9,25978,152,4,5,sedan,silver,4,yes,,Turkey
3564,3 Series,2018,3.1,272,petrol,automatic,RWD,44522,9.7,47121,220,4,5,sedan,red,1,no,full,Germany
3565,i7,2022,0,497,electric,automatic,AWD,19012,0,169758,0,4,5,sedan,black,1,yes,,Spain
3566,5 Series,2022,3.1,278,hybrid,automatic,AWD,25231,5.8,53048,142,4,5,sedan,silver,2,no,partial,Turkey
3567,3 Series,2006,2.8,247,petrol,automatic,RWD,270866,8.2,13323,167,4,5,sedan,white,4,no,full,Turkey
3568,i4,2022,0,482,electric,automatic,AWD,43446,0,98889,0,4,5,coupe,silver,2,no,full,Germany
3569,5 Series,2015,2.5,239,diesel,automatic,AWD,174091,7.5,38211,181,4,5,sedan,silver,3,no,partial,Turkey
3570,X7,2011,3.1,264,hybrid,automatic,AWD,188498,,67049,129,5,5,suv,silver,5,no,full,Italy
3571,3 Series,2020,1.7,185,hybrid,automatic,AWD,29138,4.4,28473,90,4,5,sedan,grey,0,yes,none,Italy
3572,5 Series,2021,3.9,353,hybrid,automatic,RWD,38878,6.7,68950,151,4,5,sedan,black,0,no,full,Netherlands
3573,X7,2022,4.3,313,diesel,automatic,AWD,6878,9.3,130976,210,5,5,suv,silver,0,no,full,UK
3574,X7,2012,4.1,325,petrol,automatic,AWD,146577,10.3,87702,,5,5,suv,black,2,no,full,Spain
3575,i7,2008,0,360,electric,automatic,AWD,270882,0,97939,0,4,4,sedan,white,4,no,full,France
3576,1 Series,2016,2.9,262,diesel,automatic,FWD,158161,8.6,24046,190,3,5,hatchback,white,4,no,full,UK
3577,X7,2024,4.3,303,hybrid,automatic,AWD,0,7.5,120269,160,5,5,suv,red,0,,partial,Netherlands
3578,5 Series,2015,3.4,304,diesel,automatic,AWD,141009,7.4,35083,164,4,5,sedan,silver,2,yes,,Spain
3579,7 Series,2008,4.8,363,diesel,automatic,RWD,164501,10.6,56788,234,4,5,sedan,white,2,yes,full,USA
3580,X5,2006,4.1,342,hybrid,automatic,AWD,189422,6.6,38526,161,5,5,suv,silver,2,yes,partial,Germany
3581,5 Series,2023,2.2,155,diesel,automatic,AWD,12817,7,61610,160,4,5,sedan,blue,0,no,full,Spain
3582,X1,2021,1.6,193,diesel,automatic,AWD,54172,5.9,37838,142,5,5,suv,grey,1,yes,full,France
3583,3 Series,2016,2,229,hybrid,automatic,RWD,113424,4.4,24875,96,4,5,sedan,blue,1,yes,partial,Spain
3584,5 Series,2017,3.2,264,petrol,automatic,AWD,68456,9.5,44092,,4,5,sedan,grey,1,no,partial,Turkey
3585,i4,2022,0,400,electric,automatic,RWD,20836,0,88691,0,4,5,coupe,white,1,no,full,Germany
3586,5 Series,2014,3.2,261,diesel,automatic,RWD,151019,8,43511,189,4,5,sedan,blue,1,no,full,USA
3587,i4,2020,0,401,electric,automatic,AWD,78451,0,78767,0,4,5,coupe,blue,1,no,full,Turkey
3588,X5,2020,3.5,305,hybrid,automatic,AWD,75040,6.1,74910,145,5,5,suv,white,1,no,full,Turkey
3589,X5,2014,3.4,302,diesel,automatic,AWD,194776,8.2,53034,177,5,5,suv,white,2,no,partial,France
3590,Z4,2014,2,189,petrol,automatic,RWD,221355,8.1,35325,197,2,2,convertible,white,2,yes,full,France
3591,X5,2024,3.7,368,diesel,automatic,AWD,4519,9.2,91825,202,5,5,suv,black,1,no,partial,Netherlands
3592,3 Series,2023,1.8,212,hybrid,automatic,RWD,29838,3.9,39868,93,4,5,sedan,black,1,no,partial,Italy
3593,Z4,2024,2.7,262,petrol,automatic,RWD,14506,8.3,77925,196,2,2,convertible,white,0,no,full,Italy
3594,X3,2020,2.2,255,hybrid,automatic,AWD,83598,5,56548,116,5,5,suv,white,1,no,partial,UK
3595,X1,2008,2.3,278,petrol,automatic,FWD,293746,8.4,11776,199,5,5,suv,white,5,yes,partial,Turkey
3596,X7,2019,3.6,277,hybrid,automatic,AWD,96316,6.1,88909,130,5,5,suv,blue,4,,full,Germany
3597,5 Series,2020,3.5,312,petrol,automatic,RWD,51321,9.6,61209,208,4,5,sedan,black,2,no,full,France
3598,7 Series,2024,0,467,electric,automatic,RWD,25085,0,133477,0,4,5,sedan,black,0,no,full,France
3599,X5,2019,3.9,329,hybrid,automatic,AWD,71081,6,83398,125,5,5,suv,black,2,no,partial,Germany
3600,3 Series,2012,3.1,222,petrol,automatic,AWD,175495,8.7,18305,186,4,5,sedan,blue,3,yes,partial,UK
3601,3 Series,2022,3.5,272,hybrid,automatic,RWD,35107,6.2,38354,134,4,5,sedan,silver,1,yes,full,Italy
3602,X5,2022,3.6,382,petrol,automatic,AWD,19952,10.9,83566,226,5,5,suv,black,0,no,none,Netherlands
3603,7 Series,2017,3.2,251,hybrid,automatic,AWD,56556,5.9,79731,132,4,4,sedan,,1,no,partial,France
3604,X3,2019,2.5,223,petrol,automatic,AWD,92144,8.9,50036,202,5,5,suv,blue,2,no,full,UK
3605,7 Series,2009,3.9,322,petrol,automatic,RWD,209302,10.2,61491,221,4,5,sedan,white,3,no,full,Spain
3606,5 Series,2023,,278,hybrid,automatic,RWD,23687,5,67436,97,4,5,sedan,white,0,no,full,Spain
3607,Z4,2010,2.8,231,petrol,automatic,RWD,254859,9.5,39158,201,2,2,convertible,silver,3,no,full,Germany
3608,X1,2010,2.2,154,diesel,automatic,AWD,234289,6.6,16592,149,5,5,suv,silver,2,no,partial,Germany
3609,7 Series,2024,4.5,348,hybrid,automatic,RWD,0,7.3,122418,178,4,4,sedan,black,0,no,full,UK
3610,7 Series,2013,3.4,253,hybrid,automatic,RWD,247026,5.3,63711,122,4,4,sedan,blue,4,yes,full,Netherlands
3611,X7,2023,4.3,286,hybrid,automatic,AWD,4503,6.9,125754,152,5,5,suv,red,1,no,partial,UK
3612,X1,2014,1.9,179,diesel,automatic,AWD,114982,6.2,27201,128,5,5,suv,blue,3,no,,Turkey
3613,i4,2009,0,360,electric,automatic,AWD,220941,0,34701,0,4,5,coupe,white,5,no,none,UK
3614,5 Series,2008,2.1,177,hybrid,automatic,RWD,224683,5.2,27130,110,4,5,sedan,black,4,no,full,France
3615,X1,2013,2.4,239,diesel,automatic,AWD,159168,7.6,24388,153,5,5,suv,blue,5,no,none,USA
3616,1 Series,2016,2.1,241,petrol,automatic,RWD,32195,8,18660,190,3,5,hatchback,silver,2,yes,none,Netherlands
3617,5 Series,2014,3.7,294,hybrid,automatic,RWD,165152,6.8,43050,151,4,5,sedan,black,1,no,full,Italy
3618,X1,2017,1.8,177,hybrid,automatic,AWD,161587,3.9,30714,95,5,5,suv,blue,1,no,partial,Spain
3619,X5,2011,4,308,hybrid,automatic,AWD,194364,6.4,40675,150,5,5,suv,white,3,yes,partial,Turkey
3620,5 Series,2014,3.3,264,hybrid,automatic,RWD,199359,6.4,38778,139,4,5,sedan,white,3,no,partial,USA
3621,X3,2023,2.4,209,diesel,,AWD,24088,6.4,62803,145,5,5,suv,black,0,no,full,UK
3622,X1,2020,2,164,hybrid,automatic,AWD,33831,4.3,46406,95,5,5,suv,silver,0,no,full,Germany
3623,X3,2017,2.6,236,petrol,automatic,AWD,58130,8.6,45602,188,5,5,suv,silver,1,yes,full,France
3624,5 Series,2011,3,277,diesel,automatic,AWD,127110,7.4,39879,147,4,5,sedan,black,4,yes,full,Germany
3625,X3,2009,2.2,172,diesel,automatic,AWD,148477,7.2,27956,172,5,5,suv,silver,5,yes,partial,Germany
3626,3 Series,2022,2.6,261,diesel,automatic,AWD,54389,7.6,41336,167,4,5,sedan,black,1,no,full,France
3627,X1,2012,2,204,hybrid,automatic,AWD,244088,5.2,22602,115,5,5,suv,black,3,no,partial,Netherlands
3628,X3,2020,2.8,273,diesel,automatic,RWD,90471,7.1,62763,161,5,5,suv,grey,1,no,full,Germany
3629,X3,2005,2.3,238,petrol,automatic,RWD,298331,8.6,20802,187,5,5,suv,black,,no,none,Germany
3630,i3,2019,0,168,electric,automatic,RWD,94866,0,43238,0,5,4,hatchback,silver,1,no,partial,Spain
3631,X3,2016,2.1,163,hybrid,automatic,AWD,105851,4.6,41030,107,5,5,suv,white,3,no,full,Turkey
3632,X1,2014,2.2,237,diesel,automatic,AWD,76251,7.2,31062,152,5,5,suv,blue,1,no,none,USA
3633,5 Series,2017,4.1,351,petrol,automatic,AWD,99858,11.2,49031,254,4,5,sedan,blue,3,yes,partial,UK
3634,X7,2020,3.1,291,petrol,automatic,AWD,74755,9.7,115420,214,5,5,suv,black,1,no,full,Netherlands
3635,X5,2012,3.8,304,hybrid,automatic,AWD,271655,6.5,49523,140,5,5,suv,black,2,no,full,Netherlands
3636,3 Series,2015,2.5,279,hybrid,automatic,RWD,57408,5.3,33440,108,4,5,sedan,grey,3,no,none,USA
3637,X5,2023,3.5,340,hybrid,automatic,AWD,26960,6.3,91110,132,5,5,suv,black,1,no,full,USA
3638,7 Series,2023,0,423,electric,automatic,AWD,23480,0,142124,0,4,5,sedan,red,0,no,full,France
3639,3 Series,2010,2.2,209,diesel,automatic,AWD,236596,6,13381,131,4,5,sedan,black,3,yes,full,Germany
3640,Z4,2020,2.2,202,petrol,automatic,RWD,85275,8.1,55028,185,2,2,convertible,red,1,no,full,Turkey
3641,1 Series,2023,1.5,212,petrol,automatic,FWD,3469,6.8,32835,155,3,4,hatchback,white,1,no,partial,USA
3642,Z4,2024,2.1,235,petrol,automatic,RWD,19576,7.5,70581,168,2,2,convertible,blue,0,no,full,Italy
3643,1 Series,2010,2.1,222,diesel,automatic,FWD,260939,6.7,8693,148,3,5,hatchback,black,3,no,none,Spain
3644,X1,2012,2.4,217,diesel,automatic,FWD,150332,7.5,22817,159,5,5,suv,blue,3,yes,partial,Turkey
3645,X5,2015,3.3,309,petrol,automatic,AWD,175760,10.4,59468,230,5,5,suv,black,1,no,partial,USA
3646,3 Series,2019,3.1,296,diesel,manual,RWD,74367,7.7,38314,170,4,5,sedan,silver,1,no,partial,Spain
3647,7 Series,2017,0,367,electric,automatic,RWD,119945,0,73028,0,4,4,sedan,black,2,yes,partial,Italy
3648,X3,2024,2.9,243,diesel,automatic,AWD,0,7.5,68241,177,5,5,suv,silver,0,no,full,Netherlands
3649,i3,2016,0,200,electric,automatic,RWD,102784,0,36603,0,5,4,hatchback,black,1,no,none,France
3650,X1,2007,2.4,256,diesel,automatic,FWD,230635,7.5,15142,166,5,5,suv,red,5,no,partial,Italy
3651,3 Series,2016,2.6,260,petrol,manual,RWD,126223,9.8,27032,224,4,5,sedan,grey,4,no,partial,Turkey
3652,5 Series,2011,3.8,379,diesel,automatic,AWD,195053,9.2,41919,210,4,5,sedan,black,5,no,partial,Italy
3653,3 Series,2022,2,217,petrol,automatic,AWD,21873,7.5,42510,178,4,5,sedan,grey,1,no,full,Spain
3654,5 Series,2019,3.8,329,petrol,automatic,AWD,99863,10.5,43277,236,4,5,sedan,silver,2,yes,none,France
3655,X3,2020,3,281,hybrid,automatic,AWD,45621,5.7,56088,150,5,5,suv,black,1,no,full,UK
3656,3 Series,2024,2.3,177,diesel,automatic,AWD,0,7.5,47839,160,4,5,sedan,,1,no,full,UK
3657,X1,2013,2.2,243,diesel,automatic,FWD,185159,7.5,30624,169,5,5,suv,blue,4,no,partial,France
3658,X7,2007,3.5,324,diesel,automatic,AWD,282218,8.5,55013,179,5,5,suv,black,5,no,partial,UK
3659,i7,2021,0,345,electric,automatic,RWD,42643,0,172941,0,4,4,sedan,white,1,no,full,Netherlands
3660,5 Series,2015,2.6,246,hybrid,automatic,AWD,82653,5.6,37694,127,4,5,sedan,black,3,yes,full,Turkey
3661,Z4,2021,2.9,294,petrol,automatic,RWD,28458,10.6,61290,216,2,2,convertible,black,1,no,partial,Spain
3662,5 Series,2009,2.9,286,hybrid,automatic,AWD,300000,5.8,21567,131,4,5,sedan,blue,5,no,full,France
3663,3 Series,2014,2.3,231,petrol,automatic,RWD,206624,8.2,20604,184,4,5,sedan,red,1,yes,partial,Germany
3664,i7,2019,0,354,electric,automatic,RWD,73939,0,138426,0,4,5,sedan,black,1,no,partial,Turkey
3665,X5,2021,3.5,284,diesel,automatic,AWD,10902,8.9,87330,195,5,5,suv,silver,,no,full,Netherlands
3666,X5,2019,3.9,393,hybrid,automatic,AWD,43229,6.6,77297,140,5,5,suv,silver,4,no,partial,Germany
3667,5 Series,2023,3.6,290,petrol,automatic,RWD,50933,9.5,68343,204,4,5,sedan,silver,0,no,full,Germany
3668,3 Series,2022,1.9,171,petrol,manual,AWD,25523,7.7,36163,165,4,5,sedan,silver,2,no,full,France
3669,i3,2013,0,190,electric,automatic,RWD,152422,0,27626,0,5,4,hatchback,black,5,yes,none,Germany
3670,X3,2011,2.6,221,hybrid,automatic,RWD,65447,5.5,39145,131,5,5,suv,blue,2,no,partial,Netherlands
3671,X7,2018,,307,diesel,automatic,AWD,124297,9.7,102567,219,5,5,suv,black,3,no,partial,Germany
3672,X1,2011,1.6,127,diesel,automatic,FWD,179732,5.7,17895,122,5,5,suv,black,2,no,,UK
3673,3 Series,2012,3.1,306,hybrid,manual,RWD,202707,5.8,22537,129,4,5,sedan,black,3,yes,partial,Spain
3674,X3,2022,2.7,210,hybrid,automatic,RWD,51457,5,60133,88,5,5,suv,grey,1,no,full,UK
3675,5 Series,2010,4.1,351,hybrid,automatic,AWD,233214,6.7,29101,157,4,5,sedan,black,4,no,partial,Germany
3676,i3,2014,0,221,electric,automatic,RWD,44978,0,39967,0,5,4,hatchback,blue,2,yes,full,Germany
3677,3 Series,2006,2.2,240,petrol,automatic,RWD,145995,7.7,18322,185,4,5,sedan,blue,2,no,partial,France
3678,X1,2016,1.5,171,diesel,automatic,FWD,165795,5.7,25823,128,5,5,suv,silver,1,no,none,Turkey
3679,3 Series,2007,2.9,273,diesel,manual,AWD,165458,7.7,15504,166,4,5,sedan,silver,5,no,none,Turkey
3680,X3,2022,2.8,225,petrol,automatic,RWD,47446,8.4,62459,172,5,5,suv,grey,2,no,full,UK
3681,5 Series,2022,4.4,352,hybrid,automatic,AWD,48378,6.8,57736,158,4,5,sedan,silver,1,no,partial,Turkey
3682,1 Series,2023,1.9,229,hybrid,automatic,FWD,13207,4.9,32323,100,5,4,hatchback,black,0,no,full,Italy
3683,Z4,2021,2.6,292,petrol,automatic,RWD,54253,8.8,58899,186,2,2,convertible,red,1,yes,full,Italy
3684,i4,2018,0,396,electric,automatic,RWD,114044,0,64972,0,4,5,coupe,white,2,no,partial,Italy
3685,5 Series,2020,2.4,231,diesel,automatic,AWD,67647,6.5,57274,141,4,5,sedan,black,1,no,full,Netherlands
3686,X7,2023,3.2,274,petrol,automatic,AWD,31797,9.5,135121,211,5,5,suv,white,0,no,full,France
3687,Z4,2016,2.1,283,petrol,automatic,RWD,47479,8.3,48796,191,2,2,convertible,silver,1,yes,partial,Italy
3688,1 Series,2023,2.8,251,petrol,automatic,RWD,29217,8.6,30615,201,3,4,hatchback,silver,0,yes,full,UK
3689,X7,2016,4.2,395,hybrid,automatic,AWD,104522,7.1,97518,148,5,5,suv,white,3,no,partial,France
3690,i7,2016,0,472,electric,automatic,AWD,110542,0,134639,0,4,5,sedan,grey,2,no,full,Spain
3691,1 Series,2019,2.5,209,hybrid,automatic,RWD,93357,5.3,23292,121,5,4,hatchback,blue,2,no,partial,Spain
3692,i4,2022,,371,electric,automatic,RWD,27263,0,84222,0,4,5,coupe,silver,0,no,full,Turkey
3693,X3,2019,2.5,236,hybrid,automatic,RWD,88056,5.5,54437,133,5,5,suv,black,1,no,partial,Germany
3694,7 Series,2017,0,473,electric,automatic,RWD,100989,0,93572,0,4,4,sedan,black,4,,full,Turkey
3695,5 Series,2023,2.1,262,diesel,automatic,RWD,0,6.5,60165,138,4,5,sedan,silver,1,no,full,Turkey
3696,X3,2014,2.5,193,diesel,automatic,AWD,197840,7.3,40300,157,5,5,suv,black,2,no,partial,USA
3697,1 Series,2023,2.7,220,diesel,automatic,FWD,18490,8.4,33863,187,3,5,hatchback,red,1,no,full,UK
3698,X1,2022,2.4,307,diesel,automatic,FWD,52483,7.5,48190,166,5,5,suv,white,0,no,full,Turkey
3699,3 Series,2016,2.8,287,hybrid,manual,RWD,200269,5.7,31302,125,4,5,sedan,white,2,no,full,USA
3700,5 Series,2022,3.5,369,hybrid,automatic,AWD,37523,6.6,65528,144,4,5,sedan,silver,1,no,partial,UK
3701,X1,2022,1.7,180,petrol,automatic,FWD,41009,6.8,40611,124,5,5,suv,blue,0,yes,full,Italy
3702,3 Series,2009,3.2,291,diesel,,RWD,252466,8.6,14561,,4,5,sedan,grey,2,yes,none,Spain
3703,i7,2021,0,415,electric,automatic,RWD,52297,0,195735,0,4,4,sedan,white,1,no,full,Germany
3704,Z4,2005,2.2,199,petrol,automatic,RWD,210987,8.2,28161,168,2,2,convertible,white,4,,partial,UK
3705,5 Series,2023,3.4,336,petrol,automatic,AWD,17280,10,66004,208,4,5,sedan,blue,0,no,partial,UK
3706,X3,2021,3.3,309,hybrid,automatic,AWD,23944,6.3,58486,136,5,5,suv,black,1,no,partial,UK
3707,X3,2023,3.2,249,diesel,automatic,RWD,32453,7.8,60219,169,5,5,suv,blue,0,no,partial,Italy
3708,5 Series,2013,4.2,400,hybrid,automatic,AWD,219331,6.7,45766,140,4,5,sedan,black,3,yes,full,UK
3709,1 Series,2015,1.6,260,diesel,automatic,RWD,209979,6.3,15279,135,3,5,hatchback,red,1,yes,partial,France
3710,1 Series,2020,2.3,245,hybrid,automatic,RWD,91476,4.6,28578,118,3,4,hatchback,white,1,no,,UK
3711,X1,2011,2,157,diesel,automatic,FWD,284611,7.1,11282,151,5,5,suv,blue,5,yes,full,France
3712,i7,2019,0,381,electric,automatic,AWD,108702,0,142740,0,4,5,sedan,blue,3,no,full,Turkey
3713,7 Series,2013,4.3,400,diesel,automatic,AWD,86732,9.8,72138,206,4,5,sedan,black,2,no,none,France
3714,3 Series,2005,3.2,318,hybrid,automatic,RWD,300000,5.4,8647,107,4,5,sedan,silver,3,no,none,France
3715,X1,2022,1.6,143,petrol,automatic,FWD,34492,7.2,42060,151,5,5,suv,red,1,no,full,Italy
3716,7 Series,2018,0,360,electric,automatic,AWD,48628,0,94069,0,4,5,sedan,blue,3,no,partial,UK
3717,5 Series,2023,,342,diesel,automatic,AWD,707,9.4,70305,201,4,5,sedan,white,0,no,partial,USA
3718,1 Series,2021,1.6,189,petrol,automatic,FWD,38621,7.8,26967,173,5,5,hatchback,white,1,no,full,Germany
3719,5 Series,2023,3,247,hybrid,automatic,AWD,5614,5.7,59522,138,4,5,sedan,black,0,no,partial,Germany
3720,X1,2020,2.2,195,diesel,automatic,AWD,40861,7.4,40295,158,5,5,suv,black,1,no,full,Spain
3721,3 Series,2018,2.3,194,hybrid,automatic,AWD,81882,4.4,27864,99,4,5,sedan,red,4,yes,full,France
3722,X1,2009,2.4,245,diesel,automatic,FWD,227395,7.4,19554,166,5,5,suv,white,4,yes,partial,Italy
3723,i7,2010,0,318,electric,automatic,RWD,140243,0,113587,0,4,4,sedan,grey,2,no,full,UK
3724,X3,2020,2.2,297,hybrid,automatic,RWD,2694,5.1,50388,103,5,5,suv,white,1,yes,full,Turkey
3725,3 Series,2023,2.1,178,hybrid,automatic,RWD,19067,4.6,40730,113,4,5,sedan,black,0,no,full,Turkey
3726,X7,2005,3.3,322,diesel,automatic,AWD,300000,8.3,48521,188,5,5,suv,,2,no,partial,Spain
3727,X1,2021,2.3,268,hybrid,,FWD,44192,5.1,43060,109,5,5,suv,blue,2,,partial,UK
3728,X5,2012,3,287,petrol,automatic,AWD,218174,9.1,34477,205,5,5,suv,white,4,yes,none,Turkey
3729,X1,2024,1.7,155,hybrid,automatic,FWD,0,4.3,47633,85,5,5,suv,white,1,no,full,USA
3730,5 Series,2015,3.3,255,diesel,automatic,RWD,174734,8.9,44193,208,4,5,sedan,white,1,no,partial,Netherlands
3731,5 Series,2017,2.4,207,diesel,automatic,AWD,105302,6.8,40771,140,4,5,sedan,black,2,no,partial,Spain
3732,1 Series,2015,2.4,190,petrol,manual,RWD,146613,8.2,18317,192,5,4,hatchback,silver,1,no,partial,Spain
3733,X3,2022,2.7,254,diesel,automatic,AWD,6145,6.7,66865,146,5,5,suv,silver,2,no,full,Germany
3734,5 Series,2023,3.7,325,petrol,automatic,AWD,10129,,62270,221,4,5,sedan,silver,0,yes,full,Spain
3735,5 Series,2024,3.4,230,petrol,automatic,AWD,0,9.7,65266,229,4,5,sedan,black,1,no,full,Spain
3736,X3,2019,3.5,349,diesel,automatic,AWD,37503,7.9,55482,161,5,5,suv,white,4,no,partial,Turkey
3737,X7,2006,3.7,307,diesel,automatic,AWD,300000,9.5,51116,220,5,5,suv,silver,3,no,partial,Germany
3738,3 Series,2008,3.2,316,petrol,automatic,AWD,153150,11.3,21417,246,4,5,sedan,red,2,no,none,Spain
3739,X3,2013,3.4,308,diesel,automatic,AWD,279038,8.2,35536,183,5,5,suv,white,4,no,partial,Italy
3740,X5,2019,4.3,345,petrol,automatic,AWD,129646,,72911,244,5,5,suv,silver,1,no,partial,Germany
3741,3 Series,2024,3.2,295,diesel,automatic,AWD,10551,7.9,53496,191,4,5,sedan,grey,0,no,full,Italy
3742,X1,2022,1.7,227,hybrid,automatic,AWD,41178,4.4,46533,97,5,5,suv,white,1,no,full,UK
3743,i7,2021,0,424,electric,,RWD,61238,0,175247,0,4,5,sedan,,0,no,full,Turkey
3744,7 Series,2022,4.6,384,diesel,automatic,RWD,49589,10.5,122000,228,4,5,sedan,black,1,no,full,Netherlands
3745,7 Series,2005,3.4,304,petrol,automatic,AWD,234485,9.6,48381,206,4,4,sedan,blue,3,no,partial,USA
3746,3 Series,2019,2.5,256,petrol,manual,RWD,15145,8.3,39608,187,4,5,sedan,black,,no,full,France
3747,7 Series,2020,0,362,electric,automatic,AWD,105234,0,115537,0,4,5,sedan,silver,1,no,full,UK
3748,X1,2018,1.8,179,hybrid,automatic,AWD,66277,4.3,32708,85,5,5,suv,black,2,yes,partial,Italy
3749,X3,2013,2.3,262,diesel,automatic,RWD,240959,6.9,29904,153,5,5,suv,black,3,yes,partial,Turkey
3750,X3,2021,2.5,218,diesel,automatic,AWD,48768,7.1,57991,170,5,5,suv,grey,1,no,full,UK
3751,3 Series,2021,,221,diesel,automatic,RWD,58592,7.5,38902,166,4,5,sedan,black,2,no,partial,Turkey
3752,3 Series,2015,2.8,231,petrol,automatic,RWD,72143,7.8,33275,184,4,5,sedan,black,1,no,full,UK
3753,X3,2011,2.5,269,petrol,automatic,RWD,179656,8.2,35440,180,5,5,suv,white,3,no,full,Spain
3754,1 Series,2014,1.6,178,petrol,manual,FWD,115356,7.6,16119,158,3,5,hatchback,black,1,no,full,Italy
3755,1 Series,2018,1.8,226,hybrid,automatic,FWD,82836,4.7,17881,105,3,4,hatchback,silver,1,yes,full,Turkey
3756,X7,2023,4.3,365,petrol,automatic,AWD,22017,11.4,136613,257,5,5,suv,black,0,no,full,USA
3757,Z4,2018,2.5,230,petrol,automatic,RWD,106936,9.4,49664,206,2,2,convertible,white,1,no,partial,Netherlands
3758,X5,2009,3.1,222,hybrid,automatic,AWD,196063,5.8,44784,132,5,5,suv,blue,4,,full,USA
3759,5 Series,2011,2.4,204,hybrid,automatic,RWD,256995,5.3,24596,118,4,5,sedan,black,3,no,none,Germany
3760,3 Series,2023,3.4,309,diesel,automatic,AWD,7353,9,46269,191,4,5,sedan,black,0,,full,France
3761,3 Series,2015,1.7,175,diesel,automatic,RWD,175157,5.2,18645,108,4,5,sedan,white,1,,partial,UK
3762,i4,2010,0,514,electric,automatic,RWD,259386,0,38776,0,4,5,coupe,silver,2,no,partial,France
3763,5 Series,2023,2.5,216,petrol,automatic,RWD,0,8,60368,179,4,5,sedan,white,0,no,full,Spain
3764,i4,2024,0,167,electric,automatic,RWD,0,0,79522,0,4,5,coupe,red,0,no,full,UK
3765,5 Series,2012,3,190,hybrid,automatic,RWD,221418,5.9,28306,135,4,5,sedan,white,3,no,partial,Italy
3766,7 Series,2005,3.7,316,hybrid,automatic,AWD,300000,6.3,36516,140,4,5,sedan,red,4,yes,partial,USA
3767,7 Series,2023,4.4,382,diesel,automatic,AWD,0,9.4,107896,188,4,5,sedan,grey,0,no,full,France
3768,X1,2021,1.9,141,hybrid,automatic,FWD,50042,4.8,33589,119,5,5,suv,black,1,yes,full,Spain
3769,3 Series,2008,3.1,317,hybrid,automatic,RWD,300000,4.6,12433,112,4,5,sedan,black,4,no,none,Turkey
3770,1 Series,2015,1.8,215,petrol,manual,FWD,99502,7.5,16690,169,5,5,hatchback,white,3,,full,Germany
3771,i7,2024,0,410,electric,automatic,RWD,9106,0,168310,0,4,4,sedan,black,0,yes,full,Italy
3772,7 Series,2007,4.3,377,hybrid,automatic,AWD,256001,,46735,153,4,5,sedan,grey,2,yes,partial,Italy
3773,Z4,2012,2.1,276,petrol,automatic,RWD,76940,8.5,43732,187,2,2,convertible,silver,2,no,none,France
3774,7 Series,2021,4.4,346,diesel,automatic,AWD,33477,9.2,104215,199,4,5,sedan,white,0,no,partial,France
3775,i3,2007,0,212,electric,automatic,RWD,257449,0,17492,0,5,4,hatchback,black,3,yes,partial,UK
3776,X7,2016,4.3,412,petrol,automatic,AWD,130063,11,86661,260,5,5,suv,,2,no,partial,France
3777,i7,2023,0,440,electric,automatic,AWD,29273,0,199043,0,4,4,sedan,black,0,no,full,Germany
3778,i4,2011,0,401,electric,automatic,AWD,248809,0,48163,0,4,5,coupe,grey,3,no,partial,Spain
3779,X1,2021,1.9,192,petrol,automatic,AWD,35091,7,44597,160,5,5,suv,red,1,no,full,Germany
3780,X5,2007,4.3,337,petrol,automatic,AWD,253465,10.8,38480,232,5,5,suv,silver,4,yes,full,Germany
3781,X3,2010,3.2,254,petrol,automatic,RWD,158227,8.3,31641,175,5,5,suv,black,4,no,none,Netherlands
3782,1 Series,2022,2.5,259,hybrid,automatic,FWD,25407,5.5,36310,95,3,5,hatchback,white,1,no,full,USA
3783,1 Series,2022,2,235,hybrid,automatic,RWD,24686,4.9,27225,94,3,4,hatchback,silver,0,no,partial,Spain
3784,i3,2012,0,195,electric,automatic,RWD,189343,0,33794,0,5,4,hatchback,red,3,no,partial,UK
3785,5 Series,2020,3.2,289,hybrid,automatic,RWD,62709,6.3,52648,148,4,5,sedan,silver,1,no,full,Spain
3786,3 Series,2007,2.2,190,hybrid,automatic,AWD,251745,5.1,9323,118,4,5,sedan,grey,3,no,full,Spain
3787,5 Series,2024,3,197,hybrid,automatic,RWD,8808,5.6,60525,116,4,5,sedan,black,0,no,partial,USA
3788,X5,2008,3.2,337,petrol,automatic,AWD,240818,10.9,43199,235,5,5,suv,black,3,no,full,Germany
3789,1 Series,2020,3,241,diesel,automatic,FWD,67003,7.4,28143,152,5,4,hatchback,grey,1,no,full,UK
3790,X1,2019,2.5,235,diesel,automatic,AWD,94342,7,34245,160,5,5,suv,silver,2,no,none,Turkey
3791,i4,2013,0,296,electric,automatic,RWD,232946,0,47935,0,4,5,coupe,red,2,no,partial,Italy
3792,3 Series,2017,1.8,145,petrol,automatic,RWD,185576,7.7,25323,166,4,5,sedan,black,3,no,full,UK
3793,1 Series,2008,2.5,319,hybrid,manual,RWD,268102,4.9,12458,90,3,4,hatchback,silver,4,no,full,Germany
3794,5 Series,2023,2.4,275,petrol,automatic,RWD,54008,8.9,50383,206,4,5,sedan,black,1,no,partial,Turkey
3795,X1,2024,2.2,227,hybrid,automatic,FWD,25102,4.6,44901,96,5,5,suv,black,0,yes,full,UK
3796,5 Series,2013,3.4,259,petrol,automatic,RWD,140769,10.2,34378,231,4,5,sedan,white,5,no,partial,Germany
3797,X3,2018,2.6,257,diesel,automatic,AWD,58863,8.1,51058,177,5,5,suv,grey,3,no,full,Netherlands
3798,7 Series,2014,4.6,346,hybrid,automatic,RWD,144975,7.5,84633,166,4,5,sedan,silver,3,no,full,Spain
3799,Z4,2017,2.8,181,petrol,automatic,RWD,162961,8.3,50654,181,2,2,convertible,silver,2,no,full,USA
3800,3 Series,2018,,226,hybrid,automatic,RWD,93942,4.6,36659,101,4,5,sedan,blue,3,no,partial,Germany
3801,X5,2018,4.4,327,petrol,automatic,AWD,78441,10.7,80884,224,5,5,suv,black,1,no,full,France
3802,5 Series,2020,3.7,348,diesel,automatic,AWD,40906,9.8,60748,209,4,5,sedan,black,1,no,full,Turkey
3803,3 Series,2019,3.3,298,hybrid,automatic,RWD,69496,6.1,36078,132,4,5,sedan,red,1,no,partial,Turkey
3804,X5,2012,3.2,305,diesel,automatic,AWD,184589,8.2,47290,,5,5,suv,black,2,no,none,USA
3805,X3,2011,2.9,272,diesel,automatic,AWD,219761,7.5,27640,160,5,5,suv,grey,2,yes,,France
3806,X1,2024,2,279,petrol,automatic,AWD,0,7.6,51082,157,5,5,suv,black,0,no,partial,Spain
3807,1 Series,2018,2.1,262,diesel,automatic,FWD,64157,6.6,27151,143,3,4,hatchback,red,2,no,partial,Italy
3808,5 Series,2022,4,414,petrol,automatic,AWD,44446,10.9,63311,253,4,5,sedan,red,1,no,partial,Spain
3809,5 Series,2011,3.4,277,diesel,automatic,RWD,199576,8.3,32991,190,4,5,sedan,blue,4,,partial,UK
3810,5 Series,2021,2.4,235,hybrid,automatic,AWD,36290,4.5,64729,106,4,5,sedan,white,0,no,full,USA
3811,X3,2014,3.2,321,hybrid,automatic,AWD,107896,5.3,50312,113,5,5,suv,white,1,no,full,France
3812,3 Series,2005,,241,diesel,automatic,AWD,198924,6.7,14675,150,4,5,sedan,white,5,yes,partial,France
3813,5 Series,2013,2.7,275,diesel,automatic,RWD,195524,7,35465,153,4,5,sedan,white,4,yes,full,Italy
3814,X7,2017,3.1,266,hybrid,automatic,AWD,110897,5.1,97124,122,5,5,suv,black,1,no,full,Netherlands
3815,3 Series,2012,2.5,271,hybrid,manual,RWD,109919,4.9,29512,105,4,5,sedan,black,3,yes,full,UK
3816,Z4,2018,2.4,245,petrol,automatic,RWD,39965,8.8,55025,198,2,2,convertible,white,2,no,partial,USA
3817,Z4,2023,2.2,167,petrol,automatic,RWD,0,7.5,73467,168,2,2,convertible,grey,0,no,full,USA
3818,i3,2017,0,184,electric,automatic,RWD,94878,0,38016,0,5,4,hatchback,white,1,,full,Turkey
3819,X3,2020,2.3,176,petrol,automatic,AWD,44080,8.2,60751,170,5,5,suv,grey,1,no,full,USA
3820,i3,2016,0,165,electric,automatic,RWD,143365,0,36412,0,5,4,hatchback,silver,2,no,full,France
3821,X1,2014,2.5,224,petrol,automatic,FWD,109639,8.6,36587,193,5,5,suv,white,,no,full,Italy
3822,X5,2014,3.6,281,hybrid,automatic,AWD,150490,6,54215,,5,5,suv,black,4,no,,France
3823,X1,2008,1.5,157,petrol,automatic,FWD,221919,7.7,14497,148,5,5,suv,white,3,no,full,France
3824,7 Series,2017,4.5,426,diesel,automatic,AWD,112145,9.8,92227,225,4,4,sedan,,1,no,full,USA
3825,i4,2020,0,397,electric,automatic,AWD,59010,0,76236,0,4,5,coupe,red,0,no,full,UK
3826,5 Series,2009,2.3,176,hybrid,automatic,RWD,221787,4.6,25796,106,4,5,sedan,black,4,no,full,Spain
3827,7 Series,2019,4.1,368,petrol,automatic,AWD,112074,10.7,83780,230,4,4,sedan,grey,2,yes,partial,France
3828,X1,2015,1.6,180,diesel,automatic,AWD,145301,6.3,31222,134,5,5,suv,red,1,no,full,UK
3829,X3,2022,3.2,296,petrol,automatic,RWD,10374,9.4,62922,,5,5,suv,white,1,no,full,Italy
3830,Z4,2011,2.7,317,petrol,automatic,RWD,189131,8.3,42320,181,2,2,convertible,black,2,no,partial,Germany
3831,X3,2011,3.2,336,petrol,automatic,AWD,160633,9.9,41128,220,5,5,suv,black,3,no,partial,USA
3832,3 Series,2011,2.2,225,petrol,automatic,AWD,285481,7.8,17599,190,4,5,sedan,white,4,no,partial,Italy
3833,X3,2011,2.2,270,diesel,automatic,AWD,227070,7.7,40742,158,5,5,suv,white,2,no,,Spain
3834,X3,2014,2.6,268,hybrid,automatic,RWD,103524,5.7,38317,116,5,5,suv,silver,2,no,none,France
3835,X7,2011,3.7,300,petrol,automatic,AWD,239839,10.6,58432,229,5,5,suv,blue,4,yes,full,France
3836,X5,2018,4.1,349,petrol,automatic,AWD,77670,12.3,79603,271,5,5,suv,white,4,no,full,Germany
3837,3 Series,2017,3.3,253,petrol,automatic,AWD,65438,8.4,35356,189,4,5,sedan,white,1,no,partial,Netherlands
3838,i7,2023,0,546,electric,automatic,RWD,12541,0,198781,0,4,5,sedan,blue,0,no,full,France
3839,X3,2021,2.3,163,petrol,automatic,AWD,54400,8.6,54712,201,5,5,suv,silver,1,no,full,Germany
3840,X1,2016,,169,petrol,automatic,AWD,149999,7.6,27778,172,5,5,suv,grey,4,no,full,Spain
3841,3 Series,2017,3.5,332,hybrid,automatic,RWD,65280,7.2,37743,173,4,5,sedan,blue,2,no,partial,USA
3842,X7,2021,3.7,313,petrol,,AWD,53530,9.9,107242,213,5,5,suv,white,2,no,partial,Turkey
3843,1 Series,2022,1.7,163,petrol,automatic,FWD,41552,8.2,27494,181,5,5,hatchback,white,1,no,full,Spain
3844,X7,2022,3.7,326,petrol,automatic,AWD,47864,10.3,117405,223,5,5,suv,black,0,no,full,Spain
3845,X1,2020,1.6,212,petrol,automatic,AWD,50737,7,39027,140,5,5,suv,red,0,yes,full,Spain
3846,X5,2007,4.1,298,diesel,automatic,AWD,300000,9.4,34740,211,5,5,suv,white,4,no,full,Turkey
3847,X3,2008,2.5,218,diesel,automatic,AWD,277313,6.5,21953,139,5,5,suv,black,4,yes,partial,UK
3848,i3,2020,0,177,electric,automatic,RWD,54827,0,58706,0,5,4,hatchback,blue,0,no,full,USA
3849,1 Series,2016,2.5,211,petrol,automatic,FWD,103516,8.1,16593,186,3,4,hatchback,silver,,no,none,USA
3850,1 Series,2017,2.1,205,hybrid,manual,FWD,65856,,20917,125,3,5,hatchback,white,1,no,partial,Italy
3851,X1,2012,2.4,241,petrol,automatic,FWD,189191,8.1,27141,186,5,5,suv,black,2,no,partial,USA
3852,X1,2019,2.2,237,petrol,automatic,AWD,73032,7.7,35818,164,5,5,suv,white,3,yes,full,Italy
3853,X3,2006,3.1,320,diesel,automatic,AWD,270796,8.7,21486,180,5,5,suv,silver,4,yes,none,Turkey
3854,5 Series,2017,2.1,216,diesel,automatic,RWD,114711,6.6,51056,150,4,5,sedan,black,1,no,full,Germany
3855,5 Series,2019,,369,diesel,automatic,AWD,89413,9.8,57675,216,4,5,sedan,grey,1,no,full,UK
3856,X7,2024,3.7,333,petrol,automatic,AWD,15515,9.9,128487,226,5,5,suv,black,0,no,full,Italy
3857,X5,2023,3.7,286,petrol,automatic,AWD,0,9.7,81494,200,5,5,suv,black,1,no,partial,Germany
3858,1 Series,2007,1.6,127,petrol,manual,RWD,98006,7,9095,138,5,4,hatchback,grey,2,yes,none,UK
3859,1 Series,2010,,254,hybrid,automatic,RWD,300000,5.8,11556,,3,4,hatchback,silver,3,no,full,USA
3860,X1,2020,1.5,154,petrol,automatic,FWD,65081,6.5,41749,141,5,5,suv,white,1,no,full,Germany
3861,i3,2022,,165,electric,automatic,RWD,29225,0,55090,0,5,4,hatchback,silver,2,no,full,Italy
3862,X3,2023,3,295,diesel,automatic,RWD,0,7.9,56150,177,5,5,suv,white,1,yes,partial,USA
3863,X5,2024,3.8,420,hybrid,automatic,AWD,0,7.6,83815,166,5,5,suv,black,0,yes,full,Germany
3864,3 Series,2007,1.7,223,petrol,automatic,RWD,220824,7,11072,155,4,5,sedan,silver,2,no,partial,USA
3865,7 Series,2017,0,531,electric,automatic,RWD,121374,0,84829,0,4,4,sedan,silver,4,yes,full,Netherlands
3866,X5,2008,3.8,407,petrol,automatic,AWD,300000,10,35313,216,5,5,suv,black,2,yes,partial,Netherlands
3867,1 Series,2019,1.5,176,diesel,automatic,FWD,106883,6.2,22679,136,3,5,hatchback,silver,1,yes,full,USA
3868,X3,2006,2.8,254,petrol,automatic,RWD,300000,,23510,181,5,5,suv,grey,3,yes,full,Spain
3869,5 Series,2006,3.8,350,petrol,,RWD,300000,11,21671,232,4,5,sedan,black,2,yes,full,UK
3870,X3,2018,2.2,246,hybrid,automatic,RWD,116658,5.1,56931,123,5,5,suv,red,2,no,full,Netherlands
3871,X3,2006,3.5,364,petrol,automatic,AWD,300000,10.5,17222,224,5,5,suv,white,4,yes,partial,Turkey
3872,X1,2020,1.6,223,petrol,automatic,FWD,45436,7.8,42996,,5,5,suv,blue,1,no,full,Spain
3873,X3,2018,3.4,278,diesel,automatic,RWD,126966,8.5,49797,185,5,5,suv,blue,3,no,full,Spain
3874,X7,2020,4.3,344,hybrid,automatic,AWD,77953,6.4,98740,140,5,5,suv,red,1,yes,full,Spain
3875,X3,2023,3.4,298,diesel,automatic,AWD,21032,8.1,63835,181,5,5,suv,black,0,no,partial,Spain
3876,5 Series,2020,2,220,diesel,automatic,AWD,55574,6.4,54229,149,4,5,sedan,silver,1,no,full,France
3877,3 Series,2019,1.8,232,diesel,automatic,AWD,59640,7.1,42083,147,4,5,sedan,white,2,no,full,UK
3878,5 Series,2024,3.6,365,diesel,automatic,AWD,0,8.7,69613,199,4,5,sedan,red,0,no,full,Italy
3879,Z4,2012,2.9,239,petrol,automatic,RWD,197802,9.3,35571,206,2,2,convertible,silver,2,yes,partial,France
3880,Z4,2013,2.3,227,petrol,automatic,RWD,141663,8.5,40106,171,2,2,convertible,white,2,no,partial,Germany
3881,X3,2023,2.4,272,hybrid,automatic,AWD,19253,5,62155,102,5,5,suv,blue,0,no,full,UK
3882,i4,2017,0,327,electric,automatic,AWD,112938,0,65541,0,4,5,coupe,white,2,no,full,France
3883,X5,2009,3.2,311,diesel,automatic,AWD,289411,9.1,38931,183,5,5,suv,silver,2,yes,full,USA
3884,1 Series,2022,2.1,237,petrol,automatic,FWD,44610,7.3,25157,170,3,5,hatchback,grey,1,no,full,Turkey
3885,X1,2019,1.6,152,petrol,automatic,AWD,61291,6.9,37550,159,5,5,suv,red,2,no,partial,Spain
3886,i4,2018,0,438,electric,automatic,RWD,33036,0,67177,0,4,5,coupe,white,2,no,partial,USA
3887,X7,2021,4.3,334,hybrid,automatic,AWD,18867,7.3,130148,180,5,5,suv,blue,0,no,full,France
3888,3 Series,2016,2.6,307,petrol,manual,AWD,127509,9.2,31879,199,4,5,sedan,black,,no,partial,Italy
3889,i3,2022,0,167,electric,automatic,RWD,34640,0,62179,0,5,4,hatchback,silver,0,no,full,Italy
3890,X3,2017,3.3,302,hybrid,automatic,AWD,63134,6.5,50085,149,5,5,suv,black,1,no,partial,Netherlands
3891,X3,2017,3.1,246,diesel,automatic,AWD,117741,7.9,42125,168,5,5,suv,white,4,no,full,Italy
3892,X5,2013,3.6,320,diesel,automatic,AWD,167127,9.3,49033,214,5,5,suv,silver,3,yes,partial,UK
3893,i3,2021,0,214,electric,automatic,RWD,67726,0,56756,0,5,4,hatchback,blue,1,no,full,Germany
3894,X3,2019,2.6,174,diesel,automatic,RWD,63412,7.8,44109,173,5,5,suv,grey,2,no,none,Italy
3895,X3,2022,3,292,diesel,automatic,AWD,30651,7.6,49135,155,5,5,suv,silver,1,no,none,Spain
3896,3 Series,2019,3.4,350,diesel,automatic,AWD,90774,8.7,35980,186,4,5,sedan,white,4,no,partial,Spain
3897,1 Series,2012,2.5,228,hybrid,automatic,RWD,180171,5.5,9877,128,3,4,hatchback,red,4,yes,partial,UK
3898,3 Series,2009,2.4,280,petrol,automatic,RWD,279173,9,20946,204,4,5,sedan,grey,3,no,full,Netherlands
3899,Z4,2010,2.1,201,petrol,manual,RWD,253335,9,28706,193,2,2,convertible,grey,2,no,partial,Turkey
3900,i4,2016,0,320,electric,automatic,AWD,85746,0,50545,0,4,5,coupe,black,1,no,none,France
3901,X5,2012,3.4,252,petrol,automatic,AWD,219713,9.9,42964,225,5,5,suv,white,3,yes,full,Netherlands
3902,X5,2020,3.3,300,petrol,automatic,AWD,0,10.4,75094,221,5,5,suv,white,0,yes,full,France
3903,3 Series,2011,2.5,252,diesel,automatic,RWD,193833,7,18446,148,4,5,sedan,blue,4,no,partial,Germany
3904,X3,2023,2.4,283,petrol,automatic,AWD,12613,8.9,69244,199,5,5,suv,black,0,no,full,Germany
3905,3 Series,2009,2.5,232,diesel,manual,RWD,190899,7.5,20132,155,4,5,sedan,silver,2,yes,full,Germany
3906,1 Series,2005,1.5,138,diesel,manual,RWD,236596,,4202,141,3,4,hatchback,silver,3,yes,partial,Spain
3907,3 Series,2021,1.8,220,hybrid,automatic,AWD,89665,4.3,36040,91,4,5,sedan,black,1,no,full,Italy
3908,i4,2020,0,413,electric,automatic,RWD,25827,0,74241,0,4,5,coupe,black,0,no,partial,Italy
3909,i4,2015,0,215,electric,automatic,RWD,157025,0,55128,0,4,5,coupe,white,2,no,partial,Netherlands
3910,X5,2021,3,240,hybrid,automatic,AWD,42446,5.8,81475,128,5,5,suv,white,0,no,full,Germany
3911,i4,2005,0,366,electric,automatic,RWD,300000,0,31862,0,4,5,coupe,black,5,no,partial,Germany
3912,7 Series,2017,4.6,362,petrol,automatic,RWD,119005,10.9,76501,233,4,4,sedan,grey,3,no,none,USA
3913,5 Series,2019,2.8,253,petrol,automatic,AWD,91216,8.8,54110,205,4,5,sedan,silver,2,no,partial,Netherlands
3914,X1,2024,2,206,petrol,automatic,FWD,10331,8.5,50623,182,5,5,suv,grey,0,no,full,Italy
3915,1 Series,2018,1.8,190,hybrid,automatic,FWD,147644,4.3,15569,102,5,4,hatchback,black,1,yes,partial,Turkey
3916,3 Series,2011,2.9,256,petrol,automatic,RWD,162749,8.9,19853,194,4,5,sedan,silver,4,yes,full,Netherlands
3917,X1,2012,1.9,161,diesel,automatic,AWD,215013,6.2,20271,123,5,5,suv,silver,2,no,full,France
3918,X5,2012,4.2,307,diesel,automatic,AWD,188435,9.5,51932,207,5,5,suv,white,3,yes,full,Italy
3919,X1,2024,1.6,127,petrol,automatic,AWD,13591,6.4,48300,133,5,5,suv,blue,0,no,full,Germany
3920,X3,2023,2.9,322,diesel,automatic,AWD,0,8.4,73432,189,5,5,suv,white,0,no,full,USA
3921,X3,2008,2.2,210,petrol,automatic,AWD,300000,8.1,19763,183,5,5,suv,grey,3,yes,full,Germany
3922,3 Series,2019,2.3,202,petrol,automatic,RWD,46582,8.6,36271,190,4,5,sedan,black,2,no,full,Turkey
3923,X5,2019,3.1,256,hybrid,automatic,AWD,52930,5.7,73814,133,5,5,suv,grey,2,no,full,UK
3924,3 Series,2019,3.3,385,petrol,manual,RWD,72865,10.5,46136,224,4,5,sedan,grey,4,no,full,France
3925,7 Series,2023,4.8,478,diesel,automatic,RWD,26401,10.5,117072,234,4,5,sedan,silver,0,no,full,USA
3926,X5,2018,4.2,373,diesel,automatic,AWD,24000,9.9,63321,210,5,5,suv,silver,2,no,partial,Turkey
3927,7 Series,2014,0,380,electric,automatic,RWD,121012,0,91880,0,4,5,sedan,white,3,no,full,UK
3928,i7,2024,0,396,electric,automatic,AWD,9124,0,185008,0,4,5,sedan,black,1,no,full,France
3929,X5,2021,3,326,petrol,automatic,AWD,42678,10.3,92919,,5,5,suv,black,0,no,full,Netherlands
3930,X5,2023,4.3,352,petrol,automatic,AWD,584,11.5,99707,247,5,5,suv,white,0,no,full,Spain
3931,3 Series,2024,1.7,203,petrol,automatic,RWD,0,7.6,42644,168,4,5,sedan,grey,1,no,full,USA
3932,1 Series,2019,2.8,267,diesel,manual,RWD,116662,8.1,21295,192,3,4,hatchback,blue,3,yes,full,Netherlands
3933,5 Series,2016,4.4,350,diesel,automatic,RWD,78572,9.7,44555,212,4,5,sedan,white,1,yes,none,UK
3934,5 Series,2021,2.8,288,diesel,automatic,RWD,37810,8.5,66335,196,4,5,sedan,white,1,no,full,Germany
3935,X1,2007,2.1,199,diesel,automatic,FWD,263673,7.5,15333,177,5,5,suv,white,5,no,full,UK
3936,i3,2018,0,177,electric,automatic,RWD,95826,0,33816,0,5,4,hatchback,white,2,yes,partial,Spain
3937,X1,2016,1.6,163,hybrid,automatic,FWD,153876,4.5,25058,93,5,5,suv,blue,1,yes,partial,Turkey
3938,X3,2023,2.3,250,hybrid,automatic,RWD,23418,5.7,57653,128,5,5,suv,white,1,no,full,Turkey
3939,i4,2014,0,443,electric,automatic,RWD,189251,0,59602,,4,5,coupe,silver,2,no,full,Netherlands
3940,5 Series,2015,3.5,401,diesel,automatic,AWD,99228,9.3,57347,211,4,5,sedan,grey,1,no,full,USA
3941,3 Series,2012,2.6,310,diesel,automatic,RWD,246053,7.8,19297,178,4,5,sedan,grey,2,no,partial,Turkey
3942,7 Series,2017,3.9,313,diesel,automatic,AWD,161645,9.1,92332,203,4,4,sedan,white,2,no,full,UK
3943,X5,2022,3.9,360,hybrid,automatic,AWD,33118,6,94668,150,5,5,suv,black,0,no,full,UK
3944,X3,2014,2.7,274,diesel,automatic,AWD,261102,8.1,38260,185,5,5,suv,black,3,no,full,Germany
3945,X3,2019,3.1,280,diesel,automatic,AWD,63581,7.8,58687,176,5,5,suv,blue,2,no,full,Netherlands
3946,5 Series,2018,3.5,314,petrol,automatic,AWD,78354,10.1,52441,221,4,5,sedan,silver,2,no,full,Turkey
3947,X7,2023,3.3,319,diesel,automatic,AWD,29334,8.4,118607,192,5,5,suv,white,0,no,full,Spain
3948,Z4,2006,2.6,232,petrol,automatic,RWD,249518,7.5,23805,176,2,2,convertible,black,2,yes,full,Germany
3949,i3,2024,0,210,electric,automatic,RWD,0,0,72383,0,5,4,hatchback,grey,0,no,full,Netherlands
3950,X3,2022,3.2,267,hybrid,automatic,RWD,28775,5.4,61784,118,5,5,suv,silver,2,no,full,France
3951,7 Series,2006,0,299,electric,automatic,RWD,246440,0,47367,0,4,4,sedan,silver,4,,full,Germany
3952,X7,2008,3.4,307,diesel,automatic,AWD,227473,8.5,62747,196,5,5,suv,white,2,no,partial,Italy
3953,i4,2010,0,405,electric,automatic,RWD,164588,0,45016,0,4,5,coupe,black,2,,none,Spain
3954,i7,2021,0,487,electric,automatic,AWD,24493,0,208614,0,4,5,sedan,black,0,no,full,Germany
3955,3 Series,2024,1.9,293,petrol,automatic,AWD,7287,8.3,44415,182,4,5,sedan,white,0,yes,partial,Italy
3956,X3,2022,2.9,298,petrol,automatic,RWD,30912,9.2,58731,208,5,5,suv,grey,1,no,partial,Spain
3957,X1,2009,2.2,165,hybrid,automatic,AWD,210244,5.4,16484,120,5,5,suv,grey,2,no,partial,France
3958,5 Series,2018,3.5,341,diesel,automatic,RWD,91476,8.8,44471,204,4,5,sedan,white,2,yes,full,Turkey
3959,X3,2017,3.4,291,diesel,automatic,AWD,159104,7.9,41511,162,5,5,suv,black,2,yes,full,USA
3960,5 Series,2017,4,305,hybrid,automatic,AWD,108757,6.6,47791,149,4,5,sedan,black,2,no,full,Italy
3961,5 Series,2021,4.4,378,petrol,automatic,AWD,61432,11.7,66834,261,4,5,sedan,white,1,no,full,Netherlands
3962,5 Series,2018,3,243,hybrid,automatic,AWD,55289,5.5,47029,108,4,5,sedan,black,3,yes,full,Netherlands
3963,i4,2024,0,390,electric,automatic,AWD,13640,0,96454,0,4,5,coupe,white,0,no,full,Italy
3964,X1,2014,1.6,189,petrol,automatic,AWD,151354,8,28586,180,5,5,suv,black,1,no,partial,Spain
3965,i3,2013,0,179,electric,automatic,RWD,184749,,25118,0,5,4,hatchback,white,4,yes,partial,Turkey
3966,5 Series,2016,3.2,299,diesel,automatic,RWD,71161,8.1,52524,184,4,5,sedan,,1,no,full,USA
3967,X5,2012,3.3,305,diesel,automatic,AWD,227053,7.9,46705,168,5,5,suv,silver,5,no,full,Turkey
3968,5 Series,2019,4.3,361,petrol,,AWD,55463,12.2,42665,278,4,5,sedan,silver,3,no,none,Italy
3969,X1,2019,2.1,171,hybrid,automatic,AWD,63260,4.5,27877,100,5,5,suv,black,3,yes,none,France
3970,7 Series,2019,3,244,petrol,automatic,RWD,43391,9.1,85070,201,4,4,sedan,white,1,yes,full,Spain
3971,5 Series,2018,2.9,245,diesel,automatic,AWD,73815,7.1,41565,159,4,5,sedan,black,1,yes,full,Netherlands
3972,X5,2024,3.4,233,diesel,automatic,AWD,0,8.5,94409,192,5,5,suv,white,0,no,full,USA
3973,3 Series,2021,2.8,284,hybrid,manual,RWD,18808,4.9,39707,103,4,5,sedan,silver,1,no,partial,Turkey
3974,7 Series,2017,4.6,469,diesel,automatic,AWD,148873,10.1,85465,210,4,5,sedan,white,2,no,none,UK
3975,3 Series,2017,2.9,278,hybrid,manual,AWD,77366,5.7,29048,120,4,5,sedan,blue,4,no,partial,Turkey
3976,X3,2006,3.5,324,petrol,automatic,AWD,300000,8.7,25174,199,5,5,suv,black,4,no,partial,UK
3977,X5,2021,4.4,368,petrol,automatic,AWD,35684,11.1,95901,244,5,5,suv,blue,2,no,,Germany
3978,X5,2023,4.1,320,diesel,automatic,AWD,24893,9.1,75437,213,5,5,suv,black,1,no,none,France
3979,X5,2020,4.1,359,petrol,automatic,AWD,47015,11.5,93836,252,5,5,suv,,0,no,full,UK
3980,X5,2017,4.1,348,petrol,automatic,AWD,65701,10.8,75986,224,5,5,suv,black,2,no,full,Netherlands
3981,1 Series,2014,1.7,131,petrol,automatic,FWD,173526,6.3,12657,133,5,4,hatchback,blue,2,no,partial,Netherlands
3982,X7,2016,3.7,278,hybrid,automatic,AWD,66744,6.6,81689,154,5,5,suv,black,3,no,full,Turkey
3983,3 Series,2016,2.9,194,hybrid,manual,RWD,57409,5.3,23807,119,4,5,sedan,white,,yes,none,Spain
3984,X1,2020,1.5,122,petrol,automatic,AWD,115480,7.5,35574,144,5,5,suv,silver,1,no,full,France
3985,i7,2022,0,461,electric,automatic,RWD,78343,0,182891,0,4,4,sedan,white,0,no,,Netherlands
3986,i4,2014,0,338,electric,automatic,RWD,87783,0,49745,0,4,5,coupe,black,3,yes,full,Spain
3987,X3,2011,3.2,241,hybrid,automatic,RWD,197108,6.2,26990,142,5,5,suv,white,4,no,partial,Italy
3988,Z4,2023,2.8,266,petrol,automatic,RWD,10974,9.6,68474,202,2,2,convertible,white,0,no,full,Spain
3989,X3,2022,2.9,242,diesel,automatic,AWD,38856,7.2,65685,170,5,5,suv,blue,,no,full,Italy
3990,1 Series,2005,2.9,225,diesel,automatic,FWD,216456,7.6,8069,160,3,4,hatchback,red,3,yes,full,Italy
3991,X3,2011,2.8,216,hybrid,automatic,AWD,223328,5.3,29704,111,5,5,suv,silver,3,yes,full,Spain
3992,X1,2021,1.6,174,diesel,automatic,AWD,37093,6.1,43271,119,5,5,suv,white,2,no,partial,France
3993,3 Series,2018,2.8,213,hybrid,automatic,RWD,79341,5,37031,116,4,5,sedan,red,1,no,full,UK
3994,3 Series,2024,2,191,petrol,automatic,AWD,6292,7.4,46306,149,4,5,sedan,white,0,no,full,Germany
3995,X1,2014,1.6,210,hybrid,automatic,FWD,151046,4.1,32586,105,5,5,suv,white,2,no,full,Netherlands
3996,i7,2020,0,596,electric,automatic,RWD,45084,0,188572,0,4,5,sedan,silver,,no,full,Netherlands
3997,X5,2016,3.7,339,hybrid,automatic,AWD,141850,6.4,67576,133,5,5,suv,,2,yes,full,UK
3998,i4,2022,0,485,electric,automatic,AWD,26715,0,103682,0,4,5,coupe,grey,1,no,full,Netherlands
3999,X1,2013,2.4,250,diesel,automatic,AWD,81152,7.1,31130,165,5,5,suv,,4,,partial,Italy
4000,X5,2019,3.1,290,diesel,automatic,AWD,87204,7.3,70236,157,5,5,suv,blue,2,no,,Italy
4001,i4,2024,0,226,electric,automatic,RWD,0,0,90724,0,4,5,coupe,silver,0,no,full,Netherlands
4002,7 Series,2014,4.8,360,diesel,automatic,AWD,210066,9.8,78822,219,4,4,sedan,red,3,no,full,USA
4003,5 Series,2023,2.4,231,petrol,automatic,AWD,3806,7.5,65088,175,4,5,sedan,silver,0,no,,Germany
4004,1 Series,2023,2.8,250,petrol,automatic,RWD,9529,8.2,36237,187,3,5,hatchback,black,0,no,full,USA
4005,X1,2013,2.4,239,diesel,automatic,AWD,164826,7.4,25498,162,5,5,suv,black,2,yes,full,Italy
4006,i7,2020,0,516,electric,automatic,AWD,51452,0,152272,0,4,4,sedan,silver,1,no,full,Spain
4007,5 Series,2023,2.8,294,hybrid,automatic,AWD,22774,6,63949,129,4,5,sedan,red,0,,full,Turkey
4008,X7,2010,3.8,377,hybrid,automatic,AWD,180396,6.5,68099,148,5,5,suv,white,4,yes,full,France
4009,1 Series,2018,2.6,198,diesel,automatic,RWD,72295,7.2,21441,163,3,5,hatchback,silver,2,yes,full,UK
4010,3 Series,2024,3,213,diesel,automatic,AWD,0,8.9,44943,189,4,5,sedan,grey,1,no,full,France
4011,Z4,2007,2.7,225,petrol,automatic,RWD,284636,8.2,23110,180,2,2,convertible,red,3,yes,full,France
4012,3 Series,2007,2.5,227,petrol,manual,RWD,169055,8.3,13106,198,4,5,sedan,silver,4,yes,partial,France
4013,Z4,2014,2.5,229,petrol,automatic,RWD,147416,8.6,44339,,2,2,convertible,silver,3,yes,full,Netherlands
4014,X7,2023,3.4,309,hybrid,automatic,AWD,10778,5.7,124143,136,5,5,suv,white,0,no,partial,Germany
4015,3 Series,2015,1.8,213,diesel,automatic,AWD,167122,6.9,20175,145,4,5,sedan,black,2,yes,full,Spain
4016,5 Series,2017,4,352,diesel,automatic,RWD,109950,9.8,52064,217,4,5,sedan,white,4,no,full,Spain
4017,i7,2018,0,351,electric,automatic,RWD,78691,0,110667,0,4,4,sedan,black,1,no,none,Spain
4018,1 Series,2008,1.5,177,diesel,automatic,RWD,174408,5.8,10562,124,5,4,hatchback,,3,yes,full,Italy
4019,5 Series,2022,3.5,316,petrol,automatic,RWD,18411,9.9,67650,213,4,5,sedan,red,1,no,partial,Germany
4020,i3,2021,0,202,electric,automatic,RWD,29562,0,54270,0,5,4,hatchback,white,1,no,full,Turkey
4021,1 Series,2017,2.8,331,hybrid,automatic,RWD,148347,5.5,20642,121,5,4,hatchback,black,3,no,partial,Spain
4022,Z4,2009,3,252,petrol,automatic,RWD,56196,8.3,37325,183,2,2,convertible,black,4,yes,partial,Italy
4023,1 Series,2018,2,167,petrol,,FWD,101937,7.7,19784,167,3,5,hatchback,white,1,no,full,Spain
4024,1 Series,2013,2.4,201,petrol,automatic,RWD,53514,9.6,17276,210,3,4,hatchback,black,5,yes,partial,Spain
4025,X3,2021,2.7,254,petrol,automatic,AWD,42455,9.8,54589,216,5,5,suv,silver,2,no,full,Turkey
4026,3 Series,2007,3,304,hybrid,automatic,RWD,300000,6.4,14047,150,4,5,sedan,white,3,no,partial,Germany
4027,1 Series,2012,2.2,235,hybrid,automatic,FWD,161139,4.8,15860,95,5,5,hatchback,silver,5,no,partial,USA
4028,X3,2009,2.8,209,petrol,automatic,AWD,268294,8,28945,176,5,5,suv,blue,4,no,partial,Spain
4029,i7,2018,0,446,electric,automatic,AWD,110419,0,98905,0,4,5,sedan,blue,4,yes,none,France
4030,X1,2020,1.9,140,petrol,automatic,FWD,88510,8.2,38191,175,5,5,suv,white,0,no,full,Netherlands
4031,X1,2016,2.2,255,diesel,automatic,FWD,169897,7.1,31988,166,5,5,suv,grey,1,no,partial,Italy
4032,X1,2013,2.2,232,hybrid,automatic,AWD,104619,5.8,32160,123,5,5,suv,grey,4,no,partial,UK
4033,5 Series,2009,2.2,223,hybrid,automatic,RWD,221097,4.9,25486,116,4,5,sedan,black,3,no,none,Spain
4034,5 Series,2024,3.5,307,hybrid,automatic,AWD,6759,6,75532,130,4,5,sedan,black,1,no,full,UK
4035,X1,2021,2.3,203,diesel,automatic,AWD,47192,6.8,42955,147,5,5,suv,white,1,no,full,Germany
4036,5 Series,2020,3.3,241,hybrid,automatic,RWD,79211,,54363,128,4,5,sedan,blue,1,no,full,Spain
4037,1 Series,2016,2.9,255,petrol,automatic,RWD,142953,10.1,20176,222,5,5,hatchback,silver,2,no,partial,Spain
4038,i3,2006,0,146,electric,automatic,RWD,208447,0,17064,0,5,4,hatchback,silver,3,,full,USA
4039,X3,2013,2.9,236,hybrid,automatic,AWD,215273,5.3,31300,118,5,5,suv,blue,3,no,none,USA
4040,X5,2017,3.1,224,petrol,automatic,AWD,116824,9.3,62555,220,5,5,suv,white,1,no,full,Turkey
4041,X3,2020,3.4,263,diesel,automatic,AWD,75244,8.3,56334,172,5,5,suv,red,1,no,partial,UK
4042,1 Series,2023,2.1,254,hybrid,,RWD,39890,5,31158,111,3,4,hatchback,silver,0,yes,full,Germany
4043,X5,2014,3.4,349,petrol,automatic,AWD,99836,9.8,57547,210,5,5,suv,blue,1,yes,partial,UK
4044,5 Series,2019,2.9,292,diesel,automatic,AWD,90149,7.9,53207,174,4,5,sedan,white,2,no,full,Turkey
4045,i3,2021,0,199,electric,automatic,RWD,62777,0,59030,0,5,4,hatchback,black,,no,full,France
4046,5 Series,2005,2.8,233,hybrid,automatic,RWD,204141,5.7,24230,113,4,5,sedan,black,3,no,partial,France
4047,Z4,2014,2.7,242,petrol,automatic,RWD,176481,8.5,43176,184,2,2,convertible,red,1,no,full,Germany
4048,X3,2010,3.3,233,diesel,automatic,RWD,163199,8.3,28116,199,5,5,suv,white,5,yes,partial,Netherlands
4049,X1,2011,2.3,158,hybrid,automatic,FWD,117354,4.9,23777,106,5,5,suv,white,5,no,full,Turkey
4050,3 Series,2009,2.8,289,petrol,automatic,RWD,128097,9.4,25019,212,4,5,sedan,blue,4,no,full,Turkey
4051,X5,2019,3.3,251,diesel,automatic,AWD,1259,7.4,76233,152,5,5,suv,red,1,no,full,Turkey
4052,X3,2017,3.2,296,diesel,automatic,AWD,125808,7.9,41592,165,5,5,suv,blue,1,no,partial,Turkey
4053,5 Series,2016,,232,hybrid,automatic,RWD,189931,5.4,43143,125,4,5,sedan,white,2,no,full,Turkey
4054,X5,2009,3.2,249,diesel,automatic,AWD,249301,7.6,49048,173,5,5,suv,blue,3,no,full,USA
4055,X7,2024,4,296,diesel,automatic,AWD,0,8.4,125733,186,5,5,suv,white,0,no,full,Italy
4056,1 Series,2020,1.8,143,petrol,automatic,FWD,43624,8,22337,169,5,5,hatchback,white,1,no,partial,France
4057,i3,2016,0,168,electric,automatic,RWD,105360,0,42967,0,5,4,hatchback,white,2,no,,USA
4058,X5,2010,4.2,339,hybrid,automatic,AWD,254675,,43046,156,5,5,suv,white,5,no,,France
4059,i7,2006,0,472,electric,automatic,RWD,222119,0,94091,0,4,4,sedan,grey,3,no,,France
4060,i4,2018,0,451,electric,automatic,AWD,76447,0,67464,,4,5,coupe,black,2,no,full,Turkey
4061,5 Series,2024,3.6,331,diesel,automatic,AWD,0,8.8,64346,194,4,5,sedan,silver,0,yes,full,Italy
4062,i3,2023,0,206,electric,automatic,RWD,32596,0,59676,0,5,4,hatchback,blue,,no,full,Turkey
4063,3 Series,2008,1.9,219,diesel,manual,AWD,300000,5.5,9020,126,4,5,sedan,white,3,no,full,UK
4064,X5,2013,3.4,339,hybrid,automatic,AWD,169798,5,56331,101,5,5,suv,silver,5,no,partial,Spain
4065,3 Series,2015,2,218,diesel,automatic,RWD,58685,7.5,26291,171,4,5,sedan,red,1,no,none,USA
4066,i7,2016,0,494,electric,automatic,AWD,36463,0,151213,0,4,5,sedan,white,1,no,full,USA
4067,X5,2005,,261,diesel,automatic,AWD,300000,8.3,26702,198,5,5,suv,black,4,yes,partial,France
4068,i7,2018,,632,electric,automatic,AWD,83707,0,137868,0,4,5,sedan,silver,3,no,partial,USA
4069,3 Series,2011,3,216,hybrid,manual,AWD,184963,5,20509,112,4,5,sedan,blue,3,no,none,USA
4070,3 Series,2022,2.7,295,diesel,automatic,AWD,11369,8.5,43639,194,4,5,sedan,black,1,no,full,Italy
4071,5 Series,2016,,361,petrol,automatic,AWD,139785,12,46172,271,4,5,sedan,silver,2,yes,full,Turkey
4072,i3,2022,0,161,electric,automatic,RWD,55550,0,60850,0,5,4,hatchback,silver,1,no,full,Netherlands
4073,Z4,2022,2.1,232,petrol,automatic,RWD,0,8.4,68742,188,2,2,convertible,black,2,no,full,France
4074,X5,2024,4.1,414,hybrid,automatic,AWD,0,6.6,98337,149,5,5,suv,white,0,no,partial,USA
4075,X1,2015,1.6,231,hybrid,automatic,FWD,129177,5,33493,115,5,5,suv,grey,2,no,full,Italy
4076,i4,2021,0,444,electric,automatic,AWD,17225,0,93190,0,4,5,coupe,blue,2,no,partial,USA
4077,3 Series,2010,3.5,376,hybrid,automatic,AWD,156576,6.4,28985,145,4,5,sedan,white,,yes,partial,UK
4078,X1,2010,2.1,258,petrol,automatic,AWD,89227,8.9,26892,209,5,5,suv,red,4,yes,full,Italy
4079,3 Series,2008,2.1,229,petrol,automatic,AWD,236821,7.6,11980,165,4,5,sedan,silver,4,no,full,Turkey
4080,i3,2020,0,157,electric,automatic,RWD,74734,0,38631,0,5,4,hatchback,black,1,no,none,Spain
4081,i7,2024,0,425,electric,automatic,AWD,0,0,200023,0,4,4,sedan,white,0,no,full,Netherlands
4082,X3,2023,2.4,221,diesel,automatic,RWD,33892,7.2,58663,163,5,5,suv,white,0,no,full,Italy
4083,X3,2020,3.2,275,petrol,automatic,RWD,88557,9.8,47056,225,5,5,suv,black,1,yes,full,France
4084,3 Series,2014,2.9,240,hybrid,automatic,RWD,129980,5.2,31369,106,4,5,sedan,white,2,no,full,Germany
4085,i7,2019,0,455,electric,automatic,RWD,53315,0,156698,0,4,5,sedan,grey,1,no,partial,Spain
4086,X5,2022,3.1,297,hybrid,automatic,AWD,38358,5.7,75551,122,5,5,suv,silver,1,yes,partial,USA
4087,1 Series,2015,2.6,273,petrol,automatic,FWD,129488,8.1,24870,184,5,5,hatchback,blue,2,no,full,Turkey
4088,X1,2012,2,252,diesel,automatic,AWD,150581,5.8,25209,120,5,5,suv,white,3,no,partial,USA
4089,i3,2007,0,211,electric,automatic,RWD,227557,,17981,0,5,4,hatchback,grey,3,yes,full,Germany
4090,X7,2024,3.1,299,petrol,automatic,AWD,9973,9,135317,201,5,5,suv,black,1,no,full,UK
4091,1 Series,2020,,158,diesel,manual,FWD,68269,6.9,24443,161,3,5,hatchback,black,1,no,full,UK
4092,i7,2017,0,511,electric,automatic,AWD,157151,0,118398,,4,5,sedan,grey,1,no,partial,Turkey
4093,X5,2014,3.6,403,petrol,automatic,AWD,224662,10.6,60179,221,5,5,suv,red,1,no,full,Turkey
4094,X3,2010,2.1,182,hybrid,automatic,RWD,230049,4,23615,77,5,5,suv,white,4,yes,full,USA
4095,X7,2023,3.8,339,petrol,automatic,AWD,0,10.3,133654,229,5,5,suv,white,0,no,full,Spain
4096,Z4,2008,2.2,201,petrol,manual,RWD,300000,8.8,22909,194,2,2,convertible,blue,3,yes,partial,France
4097,X3,2020,2.8,265,diesel,automatic,RWD,68583,8.2,60924,190,5,5,suv,grey,1,no,full,Spain
4098,5 Series,2020,3,288,diesel,automatic,RWD,27895,7.6,53534,160,4,5,sedan,silver,2,no,full,Spain
4099,3 Series,2012,3.4,340,diesel,automatic,AWD,131926,8.7,33282,203,4,5,sedan,white,3,no,full,Germany
4100,7 Series,2024,3.1,286,hybrid,,AWD,0,6,128135,127,4,5,sedan,silver,0,no,full,UK
4101,5 Series,2012,3.1,276,diesel,automatic,RWD,170031,7.9,42018,170,4,5,sedan,black,4,no,full,UK
4102,Z4,2015,2.2,154,petrol,manual,RWD,114256,8,40643,184,2,2,convertible,white,2,no,partial,Turkey
4103,5 Series,2010,3.3,327,petrol,automatic,AWD,203600,9.9,36113,222,4,5,sedan,silver,4,yes,full,Spain
4104,X3,2005,2,201,diesel,automatic,RWD,249342,6.5,25982,139,5,5,suv,red,2,no,full,Netherlands
4105,7 Series,2018,3.1,303,diesel,automatic,RWD,92670,7.8,90276,170,4,4,sedan,silver,2,no,full,Spain
4106,X7,2022,3.7,364,petrol,automatic,AWD,30584,10.3,124630,231,5,5,suv,blue,1,no,full,Turkey
4107,1 Series,2013,2,157,petrol,manual,RWD,139898,7.9,13916,178,3,5,hatchback,white,3,no,full,France
4108,3 Series,2024,3,218,petrol,automatic,AWD,0,9.3,53425,198,4,5,sedan,silver,0,no,full,UK
4109,i4,2020,0,270,electric,automatic,AWD,61940,0,83790,0,4,5,coupe,black,1,no,full,UK
4110,i3,2021,0,229,electric,automatic,RWD,48818,0,44215,0,5,4,hatchback,grey,1,yes,full,Turkey
4111,7 Series,2023,5,404,diesel,automatic,RWD,39980,10.9,105485,238,4,5,sedan,blue,1,,partial,UK
4112,X3,2018,3.1,316,diesel,automatic,AWD,103927,8.6,54538,193,5,5,suv,silver,2,no,full,France
4113,i4,2015,0,356,electric,automatic,AWD,201934,0,46056,0,4,5,coupe,red,4,yes,full,USA
4114,X5,2007,3.7,325,hybrid,automatic,AWD,279226,5.7,37175,121,5,5,suv,red,3,yes,full,USA
4115,i3,2023,0,203,electric,automatic,RWD,12861,0,66845,0,5,4,hatchback,white,0,no,full,Turkey
4116,X7,2007,3.2,239,diesel,automatic,AWD,179376,8.5,58129,178,5,5,suv,grey,3,no,partial,Spain
4117,3 Series,2019,3.1,300,hybrid,automatic,AWD,82842,5.7,42192,110,4,5,sedan,grey,2,no,full,UK
4118,5 Series,2005,2.6,248,diesel,automatic,AWD,300000,7.2,18291,,4,5,sedan,white,2,no,full,USA
4119,X7,2021,4.4,325,diesel,automatic,AWD,65422,9.6,107312,193,5,5,suv,red,1,yes,full,Netherlands
4120,X1,2020,1.7,157,diesel,automatic,FWD,46342,5.6,41168,115,5,5,suv,black,1,no,full,Spain
4121,Z4,2009,,248,petrol,automatic,RWD,70945,7.9,40174,,2,2,convertible,black,3,yes,full,France
4122,X5,2022,3.3,261,diesel,automatic,AWD,47540,7.9,79799,161,5,5,suv,silver,1,no,partial,Netherlands
4123,X3,2021,2.6,215,diesel,automatic,RWD,65150,8.1,56711,171,5,5,suv,white,0,no,partial,Spain
4124,3 Series,2016,3.5,260,petrol,manual,AWD,128330,10.8,28424,240,4,5,sedan,black,2,no,partial,France
4125,7 Series,2009,0,431,electric,automatic,RWD,292755,0,47674,0,4,5,sedan,white,4,yes,partial,Italy
4126,5 Series,2012,3.5,261,petrol,automatic,AWD,156967,9.5,31838,197,4,5,sedan,silver,3,no,none,Spain
4127,1 Series,2023,2.6,220,petrol,automatic,RWD,43690,8.3,28012,187,3,5,hatchback,silver,0,no,partial,France
4128,7 Series,2012,4.4,311,petrol,automatic,AWD,180348,10.4,59460,219,4,4,sedan,black,3,no,partial,Spain
4129,5 Series,2016,2.9,207,diesel,automatic,AWD,98231,7.2,44285,161,4,5,sedan,silver,3,yes,full,Netherlands
4130,7 Series,2009,3.9,418,diesel,automatic,AWD,213791,9.6,56371,222,4,5,sedan,blue,5,yes,partial,UK
4131,X7,2019,4.1,302,hybrid,automatic,AWD,101829,6.5,94863,135,5,5,suv,blue,1,yes,full,France
4132,1 Series,2015,1.7,200,hybrid,manual,RWD,196061,4.5,12923,107,3,4,hatchback,white,1,yes,full,Germany
4133,3 Series,2014,2,222,diesel,automatic,RWD,151393,7.2,26644,144,4,5,sedan,silver,4,no,full,Italy
4134,X3,2022,3.4,274,hybrid,automatic,AWD,36327,5.9,48774,136,5,5,suv,black,1,yes,partial,USA
4135,Z4,2013,2.1,165,petrol,manual,RWD,114002,8.2,41884,188,2,2,convertible,white,3,yes,full,USA
4136,X3,2007,2.8,209,petrol,automatic,RWD,300000,9.1,27473,201,5,5,suv,black,,no,partial,Germany
4137,3 Series,2024,2.2,251,diesel,automatic,AWD,0,7.7,47974,167,4,5,sedan,blue,1,no,full,Italy
4138,3 Series,2011,3.4,302,hybrid,automatic,RWD,138326,6,22925,141,4,5,sedan,white,3,yes,none,Germany
4139,X7,2024,3.2,291,hybrid,automatic,AWD,0,6.1,127987,133,5,5,suv,white,0,no,full,Netherlands
4140,X3,2012,2.2,254,diesel,automatic,AWD,126392,6.2,35084,144,5,5,suv,white,4,yes,full,Italy
4141,3 Series,2022,1.6,211,petrol,automatic,RWD,30080,7.7,38017,165,4,5,sedan,black,2,no,partial,France
4142,X1,2024,1.6,142,diesel,automatic,FWD,0,6.2,49848,147,5,5,suv,red,1,no,full,UK
4143,i4,2020,0,483,electric,automatic,RWD,70546,0,98575,0,4,5,coupe,black,0,no,full,Germany
4144,X7,2022,3.6,278,diesel,automatic,AWD,17088,9,110994,198,5,5,suv,black,2,no,full,Netherlands
4145,Z4,2019,2.5,242,petrol,automatic,RWD,72555,8.3,58214,197,2,2,convertible,red,1,no,full,USA
4146,X3,2024,2.5,211,hybrid,automatic,AWD,1225,5.6,64608,118,5,5,suv,red,0,no,full,Germany
4147,5 Series,2015,3.4,280,hybrid,automatic,AWD,91604,6.2,47311,140,4,5,sedan,black,2,no,full,Germany
4148,X3,2008,3.1,290,hybrid,automatic,RWD,197253,6.1,32788,135,5,5,suv,red,5,no,partial,UK
4149,X1,2021,2.2,220,petrol,automatic,AWD,14977,7.9,51768,168,5,5,suv,white,0,no,full,France
4150,X5,2024,3.7,253,petrol,automatic,AWD,1094,11.5,91361,241,5,5,suv,blue,0,no,full,Spain
4151,X5,2011,,344,petrol,automatic,AWD,235552,10.2,35635,225,5,5,suv,red,3,yes,none,Spain
4152,1 Series,2017,1.7,161,diesel,automatic,RWD,65812,,17667,131,3,5,hatchback,white,2,yes,partial,UK
4153,3 Series,2021,3,405,hybrid,automatic,RWD,45974,6.1,44958,140,4,5,sedan,white,1,no,full,Turkey
4154,3 Series,2010,2.1,262,hybrid,automatic,AWD,134832,4.7,22903,92,4,5,sedan,grey,3,yes,full,Turkey
4155,X7,2021,3.8,287,hybrid,automatic,AWD,39962,6.4,125436,132,5,5,suv,grey,1,no,full,Netherlands
4156,1 Series,2021,2.9,238,hybrid,automatic,FWD,6313,5.4,33692,112,5,4,hatchback,silver,2,no,full,Spain
4157,X3,2008,2.5,287,petrol,automatic,RWD,189491,8.7,31214,189,5,5,suv,black,3,yes,partial,Netherlands
4158,3 Series,2016,3.1,252,hybrid,automatic,RWD,67274,5,38023,117,4,5,sedan,silver,1,no,full,USA
4159,3 Series,2019,1.9,215,diesel,automatic,RWD,34991,6.2,32986,132,4,5,sedan,black,4,no,partial,Turkey
4160,5 Series,2024,2.3,215,diesel,automatic,RWD,0,6.5,66575,163,4,5,sedan,grey,0,no,full,Germany
4161,X3,2021,2.2,251,hybrid,automatic,RWD,45752,4.9,52240,111,5,5,suv,white,1,yes,full,Italy
4162,3 Series,2024,3.3,217,diesel,automatic,AWD,5576,7.8,45730,,4,5,sedan,black,0,no,full,USA
4163,X3,2019,2.4,330,hybrid,automatic,RWD,111029,,57300,119,5,5,suv,white,4,no,full,France
4164,X5,2008,4.3,361,hybrid,automatic,AWD,250190,7.1,36202,151,5,5,suv,,4,yes,partial,Netherlands
4165,i4,2019,0,468,electric,automatic,RWD,73113,0,83950,0,4,5,coupe,red,2,no,full,France
4166,3 Series,2018,3.5,266,diesel,automatic,AWD,121861,8,36051,174,4,5,sedan,silver,1,no,full,Spain
4167,i4,2023,0,324,electric,automatic,RWD,4014,0,90946,0,4,5,coupe,silver,0,no,full,Italy
4168,X3,2014,2.5,228,petrol,automatic,AWD,143149,8,43024,155,5,5,suv,silver,2,no,full,Germany
4169,7 Series,2023,3.3,239,diesel,automatic,AWD,22726,8.4,102360,198,4,5,sedan,silver,1,no,full,Italy
4170,i3,2018,,186,electric,automatic,RWD,67930,0,39957,0,5,4,hatchback,silver,4,no,partial,Spain
4171,X3,2021,2.7,243,diesel,automatic,RWD,33589,7,60802,139,5,5,suv,white,2,no,full,Netherlands
4172,X3,2024,2.2,218,diesel,automatic,RWD,0,7,63668,143,5,5,suv,black,0,no,partial,Netherlands
4173,1 Series,2022,1.6,226,diesel,automatic,RWD,11528,6,31322,131,3,5,hatchback,black,1,no,partial,Netherlands
4174,X1,2014,2.1,196,diesel,automatic,FWD,143078,6.2,33097,128,5,5,suv,red,2,no,full,USA
4175,X3,2009,3.3,341,hybrid,automatic,RWD,249298,5.9,33708,124,5,5,suv,white,3,no,full,Netherlands
4176,5 Series,2011,2.3,214,diesel,automatic,AWD,228472,7.3,29217,149,4,5,sedan,silver,4,no,partial,Italy
4177,5 Series,2012,3.7,380,diesel,automatic,AWD,182094,8.7,34030,195,4,5,sedan,white,3,yes,partial,UK
4178,i3,2009,0,153,electric,automatic,RWD,300000,0,16410,0,5,4,hatchback,silver,2,no,,UK
4179,1 Series,2019,2.8,256,hybrid,manual,RWD,71764,5.6,25477,115,3,5,hatchback,silver,2,no,full,Italy
4180,1 Series,2010,1.9,193,diesel,manual,RWD,287428,5.8,2640,136,5,4,hatchback,white,3,yes,partial,USA
4181,X1,2021,2.3,184,hybrid,automatic,AWD,55641,4.9,46703,102,5,5,suv,grey,1,no,full,Netherlands
4182,7 Series,2021,3.2,306,hybrid,automatic,RWD,40003,5.8,105391,122,4,5,sedan,black,1,no,full,Spain
4183,3 Series,2022,2.5,239,petrol,automatic,RWD,24304,8.9,37852,200,4,5,sedan,red,1,no,partial,Turkey
4184,X1,2024,2,289,hybrid,automatic,AWD,12799,5.1,51533,101,5,5,suv,black,0,no,full,UK
4185,X1,2014,1.6,142,petrol,automatic,AWD,115177,7.6,22406,192,5,5,suv,grey,3,no,none,Italy
4186,5 Series,2005,3,281,petrol,automatic,AWD,300000,9.7,20684,211,4,5,sedan,red,3,yes,partial,Spain
4187,5 Series,2021,2.3,188,petrol,automatic,AWD,34646,9,53380,176,4,5,sedan,white,1,no,full,France
4188,3 Series,2016,2.7,225,diesel,manual,AWD,50787,7.2,36379,163,4,5,sedan,silver,3,no,full,France
4189,3 Series,2015,2.7,238,petrol,manual,RWD,192417,9.8,25063,207,4,5,sedan,black,2,no,full,USA
4190,3 Series,2011,2.1,174,petrol,automatic,RWD,198220,8,16429,182,4,5,sedan,grey,3,no,full,Turkey
4191,5 Series,2020,2.2,247,hybrid,automatic,AWD,90633,4.8,48899,113,4,5,sedan,black,1,no,partial,Spain
4192,5 Series,2008,3.5,240,hybrid,automatic,RWD,237560,6.3,26051,127,4,5,sedan,black,2,no,partial,USA
4193,1 Series,2022,1.5,200,petrol,automatic,FWD,29992,7.2,27871,158,3,4,hatchback,black,2,no,full,France
4194,5 Series,2012,3.7,353,diesel,automatic,RWD,153014,9.4,40586,208,4,5,sedan,black,4,yes,full,France
4195,X1,2018,1.6,185,hybrid,automatic,FWD,71465,4.3,39496,96,5,5,suv,white,2,no,full,USA
4196,i4,2020,0,427,electric,automatic,RWD,108050,0,74945,0,4,5,coupe,red,2,no,full,Italy
4197,X3,2020,3.4,329,diesel,automatic,RWD,91134,9.1,60981,207,5,5,suv,silver,0,no,full,Germany
4198,X1,2023,2.3,228,hybrid,automatic,AWD,25832,5.6,43175,117,5,5,suv,grey,1,no,partial,Germany
4199,5 Series,2015,2.3,239,hybrid,automatic,AWD,118155,5.1,38457,105,4,5,sedan,silver,3,yes,full,Turkey
4200,5 Series,2013,3.8,250,diesel,automatic,AWD,133646,8.8,34433,196,4,5,sedan,black,4,yes,full,Spain
4201,5 Series,2018,2.4,174,hybrid,automatic,RWD,99503,5.1,49734,118,4,5,sedan,black,2,no,full,UK
4202,X3,2008,2.3,222,hybrid,automatic,AWD,225969,5.1,22901,107,5,5,suv,,5,yes,partial,Netherlands
4203,X1,2013,1.9,223,petrol,automatic,AWD,208599,8.2,24436,175,5,5,suv,white,4,no,,USA
4204,X3,2015,2.9,262,petrol,automatic,AWD,93030,8.6,50793,181,5,5,suv,silver,2,no,full,UK
4205,1 Series,2022,1.6,134,petrol,automatic,RWD,30531,7.6,23970,165,5,5,hatchback,silver,1,no,full,Turkey
4206,5 Series,2016,2.7,286,petrol,automatic,RWD,102506,9.5,36909,229,4,5,sedan,white,3,yes,partial,Italy
4207,5 Series,2020,3.3,313,petrol,automatic,RWD,122526,9.6,57948,192,4,5,sedan,blue,0,no,full,Netherlands
4208,1 Series,2024,3,190,hybrid,automatic,FWD,0,5.8,33872,122,5,4,hatchback,black,0,no,full,France
4209,Z4,2019,2,184,petrol,automatic,RWD,75135,7.3,49371,161,2,2,convertible,black,3,yes,full,Spain
4210,X1,2008,2,184,petrol,automatic,FWD,300000,7,13313,152,5,5,suv,black,4,no,partial,Turkey
4211,Z4,2009,2.6,220,petrol,automatic,RWD,221504,8,35551,167,2,2,convertible,black,3,no,partial,Germany
4212,X1,2012,2,237,hybrid,automatic,AWD,174319,5.1,25107,102,5,5,suv,black,3,no,,Germany
4213,i3,2017,0,193,electric,automatic,RWD,85672,0,45005,0,5,4,hatchback,silver,2,no,partial,UK
4214,i3,2012,0,168,electric,automatic,RWD,139756,0,32448,0,5,4,hatchback,silver,2,,full,Germany
4215,1 Series,2005,2,275,hybrid,manual,FWD,207561,4.9,6574,104,5,4,hatchback,white,3,yes,none,Germany
4216,X5,2021,4.2,323,diesel,automatic,AWD,26140,9,74497,183,5,5,suv,red,1,no,none,Germany
4217,1 Series,2012,2.8,232,petrol,manual,FWD,171014,9.3,11326,211,3,4,hatchback,white,4,yes,full,Germany
4218,5 Series,2014,2,157,petrol,automatic,RWD,180945,7.6,34703,176,4,5,sedan,black,1,no,partial,USA
4219,i4,2023,0,337,electric,automatic,RWD,0,0,103195,0,4,5,coupe,,0,no,full,USA
4220,5 Series,2024,4.4,331,petrol,automatic,AWD,0,11.6,64213,252,4,5,sedan,black,0,no,,Turkey
4221,X7,2016,4.1,343,petrol,automatic,AWD,147303,9.7,80545,215,5,5,suv,grey,4,yes,partial,UK
4222,7 Series,2022,4.8,450,petrol,automatic,RWD,5227,11.9,119741,278,4,4,sedan,white,2,no,full,France
4223,i7,2023,0,444,electric,automatic,RWD,11907,0,213851,0,4,5,sedan,silver,0,no,full,France
4224,X7,2016,3.6,309,petrol,automatic,AWD,117706,9.9,76157,222,5,5,suv,silver,1,yes,partial,Spain
4225,3 Series,2017,3.1,326,hybrid,,AWD,9695,5.8,38155,133,4,5,sedan,red,1,no,partial,USA
4226,3 Series,2005,3.5,292,petrol,automatic,AWD,205611,9.7,20603,232,4,5,sedan,silver,2,no,full,USA
4227,i3,2023,0,178,electric,automatic,RWD,19356,0,62453,0,5,4,hatchback,silver,1,no,full,Italy
4228,Z4,2021,2.4,218,petrol,automatic,RWD,48386,8.8,64049,171,2,2,convertible,white,,no,full,Netherlands
4229,X7,2023,3.5,345,diesel,automatic,AWD,0,9.3,138205,192,5,5,suv,black,0,no,full,UK
4230,5 Series,2021,2.3,206,petrol,automatic,RWD,22305,,62944,190,4,5,sedan,black,0,no,full,Spain
4231,X3,2009,3.4,292,diesel,automatic,RWD,221190,8.8,28433,199,5,5,suv,grey,3,yes,partial,France
4232,3 Series,2023,2.2,154,diesel,automatic,AWD,36816,6.5,37127,146,4,5,sedan,white,0,no,full,Turkey
4233,X3,2016,2.9,328,petrol,automatic,RWD,119096,9.4,54772,194,5,5,suv,silver,,no,full,UK
4234,7 Series,2008,4.1,317,hybrid,automatic,AWD,231942,6.9,61785,166,4,5,sedan,red,3,no,full,Netherlands
4235,X1,2021,2.4,245,hybrid,automatic,AWD,23997,5.3,48011,119,5,5,suv,black,0,no,full,Germany
4236,X1,2012,1.5,133,hybrid,automatic,FWD,191444,3.9,19549,76,5,5,suv,black,5,,full,Turkey
4237,X5,2018,3.9,337,hybrid,automatic,AWD,67319,6.8,63197,153,5,5,suv,silver,3,no,none,UK
4238,3 Series,2018,2.8,194,hybrid,automatic,AWD,103088,5.5,27419,126,4,5,sedan,silver,3,no,none,Turkey
4239,3 Series,2007,3,268,diesel,manual,AWD,127075,8.3,20643,183,4,5,sedan,black,4,no,none,USA
4240,1 Series,2024,2.6,228,hybrid,automatic,RWD,11484,5,29803,116,5,4,hatchback,grey,1,no,full,Turkey
4241,3 Series,2017,3.2,301,hybrid,automatic,RWD,78084,5.6,38667,130,4,5,sedan,blue,3,no,,France
4242,X3,2021,2.7,228,hybrid,automatic,RWD,72494,5.1,57433,102,5,5,suv,silver,1,no,full,Italy
4243,5 Series,2016,4.3,366,diesel,automatic,RWD,112332,8.7,50290,199,4,5,sedan,blue,2,no,partial,France
4244,X1,2022,1.7,183,petrol,automatic,FWD,15392,8.2,46886,184,5,5,suv,black,1,no,full,Italy
4245,7 Series,2024,4.3,331,petrol,automatic,RWD,0,10.8,121765,231,4,4,sedan,white,0,no,full,UK
4246,7 Series,2022,4.5,346,hybrid,automatic,AWD,1495,7.2,107837,159,4,4,sedan,silver,2,no,full,Turkey
4247,5 Series,2023,2.9,268,hybrid,automatic,AWD,7241,5.2,67038,110,4,5,sedan,silver,0,no,full,France
4248,3 Series,2007,2.9,298,diesel,automatic,AWD,173318,8.1,19353,191,4,5,sedan,silver,2,yes,partial,France
4249,3 Series,2023,1.9,140,petrol,manual,AWD,8430,8.5,43063,195,4,5,sedan,grey,0,no,full,UK
4250,3 Series,2017,2.8,269,petrol,automatic,RWD,81702,8.3,31558,188,4,5,sedan,white,1,no,full,Turkey
4251,i4,2008,0,330,electric,automatic,AWD,161206,0,38902,0,4,5,coupe,white,5,yes,full,USA
4252,3 Series,2018,1.8,201,hybrid,automatic,RWD,48376,4.3,33213,102,4,5,sedan,blue,2,no,partial,Turkey
4253,X1,2021,2.5,236,hybrid,automatic,AWD,60504,5.1,43367,106,5,5,suv,silver,0,no,full,Germany
4254,1 Series,2018,2,153,diesel,automatic,FWD,111578,5.7,16996,127,3,5,hatchback,white,3,no,full,Italy
4255,X5,2023,3.1,264,petrol,automatic,AWD,26681,8.2,97582,186,5,5,suv,silver,0,no,full,Germany
4256,3 Series,2015,2.3,179,hybrid,automatic,AWD,153324,4.6,21144,96,4,5,sedan,grey,3,yes,full,Italy
4257,X3,2019,2.5,189,diesel,automatic,AWD,79307,7,52532,140,5,5,suv,blue,1,no,full,France
4258,i7,2021,0,306,electric,automatic,RWD,73210,0,174273,0,4,5,sedan,silver,1,no,full,USA
4259,X1,2009,2.1,159,diesel,automatic,AWD,300000,7.3,13256,159,5,5,suv,red,3,yes,full,UK
4260,7 Series,2018,4.9,342,petrol,automatic,RWD,124058,11.8,94380,262,4,4,sedan,white,3,no,full,Germany
4261,X3,2022,,293,diesel,automatic,RWD,24724,9.1,59473,198,5,5,suv,grey,0,no,full,Turkey
4262,i4,2010,0,382,electric,automatic,AWD,230214,0,40617,0,4,5,coupe,white,5,yes,full,Italy
4263,i7,2010,0,611,electric,automatic,AWD,137308,0,96163,0,4,5,sedan,white,2,yes,partial,Italy
4264,Z4,2013,2.8,220,petrol,automatic,RWD,61719,9.6,44558,224,2,2,convertible,silver,4,no,partial,Italy
4265,X7,2018,3.8,362,petrol,automatic,AWD,84581,10,85429,214,5,5,suv,silver,2,no,none,UK
4266,1 Series,2022,1.9,163,petrol,automatic,RWD,37258,8.3,25744,179,3,5,hatchback,grey,0,no,full,Spain
4267,X3,2022,2.5,181,petrol,automatic,RWD,33566,8.8,58109,185,5,5,suv,white,0,no,full,USA
4268,1 Series,2024,1.6,243,diesel,automatic,FWD,11262,6,34046,129,3,4,hatchback,white,0,no,full,Italy
4269,X1,2010,2.4,200,petrol,automatic,AWD,263556,8.3,15979,193,5,5,suv,white,3,yes,none,Spain
4270,3 Series,2020,2.5,218,petrol,automatic,RWD,51071,8.6,43122,184,4,5,sedan,blue,1,no,full,UK
4271,X5,2015,4.4,343,petrol,automatic,AWD,109369,11.6,66726,239,5,5,suv,blue,1,no,full,Italy
4272,1 Series,2023,2.8,264,petrol,automatic,FWD,13336,8.6,31492,199,5,5,hatchback,white,0,no,full,Spain
4273,1 Series,2022,2.6,242,petrol,automatic,FWD,42444,8,29862,182,3,4,hatchback,black,1,no,full,Italy
4274,3 Series,2011,3.2,314,hybrid,automatic,AWD,210858,6.6,18843,158,4,5,sedan,silver,3,yes,partial,Germany
4275,5 Series,2014,2.9,297,diesel,automatic,AWD,154247,7.6,37854,167,4,5,sedan,black,2,yes,partial,France
4276,Z4,2015,2,183,petrol,manual,RWD,113828,8.3,46739,188,2,2,convertible,white,3,no,full,Turkey
4277,7 Series,2010,4,313,petrol,automatic,RWD,183125,10.6,60645,233,4,5,sedan,black,3,no,partial,Spain
4278,i4,2017,0,365,electric,automatic,RWD,114335,0,63550,0,4,5,coupe,white,1,no,full,Italy
4279,3 Series,2021,1.6,130,diesel,automatic,RWD,34592,5.8,35705,133,4,5,sedan,black,1,no,full,France
4280,5 Series,2014,2.6,172,hybrid,automatic,RWD,185045,5,34110,114,4,5,sedan,silver,3,no,full,Italy
4281,X3,2010,3.4,269,hybrid,automatic,AWD,248354,6.1,23615,138,5,5,suv,black,3,yes,partial,UK
4282,X7,2013,3.3,291,petrol,automatic,AWD,80719,9.7,87491,220,5,5,suv,white,5,no,full,UK
4283,3 Series,2019,2.5,213,diesel,automatic,RWD,89113,,31629,154,4,5,sedan,blue,1,no,partial,Turkey
4284,X1,2018,1.8,176,hybrid,automatic,FWD,60120,4.9,30309,104,5,5,suv,silver,2,no,none,Spain
4285,5 Series,2010,2.9,277,hybrid,automatic,RWD,174531,5.7,35257,136,4,5,sedan,white,3,no,partial,USA
4286,X1,2009,1.9,175,petrol,automatic,AWD,222284,7.7,17590,173,5,5,suv,black,3,yes,partial,Netherlands
4287,3 Series,2010,1.7,173,hybrid,manual,AWD,266465,4.5,11225,98,4,5,sedan,white,5,no,full,UK
4288,5 Series,2023,3.2,278,diesel,automatic,RWD,13697,8.8,70349,201,4,5,sedan,black,0,,full,UK
4289,X3,2015,3.5,302,diesel,automatic,AWD,165258,9.4,43982,210,5,5,suv,silver,1,no,,Turkey
4290,X5,2020,4,296,diesel,automatic,AWD,51747,9.3,86094,200,5,5,suv,black,2,no,full,Italy
4291,5 Series,2015,3.5,246,petrol,automatic,RWD,146069,9.7,40013,214,4,5,sedan,silver,1,no,partial,France
4292,7 Series,2009,4.6,373,petrol,automatic,AWD,91053,11.2,65632,237,4,4,sedan,grey,5,yes,full,Netherlands
4293,X3,2015,3,246,petrol,automatic,RWD,113319,9.4,51703,212,5,5,suv,black,1,no,full,Netherlands
4294,X1,2015,1.8,204,hybrid,automatic,FWD,145034,4.4,25500,104,5,5,suv,white,2,yes,full,Germany
4295,X1,2008,2.1,219,diesel,automatic,FWD,56930,7.5,29581,180,5,5,suv,white,5,no,full,Italy
4296,7 Series,2019,5,421,hybrid,automatic,RWD,35771,7.6,107846,176,4,5,sedan,blue,2,no,full,Germany
4297,1 Series,2023,1.6,176,diesel,automatic,RWD,25169,6.2,27289,133,5,5,hatchback,silver,0,no,partial,Spain
4298,X1,2021,1.9,177,hybrid,automatic,FWD,46632,4.7,37650,115,5,5,suv,black,0,yes,full,USA
4299,X5,2018,4,328,diesel,automatic,AWD,87141,9.9,72153,207,5,5,suv,silver,2,no,partial,Turkey
4300,7 Series,2010,0,356,electric,automatic,RWD,220126,0,63579,0,4,4,sedan,red,,no,partial,Spain
4301,X3,2020,3.2,350,diesel,automatic,RWD,33826,7.5,53675,163,5,5,suv,blue,1,yes,full,USA
4302,X3,2022,2.4,255,diesel,automatic,AWD,42311,7,67409,149,5,5,suv,grey,1,no,full,UK
4303,3 Series,2008,2.7,268,petrol,automatic,AWD,161293,8.6,19733,182,4,5,sedan,silver,2,yes,full,Italy
4304,3 Series,2017,3,255,diesel,automatic,RWD,145290,8.1,28912,173,4,5,sedan,black,2,yes,full,Italy
4305,3 Series,2023,2.8,265,hybrid,automatic,RWD,31560,5.1,44216,138,4,5,sedan,black,0,no,full,Netherlands
4306,i3,2013,0,239,electric,automatic,RWD,175929,0,35064,0,5,4,hatchback,silver,3,no,full,Germany
4307,5 Series,2013,3.5,308,petrol,automatic,RWD,122532,10.1,37444,222,4,5,sedan,white,2,yes,partial,UK
4308,5 Series,2023,3.4,227,hybrid,automatic,RWD,4466,6.1,59753,131,4,5,sedan,black,0,no,full,Turkey
4309,X7,2024,4.2,398,petrol,automatic,AWD,0,12.1,124634,275,5,5,suv,black,1,no,full,France
4310,5 Series,2011,3.2,342,diesel,automatic,AWD,145211,8.2,37710,183,4,5,sedan,white,2,no,partial,Spain
4311,3 Series,2014,2.9,288,petrol,manual,RWD,140766,9.1,29379,215,4,5,sedan,grey,3,no,partial,Germany
4312,7 Series,2022,3.5,321,diesel,automatic,RWD,27908,8.5,104766,184,4,4,sedan,white,1,no,partial,Germany
4313,3 Series,2009,1.8,184,petrol,automatic,RWD,191599,7.5,18857,156,4,5,sedan,black,4,,full,Spain
4314,i4,2013,0,363,electric,automatic,AWD,107430,0,57874,0,4,5,coupe,blue,5,no,full,Spain
4315,X5,2024,4.3,379,hybrid,automatic,AWD,0,7.3,96745,159,5,5,suv,silver,0,no,full,Spain
4316,3 Series,2012,2.6,205,petrol,manual,AWD,257209,8.6,16939,196,4,5,sedan,white,3,no,full,Turkey
4317,X1,2024,1.8,195,petrol,automatic,AWD,8737,7.8,50592,178,5,5,suv,black,1,no,full,Germany
4318,7 Series,2012,3,247,hybrid,automatic,AWD,266288,5,66910,90,4,5,sedan,white,2,no,full,UK
4319,X3,2022,2.5,236,diesel,automatic,RWD,36522,6.6,54922,143,5,5,suv,silver,1,no,,Netherlands
4320,X1,2024,2.3,200,diesel,automatic,AWD,8052,6.4,52656,133,5,5,suv,white,0,no,full,Spain
4321,7 Series,2018,3.1,323,petrol,automatic,AWD,66257,9.1,85358,211,4,5,sedan,black,2,no,partial,Turkey
4322,X3,2018,3,269,hybrid,automatic,RWD,98539,5.8,48075,129,5,5,suv,grey,3,no,partial,Turkey
4323,3 Series,2006,3,266,hybrid,manual,AWD,283729,5.4,7633,105,4,5,sedan,white,4,yes,full,Netherlands
4324,Z4,2020,2.8,181,petrol,automatic,RWD,56334,8.6,56677,177,2,2,convertible,black,1,yes,full,Netherlands
4325,3 Series,2012,1.9,188,petrol,automatic,AWD,87190,7.3,24332,170,4,5,sedan,blue,2,yes,full,Turkey
4326,X7,2011,3.7,254,petrol,automatic,AWD,156307,9.8,70863,221,5,5,suv,white,3,no,partial,Netherlands
4327,5 Series,2024,3.5,360,petrol,automatic,RWD,10868,10.9,78723,233,4,5,sedan,black,0,no,full,Netherlands
4328,5 Series,2017,2.4,236,hybrid,automatic,AWD,93636,4.9,47211,117,4,5,sedan,white,2,no,full,Netherlands
4329,5 Series,2008,3.4,237,diesel,automatic,AWD,113248,8.4,29328,164,4,5,sedan,white,3,no,none,Spain
4330,3 Series,2021,1.9,164,hybrid,manual,RWD,60996,4.5,35171,108,4,5,sedan,blue,2,no,full,France
4331,3 Series,2019,3.5,330,hybrid,automatic,RWD,75374,6.2,41173,139,4,5,sedan,grey,2,no,full,Spain
4332,3 Series,2017,2.2,240,petrol,manual,AWD,140678,8.2,29488,173,4,5,sedan,,4,no,full,Germany
4333,5 Series,2023,3.7,321,hybrid,automatic,RWD,27528,6.2,62813,158,4,5,sedan,white,0,no,full,Italy
4334,5 Series,2020,2.2,211,hybrid,automatic,RWD,96789,4.7,46739,104,4,5,sedan,red,1,no,partial,Italy
4335,3 Series,2015,3.2,302,hybrid,automatic,AWD,74985,6.4,40677,149,4,5,sedan,grey,2,no,full,Netherlands
4336,i4,2011,0,237,electric,automatic,RWD,238431,0,45398,0,4,5,coupe,blue,2,no,full,UK
4337,1 Series,2014,2.4,277,hybrid,automatic,FWD,185974,5.3,18047,122,5,5,hatchback,blue,3,,full,Spain
4338,X1,2019,2.1,220,petrol,automatic,AWD,69258,8.1,42924,186,5,5,suv,silver,2,no,full,USA
4339,X3,2015,2.8,248,hybrid,automatic,RWD,92628,5.7,41763,130,5,5,suv,white,2,no,partial,USA
4340,X1,2024,1.7,191,petrol,automatic,AWD,12661,6.5,50702,,5,5,suv,white,0,no,full,Spain
4341,1 Series,2024,3,238,diesel,automatic,FWD,24749,8.7,31554,190,3,5,hatchback,black,0,no,full,Netherlands
4342,X3,2019,2.1,209,petrol,automatic,AWD,66311,7.4,47845,175,5,5,suv,black,3,no,full,France
4343,X7,2013,4.2,392,petrol,automatic,AWD,179928,10.8,73324,244,5,5,suv,white,3,yes,full,UK
4344,X3,2022,3.5,301,diesel,automatic,RWD,24305,8.9,67205,202,5,5,suv,black,0,no,full,France
4345,X7,2017,3.7,357,petrol,automatic,AWD,143219,10.2,108791,241,5,5,suv,black,3,no,full,UK
4346,X3,2024,2.2,200,petrol,automatic,RWD,0,7.3,67254,171,5,5,suv,white,1,no,full,Italy
4347,i4,2008,0,372,electric,automatic,RWD,262237,0,40135,0,4,5,coupe,silver,2,no,none,Germany
4348,X3,2014,3.2,283,diesel,automatic,RWD,175910,7.7,37550,181,5,5,suv,black,2,yes,full,France
4349,3 Series,2013,2.3,232,hybrid,automatic,AWD,192502,4.9,21930,112,4,5,sedan,black,5,no,full,Spain
4350,1 Series,2018,2,191,diesel,automatic,RWD,56126,5.9,22624,115,5,4,hatchback,black,2,yes,full,France
4351,1 Series,2023,2.9,305,diesel,automatic,FWD,0,8.4,35248,176,5,4,hatchback,white,0,no,partial,Turkey
4352,7 Series,2015,3.9,351,petrol,automatic,AWD,127278,10.4,77710,222,4,5,sedan,silver,4,,partial,Turkey
4353,X3,2017,3.2,272,diesel,automatic,AWD,132722,8.1,45804,168,5,5,suv,blue,2,no,partial,Italy
4354,5 Series,2024,3.4,300,petrol,automatic,AWD,0,9.9,75853,211,4,5,sedan,red,0,no,full,Germany
4355,7 Series,2023,,396,petrol,automatic,AWD,25080,12.8,118528,278,4,5,sedan,black,0,no,full,France
4356,3 Series,2017,2,195,hybrid,automatic,RWD,85291,5.2,33944,114,4,5,sedan,silver,1,no,full,UK
4357,5 Series,2005,3.3,346,petrol,automatic,RWD,300000,10.3,22551,235,4,5,sedan,white,2,no,none,Italy
4358,7 Series,2022,4,328,hybrid,automatic,AWD,45890,6.1,103519,133,4,4,sedan,grey,1,no,full,Turkey
4359,i3,2023,0,220,electric,automatic,RWD,15121,0,65298,0,5,4,hatchback,red,1,no,full,Germany
4360,7 Series,2023,0,372,electric,automatic,RWD,28717,0,122150,0,4,4,sedan,silver,0,no,full,Germany
4361,i4,2023,0,394,electric,automatic,AWD,11922,0,76848,0,4,5,coupe,blue,0,yes,full,UK
4362,5 Series,2022,3.4,307,petrol,automatic,AWD,27628,8.8,58032,,4,5,sedan,black,1,no,partial,USA
4363,X7,2024,3.9,315,petrol,automatic,AWD,0,10.2,123044,231,5,5,suv,blue,0,no,partial,UK
4364,1 Series,2016,2.7,259,petrol,manual,RWD,104277,9.1,21909,192,5,5,hatchback,grey,2,no,partial,Spain
4365,i4,2006,0,300,electric,automatic,RWD,257511,0,26153,0,4,5,coupe,black,3,no,none,Spain
4366,5 Series,2020,2.7,252,diesel,automatic,AWD,90031,7,58761,156,4,5,sedan,blue,1,no,partial,Netherlands
4367,X1,2009,2.1,210,petrol,automatic,AWD,283201,8.3,16518,172,5,5,suv,black,4,no,full,UK
4368,1 Series,2018,1.9,180,hybrid,automatic,RWD,82329,4.6,21039,104,5,5,hatchback,white,4,no,full,France
4369,X1,2011,,180,diesel,automatic,AWD,217632,5.6,18958,126,5,5,suv,black,2,yes,full,UK
4370,X7,2017,3.3,305,diesel,automatic,AWD,58344,9.8,97686,204,5,5,suv,grey,1,no,none,UK
4371,X3,2016,2.8,201,hybrid,automatic,RWD,140040,5.8,46658,110,5,5,suv,grey,1,no,partial,UK
4372,7 Series,2022,0,474,electric,,RWD,36583,0,130752,0,4,4,sedan,white,1,no,partial,Germany
4373,i4,2015,0,442,electric,automatic,AWD,209378,0,51212,0,4,5,coupe,black,2,no,full,Turkey
4374,Z4,2013,2.3,217,petrol,manual,RWD,247870,8.8,32826,217,2,2,convertible,grey,2,yes,partial,Germany
4375,3 Series,2009,3,287,hybrid,automatic,AWD,218035,5.8,20758,132,4,5,sedan,blue,5,no,partial,Germany
4376,X3,2008,3.3,288,diesel,automatic,AWD,300000,9.4,24384,225,5,5,suv,white,2,no,partial,Spain
4377,5 Series,2018,3.4,285,diesel,automatic,RWD,114952,8.3,46359,204,4,5,sedan,silver,4,yes,partial,USA
4378,X7,2023,3.4,325,diesel,automatic,AWD,8036,8.4,140504,177,5,5,suv,black,0,no,full,Netherlands
4379,3 Series,2021,2.2,236,hybrid,manual,RWD,18229,5.5,36503,112,4,5,sedan,white,0,yes,full,France
4380,3 Series,2006,3.1,295,petrol,automatic,AWD,300000,8.8,13171,195,4,5,sedan,white,2,yes,full,UK
4381,5 Series,2017,2.4,252,diesel,automatic,AWD,80831,6.9,41629,156,4,5,sedan,black,2,yes,partial,UK
4382,1 Series,2017,2.5,255,diesel,manual,FWD,63526,7.2,24172,161,3,5,hatchback,red,2,no,partial,USA
4383,5 Series,2023,3.7,331,petrol,automatic,AWD,21073,10.3,68746,231,4,5,sedan,silver,0,no,full,USA
4384,5 Series,2021,4.2,369,diesel,automatic,RWD,51027,9.2,65096,205,4,5,sedan,white,1,no,full,Italy
4385,3 Series,2017,3.5,318,diesel,manual,RWD,93673,8.5,35927,201,4,5,sedan,silver,1,no,partial,Italy
4386,Z4,2017,,233,petrol,automatic,RWD,78245,9.6,58989,219,2,2,convertible,grey,1,no,full,France
4387,5 Series,2018,4.2,356,petrol,automatic,AWD,77242,12,53328,241,4,5,sedan,white,4,no,partial,UK
4388,X5,2014,,278,petrol,automatic,AWD,104467,9.2,56392,187,5,5,suv,silver,3,no,none,France
4389,7 Series,2009,3.6,310,hybrid,automatic,RWD,273716,6.4,50799,151,4,5,sedan,black,3,yes,partial,USA
4390,1 Series,2019,2.6,203,petrol,automatic,FWD,70551,7.2,25864,158,3,4,hatchback,white,1,no,full,Netherlands
4391,7 Series,2016,4.3,397,hybrid,automatic,RWD,145167,6.8,88995,,4,4,sedan,blue,2,no,full,Germany
4392,X3,2008,2.7,232,hybrid,automatic,AWD,262370,5.6,23646,114,5,5,suv,blue,3,yes,full,Italy
4393,X1,2020,1.9,187,hybrid,automatic,AWD,15532,4,46569,71,5,5,suv,grey,0,no,full,Netherlands
4394,i7,2008,0,477,electric,automatic,RWD,191685,0,89996,0,4,5,sedan,black,3,no,partial,UK
4395,X3,2007,2.7,281,petrol,automatic,AWD,60382,9.4,29043,212,5,5,suv,red,4,yes,partial,Italy
4396,X3,2020,3,300,petrol,automatic,AWD,45791,9.2,43468,178,5,5,suv,black,2,yes,partial,Italy
4397,5 Series,2024,2.9,264,diesel,automatic,AWD,0,7.5,75938,160,4,5,sedan,black,0,no,full,UK
4398,i3,2009,0,148,electric,automatic,RWD,108601,0,21513,0,5,4,hatchback,white,3,no,none,Turkey
4399,5 Series,2016,4.1,373,hybrid,automatic,AWD,57872,7,46561,151,4,5,sedan,grey,1,yes,full,Turkey
4400,i4,2010,0,449,electric,automatic,AWD,186188,0,51548,0,4,5,coupe,blue,2,no,full,France
4401,X1,2007,1.9,168,hybrid,automatic,FWD,300000,4.6,8696,94,5,5,suv,,3,yes,partial,USA
4402,5 Series,2016,2.9,279,hybrid,automatic,AWD,74738,5.1,54950,107,4,5,sedan,silver,3,no,full,Spain
4403,1 Series,2011,2.2,251,diesel,automatic,FWD,92238,7.3,14684,161,3,5,hatchback,blue,4,yes,partial,Italy
4404,5 Series,2007,3.9,360,petrol,automatic,AWD,300000,,21421,203,4,5,sedan,black,4,,full,Germany
4405,3 Series,2012,2.6,253,diesel,manual,RWD,115633,6.9,23901,153,4,5,sedan,blue,3,yes,partial,Spain
4406,3 Series,2005,2.7,286,petrol,automatic,AWD,300000,8.8,11920,199,4,5,sedan,silver,4,yes,full,Germany
4407,1 Series,2021,2.1,186,diesel,automatic,FWD,43038,7,25348,144,5,4,hatchback,white,1,no,full,USA
4408,Z4,2014,2.6,294,petrol,automatic,RWD,171005,,41699,195,2,2,convertible,silver,2,yes,partial,Italy
4409,3 Series,2019,2.7,224,hybrid,automatic,AWD,87463,5.7,32287,,4,5,sedan,black,2,no,partial,Turkey
4410,i7,2014,0,497,electric,automatic,RWD,180959,0,113423,0,4,5,sedan,white,3,no,full,UK
4411,i4,2020,0,534,electric,automatic,AWD,59877,0,92031,0,4,5,coupe,white,0,no,partial,Netherlands
4412,X3,2021,2.6,182,diesel,automatic,RWD,47456,6.3,60517,140,5,5,suv,silver,1,no,full,France
4413,i7,2020,0,457,electric,automatic,AWD,68075,0,152774,0,4,4,sedan,blue,0,yes,full,UK
4414,X7,2020,3.5,336,hybrid,automatic,AWD,41475,6.2,122168,157,5,5,suv,white,1,no,full,Netherlands
4415,X5,2019,3.7,303,petrol,,AWD,72879,10.5,70783,227,5,5,suv,grey,4,no,partial,Germany
4416,5 Series,2023,2.8,252,hybrid,automatic,RWD,14115,5.4,63992,106,4,5,sedan,white,1,no,full,France
4417,X3,2011,2.6,248,petrol,automatic,RWD,206534,9.1,32988,194,5,5,suv,black,5,no,partial,UK
4418,1 Series,2016,1.6,127,diesel,automatic,RWD,131741,5.6,13214,122,3,4,hatchback,black,2,no,full,Turkey
4419,7 Series,2012,3.7,342,hybrid,automatic,RWD,298032,6.6,48405,148,4,4,sedan,blue,2,yes,none,Italy
4420,X5,2018,3.1,239,hybrid,automatic,AWD,60782,6,62858,139,5,5,suv,grey,3,no,partial,Spain
4421,3 Series,2024,2.5,304,hybrid,automatic,RWD,0,5.2,58015,129,4,5,sedan,blue,0,no,full,Netherlands
4422,3 Series,2006,3.1,241,diesel,automatic,RWD,228018,7.9,16467,180,4,5,sedan,blue,5,no,full,Netherlands
4423,X7,2019,4.2,409,hybrid,automatic,AWD,82630,7.1,89835,145,5,5,suv,grey,1,yes,full,Turkey
4424,X3,2020,2.7,206,hybrid,automatic,AWD,89989,5.2,47844,110,5,5,suv,white,1,no,full,Turkey
4425,5 Series,2023,2.4,270,petrol,automatic,AWD,3781,8.3,63515,180,4,5,sedan,red,0,no,full,Spain
4426,i7,2018,0,475,electric,automatic,RWD,130209,0,133951,0,4,5,sedan,blue,2,no,full,Germany
4427,X1,2017,1.5,122,petrol,automatic,FWD,127113,6.8,28902,137,5,5,suv,grey,3,no,partial,France
4428,X7,2024,3.6,303,hybrid,automatic,AWD,0,5.6,122810,130,5,5,suv,grey,0,no,full,USA
4429,i3,2021,0,173,electric,,RWD,43600,0,55926,0,5,4,hatchback,silver,1,no,full,Turkey
4430,X1,2009,2.2,209,diesel,automatic,AWD,208211,7,26268,172,5,5,suv,silver,4,no,full,Netherlands
4431,X1,2016,2.5,201,hybrid,automatic,AWD,125481,5.3,31052,112,5,5,suv,white,3,no,full,Germany
4432,3 Series,2019,3.1,333,diesel,automatic,AWD,50454,7.9,32999,162,4,5,sedan,white,2,no,none,Italy
4433,1 Series,2020,1.8,168,hybrid,automatic,RWD,17885,4.2,30861,111,5,4,hatchback,silver,1,no,full,Germany
4434,X1,2022,2,209,petrol,automatic,AWD,40621,7.5,42881,150,5,5,suv,silver,1,no,full,Italy
4435,3 Series,2005,3,241,petrol,manual,RWD,300000,9.7,10446,209,4,5,sedan,silver,3,,,France
4436,X1,2020,2.2,232,diesel,automatic,AWD,84012,7.2,40623,161,5,5,suv,black,1,no,full,Spain
4437,X5,2010,3.2,262,diesel,automatic,AWD,211748,7.9,48056,178,5,5,suv,white,3,no,partial,Italy
4438,X3,2022,3.2,232,diesel,automatic,AWD,0,8.2,59784,177,5,5,suv,white,1,no,full,Italy
4439,i4,2013,0,373,electric,automatic,AWD,101369,0,50141,0,4,5,coupe,black,3,yes,full,USA
4440,X7,2024,4.2,343,hybrid,automatic,AWD,0,6.7,130834,143,5,5,suv,white,0,no,full,Netherlands
4441,3 Series,2018,3,253,diesel,automatic,AWD,76325,8.8,31156,197,4,5,sedan,black,3,no,partial,Italy
4442,X1,2017,2.3,194,petrol,automatic,AWD,115563,7,32294,147,5,5,suv,grey,4,no,full,Spain
4443,X7,2006,3.8,276,hybrid,automatic,AWD,300000,5.8,50574,156,5,5,suv,white,3,yes,full,France
4444,X1,2022,1.6,172,diesel,automatic,AWD,21382,5.4,50901,132,5,5,suv,silver,0,no,full,Netherlands
4445,i3,2006,0,174,electric,automatic,RWD,185870,0,21472,0,5,4,hatchback,blue,3,yes,full,Germany
4446,X1,2024,1.9,217,hybrid,automatic,AWD,10323,4.7,48286,110,5,5,suv,black,0,no,partial,Netherlands
4447,3 Series,2005,2.7,181,hybrid,automatic,AWD,300000,5.6,8912,125,4,5,sedan,black,2,yes,partial,Spain
4448,i3,2018,0,176,electric,automatic,RWD,90487,0,37608,0,5,4,hatchback,silver,1,yes,full,UK
4449,3 Series,2017,2.4,282,petrol,automatic,AWD,111802,,34631,191,4,5,sedan,silver,2,,full,Turkey
4450,X7,2023,,370,diesel,automatic,AWD,27293,8.9,119298,187,5,5,suv,grey,1,no,full,Turkey
4451,3 Series,2007,2.2,186,petrol,automatic,AWD,224722,8.1,10060,193,4,5,sedan,black,5,yes,partial,UK
4452,3 Series,2010,3.1,266,hybrid,automatic,AWD,190915,6.1,24068,127,4,5,sedan,silver,2,no,partial,UK
4453,X3,2021,2.2,176,hybrid,automatic,AWD,43255,5.1,55438,118,5,5,suv,blue,1,no,full,Netherlands
4454,X5,2019,3.1,278,diesel,automatic,AWD,74947,8.8,79185,193,5,5,suv,silver,1,no,full,Netherlands
4455,i4,2013,0,259,electric,automatic,RWD,149659,0,35361,0,4,5,coupe,silver,4,yes,none,Spain
4456,X3,2022,2.9,216,diesel,automatic,AWD,41032,7.5,63589,149,5,5,suv,grey,2,no,full,USA
4457,5 Series,2009,,240,diesel,automatic,AWD,290375,6.8,28754,158,4,5,sedan,white,3,no,full,UK
4458,1 Series,2012,2.7,312,hybrid,automatic,FWD,184120,5.4,16821,137,5,5,hatchback,silver,5,no,partial,Spain
4459,5 Series,2017,2.4,209,hybrid,automatic,AWD,65291,5,54269,109,4,5,sedan,blue,2,no,full,UK
4460,i7,2016,0,505,electric,automatic,RWD,130101,0,133556,0,4,5,sedan,silver,2,no,full,Turkey
4461,Z4,2013,2.2,181,petrol,manual,RWD,95167,7.5,42513,154,2,2,convertible,black,3,no,partial,Italy
4462,X1,2005,2.4,203,hybrid,automatic,AWD,234663,5.2,13383,117,5,5,suv,silver,3,no,full,UK
4463,X5,2014,3,277,diesel,automatic,AWD,172639,7.3,60278,170,5,5,suv,silver,4,no,full,Spain
4464,5 Series,2011,4.1,353,hybrid,automatic,RWD,300000,6.5,29737,151,4,5,sedan,black,4,yes,partial,Italy
4465,X5,2019,4,284,diesel,automatic,AWD,48221,9.6,72408,203,5,5,suv,black,3,no,partial,Spain
4466,X3,2024,2.2,238,petrol,automatic,RWD,0,8.7,65332,189,5,5,suv,,0,no,full,Spain
4467,5 Series,2018,2.6,233,petrol,automatic,RWD,92262,9,51475,210,4,5,sedan,silver,2,no,full,Netherlands
4468,X1,2018,1.6,131,hybrid,automatic,AWD,60414,,32619,100,5,5,suv,silver,3,no,partial,Italy
4469,3 Series,2023,2,145,diesel,automatic,AWD,14999,7.2,40392,163,4,5,sedan,white,0,no,partial,Germany
4470,1 Series,2019,,256,diesel,automatic,FWD,56801,7.9,22554,170,3,4,hatchback,grey,1,no,partial,Turkey
4471,5 Series,2022,3.1,304,petrol,automatic,AWD,30001,9.2,62227,180,4,5,sedan,black,1,,full,UK
4472,3 Series,2024,3.2,320,hybrid,manual,AWD,16641,5.8,55601,127,4,5,sedan,red,0,no,full,France
4473,X1,2008,1.9,195,petrol,automatic,AWD,239200,7.5,19310,148,5,5,suv,white,5,no,partial,USA
4474,X3,2016,2.9,259,petrol,automatic,RWD,86367,9.4,45381,207,5,5,suv,black,3,no,partial,France
4475,5 Series,2019,3.6,361,diesel,automatic,AWD,114520,9,54088,185,4,5,sedan,red,1,no,partial,UK
4476,X7,2011,4.2,323,diesel,automatic,AWD,256949,9.8,64718,,5,5,suv,blue,3,yes,full,USA
4477,7 Series,2007,0,438,electric,automatic,RWD,300000,0,55953,0,4,4,sedan,black,2,no,partial,UK
4478,7 Series,2022,4.1,333,diesel,automatic,RWD,7631,9,112006,182,4,5,sedan,grey,0,no,full,Spain
4479,1 Series,2024,2.1,208,diesel,automatic,RWD,0,8.1,32734,186,5,4,hatchback,black,0,no,full,Italy
4480,7 Series,2020,3.7,296,diesel,automatic,AWD,102422,9.1,95291,190,4,5,sedan,,1,no,full,France
4481,1 Series,2006,2.2,222,hybrid,automatic,RWD,300000,5.3,6780,129,5,4,hatchback,black,4,no,partial,UK
4482,X1,2021,2.1,249,petrol,automatic,AWD,35095,7.9,54096,160,5,5,suv,white,1,no,full,Germany
4483,7 Series,2011,3.9,330,petrol,automatic,AWD,222538,,58044,214,4,5,sedan,white,3,yes,partial,Turkey
4484,Z4,2021,2.8,295,petrol,automatic,RWD,35362,9.5,71963,217,2,2,convertible,silver,0,no,full,Turkey
4485,3 Series,2020,1.9,168,petrol,manual,RWD,32879,8,42510,174,4,5,sedan,white,1,no,full,UK
4486,1 Series,2006,2.4,195,diesel,manual,FWD,224900,7.1,8133,175,5,4,hatchback,black,5,no,partial,UK
4487,7 Series,2013,3.7,329,petrol,automatic,RWD,88473,9.9,63673,201,4,5,sedan,white,5,no,none,Spain
4488,5 Series,2014,2.4,184,hybrid,automatic,AWD,141289,5.5,37600,105,4,5,sedan,black,1,yes,full,Netherlands
4489,5 Series,2019,4.1,360,diesel,automatic,RWD,90203,8.5,53527,183,4,5,sedan,blue,2,no,full,Netherlands
4490,X1,2017,2,200,hybrid,automatic,AWD,184873,4.7,32153,107,5,5,suv,black,1,no,full,Germany
4491,3 Series,2021,2.7,298,diesel,automatic,AWD,38285,8.1,48094,178,4,5,sedan,white,1,no,full,USA
4492,X7,2014,3.7,318,hybrid,automatic,AWD,144804,6.3,85448,140,5,5,suv,black,2,yes,full,Netherlands
4493,3 Series,2023,2.3,233,diesel,automatic,RWD,2925,6.2,45858,,4,5,sedan,black,1,no,full,France
4494,X7,2008,3.5,287,petrol,automatic,AWD,275185,10.1,63983,211,5,5,suv,white,4,no,full,Germany
4495,X1,2008,2.4,236,petrol,automatic,FWD,133395,8.1,22050,184,5,5,suv,black,2,no,none,Turkey
4496,X7,2023,3.2,286,hybrid,automatic,AWD,14147,6.1,119334,141,5,5,suv,,0,no,partial,USA
4497,1 Series,2019,2.2,181,hybrid,automatic,RWD,100692,4.7,22200,92,3,5,hatchback,blue,2,no,partial,USA
4498,3 Series,2014,3,254,petrol,automatic,AWD,118626,8.7,29585,179,4,5,sedan,silver,4,no,full,Italy
4499,X3,2013,2,200,diesel,automatic,AWD,199175,7,28546,148,5,5,suv,silver,3,yes,full,France
4500,X1,2006,2.3,158,diesel,automatic,FWD,300000,6.5,10947,135,5,5,suv,grey,2,no,full,Italy
4501,1 Series,2015,3,298,petrol,automatic,FWD,115743,9.6,22586,200,5,5,hatchback,blue,,no,partial,Turkey
4502,Z4,2023,2.6,313,petrol,automatic,RWD,16362,9.1,77006,213,2,2,convertible,black,0,no,full,USA
4503,i3,2010,0,214,electric,automatic,RWD,201021,0,24213,0,5,4,hatchback,silver,3,yes,full,UK
4504,X7,2019,3.1,268,petrol,automatic,AWD,55232,9.2,108088,208,5,5,suv,silver,2,no,partial,France
4505,X1,2006,1.9,140,diesel,automatic,AWD,245296,6.9,11131,151,5,5,suv,red,5,yes,partial,France
4506,X7,2008,3.7,345,hybrid,automatic,AWD,300000,7,54386,157,5,5,suv,blue,5,no,partial,UK
4507,X5,2011,3.4,311,hybrid,automatic,AWD,266870,6.5,44729,144,5,5,suv,silver,5,yes,partial,Italy
4508,1 Series,2018,1.6,127,hybrid,automatic,RWD,86372,3.8,18095,72,5,5,hatchback,silver,2,yes,partial,Netherlands
4509,X7,2020,3.6,316,petrol,automatic,AWD,62791,9.6,109679,202,5,5,suv,blue,1,no,full,Italy
4510,3 Series,2005,3,237,diesel,automatic,AWD,300000,7,9245,149,4,5,sedan,red,4,yes,partial,Netherlands
4511,5 Series,2020,2.9,265,petrol,automatic,AWD,10715,9.9,58565,213,4,5,sedan,silver,1,no,full,Spain
4512,Z4,2010,2.4,215,petrol,automatic,RWD,300000,7.5,28035,167,2,2,convertible,black,3,no,full,Netherlands
4513,5 Series,2020,2.9,268,diesel,automatic,AWD,32514,8.3,54548,180,4,5,sedan,black,1,no,full,Turkey
4514,X3,2016,2.2,219,petrol,automatic,RWD,161067,8.3,42686,189,5,5,suv,white,2,no,full,UK
4515,X5,2014,3.7,365,diesel,automatic,AWD,138262,8.4,60600,187,5,5,suv,black,3,no,partial,Turkey
4516,1 Series,2017,1.6,127,petrol,automatic,RWD,142003,7.7,14779,169,3,4,hatchback,white,3,no,partial,Netherlands
4517,X3,2023,3.1,250,hybrid,automatic,AWD,0,5.7,64573,123,5,5,suv,silver,,no,full,Spain
4518,Z4,2019,3,231,petrol,automatic,RWD,63548,9.5,51912,224,2,2,convertible,silver,1,no,none,USA
4519,5 Series,2021,2.1,204,diesel,automatic,RWD,31164,6.2,59285,132,4,5,sedan,grey,2,no,full,Germany
4520,X3,2019,3,228,petrol,automatic,RWD,84275,8.6,44477,179,5,5,suv,silver,2,yes,partial,USA
4521,X3,2018,3.3,259,petrol,automatic,RWD,141467,9.9,47157,212,5,5,suv,,3,no,partial,UK
4522,5 Series,2015,2.9,216,petrol,automatic,RWD,187525,8.4,36541,178,4,5,sedan,red,2,no,full,Spain
4523,5 Series,2019,4.4,370,diesel,automatic,RWD,71187,9.7,59007,224,4,5,sedan,red,1,no,full,UK
4524,X7,2020,3.5,225,diesel,automatic,AWD,57439,8.6,111766,194,5,5,suv,red,1,no,full,Italy
4525,X7,2016,3.1,331,diesel,automatic,AWD,90376,8.9,106176,188,5,5,suv,white,2,no,full,UK
4526,5 Series,2018,2,242,petrol,automatic,AWD,76069,,42357,171,4,5,sedan,white,1,yes,partial,Germany
4527,5 Series,2015,4.1,365,petrol,automatic,RWD,96133,9.8,47615,204,4,5,sedan,silver,3,yes,,Netherlands
4528,3 Series,2022,3.1,239,hybrid,automatic,AWD,38265,6.1,45376,141,4,5,sedan,silver,1,no,full,USA
4529,3 Series,2015,2.6,282,hybrid,automatic,AWD,134055,4.9,29263,86,4,5,sedan,blue,4,no,full,Germany
4530,X3,2023,2.2,278,petrol,automatic,AWD,2312,7.9,53228,163,5,5,suv,white,,no,partial,Turkey
4531,i4,2017,0,300,electric,automatic,RWD,100353,,57098,0,4,5,coupe,black,3,yes,full,Spain
4532,i4,2021,0,352,electric,automatic,AWD,71052,0,64820,0,4,5,coupe,grey,0,yes,full,Turkey
4533,3 Series,2015,1.9,153,petrol,manual,RWD,91619,8,30521,172,4,5,sedan,white,2,no,full,USA
4534,X5,2010,3,343,petrol,automatic,AWD,280816,9.7,50127,219,5,5,suv,silver,4,,partial,Germany
4535,X1,2016,2.5,265,diesel,automatic,AWD,112920,7.9,32409,169,5,5,suv,white,2,yes,full,Netherlands
4536,X3,2017,2.1,251,hybrid,automatic,RWD,89013,5.7,50212,127,5,5,suv,white,4,no,full,Germany
4537,7 Series,2021,0,331,electric,automatic,AWD,73120,0,118837,0,4,4,sedan,blue,1,no,full,USA
4538,5 Series,2010,3.1,222,diesel,automatic,RWD,244296,7.9,29499,172,4,5,sedan,white,3,no,partial,UK
4539,X1,2014,1.7,210,hybrid,automatic,FWD,91563,4.8,27309,109,5,5,suv,grey,3,yes,partial,USA
4540,7 Series,2021,4.9,377,hybrid,automatic,AWD,33885,8,104820,175,4,5,sedan,black,0,yes,full,USA
4541,7 Series,2022,3.5,306,diesel,automatic,RWD,17616,8.4,119029,183,4,5,sedan,white,1,no,full,UK
4542,5 Series,2023,3.3,278,petrol,automatic,RWD,25099,10.4,65740,240,4,5,sedan,black,0,no,partial,UK
4543,5 Series,2012,2.5,235,petrol,automatic,AWD,129878,9.5,32810,208,4,5,sedan,blue,4,yes,full,Italy
4544,i7,2012,0,444,electric,automatic,AWD,140050,0,92455,0,4,5,sedan,black,5,no,none,France
4545,i3,2009,0,207,electric,automatic,RWD,172579,0,28271,0,5,4,hatchback,white,4,no,full,France
4546,5 Series,2021,3.8,381,hybrid,automatic,AWD,55905,6.5,62500,137,4,5,sedan,grey,1,no,full,USA
4547,1 Series,2022,1.6,154,petrol,automatic,FWD,52579,6.4,28610,150,5,4,hatchback,grey,1,,full,Germany
4548,i4,2020,0,318,electric,automatic,RWD,62263,0,65848,0,4,5,coupe,silver,2,yes,full,Netherlands
4549,X3,2012,3,301,diesel,automatic,AWD,273237,,27698,156,5,5,suv,silver,4,no,none,France
4550,X3,2012,2.1,219,diesel,automatic,AWD,195359,6.8,31106,155,5,5,suv,black,2,yes,,Netherlands
4551,1 Series,2024,2.5,218,diesel,automatic,FWD,0,7,33439,147,3,4,hatchback,silver,1,no,full,Germany
4552,X3,2006,2.8,232,hybrid,automatic,AWD,189706,5.7,24075,118,5,5,suv,,4,yes,full,Turkey
4553,X3,2017,3.4,290,hybrid,automatic,AWD,103316,5.8,51939,127,5,5,suv,red,1,no,full,Italy
4554,i3,2019,0,193,electric,automatic,RWD,51508,0,45745,0,5,4,hatchback,grey,2,no,none,UK
4555,X1,2014,1.8,136,petrol,automatic,FWD,89954,7.7,34534,177,5,5,suv,red,1,no,full,USA
4556,5 Series,2020,3.8,330,petrol,automatic,RWD,30749,10.2,57107,230,4,5,sedan,black,1,no,full,Turkey
4557,X7,2022,3.5,280,hybrid,automatic,AWD,32435,5.8,96683,123,5,5,suv,silver,0,yes,full,Italy
4558,5 Series,2008,2.9,214,petrol,automatic,AWD,300000,8.2,20895,176,4,5,sedan,blue,,no,partial,Spain
4559,i3,2021,0,199,electric,automatic,RWD,38124,0,57126,0,5,4,hatchback,white,1,no,,USA
4560,1 Series,2013,2.8,248,petrol,manual,FWD,227894,9,13835,179,5,5,hatchback,silver,3,no,none,USA
4561,3 Series,2020,2,230,petrol,automatic,RWD,37088,8.1,36088,174,4,5,sedan,blue,2,yes,full,Netherlands
4562,X1,2017,2,145,petrol,automatic,FWD,73378,7.4,29046,157,5,5,suv,grey,1,yes,full,Spain
4563,Z4,2009,2.3,158,petrol,automatic,RWD,200398,,27082,174,2,2,convertible,white,5,no,partial,Spain
4564,X3,2016,3.4,262,hybrid,automatic,RWD,120055,6.2,49747,125,5,5,suv,red,2,no,full,Spain
4565,X3,2020,2,257,diesel,automatic,RWD,43831,5.9,52790,139,5,5,suv,white,2,no,full,Italy
4566,3 Series,2014,3.5,325,diesel,manual,RWD,146299,7.9,27085,179,4,5,sedan,grey,1,yes,partial,USA
4567,1 Series,2013,2.7,210,petrol,manual,FWD,157740,7.9,13001,171,5,4,hatchback,black,2,yes,partial,Turkey
4568,X3,2013,2.8,310,diesel,automatic,AWD,211083,7.8,34329,181,5,5,suv,white,4,yes,full,Germany
4569,X7,2010,4.1,377,petrol,automatic,AWD,300000,9.9,72788,208,5,5,suv,silver,4,no,partial,USA
4570,X3,2015,2.4,209,diesel,automatic,AWD,231586,7.3,27099,159,5,5,suv,,3,yes,partial,UK
4571,1 Series,2020,2.7,241,diesel,automatic,RWD,35807,7.9,26065,164,5,5,hatchback,white,1,,partial,Turkey
4572,3 Series,2018,3.3,256,hybrid,automatic,AWD,47518,5.6,41190,130,4,5,sedan,blue,2,no,full,Germany
4573,5 Series,2019,3.3,282,petrol,automatic,RWD,58966,9,44491,195,4,5,sedan,black,3,no,none,Spain
4574,i3,2013,0,120,electric,automatic,RWD,82969,0,28970,0,5,4,hatchback,white,4,yes,full,Spain
4575,5 Series,2020,4.2,311,diesel,automatic,AWD,40091,9.7,53269,226,4,5,sedan,blue,1,yes,full,UK
4576,X7,2023,4.2,323,petrol,automatic,AWD,18171,10.6,117403,256,5,5,suv,grey,0,no,partial,Italy
4577,5 Series,2009,3.1,307,hybrid,automatic,RWD,220884,5.7,25645,120,4,5,sedan,silver,4,yes,partial,UK
4578,X7,2020,3.8,302,petrol,automatic,AWD,64601,10.6,122560,228,5,5,suv,grey,1,no,full,UK
4579,i7,2024,0,338,electric,automatic,AWD,2199,0,171724,0,4,5,sedan,black,0,no,full,UK
4580,3 Series,2014,1.6,131,hybrid,automatic,AWD,104671,3.9,21942,81,4,5,sedan,grey,2,yes,partial,Spain
4581,3 Series,2010,2.7,314,hybrid,automatic,RWD,193123,5.9,20307,127,4,5,sedan,grey,3,yes,partial,Netherlands
4582,3 Series,2022,2.6,235,petrol,automatic,RWD,12751,7.9,40984,174,4,5,sedan,silver,1,no,partial,France
4583,5 Series,2012,2.9,206,petrol,automatic,RWD,185475,9.5,33908,200,4,5,sedan,silver,3,no,full,UK
4584,7 Series,2014,0,270,electric,automatic,RWD,150609,0,77019,0,4,4,sedan,silver,3,no,partial,UK
4585,X7,2016,3.3,309,petrol,automatic,AWD,138826,8.8,81479,187,5,5,suv,black,1,yes,full,Netherlands
4586,3 Series,2015,2.5,251,diesel,automatic,AWD,94887,7.7,27367,159,4,5,sedan,black,1,no,none,Turkey
4587,X5,2012,4.1,335,diesel,automatic,AWD,120853,9.2,58524,212,5,5,suv,white,4,no,full,France
4588,5 Series,2013,3,256,diesel,automatic,AWD,98451,7.7,34741,166,4,5,sedan,blue,3,yes,partial,Netherlands
4589,1 Series,2022,2.9,272,petrol,automatic,RWD,41316,8.7,29883,184,5,5,hatchback,silver,2,no,full,Germany
4590,i7,2024,0,535,electric,automatic,RWD,1063,0,193547,0,4,5,sedan,black,0,no,partial,Netherlands
4591,1 Series,2020,2.1,209,diesel,manual,RWD,50274,,29451,171,3,4,hatchback,grey,1,no,partial,UK
4592,3 Series,2018,2.4,265,diesel,automatic,AWD,141311,7.8,33167,179,4,5,sedan,white,1,no,partial,Germany
4593,7 Series,2020,0,317,electric,automatic,AWD,40849,0,120071,0,4,4,sedan,white,0,no,full,Germany
4594,X1,2018,1.8,162,diesel,automatic,FWD,135697,5.7,31017,,5,5,suv,white,1,yes,full,Spain
4595,X1,2012,2.4,227,hybrid,automatic,AWD,165323,5.1,26286,116,5,5,suv,blue,3,no,partial,Spain
4596,i4,2024,0,357,electric,automatic,AWD,0,0,105091,0,4,5,coupe,silver,0,no,full,USA
4597,1 Series,2007,1.9,174,hybrid,automatic,RWD,234961,4.4,3495,99,5,5,hatchback,black,2,no,partial,Netherlands
4598,5 Series,2021,2,196,diesel,automatic,AWD,39373,7.4,60190,165,4,5,sedan,red,2,no,full,Netherlands
4599,5 Series,2022,3.7,308,hybrid,automatic,AWD,28755,6.3,63258,147,4,5,sedan,grey,1,no,full,France
4600,X3,2019,2.5,244,petrol,automatic,RWD,111263,8.2,44207,195,5,5,suv,black,2,yes,full,Netherlands
4601,3 Series,2009,2.3,203,diesel,automatic,RWD,242973,6.5,12554,138,4,5,sedan,blue,2,yes,full,France
4602,X5,2011,4,301,petrol,automatic,AWD,222661,10.8,43508,238,5,5,suv,silver,5,yes,full,France
4603,7 Series,2021,4.4,416,hybrid,automatic,AWD,29261,7.2,127146,161,4,5,sedan,blue,1,no,full,USA
4604,X7,2021,3.8,329,petrol,automatic,AWD,30831,10,113635,219,5,5,suv,black,1,no,full,Spain
4605,i7,2020,0,409,electric,automatic,RWD,54761,0,153627,0,4,4,sedan,white,1,no,full,Spain
4606,3 Series,2017,3.3,302,petrol,manual,AWD,58143,11.3,31273,258,4,5,sedan,blue,3,no,partial,Italy
4607,X3,2023,2.5,236,petrol,automatic,RWD,0,7.7,70057,178,5,5,suv,,0,no,partial,Germany
4608,3 Series,2018,3.2,304,petrol,automatic,AWD,126724,9.1,31622,214,4,5,sedan,silver,,no,partial,Italy
4609,X1,2016,,136,petrol,automatic,AWD,131943,7.2,26240,154,5,5,suv,black,2,yes,full,UK
4610,i7,2005,0,534,electric,automatic,RWD,137280,0,74667,0,4,4,sedan,silver,4,yes,partial,Germany
4611,X1,2016,2,230,diesel,automatic,FWD,152945,6.8,31409,156,5,5,suv,blue,2,yes,full,Spain
4612,i7,2006,0,424,electric,automatic,AWD,238370,0,70569,0,4,4,sedan,black,3,yes,partial,Italy
4613,i3,2017,0,213,electric,automatic,RWD,117268,0,34291,0,5,4,hatchback,silver,2,no,partial,Turkey
4614,X5,2013,,302,diesel,automatic,AWD,142389,7.8,63062,189,5,5,suv,silver,2,no,full,USA
4615,Z4,2016,2.2,239,petrol,,RWD,190713,8.1,48927,178,2,2,convertible,black,2,no,full,USA
4616,X3,2022,3,265,diesel,automatic,RWD,41766,8.4,63748,190,5,5,suv,black,2,no,full,Spain
4617,X7,2023,3.5,291,diesel,automatic,AWD,24836,9.3,127414,206,5,5,suv,black,1,no,partial,Germany
4618,3 Series,2018,2,269,diesel,automatic,RWD,85954,6.9,36428,155,4,5,sedan,black,2,no,full,USA
4619,X3,2013,2.4,220,petrol,automatic,RWD,161469,8.2,40812,166,5,5,suv,silver,3,no,full,Spain
4620,X3,2020,3.2,247,diesel,automatic,RWD,78496,8.2,52241,180,5,5,suv,black,2,no,full,France
4621,3 Series,2022,2.7,226,hybrid,automatic,AWD,30510,6,35210,132,4,5,sedan,black,1,yes,full,France
4622,X3,2006,2.7,251,petrol,automatic,RWD,227110,7.6,24011,167,5,5,suv,white,3,no,partial,USA
4623,3 Series,2014,2.5,202,hybrid,automatic,RWD,177902,4.8,26367,95,4,5,sedan,black,3,no,partial,Spain
4624,X5,2015,4,321,diesel,automatic,AWD,123837,9.6,60479,193,5,5,suv,black,1,yes,full,France
4625,7 Series,2014,4.1,317,hybrid,automatic,RWD,243495,6.8,60815,148,4,5,sedan,white,4,yes,full,Spain
4626,X3,2018,3.2,293,hybrid,automatic,AWD,73437,5.9,56008,129,5,5,suv,blue,2,no,full,USA
4627,3 Series,2009,2.7,210,petrol,automatic,AWD,103442,9.3,17398,197,4,5,sedan,grey,3,yes,none,Germany
4628,5 Series,2014,2.7,249,diesel,automatic,RWD,161034,7.1,36192,156,4,5,sedan,white,2,yes,full,Spain
4629,5 Series,2011,2.9,291,hybrid,automatic,AWD,294576,5.6,35320,115,4,5,sedan,red,3,no,full,UK
4630,X3,2014,3,200,diesel,automatic,AWD,155358,7.8,30918,170,5,5,suv,white,2,yes,partial,Germany
4631,1 Series,2008,1.9,184,diesel,automatic,FWD,218663,7.6,6704,,5,4,hatchback,black,3,yes,partial,Spain
4632,5 Series,2021,4.3,325,diesel,automatic,RWD,5723,8.7,71605,192,4,5,sedan,red,1,no,full,Germany
4633,5 Series,2012,4.3,313,hybrid,automatic,RWD,148573,7,45804,,4,5,sedan,black,3,no,partial,USA
4634,5 Series,2023,4.3,341,diesel,,RWD,3061,10,74291,217,4,5,sedan,silver,0,no,full,USA
4635,5 Series,2021,2.3,195,hybrid,automatic,RWD,42246,5.5,51082,119,4,5,sedan,blue,2,no,partial,Turkey
4636,3 Series,2022,,250,diesel,automatic,RWD,32203,8.3,37999,188,4,5,sedan,silver,2,yes,full,Netherlands
4637,X3,2020,3.2,301,diesel,automatic,AWD,51649,8.4,55083,188,5,5,suv,,0,no,full,Turkey
4638,1 Series,2010,1.6,141,diesel,automatic,FWD,300000,6,5663,130,3,4,hatchback,black,3,yes,full,UK
4639,i3,2024,0,144,electric,automatic,RWD,0,0,62317,0,5,4,hatchback,grey,1,no,full,UK
4640,X1,2015,2,229,hybrid,automatic,FWD,231221,4.6,30802,88,5,5,suv,blue,3,no,partial,USA
4641,X1,2012,2,226,diesel,automatic,FWD,158484,7.2,28002,147,5,5,suv,red,5,no,full,Italy
4642,X7,2018,3.7,278,diesel,automatic,AWD,51714,9.5,99019,210,5,5,suv,white,1,no,partial,Netherlands
4643,3 Series,2012,2.2,241,petrol,,RWD,139225,8.7,26601,179,4,5,sedan,black,2,no,full,France
4644,1 Series,2024,2.6,246,petrol,automatic,FWD,0,9.5,30913,207,3,5,hatchback,white,0,no,full,Turkey
4645,5 Series,2009,3.1,272,hybrid,automatic,RWD,266918,,16423,114,4,5,sedan,white,5,yes,none,UK
4646,3 Series,2019,1.6,195,petrol,automatic,AWD,118681,8.4,30706,192,4,5,sedan,blue,2,no,partial,Italy
4647,5 Series,2005,4.1,302,hybrid,automatic,RWD,300000,6.7,16265,163,4,5,sedan,silver,5,yes,partial,Germany
4648,X5,2018,3.1,246,hybrid,automatic,AWD,91327,5.3,69497,110,5,5,suv,silver,2,no,full,USA
4649,X1,2021,2.4,213,diesel,automatic,AWD,52191,6.7,42413,140,5,5,suv,black,2,no,full,France
4650,X1,2015,2.1,186,diesel,automatic,AWD,160678,6.7,31301,139,5,5,suv,red,2,no,partial,Germany
4651,1 Series,2014,2.5,170,diesel,automatic,FWD,173084,6.7,14173,153,5,4,hatchback,black,2,no,full,Netherlands
4652,X7,2012,3.7,273,petrol,automatic,AWD,238348,9.2,79802,197,5,5,suv,black,2,no,full,Spain
4653,1 Series,2024,2.6,265,hybrid,automatic,RWD,20296,5.2,28429,111,5,4,hatchback,black,1,yes,partial,Spain
4654,X3,2024,2.1,183,diesel,automatic,AWD,26684,6.6,58304,,5,5,suv,blue,0,no,full,France
4655,i3,2018,0,160,electric,automatic,RWD,147249,0,39325,,5,4,hatchback,black,1,no,,Italy
4656,3 Series,2021,3,294,petrol,automatic,AWD,29171,9.1,43910,188,4,5,sedan,blue,1,no,full,Italy
4657,3 Series,2017,3.5,370,hybrid,automatic,RWD,81744,6.4,36771,139,4,5,sedan,white,2,yes,full,France
4658,X3,2006,2.8,212,petrol,automatic,RWD,300000,8.9,19602,212,5,5,suv,red,4,no,partial,France
4659,7 Series,2018,0,408,electric,automatic,AWD,60178,0,105475,0,4,4,sedan,red,1,no,full,UK
4660,X3,2017,3.3,338,hybrid,automatic,RWD,104355,5.6,48055,132,5,5,suv,grey,1,no,partial,Netherlands
4661,X7,2018,3.7,315,diesel,automatic,AWD,127921,8.5,87787,201,5,5,suv,silver,2,no,none,USA
4662,5 Series,2014,2.2,190,petrol,,RWD,195522,7,31288,157,4,5,sedan,red,3,yes,full,USA
4663,1 Series,2022,1.8,150,petrol,automatic,RWD,30385,6.9,24707,166,3,5,hatchback,red,0,no,partial,USA
4664,X7,2022,,299,hybrid,automatic,AWD,26635,5.7,97611,143,5,5,suv,grey,1,yes,full,Turkey
4665,3 Series,2020,2.7,246,diesel,automatic,AWD,75675,7.7,34840,166,4,5,sedan,silver,1,no,full,Italy
4666,7 Series,2023,3.1,346,petrol,automatic,AWD,27825,8.9,118897,190,4,4,sedan,black,0,no,,USA
4667,X5,2021,3.1,228,petrol,automatic,AWD,43607,9.1,86741,,5,5,suv,black,1,no,full,USA
4668,X1,2015,2.2,155,hybrid,automatic,FWD,216284,5.6,20913,126,5,5,suv,,3,no,partial,Turkey
4669,5 Series,2009,3.3,318,petrol,automatic,RWD,160570,10.2,27649,241,4,5,sedan,white,2,no,none,Turkey
4670,3 Series,2010,2.7,243,hybrid,manual,AWD,296052,5.1,12671,,4,5,sedan,red,4,yes,partial,USA
4671,X1,2010,1.7,131,hybrid,automatic,AWD,118235,4.7,19738,100,5,5,suv,silver,5,yes,full,Italy
4672,X1,2018,2.2,197,petrol,automatic,FWD,85284,8.2,30788,191,5,5,suv,grey,3,yes,partial,Italy
4673,X5,2010,3,308,petrol,automatic,AWD,189596,9.8,54260,208,5,5,suv,white,3,,partial,UK
4674,1 Series,2020,2.3,166,petrol,manual,FWD,52852,8.5,20331,182,5,4,hatchback,black,0,yes,partial,USA
4675,3 Series,2024,2.7,297,petrol,manual,AWD,1995,8.9,55903,201,4,5,sedan,silver,0,no,full,Germany
4676,X1,2013,2,223,diesel,automatic,AWD,161967,6.6,25726,135,5,5,suv,white,5,yes,full,Netherlands
4677,X7,2019,3.8,358,petrol,automatic,AWD,63592,9.8,90482,202,5,5,suv,silver,3,no,none,Turkey
4678,Z4,2018,2.7,277,petrol,automatic,RWD,124835,8.9,52636,194,2,2,convertible,black,2,no,partial,Netherlands
4679,X5,2018,3.8,342,petrol,automatic,AWD,47528,10.3,67985,257,5,5,suv,black,1,yes,full,Italy
4680,3 Series,2008,1.9,154,petrol,manual,AWD,49086,8.1,22666,177,4,5,sedan,silver,2,yes,full,Germany
4681,X1,2024,1.8,160,petrol,automatic,AWD,14249,7.9,47126,166,5,5,suv,white,0,no,full,Turkey
4682,3 Series,2020,2.8,231,diesel,automatic,AWD,48881,8.1,37932,173,4,5,sedan,white,,no,full,Italy
4683,5 Series,2011,2.2,238,diesel,automatic,RWD,227946,6.7,25308,155,4,5,sedan,red,4,yes,partial,Turkey
4684,X1,2006,2,156,hybrid,automatic,AWD,169962,4.6,15265,109,5,5,suv,silver,5,no,partial,Turkey
4685,5 Series,2017,2.5,189,hybrid,automatic,RWD,147688,5.5,37490,,4,5,sedan,black,1,yes,partial,France
4686,X5,2006,4.2,324,diesel,automatic,AWD,300000,8.7,31474,192,5,5,suv,black,3,yes,,UK
4687,X1,2007,2.2,233,petrol,automatic,AWD,267835,7,13010,152,5,5,suv,blue,2,yes,none,France
4688,5 Series,2021,4,334,diesel,automatic,AWD,42068,9,66612,187,4,5,sedan,white,1,no,full,Spain
4689,3 Series,2008,2.8,254,hybrid,automatic,RWD,300000,5.9,12140,121,4,5,sedan,red,3,yes,partial,Spain
4690,i4,2011,0,201,electric,automatic,AWD,137073,0,38249,0,4,5,coupe,,,no,partial,Turkey
4691,X5,2018,3.8,350,hybrid,automatic,AWD,40529,6.1,67687,130,5,5,suv,white,2,no,partial,Turkey
4692,1 Series,2016,2.6,218,hybrid,manual,FWD,80790,5.2,20330,102,3,5,hatchback,black,2,yes,partial,UK
4693,X1,2020,,218,diesel,automatic,FWD,60490,5.7,36619,,5,5,suv,white,0,yes,partial,Netherlands
4694,1 Series,2014,2,153,diesel,automatic,FWD,200151,6.3,11063,141,5,4,hatchback,blue,1,yes,full,Germany
4695,3 Series,2016,2.3,177,diesel,automatic,RWD,125817,6.9,22474,159,4,5,sedan,grey,3,no,partial,France
4696,i4,2005,0,229,electric,automatic,AWD,117682,0,32860,0,4,5,coupe,black,4,no,partial,Germany
4697,Z4,2018,2.9,281,petrol,automatic,RWD,98238,9.4,54589,207,2,2,convertible,white,2,no,partial,Netherlands
4698,X7,2017,3.3,339,diesel,automatic,AWD,129490,8.3,92963,182,5,5,suv,white,2,no,full,France
4699,i4,2024,0,302,electric,automatic,AWD,0,0,95277,0,4,5,coupe,blue,0,no,full,Spain
4700,X5,2011,4.2,324,hybrid,automatic,AWD,170589,7.3,53183,168,5,5,suv,white,5,no,partial,Italy
4701,3 Series,2022,3.2,350,diesel,automatic,AWD,63076,8.4,47642,186,4,5,sedan,silver,1,no,partial,USA
4702,X7,2014,4,308,hybrid,automatic,AWD,102622,6.9,79026,152,5,5,suv,black,2,yes,full,USA
4703,X3,2019,2,172,diesel,automatic,RWD,52482,7.3,48496,169,5,5,suv,blue,1,no,partial,Netherlands
4704,5 Series,2016,4.3,300,petrol,automatic,RWD,185761,11.2,44230,254,4,5,sedan,grey,3,no,full,UK
4705,3 Series,2014,2.8,309,hybrid,automatic,RWD,46548,5.2,37828,122,4,5,sedan,grey,3,no,full,Italy
4706,3 Series,2013,2,167,petrol,manual,AWD,256311,7.7,14113,157,4,5,sedan,white,3,yes,none,Italy
4707,i7,2009,0,525,electric,automatic,RWD,210479,0,93733,0,4,5,sedan,white,3,no,partial,UK
4708,1 Series,2024,2.4,257,hybrid,automatic,FWD,0,4.9,33773,114,3,5,hatchback,red,0,no,full,Netherlands
4709,3 Series,2015,2.1,177,petrol,automatic,RWD,111661,9,20231,206,4,5,sedan,silver,3,yes,none,UK
4710,X3,2019,3.3,276,hybrid,automatic,AWD,104029,5.6,47303,145,5,5,suv,black,2,no,none,UK
4711,X3,2024,2.7,281,hybrid,automatic,RWD,0,4.9,60195,93,5,5,suv,silver,0,no,partial,Spain
4712,3 Series,2019,2.2,192,diesel,automatic,RWD,77451,7,35641,168,4,5,sedan,white,4,no,full,Germany
4713,X3,2024,3.2,251,petrol,automatic,AWD,10082,10.4,63680,225,5,5,suv,black,,no,full,UK
4714,1 Series,2013,2.1,245,diesel,manual,FWD,110063,7.4,12432,164,5,5,hatchback,white,4,yes,none,Turkey
4715,5 Series,2015,2.1,224,diesel,automatic,RWD,130275,7,42152,157,4,5,sedan,white,2,no,full,Spain
4716,X5,2016,4.1,354,diesel,automatic,AWD,106939,8.9,59487,204,5,5,suv,red,3,yes,partial,USA
4717,3 Series,2006,1.6,145,hybrid,manual,RWD,266409,4,9841,84,4,5,sedan,white,2,no,none,USA
4718,X5,2021,3.3,317,diesel,automatic,AWD,36535,8.1,69073,173,5,5,suv,black,,yes,full,Turkey
4719,1 Series,2007,2.7,213,hybrid,manual,RWD,298289,5.9,2640,131,5,4,hatchback,silver,3,yes,partial,UK
4720,Z4,2015,2.5,292,petrol,automatic,RWD,244121,8,39307,183,2,2,convertible,white,2,yes,full,UK
4721,5 Series,2017,2.9,288,diesel,automatic,RWD,105057,7.8,48545,180,4,5,sedan,grey,4,,full,USA
4722,7 Series,2011,3.8,291,hybrid,automatic,AWD,190674,7,69498,148,4,5,sedan,black,5,no,full,USA
4723,X5,2012,3.1,236,diesel,automatic,AWD,250307,8.2,52278,185,5,5,suv,white,4,no,full,USA
4724,7 Series,2017,4.2,318,diesel,automatic,AWD,106521,9.6,88710,,4,5,sedan,black,2,no,full,UK
4725,X1,2012,2.1,240,petrol,automatic,AWD,123095,8.1,24901,184,5,5,suv,black,4,,partial,Italy
4726,X5,2019,3.2,259,diesel,automatic,AWD,42990,9.4,65599,211,5,5,suv,grey,1,no,none,USA
4727,5 Series,2008,3.4,238,diesel,automatic,AWD,191459,8.7,27430,191,4,5,sedan,white,3,no,partial,USA
4728,3 Series,2018,1.8,163,hybrid,manual,RWD,45739,4.9,38300,111,4,5,sedan,silver,1,no,full,Germany
4729,3 Series,2006,2.5,279,hybrid,automatic,RWD,300000,5.4,11906,114,4,5,sedan,blue,3,no,partial,USA
4730,3 Series,2024,2.3,266,hybrid,automatic,RWD,3139,5.2,43451,112,4,5,sedan,black,0,no,partial,UK
4731,X5,2017,4.4,365,diesel,automatic,AWD,115434,9.6,66716,216,5,5,suv,,2,no,full,Spain
4732,3 Series,2020,2.8,181,diesel,manual,RWD,62220,7.9,37995,164,4,5,sedan,black,2,no,full,Italy
4733,5 Series,2021,2.8,287,diesel,automatic,RWD,23374,7.5,61740,161,4,5,sedan,red,0,no,full,UK
4734,i4,2014,0,431,electric,automatic,RWD,143508,0,64098,0,4,5,coupe,red,2,no,full,Netherlands
4735,5 Series,2014,3.2,306,petrol,automatic,AWD,37051,10.3,48395,220,4,5,sedan,silver,2,no,partial,Italy
4736,3 Series,2017,2,221,petrol,automatic,RWD,144612,8.2,30121,155,4,5,sedan,white,2,no,partial,UK
4737,X1,2015,1.7,237,hybrid,automatic,AWD,96742,4.8,37563,110,5,5,suv,silver,2,no,full,Turkey
4738,X3,2015,3.4,316,hybrid,automatic,RWD,175395,5.6,40303,134,5,5,suv,blue,3,no,partial,Italy
4739,3 Series,2013,1.9,185,diesel,manual,AWD,185945,5.6,21452,122,4,5,sedan,white,4,no,,Spain
4740,7 Series,2024,4.4,399,petrol,automatic,RWD,0,11.4,107368,251,4,4,sedan,black,1,yes,full,Germany
4741,i4,2016,0,300,electric,automatic,AWD,187593,0,57216,0,4,5,coupe,black,2,,full,France
4742,5 Series,2013,2.2,242,diesel,automatic,AWD,130209,7.2,41741,151,4,5,sedan,red,4,no,partial,France
4743,i3,2024,0,155,electric,automatic,RWD,0,0,62325,0,5,4,hatchback,white,0,no,full,UK
4744,i4,2014,0,376,electric,automatic,RWD,241585,0,45913,,4,5,coupe,white,3,no,full,Spain
4745,7 Series,2009,4,384,hybrid,automatic,RWD,213379,6.9,59377,165,4,5,sedan,grey,4,yes,full,France
4746,7 Series,2006,3.5,320,petrol,automatic,RWD,300000,9.4,48451,200,4,5,sedan,blue,4,no,partial,Turkey
4747,X7,2008,3.7,284,diesel,automatic,AWD,255715,8.1,55706,185,5,5,suv,grey,2,no,partial,USA
4748,X1,2017,2.3,262,hybrid,automatic,FWD,143920,5,37807,96,5,5,suv,blue,2,no,full,UK
4749,i4,2010,,270,electric,automatic,RWD,262899,0,38612,0,4,5,coupe,black,2,no,partial,Spain
4750,X1,2012,1.7,194,diesel,automatic,AWD,137929,6.9,24525,144,5,5,suv,silver,3,no,partial,Spain
4751,Z4,2007,2.7,310,petrol,manual,RWD,300000,9.4,26550,208,2,2,convertible,grey,5,yes,full,Germany
4752,X5,2019,3.7,374,petrol,automatic,AWD,78339,10.2,77582,231,5,5,suv,white,2,no,full,Italy
4753,X7,2023,3.4,311,hybrid,automatic,AWD,0,6.3,134259,126,5,5,suv,grey,0,no,full,USA
4754,X5,2021,3.5,265,diesel,automatic,AWD,51871,8.2,81737,196,5,5,suv,white,2,no,full,Italy
4755,1 Series,2013,,217,hybrid,automatic,RWD,191687,4.9,14063,112,5,5,hatchback,white,4,no,full,Italy
4756,X1,2021,1.6,203,hybrid,automatic,FWD,78010,4.3,39718,84,5,5,suv,white,1,no,full,France
4757,X1,2011,1.8,136,petrol,automatic,FWD,130901,8.1,23487,175,5,5,suv,black,5,no,full,Italy
4758,3 Series,2021,3.3,268,hybrid,automatic,RWD,50347,,37090,137,4,5,sedan,grey,1,no,none,Spain
4759,i4,2017,0,436,electric,automatic,RWD,110097,0,52679,0,4,5,coupe,black,3,yes,full,Netherlands
4760,3 Series,2012,2.8,288,hybrid,manual,AWD,144278,5.7,30578,109,4,5,sedan,grey,4,no,full,UK
4761,3 Series,2015,1.9,180,diesel,manual,AWD,159840,6.3,26258,140,4,5,sedan,blue,2,no,full,UK
4762,X5,2008,3.3,321,diesel,automatic,AWD,262929,7.6,40953,161,5,5,suv,black,5,yes,full,USA
4763,5 Series,2012,4.1,376,hybrid,automatic,RWD,252559,7,40006,155,4,5,sedan,blue,3,no,partial,UK
4764,5 Series,2015,4.2,333,petrol,automatic,RWD,61375,11.4,50095,253,4,5,sedan,silver,1,yes,full,USA
4765,i3,2023,0,208,electric,automatic,RWD,0,0,67086,0,5,4,hatchback,white,0,no,full,France
4766,X7,2019,3.4,273,petrol,automatic,AWD,81676,9.8,108537,217,5,5,suv,,3,no,full,UK
4767,X5,2020,3.9,341,diesel,automatic,AWD,80281,9.3,80592,194,5,5,suv,white,1,no,full,Netherlands
4768,3 Series,2024,2,213,hybrid,automatic,RWD,0,4.6,47132,98,4,5,sedan,black,0,no,full,Spain
4769,i4,2024,0,336,electric,automatic,AWD,9575,0,92555,0,4,5,coupe,grey,0,no,full,Italy
4770,1 Series,2024,1.7,144,diesel,automatic,RWD,10837,5.4,26479,126,5,4,hatchback,black,0,no,partial,Netherlands
4771,3 Series,2013,2.7,199,diesel,manual,RWD,112318,7.5,27563,156,4,5,sedan,silver,3,no,full,UK
4772,5 Series,2017,2.6,211,hybrid,automatic,AWD,51477,4.9,53368,101,4,5,sedan,black,3,no,full,Italy
4773,X3,2020,2.8,213,petrol,automatic,RWD,40944,8.7,51861,176,5,5,suv,black,1,no,partial,France
4774,X3,2005,3.3,275,petrol,automatic,AWD,242271,,20610,219,5,5,suv,red,4,yes,partial,Turkey
4775,i7,2010,0,563,electric,automatic,AWD,185449,,95662,0,4,4,sedan,black,2,yes,partial,Netherlands
4776,X5,2017,3.2,328,petrol,automatic,AWD,104221,10.2,57774,220,5,5,suv,white,2,yes,none,France
4777,X3,2008,2.4,199,hybrid,automatic,RWD,296051,5.2,20572,121,5,5,suv,black,5,yes,full,Italy
4778,7 Series,2022,4,289,diesel,automatic,AWD,27168,8.6,102189,170,4,4,sedan,red,1,no,full,UK
4779,X3,2018,3.4,308,diesel,automatic,AWD,115059,8.7,55142,181,5,5,suv,white,3,no,full,UK
4780,3 Series,2011,3,236,diesel,automatic,RWD,196121,7.2,21240,136,4,5,sedan,grey,3,no,full,Spain
4781,1 Series,2020,1.7,131,hybrid,automatic,FWD,60904,4.4,21901,94,3,5,hatchback,blue,0,no,partial,Spain
4782,X1,2022,1.7,151,diesel,automatic,FWD,40605,6.3,42817,127,5,5,suv,black,2,no,full,UK
4783,X5,2020,4,342,hybrid,automatic,AWD,72845,6.9,71616,154,5,5,suv,blue,2,yes,full,France
4784,Z4,2008,3,337,petrol,manual,RWD,146143,10.3,39169,234,2,2,convertible,grey,5,no,partial,UK
4785,X7,2024,4.1,408,hybrid,automatic,AWD,0,7.4,116158,163,5,5,suv,silver,1,yes,full,USA
4786,X5,2007,3.9,311,diesel,automatic,AWD,300000,9,46939,209,5,5,suv,grey,2,no,,France
4787,X3,2021,2.1,149,petrol,automatic,AWD,20744,7.4,58160,,5,5,suv,black,1,no,full,UK
4788,X3,2024,2.1,184,petrol,automatic,AWD,4279,7.9,63251,181,5,5,suv,black,1,no,full,UK
4789,5 Series,2020,3.5,355,hybrid,automatic,RWD,79855,6,67753,120,4,5,sedan,silver,0,no,full,UK
4790,1 Series,2013,2.2,263,petrol,automatic,RWD,22409,8.2,24769,177,3,5,hatchback,silver,,no,full,USA
4791,3 Series,2018,,298,diesel,automatic,RWD,103642,8.3,37228,183,4,5,sedan,black,1,no,none,Netherlands
4792,i3,2023,0,179,electric,automatic,RWD,19550,0,59478,0,5,4,hatchback,black,,no,full,France
4793,1 Series,2021,2.1,197,hybrid,automatic,RWD,41211,,26413,101,5,5,hatchback,white,2,no,full,Italy
4794,i4,2019,0,350,electric,automatic,RWD,88846,0,74583,0,4,5,coupe,blue,1,no,full,Germany
4795,X1,2010,1.8,162,hybrid,automatic,FWD,82390,4.6,24606,109,5,5,suv,white,2,no,none,USA
4796,3 Series,2012,2.2,193,hybrid,automatic,RWD,172778,4.7,18832,,4,5,sedan,black,5,no,full,UK
4797,5 Series,2014,3.7,403,petrol,automatic,RWD,138080,10.7,51907,235,4,5,sedan,black,4,no,full,Turkey
4798,3 Series,2009,2.1,248,petrol,automatic,RWD,300000,7.4,15143,172,4,5,sedan,silver,3,no,full,Spain
4799,X1,2018,1.8,191,diesel,automatic,FWD,70713,5.9,35783,129,5,5,suv,black,3,no,full,USA
4800,X5,2014,4.1,319,diesel,automatic,AWD,157452,9,53655,201,5,5,suv,black,2,yes,partial,France
4801,X5,2014,3.5,298,diesel,automatic,AWD,114900,8.5,56681,197,5,5,suv,black,1,yes,full,Netherlands
4802,X3,2012,2.4,260,petrol,automatic,AWD,221148,8.2,30647,176,5,5,suv,silver,4,no,partial,Spain
4803,X5,2011,4,313,hybrid,automatic,AWD,147765,6.6,57782,143,5,5,suv,silver,4,no,full,UK
4804,1 Series,2016,1.5,122,diesel,manual,RWD,126338,5.5,14696,115,3,4,hatchback,black,1,yes,full,Spain
4805,5 Series,2021,3.1,242,petrol,automatic,RWD,51797,9.4,52562,214,4,5,sedan,white,1,no,partial,UK
4806,1 Series,2022,2.5,206,hybrid,automatic,RWD,33237,5,28313,109,5,4,hatchback,silver,1,no,full,Turkey
4807,i4,2022,0,499,electric,automatic,AWD,18249,0,104335,0,4,5,coupe,grey,1,no,full,Netherlands
4808,1 Series,2007,2.8,229,diesel,manual,FWD,194079,7.9,7992,166,3,5,hatchback,grey,5,no,partial,Netherlands
4809,Z4,2017,2.1,149,petrol,automatic,RWD,81533,9,51907,186,2,2,convertible,black,,no,full,UK
4810,X1,2018,2,264,petrol,automatic,FWD,105509,7.7,39053,,5,5,suv,grey,2,no,partial,Netherlands
4811,X1,2019,2.3,196,petrol,automatic,AWD,54996,9.1,36659,196,5,5,suv,,2,yes,full,Spain
4812,Z4,2022,3,247,petrol,automatic,RWD,15369,8.1,65327,181,2,2,convertible,white,1,no,full,USA
4813,X1,2005,2.2,246,petrol,automatic,FWD,175457,8.2,17761,176,5,5,suv,white,,no,partial,Turkey
4814,X3,2016,3.3,247,hybrid,automatic,AWD,139931,6.1,46413,122,5,5,suv,blue,1,yes,full,Germany
4815,5 Series,2021,4.4,461,petrol,automatic,RWD,83924,11.5,64200,250,4,5,sedan,grey,0,no,,France
4816,5 Series,2017,3.8,346,hybrid,automatic,AWD,109874,6.5,41550,153,4,5,sedan,white,,no,none,France
4817,X1,2012,1.6,165,petrol,automatic,AWD,267340,7,18469,150,5,5,suv,silver,5,no,full,France
4818,3 Series,2024,1.7,173,petrol,automatic,RWD,0,8.1,42028,179,4,5,sedan,silver,0,no,partial,Germany
4819,5 Series,2011,3.6,298,hybrid,automatic,AWD,83869,6,36257,126,4,5,sedan,blue,3,yes,partial,Italy
4820,i3,2018,0,220,electric,automatic,RWD,63058,0,43467,0,5,4,hatchback,white,1,no,partial,UK
4821,3 Series,2014,1.9,189,diesel,automatic,RWD,237597,7.2,23503,150,4,5,sedan,silver,2,no,full,Netherlands
4822,5 Series,2017,2.6,224,petrol,automatic,RWD,119718,8.6,49736,194,4,5,sedan,black,3,no,full,France
4823,3 Series,2007,2.6,228,hybrid,automatic,RWD,300000,,11846,91,4,5,sedan,black,3,no,full,USA
4824,X3,2024,2.7,276,hybrid,automatic,RWD,922,5.5,71270,130,5,5,suv,blue,0,no,full,Turkey
4825,X5,2023,4.3,398,hybrid,automatic,AWD,36125,7.1,99885,161,5,5,suv,white,1,no,,Germany
4826,i3,2018,0,165,electric,automatic,RWD,104973,0,38272,0,5,4,hatchback,grey,3,yes,full,Netherlands
4827,3 Series,2016,1.6,167,diesel,automatic,AWD,98193,5.6,23742,,4,5,sedan,white,4,yes,partial,UK
4828,X1,2010,2,185,diesel,automatic,FWD,108047,6.2,25105,132,5,5,suv,black,3,no,partial,Germany
4829,5 Series,2016,2.1,242,hybrid,automatic,RWD,125428,4.8,39251,113,4,5,sedan,grey,4,no,full,Turkey
4830,5 Series,2022,2,200,hybrid,automatic,RWD,32376,4.9,60441,106,4,5,sedan,silver,1,no,partial,USA
4831,X1,2021,1.6,181,hybrid,automatic,FWD,59451,4.4,42561,109,5,5,suv,blue,1,no,full,USA
4832,X5,2019,3.1,246,hybrid,automatic,AWD,72086,5.8,73899,144,5,5,suv,white,1,no,full,USA
4833,5 Series,2023,2.5,167,hybrid,automatic,RWD,29194,5,58748,106,4,5,sedan,black,0,no,full,USA
4834,X3,2023,2.6,198,petrol,automatic,RWD,11621,7.9,65663,199,5,5,suv,white,0,no,partial,UK
4835,7 Series,2022,0,419,electric,automatic,AWD,45126,0,124844,0,4,4,sedan,black,1,no,partial,Germany
4836,X5,2012,4.1,392,hybrid,,AWD,223529,7.4,62045,155,5,5,suv,red,2,no,full,Italy
4837,1 Series,2022,2,190,petrol,automatic,RWD,0,8,28109,,3,4,hatchback,silver,1,no,full,Spain
4838,5 Series,2021,3.2,328,diesel,automatic,AWD,70815,8.6,57208,183,4,5,sedan,black,1,no,full,USA
4839,X1,2019,2.4,185,petrol,automatic,FWD,65391,9.1,36759,211,5,5,suv,silver,2,no,none,USA
4840,X5,2023,3.5,301,diesel,automatic,AWD,27578,9.1,88289,193,5,5,suv,blue,0,no,partial,Netherlands
4841,i7,2010,0,500,electric,automatic,AWD,248866,0,108708,0,4,5,sedan,white,3,no,full,USA
4842,Z4,2024,2.6,186,petrol,automatic,RWD,0,8.8,67345,188,2,2,convertible,white,0,no,full,Spain
4843,5 Series,2007,3.4,266,diesel,automatic,RWD,300000,8.2,22749,181,4,5,sedan,white,2,no,full,Netherlands
4844,Z4,2015,2.2,262,petrol,automatic,RWD,120039,8.2,49725,173,2,2,convertible,silver,1,no,partial,UK
4845,1 Series,2017,2.4,186,hybrid,manual,RWD,111554,5.2,19015,120,5,4,hatchback,black,3,no,full,Germany
4846,X5,2012,3.4,297,hybrid,automatic,AWD,225039,5.4,45984,99,5,5,suv,silver,3,yes,full,France
4847,3 Series,2011,1.7,227,petrol,manual,RWD,73314,7.3,22678,147,4,5,sedan,white,5,no,partial,Turkey
4848,i7,2022,0,493,electric,automatic,AWD,31421,0,195990,0,4,5,sedan,blue,0,no,full,Germany
4849,5 Series,2011,4.2,369,hybrid,automatic,AWD,208195,7.2,31235,150,4,5,sedan,silver,5,yes,full,France
4850,7 Series,2022,4.5,392,hybrid,automatic,RWD,5955,7.2,106008,156,4,4,sedan,black,0,no,full,Spain
4851,3 Series,2018,2.7,235,diesel,automatic,AWD,77254,7.2,31058,163,4,5,sedan,red,2,no,partial,Netherlands
4852,i4,2021,0,405,electric,automatic,RWD,69187,0,84030,0,4,5,coupe,white,2,no,full,Germany
4853,X5,2013,3.8,303,diesel,automatic,AWD,225607,9.5,46009,207,5,5,suv,blue,3,yes,partial,France
4854,X1,2011,1.8,156,diesel,automatic,AWD,120729,6.2,21838,144,5,5,suv,silver,3,yes,full,Spain
4855,5 Series,2024,3,299,petrol,automatic,RWD,0,9.5,71785,212,4,5,sedan,blue,0,no,full,USA
4856,X5,2021,,372,hybrid,automatic,AWD,34235,6.6,90644,,5,5,suv,white,1,no,full,Germany
4857,Z4,2009,2.3,254,petrol,manual,RWD,170296,8.5,34300,181,2,2,convertible,white,,yes,full,USA
4858,3 Series,2021,2.6,238,petrol,automatic,RWD,66657,8.4,39408,178,4,5,sedan,white,0,no,full,Turkey
4859,1 Series,2019,2.9,272,diesel,automatic,FWD,102230,7.4,28365,160,3,5,hatchback,,2,no,full,France
4860,5 Series,2022,4.3,344,petrol,automatic,AWD,7768,11.9,67198,262,4,5,sedan,white,2,no,full,Spain
4861,X1,2023,1.5,182,petrol,automatic,FWD,4123,7.5,42741,144,5,5,suv,silver,1,no,partial,USA
4862,X7,2023,4.3,374,petrol,automatic,AWD,2398,10.8,135325,253,5,5,suv,grey,0,no,full,Germany
4863,1 Series,2010,2.9,231,hybrid,automatic,FWD,284354,5.8,4095,113,5,5,hatchback,white,3,yes,partial,Italy
4864,3 Series,2009,2.1,223,hybrid,manual,AWD,233936,5.2,16574,134,4,5,sedan,black,4,,partial,USA
4865,3 Series,2022,2.6,220,hybrid,automatic,AWD,33918,5.6,41445,116,4,5,sedan,grey,1,no,full,UK
4866,5 Series,2022,3.2,245,petrol,automatic,AWD,25370,,59840,187,4,5,sedan,grey,1,no,full,France
4867,Z4,2006,2.6,234,petrol,automatic,RWD,291710,8,19688,174,2,2,convertible,,4,no,full,France
4868,7 Series,2011,4.8,364,petrol,automatic,RWD,300000,11.5,60130,260,4,5,sedan,red,3,no,partial,USA
4869,3 Series,2007,2,197,petrol,automatic,AWD,300000,8.9,12287,198,4,5,sedan,black,5,yes,partial,Netherlands
4870,X5,2024,,367,petrol,automatic,AWD,0,,84961,242,5,5,suv,blue,,no,partial,Spain
4871,X7,2018,4,350,hybrid,automatic,AWD,45211,6.5,110276,127,5,5,suv,blue,1,no,full,Turkey
4872,5 Series,2018,2.3,210,petrol,automatic,AWD,92355,8.2,48714,186,4,5,sedan,white,2,no,partial,Netherlands
4873,X1,2007,1.9,186,diesel,automatic,AWD,201686,6.6,24365,154,5,5,suv,black,2,no,full,USA
4874,X7,2023,3.8,339,hybrid,automatic,AWD,240,6.8,132119,148,5,5,suv,silver,0,no,full,Spain
4875,i4,2024,,334,electric,automatic,AWD,0,0,81209,0,4,5,coupe,black,0,yes,full,Germany
4876,X3,2013,2.7,245,hybrid,automatic,AWD,178864,6.1,40008,130,5,5,suv,white,3,no,full,UK
4877,X3,2023,2.3,184,hybrid,automatic,RWD,15539,4.9,67801,106,5,5,suv,white,0,no,full,USA
4878,3 Series,2020,2,170,diesel,automatic,RWD,50004,6.7,36581,148,4,5,sedan,blue,1,no,full,UK
4879,X3,2019,2.3,252,diesel,automatic,AWD,57468,7.6,44212,167,5,5,suv,black,1,yes,none,Netherlands
4880,X1,2024,1.5,168,petrol,automatic,FWD,9692,7.5,42018,157,5,5,suv,silver,0,yes,partial,Germany
4881,i3,2012,0,191,electric,automatic,RWD,180284,0,27152,0,5,4,hatchback,blue,3,yes,partial,Netherlands
4882,i3,2024,0,183,electric,automatic,RWD,2517,0,62025,0,5,4,hatchback,red,1,no,full,Germany
4883,X7,2016,3.4,218,diesel,automatic,AWD,107981,8.5,71429,172,5,5,suv,silver,3,no,none,Turkey
4884,1 Series,2009,1.9,141,diesel,automatic,RWD,240503,6.1,4317,144,5,5,hatchback,white,3,no,partial,Italy
4885,Z4,2009,2.9,278,petrol,manual,RWD,267038,9.8,34693,222,2,2,convertible,silver,2,no,partial,France
4886,X3,2022,,233,petrol,automatic,AWD,26800,7.4,55333,165,5,5,suv,white,1,yes,full,Italy
4887,X3,2009,3.1,249,petrol,automatic,AWD,199908,9.2,34784,204,5,5,suv,black,2,no,partial,UK
4888,5 Series,2022,3.7,254,hybrid,automatic,RWD,33618,6.1,64149,144,4,5,sedan,black,0,no,full,France
4889,i4,2009,0,288,electric,,RWD,256370,0,39346,0,4,5,coupe,silver,3,no,full,Turkey
4890,X3,2008,2.9,268,hybrid,automatic,AWD,268679,5.8,19929,122,5,5,suv,silver,5,yes,none,Spain
4891,3 Series,2024,2.3,228,diesel,automatic,AWD,0,6.9,43583,152,4,5,sedan,grey,0,no,partial,Italy
4892,3 Series,2011,3.5,346,petrol,manual,AWD,208195,10.5,23079,229,4,5,sedan,red,4,no,partial,Turkey
4893,5 Series,2016,4.2,389,petrol,automatic,RWD,75356,10.6,42156,222,4,5,sedan,grey,4,yes,full,USA
4894,3 Series,2020,1.7,176,diesel,automatic,AWD,58725,7,33406,155,4,5,sedan,blue,0,yes,full,Spain
4895,5 Series,2018,2.3,190,hybrid,automatic,AWD,34209,3.9,47884,87,4,5,sedan,red,4,,partial,Turkey
4896,7 Series,2022,4.8,430,hybrid,,RWD,19390,7.3,112992,164,4,5,sedan,black,1,,full,Netherlands
4897,5 Series,2023,4.3,330,diesel,automatic,AWD,27797,9.2,70929,200,4,5,sedan,black,0,no,full,Germany
4898,1 Series,2012,2.6,319,hybrid,manual,FWD,184491,5,16415,105,5,5,hatchback,silver,3,yes,partial,Spain
4899,i7,2008,0,499,electric,automatic,AWD,230191,0,107934,0,4,4,sedan,red,2,no,full,Germany
4900,3 Series,2024,3.2,280,petrol,automatic,AWD,0,9.8,52284,223,4,5,sedan,black,0,no,full,Italy
4901,X1,2011,1.8,190,hybrid,automatic,FWD,84025,4.8,30539,104,5,5,suv,red,2,no,full,Spain
4902,3 Series,2009,2.9,226,hybrid,automatic,RWD,268512,5.5,14028,132,4,5,sedan,,5,yes,partial,UK
4903,X3,2022,2.5,167,hybrid,automatic,AWD,41215,4.6,54182,90,5,5,suv,black,2,no,full,Italy
4904,X1,2019,2.3,271,petrol,automatic,FWD,92311,8.1,45004,161,5,5,suv,silver,1,no,full,Spain
4905,3 Series,2011,2,191,petrol,automatic,AWD,141305,8.8,20977,181,4,5,sedan,silver,5,yes,full,Turkey
4906,3 Series,2014,2.7,268,hybrid,automatic,RWD,149940,5.7,22479,114,4,5,sedan,black,3,yes,full,USA
4907,7 Series,2011,4.5,377,hybrid,automatic,RWD,189034,6.9,48927,163,4,4,sedan,red,5,yes,none,USA
4908,3 Series,2009,1.7,140,diesel,automatic,AWD,261342,5.9,10209,133,4,5,sedan,black,,yes,none,UK
4909,1 Series,2024,2.4,233,diesel,manual,FWD,5638,6.3,34850,139,3,5,hatchback,silver,0,no,full,Spain
4910,1 Series,2006,2.2,191,hybrid,automatic,FWD,206513,5.1,6347,109,3,4,hatchback,black,4,no,full,Spain
4911,i3,2023,0,148,electric,automatic,RWD,488,0,53366,0,5,4,hatchback,blue,1,no,,Turkey
4912,i7,2019,0,559,electric,automatic,AWD,62137,0,169720,0,4,4,sedan,silver,2,no,full,Spain
4913,5 Series,2006,2.8,273,petrol,automatic,RWD,300000,9.1,21385,210,4,5,sedan,black,5,no,full,France
4914,3 Series,2018,3.4,319,petrol,automatic,AWD,93071,10.2,39576,210,4,5,sedan,silver,1,no,partial,Turkey
4915,i3,2019,0,126,electric,automatic,RWD,115710,0,45349,0,5,4,hatchback,white,1,no,partial,Netherlands
4916,5 Series,2021,3.7,273,petrol,automatic,RWD,37332,10.6,62019,218,4,5,sedan,blue,0,no,full,UK
4917,3 Series,2024,3.1,350,hybrid,automatic,AWD,0,6.3,55346,131,4,5,sedan,white,0,no,full,Spain
4918,7 Series,2017,0,486,electric,,AWD,85136,0,96019,0,4,4,sedan,black,1,yes,full,France
4919,5 Series,2023,2.2,206,hybrid,automatic,RWD,16658,,66986,99,4,5,sedan,white,0,no,full,Netherlands
4920,3 Series,2024,3.4,327,hybrid,automatic,RWD,8687,6.4,47590,139,4,5,sedan,black,0,no,full,Spain
4921,X3,2019,2.8,310,petrol,automatic,AWD,81224,8.9,53623,179,5,5,suv,white,4,no,full,UK
4922,X3,2009,2.8,228,petrol,automatic,RWD,254524,9.5,29906,213,5,5,suv,silver,3,no,full,France
4923,3 Series,2023,3.2,350,hybrid,automatic,RWD,1712,5.9,44783,132,4,5,sedan,white,0,no,partial,Spain
4924,X3,2020,3,276,hybrid,automatic,AWD,53320,6,63193,131,5,5,suv,white,0,no,full,France
4925,1 Series,2014,2.7,298,hybrid,manual,FWD,144219,,23820,122,5,5,hatchback,grey,1,no,partial,Italy
4926,X3,2023,3.2,298,diesel,automatic,RWD,5617,8.6,63652,191,5,5,suv,red,1,no,full,Germany
4927,X3,2018,2.9,256,hybrid,automatic,RWD,47667,5.4,56973,121,5,5,suv,white,2,no,full,Germany
4928,X3,2012,2.8,285,diesel,automatic,AWD,211252,7.6,34378,182,5,5,suv,silver,3,no,partial,Netherlands
4929,5 Series,2015,4.2,331,hybrid,automatic,AWD,32536,6.8,44316,137,4,5,sedan,silver,4,yes,full,UK
4930,X5,2024,4,299,petrol,automatic,AWD,4877,10.2,98659,210,5,5,suv,white,0,no,full,Germany
4931,Z4,2020,2.3,203,petrol,automatic,RWD,55652,7.8,56890,179,2,2,convertible,silver,1,no,full,France
4932,1 Series,2018,,272,petrol,automatic,RWD,87237,8.9,28160,199,5,4,hatchback,blue,3,no,full,Italy
4933,1 Series,2010,1.5,147,petrol,automatic,RWD,186527,6.9,6524,,5,4,hatchback,silver,3,yes,full,Spain
4934,Z4,2010,2.4,182,petrol,manual,RWD,156172,8.9,36199,203,2,2,convertible,white,3,no,full,Italy
4935,1 Series,2024,2.2,210,diesel,automatic,RWD,0,7.7,34023,156,5,4,hatchback,blue,0,no,full,France
4936,5 Series,2008,3.1,256,diesel,automatic,AWD,300000,7.8,20955,183,4,5,sedan,grey,4,no,none,Germany
4937,5 Series,2005,2.6,216,petrol,automatic,AWD,259785,9.5,16037,206,4,5,sedan,silver,4,yes,partial,Netherlands
4938,3 Series,2007,2.4,198,hybrid,automatic,RWD,285567,4.8,13921,92,4,5,sedan,white,3,,full,UK
4939,7 Series,2015,4.6,331,hybrid,automatic,RWD,138822,7.1,74545,156,4,4,sedan,silver,3,no,full,Spain
4940,5 Series,2011,3.4,378,petrol,automatic,AWD,62583,10.5,37214,231,4,5,sedan,black,4,yes,full,UK
4941,X1,2020,2,171,hybrid,automatic,FWD,44942,4.9,35618,111,5,5,suv,silver,2,no,none,Italy
4942,X3,2019,2.2,209,hybrid,automatic,RWD,47467,5.2,47805,99,5,5,suv,grey,3,no,partial,Germany
4943,X7,2019,4.2,422,diesel,automatic,AWD,35524,9.3,114086,213,5,5,suv,blue,1,,,Turkey
4944,X1,2015,2.1,221,petrol,automatic,FWD,139430,7.6,26091,174,5,5,suv,black,3,yes,full,Spain
4945,X5,2010,3.1,330,hybrid,automatic,AWD,279074,5.4,32663,114,5,5,suv,black,2,yes,partial,France
4946,3 Series,2015,2.3,265,diesel,automatic,AWD,168912,7,32385,151,4,5,sedan,black,,no,full,Germany
4947,X3,2009,2.6,240,diesel,automatic,AWD,147933,7.4,30066,166,5,5,suv,silver,4,yes,full,UK
4948,i3,2022,0,142,electric,automatic,RWD,58523,0,46298,0,5,4,hatchback,blue,1,no,partial,Turkey
4949,X3,2016,3.3,301,diesel,automatic,RWD,77513,8.6,46191,193,5,5,suv,blue,4,no,partial,Italy
4950,X5,2017,3.7,347,hybrid,automatic,AWD,71462,5.8,64996,120,5,5,suv,red,1,no,partial,France
4951,3 Series,2016,1.8,136,petrol,manual,RWD,85995,8.5,30431,197,4,5,sedan,white,1,no,partial,UK
4952,X5,2021,3.4,309,petrol,automatic,AWD,49056,9.6,79853,215,5,5,suv,blue,1,no,full,France
4953,1 Series,2006,2.8,253,hybrid,automatic,RWD,195244,5.4,7239,113,5,4,hatchback,black,4,yes,partial,Italy
4954,X5,2018,3.3,295,petrol,automatic,AWD,65950,9.5,72740,204,5,5,suv,grey,2,no,full,Spain
4955,Z4,2024,2.5,249,petrol,automatic,RWD,11929,8.6,68331,190,2,2,convertible,white,1,no,full,France
4956,1 Series,2023,3,320,hybrid,automatic,RWD,5823,5.9,33213,149,5,5,hatchback,black,0,yes,partial,France
4957,1 Series,2023,2.9,260,hybrid,automatic,RWD,11489,5.4,32111,118,5,4,hatchback,white,0,no,partial,Spain
4958,Z4,2024,2.9,251,petrol,automatic,RWD,14373,9.8,63417,220,2,2,convertible,blue,1,no,full,Turkey
4959,X5,2012,3.4,259,diesel,automatic,AWD,258105,8.5,42692,192,5,5,suv,white,3,no,none,Italy
4960,i4,2013,0,387,electric,automatic,RWD,227150,0,46073,0,4,5,coupe,red,3,no,full,Turkey
4961,1 Series,2012,2.1,196,hybrid,manual,FWD,146295,5.2,13294,106,3,4,hatchback,black,3,yes,full,Turkey
4962,7 Series,2015,0,421,electric,automatic,RWD,63936,0,69278,0,4,4,sedan,white,1,yes,partial,Italy
4963,3 Series,2011,1.7,189,petrol,automatic,AWD,103205,6.9,20800,156,4,5,sedan,black,3,no,none,France
4964,X1,2010,1.9,155,petrol,automatic,AWD,230855,7.7,17051,169,5,5,suv,blue,,yes,partial,Netherlands
4965,X3,2009,3,291,diesel,automatic,AWD,300000,7.1,31923,147,5,5,suv,white,3,no,partial,Netherlands
4966,5 Series,2024,3.8,392,diesel,automatic,AWD,0,9.1,59312,195,4,5,sedan,,0,,partial,Turkey
4967,5 Series,2023,2.4,264,hybrid,automatic,RWD,0,4.7,61773,103,4,5,sedan,black,1,no,full,Turkey
4968,3 Series,2005,2.7,239,hybrid,manual,AWD,222820,5.9,11693,127,4,5,sedan,black,2,yes,partial,UK
4969,X3,2024,3,294,petrol,automatic,RWD,330,9.1,73240,192,5,5,suv,red,0,no,full,Netherlands
4970,1 Series,2018,2.1,228,hybrid,automatic,RWD,135740,5.1,24011,112,5,4,hatchback,black,1,no,full,France
4971,X5,2014,4.3,363,petrol,automatic,AWD,149065,11.1,62447,249,5,5,suv,white,2,no,full,Italy
4972,i4,2013,0,399,electric,automatic,AWD,113448,0,56572,0,4,5,coupe,silver,3,no,full,UK
4973,5 Series,2024,3.8,308,diesel,automatic,AWD,0,8.1,76291,173,4,5,sedan,silver,1,no,full,France
4974,7 Series,2017,4,276,hybrid,automatic,AWD,139552,6.4,94257,120,4,4,sedan,black,1,no,full,USA
4975,X7,2005,3.6,283,diesel,automatic,AWD,300000,8.6,48318,190,5,5,suv,red,5,no,full,France
4976,3 Series,2024,1.6,127,petrol,automatic,AWD,0,6.4,45699,,4,5,sedan,grey,1,no,,Germany
4977,7 Series,2020,0,410,electric,automatic,AWD,86594,0,119276,0,4,5,sedan,white,2,no,partial,Spain
4978,1 Series,2021,1.6,127,hybrid,automatic,FWD,78371,4.7,22834,102,3,5,hatchback,white,0,no,full,USA
4979,3 Series,2012,3,192,hybrid,manual,AWD,141736,4.7,23649,97,4,5,sedan,silver,3,no,full,Italy
4980,X3,2018,3.2,267,hybrid,automatic,AWD,83454,5.8,48758,116,5,5,suv,black,3,no,full,Italy
4981,X1,2018,2.2,231,petrol,automatic,AWD,119582,8,32673,184,5,5,suv,black,1,yes,full,Italy
4982,3 Series,2023,2.8,223,petrol,automatic,AWD,8094,9.5,46530,,4,5,sedan,black,0,no,partial,France
4983,1 Series,2006,1.7,164,petrol,automatic,FWD,300000,7.2,2640,168,5,5,hatchback,blue,2,yes,partial,UK
4984,X3,2017,2.7,256,hybrid,automatic,AWD,105327,5.1,47590,129,5,5,suv,silver,1,yes,full,France
4985,3 Series,2018,3.5,299,diesel,automatic,RWD,13974,8.4,38038,186,4,5,sedan,black,2,yes,full,Italy
4986,i7,2019,0,511,electric,automatic,RWD,64086,0,159592,0,4,5,sedan,white,3,no,full,Turkey
4987,3 Series,2017,3.3,342,hybrid,automatic,AWD,190164,5.7,34106,132,4,5,sedan,silver,3,no,full,Netherlands
4988,3 Series,2021,2.7,281,diesel,automatic,RWD,30819,7.7,37977,172,4,5,sedan,black,1,yes,partial,UK
4989,i4,2017,,373,electric,automatic,RWD,136778,0,58770,0,4,5,coupe,grey,1,no,partial,Netherlands
4990,X1,2010,2,189,diesel,automatic,AWD,300000,6.2,15295,144,5,5,suv,blue,2,no,full,Netherlands
4991,X7,2006,3.1,237,petrol,automatic,AWD,295179,9.6,52664,222,5,5,suv,black,3,no,full,Spain
4992,3 Series,2019,2.5,269,petrol,automatic,RWD,59106,8.8,34741,180,4,5,sedan,blue,2,yes,full,Italy
4993,3 Series,2013,2.1,193,hybrid,automatic,RWD,118514,4.8,18122,107,4,5,sedan,black,4,yes,none,Germany
4994,7 Series,2012,4.8,472,petrol,automatic,AWD,150767,12.5,78458,265,4,4,sedan,silver,2,no,full,Germany
4995,X1,2009,1.7,206,diesel,automatic,AWD,194329,6.4,21722,133,5,5,suv,silver,3,no,full,Italy
4996,1 Series,2018,2.3,163,hybrid,manual,FWD,76475,5,21874,111,5,5,hatchback,black,2,no,full,Germany
4997,1 Series,2007,2.7,260,petrol,manual,RWD,61927,9,16697,209,3,5,hatchback,silver,5,yes,partial,USA
4998,5 Series,2023,2.8,231,diesel,automatic,RWD,25691,7,66184,147,4,5,sedan,blue,0,no,full,UK
4999,3 Series,2012,3.2,353,petrol,manual,AWD,226345,9.2,24399,202,4,5,sedan,white,5,yes,full,France
5000,X1,2014,2.2,192,hybrid,automatic,AWD,125767,4.5,28027,99,5,5,suv,grey,2,no,partial,Turkey
5001,5 Series,2013,,169,petrol,automatic,RWD,198514,7,32284,171,4,5,sedan,white,4,yes,full,USA
5002,Z4,2008,2.4,279,petrol,automatic,RWD,187966,8.1,35970,161,2,2,convertible,black,2,no,partial,Germany
5003,1 Series,2020,2.1,186,petrol,automatic,RWD,42979,7.5,26952,174,5,5,hatchback,red,1,no,full,Turkey
5004,1 Series,2014,2.7,275,petrol,automatic,RWD,115742,8.5,16392,193,5,5,hatchback,black,2,yes,none,France
5005,X3,2014,2.4,195,petrol,automatic,AWD,124020,,41395,,5,5,suv,black,3,no,full,Spain
5006,3 Series,2018,3.3,270,petrol,manual,RWD,119013,8.8,38582,189,4,5,sedan,white,2,no,full,Germany
5007,5 Series,2015,3.1,206,diesel,automatic,AWD,148457,6.9,38237,142,4,5,sedan,black,2,no,partial,Italy
5008,1 Series,2016,2.4,234,petrol,automatic,RWD,112866,8.2,19861,186,3,4,hatchback,white,1,no,partial,Spain
5009,3 Series,2016,2.9,249,diesel,manual,AWD,172666,7.5,23424,165,4,5,sedan,black,1,yes,full,Turkey
5010,3 Series,2024,3.1,214,diesel,manual,RWD,0,7.5,41878,162,4,5,sedan,white,0,no,full,Turkey
5011,X7,2022,3.6,329,petrol,automatic,AWD,29046,10.6,126980,213,5,5,suv,blue,1,no,full,Italy
5012,5 Series,2007,,301,hybrid,automatic,AWD,214452,5.8,32158,131,4,5,sedan,grey,4,no,partial,UK
5013,Z4,2022,3,278,petrol,automatic,RWD,19782,9.3,68930,198,2,2,convertible,red,1,no,full,Italy
5014,3 Series,2015,3.3,319,diesel,automatic,AWD,81610,8,31916,173,4,5,sedan,black,1,yes,partial,UK
5015,3 Series,2021,1.7,211,diesel,automatic,RWD,22508,5.9,43100,142,4,5,sedan,silver,0,no,full,Germany
5016,3 Series,2007,3.4,351,diesel,automatic,RWD,190568,8.1,21175,169,4,5,sedan,white,3,no,none,Netherlands
5017,7 Series,2019,3.2,299,diesel,automatic,RWD,73881,7.8,93483,161,4,4,sedan,silver,2,no,partial,USA
5018,X5,2023,3.3,255,petrol,automatic,AWD,22466,9.3,90503,204,5,5,suv,black,0,no,full,USA
5019,1 Series,2012,2.4,212,petrol,automatic,RWD,138785,9.4,13713,213,3,5,hatchback,red,2,no,full,Spain
5020,5 Series,2015,2.9,307,petrol,automatic,AWD,149429,9.6,42742,204,4,5,sedan,silver,2,no,full,Spain
5021,Z4,2018,2.9,336,petrol,automatic,RWD,73375,10.2,58040,227,2,2,convertible,blue,3,no,partial,UK
5022,3 Series,2020,1.6,154,diesel,manual,AWD,57241,5,38804,116,4,5,sedan,silver,0,no,full,Germany
5023,1 Series,2007,1.9,232,diesel,automatic,FWD,247135,6.4,5843,143,5,5,hatchback,red,2,no,none,Spain
5024,1 Series,2019,2,179,hybrid,manual,RWD,75799,4,22145,86,5,5,hatchback,white,2,no,full,Spain
5025,7 Series,2016,3.6,354,diesel,automatic,AWD,95800,9.1,83780,189,4,5,sedan,white,1,no,full,Spain
5026,5 Series,2009,3.2,281,petrol,automatic,AWD,97557,,29796,199,4,5,sedan,blue,5,yes,partial,Netherlands
5027,X3,2017,2.1,178,hybrid,,RWD,167413,4.4,34573,96,5,5,suv,grey,1,no,none,USA
5028,X7,2006,4.1,301,petrol,automatic,AWD,300000,11.4,49708,250,5,5,suv,blue,5,no,full,France
5029,X7,2012,3.6,313,diesel,automatic,AWD,211170,8.3,61275,190,5,5,suv,red,2,yes,none,UK
5030,X7,2019,4.2,324,diesel,automatic,AWD,97794,9.9,105685,224,5,5,suv,grey,2,no,partial,Spain
5031,5 Series,2005,2.6,277,petrol,automatic,RWD,144126,7.4,36149,160,4,5,sedan,silver,3,no,full,Germany
5032,5 Series,2024,2.2,196,petrol,automatic,RWD,0,8.8,59404,203,4,5,sedan,red,0,no,full,Turkey
5033,5 Series,2013,4.3,372,hybrid,automatic,RWD,131106,7.6,45474,168,4,5,sedan,red,2,no,partial,Italy
5034,3 Series,2005,3.5,322,hybrid,automatic,RWD,300000,6.3,13550,139,4,5,sedan,black,4,yes,none,UK
5035,X3,2021,3,251,hybrid,automatic,RWD,44539,5.5,61042,106,5,5,suv,blue,2,no,full,Italy
5036,3 Series,2021,2.7,226,diesel,automatic,RWD,63622,7.7,41352,174,4,5,sedan,black,1,no,full,USA
5037,X1,2019,2.5,253,petrol,automatic,FWD,71967,,38079,200,5,5,suv,grey,2,yes,full,Italy
5038,7 Series,2020,3.6,320,hybrid,automatic,RWD,70175,5.8,104875,131,4,5,sedan,black,1,no,full,UK
5039,X1,2020,2.3,231,diesel,automatic,FWD,49395,6.2,46009,144,5,5,suv,white,1,no,,Spain
5040,7 Series,2019,4.1,300,diesel,automatic,RWD,84655,9.5,96209,187,4,5,sedan,blue,2,no,full,France
5041,3 Series,2020,3.5,376,hybrid,automatic,RWD,42086,6.6,55127,141,4,5,sedan,white,2,no,full,USA
5042,X5,2016,4.3,383,hybrid,automatic,AWD,91050,7.4,68046,157,5,5,suv,black,2,no,partial,Netherlands
5043,X3,2015,2.1,235,diesel,automatic,RWD,157327,6.3,41608,136,5,5,suv,silver,1,no,,USA
5044,3 Series,2021,2.1,222,hybrid,automatic,AWD,47383,5.3,35532,108,4,5,sedan,red,1,no,none,UK
5045,1 Series,2013,1.6,185,hybrid,automatic,FWD,150948,4.4,15332,102,5,5,hatchback,black,5,no,full,Spain
5046,7 Series,2012,0,364,electric,automatic,AWD,194590,0,70954,0,4,5,sedan,grey,2,yes,full,Netherlands
5047,1 Series,2014,1.7,142,petrol,automatic,RWD,79067,6.7,15691,158,3,5,hatchback,white,2,no,partial,Turkey
5048,X5,2011,3.2,411,diesel,automatic,AWD,250153,8.9,40941,206,5,5,suv,black,3,yes,partial,Italy
5049,3 Series,2019,3.2,302,diesel,automatic,AWD,53885,8.2,44786,194,4,5,sedan,blue,2,no,full,Italy
5050,5 Series,2009,4.3,381,diesel,automatic,AWD,265507,9.1,25925,194,4,5,sedan,silver,4,yes,partial,Turkey
5051,3 Series,2021,3.4,307,diesel,automatic,AWD,57675,9.3,36632,213,4,5,sedan,black,1,yes,partial,Netherlands
5052,X3,2012,2.1,170,hybrid,automatic,AWD,238465,4.8,24682,103,5,5,suv,black,3,yes,partial,UK
5053,X3,2022,2.9,280,diesel,automatic,RWD,5063,7.2,57531,165,5,5,suv,blue,2,no,partial,USA
5054,5 Series,2014,3.6,281,hybrid,automatic,RWD,123101,6.2,44646,118,4,5,sedan,white,1,no,full,Turkey
5055,3 Series,2018,2.1,193,petrol,automatic,RWD,121479,7.5,33464,145,4,5,sedan,black,2,no,full,Germany
5056,3 Series,2008,2.2,226,diesel,automatic,RWD,222051,7,13536,152,4,5,sedan,red,4,no,none,Spain
5057,X7,2013,4.1,329,petrol,automatic,AWD,158608,11.1,77410,238,5,5,suv,black,5,no,partial,Germany
5058,3 Series,2005,3.4,326,diesel,manual,AWD,300000,8.4,15962,194,4,5,sedan,grey,2,no,full,UK
5059,X5,2013,3.4,270,petrol,automatic,AWD,219618,9.7,46876,213,5,5,suv,grey,3,yes,full,Spain
5060,X7,2015,4,298,hybrid,automatic,AWD,154970,6.9,82826,156,5,5,suv,white,2,yes,full,Spain
5061,5 Series,2005,2.2,239,petrol,automatic,RWD,268920,7.8,20721,157,4,5,sedan,black,4,no,partial,USA
5062,3 Series,2022,2.5,190,petrol,automatic,RWD,6040,8.8,37943,192,4,5,sedan,white,1,yes,full,France
5063,3 Series,2010,2.3,206,petrol,manual,RWD,258155,8,17779,181,4,5,sedan,blue,3,no,full,UK
5064,X7,2019,3.2,294,petrol,automatic,AWD,76433,11.1,111109,231,5,5,suv,white,2,no,full,Germany
5065,X1,2018,2.3,230,hybrid,automatic,AWD,105878,4.8,35839,123,5,5,suv,silver,3,yes,full,UK
5066,1 Series,2018,1.7,207,hybrid,automatic,FWD,106270,4.4,19955,103,3,4,hatchback,black,2,no,none,Germany
5067,X7,2009,3.9,270,diesel,automatic,AWD,277200,9.4,64903,198,5,5,suv,silver,5,no,full,Turkey
5068,X5,2006,3.7,301,diesel,automatic,AWD,185713,9,39168,199,5,5,suv,black,4,no,partial,France
5069,3 Series,2014,1.7,142,hybrid,automatic,AWD,112127,4.7,26634,112,4,5,sedan,white,2,no,full,UK
5070,3 Series,2022,2.1,178,hybrid,automatic,RWD,27019,5,34343,104,4,5,sedan,white,1,yes,full,Italy
5071,1 Series,2019,2.3,224,petrol,manual,RWD,93738,8.7,21864,188,3,5,hatchback,black,1,no,none,Germany
5072,3 Series,2023,1.8,160,petrol,automatic,RWD,18709,7.1,41486,176,4,5,sedan,grey,1,no,full,Germany
5073,X1,2015,1.5,151,diesel,automatic,FWD,101568,,32511,142,5,5,suv,silver,1,no,full,Italy
5074,X3,2016,2.5,235,petrol,automatic,AWD,169340,8.7,37531,176,5,5,suv,black,,yes,full,Netherlands
5075,3 Series,2017,2.1,196,diesel,automatic,AWD,175070,6.9,23084,144,4,5,sedan,silver,1,no,partial,Turkey
5076,X5,2021,3.7,315,diesel,automatic,AWD,68693,8.2,75052,184,5,5,suv,blue,1,no,partial,USA
5077,5 Series,2024,3.3,317,petrol,automatic,RWD,0,10,68952,222,4,5,sedan,white,0,no,full,USA
5078,X7,2023,4.3,294,hybrid,automatic,AWD,54477,6.7,123246,149,5,5,suv,blue,0,no,full,USA
5079,5 Series,2015,3.4,283,diesel,automatic,AWD,114542,8.3,39685,177,4,5,sedan,blue,1,yes,full,USA
5080,5 Series,2016,3.4,380,diesel,automatic,AWD,111569,9,50652,199,4,5,sedan,silver,1,no,partial,Spain
5081,1 Series,2021,2.2,194,diesel,automatic,FWD,51218,7.8,28458,152,3,5,hatchback,black,1,no,full,Germany
5082,5 Series,2015,3,306,petrol,automatic,AWD,222441,9.5,40987,218,4,5,sedan,white,3,,partial,UK
5083,X1,2020,2.2,218,diesel,automatic,FWD,39694,6.8,40411,154,5,5,suv,white,2,no,full,France
5084,X3,2010,2.9,269,petrol,automatic,AWD,111627,9.1,39603,193,5,5,suv,silver,4,no,partial,UK
5085,i4,2021,0,363,electric,automatic,RWD,67478,0,85842,0,4,5,coupe,white,1,no,,Germany
5086,X5,2023,3.2,271,diesel,automatic,AWD,32579,8.7,94203,205,5,5,suv,blue,0,no,full,UK
5087,X5,2018,4,382,hybrid,automatic,AWD,112134,6.6,60288,132,5,5,suv,silver,1,yes,none,USA
5088,X7,2015,3.1,309,petrol,automatic,AWD,152406,10.1,91288,227,5,5,suv,black,,,full,Netherlands
5089,X7,2021,3.6,328,hybrid,automatic,AWD,52550,6.2,100022,147,5,5,suv,red,2,no,none,USA
5090,5 Series,2017,3.3,257,diesel,automatic,AWD,112860,8.4,39159,178,4,5,sedan,blue,4,yes,partial,Turkey
5091,1 Series,2005,2.8,259,petrol,manual,FWD,191959,9.4,9543,,5,5,hatchback,white,3,no,partial,France
5092,Z4,2012,2.3,213,petrol,automatic,RWD,130276,8.1,44429,178,2,2,convertible,black,2,no,full,USA
5093,5 Series,2020,3.5,341,hybrid,automatic,RWD,55096,6.4,62097,159,4,5,sedan,grey,1,no,full,Turkey
5094,5 Series,2022,2.1,190,petrol,automatic,AWD,21502,7.8,48942,180,4,5,sedan,silver,1,,partial,Turkey
5095,3 Series,2023,2.7,243,diesel,automatic,RWD,250,7.8,43990,163,4,5,sedan,white,0,no,full,Spain
5096,3 Series,2020,2.7,273,hybrid,automatic,RWD,87047,5.1,42685,129,4,5,sedan,white,0,no,full,USA
5097,X3,2017,2.1,207,diesel,automatic,AWD,152859,6.5,37617,148,5,5,suv,silver,2,yes,full,Turkey
5098,i4,2008,0,314,electric,automatic,RWD,159546,0,32249,0,4,5,coupe,black,5,yes,partial,France
5099,3 Series,2007,1.9,204,diesel,manual,RWD,186916,6.3,13598,130,4,5,sedan,grey,4,yes,full,Spain
5100,Z4,2018,2.2,300,petrol,automatic,RWD,75143,8.4,53318,188,2,2,convertible,silver,2,no,full,Turkey
5101,5 Series,2015,2.5,246,petrol,automatic,RWD,142118,8.5,36623,176,4,5,sedan,white,3,yes,full,Italy
5102,X7,2022,3,234,diesel,automatic,AWD,35897,7.2,115135,156,5,5,suv,blue,1,no,full,UK
5103,X5,2016,3.7,290,hybrid,automatic,AWD,96592,5.3,71252,115,5,5,suv,white,1,no,partial,UK
5104,5 Series,2007,3.3,289,petrol,automatic,AWD,206733,8.9,24147,217,4,5,sedan,blue,2,yes,full,Spain
5105,7 Series,2018,3,253,hybrid,automatic,AWD,68773,5.5,84160,110,4,5,sedan,white,1,no,full,Turkey
5106,3 Series,2015,2.3,196,petrol,manual,AWD,61836,7.8,31560,166,4,5,sedan,white,3,no,partial,France
5107,5 Series,2024,2.2,193,hybrid,automatic,RWD,6453,5.1,60040,121,4,5,sedan,silver,0,no,partial,Netherlands
5108,1 Series,2018,2.9,265,petrol,automatic,FWD,98599,8.6,19212,194,3,5,hatchback,white,3,yes,full,Italy
5109,3 Series,2006,2.6,204,petrol,automatic,AWD,291107,9.3,9885,211,4,5,sedan,white,2,no,full,Turkey
5110,X1,2020,1.6,191,diesel,automatic,AWD,71027,5.7,39443,115,5,5,suv,blue,2,no,full,France
5111,3 Series,2014,2.8,303,diesel,manual,AWD,135918,7.8,26377,179,4,5,sedan,white,3,no,none,Spain
5112,7 Series,2010,3.8,261,hybrid,automatic,RWD,254734,6.7,53458,144,4,5,sedan,black,4,no,none,USA
5113,7 Series,2024,,299,hybrid,automatic,RWD,5070,6.8,113877,157,4,4,sedan,grey,0,no,full,Netherlands
5114,X5,2019,3.8,314,diesel,automatic,AWD,53064,8.9,82998,195,5,5,suv,blue,1,no,full,UK
5115,i4,2017,0,192,electric,automatic,RWD,127150,0,55044,0,4,5,coupe,silver,1,no,full,Spain
5116,5 Series,2015,3.8,337,petrol,automatic,AWD,118833,11,50021,245,4,5,sedan,silver,4,no,full,UK
5117,i4,2018,0,229,electric,automatic,RWD,40806,0,59793,0,4,5,coupe,black,3,,none,Germany
5118,5 Series,2006,3.6,306,petrol,automatic,AWD,162978,9.6,30092,206,4,5,sedan,black,2,no,none,Italy
5119,7 Series,2017,3.8,335,diesel,automatic,RWD,99825,,85194,193,4,5,sedan,white,1,no,partial,UK
5120,X3,2016,2.4,243,petrol,automatic,RWD,73710,8.7,39522,182,5,5,suv,white,2,yes,partial,Netherlands
5121,Z4,2019,2.9,311,petrol,automatic,RWD,47034,9.5,72886,225,2,2,convertible,grey,2,no,full,Netherlands
5122,5 Series,2017,2.6,234,petrol,automatic,AWD,78980,8.9,44949,198,4,5,sedan,white,2,no,partial,Turkey
5123,X5,2021,4.1,295,petrol,automatic,AWD,81261,10.9,77983,237,5,5,suv,white,,no,full,Italy
5124,i3,2012,0,189,electric,automatic,RWD,197427,0,21445,0,5,4,hatchback,black,5,yes,partial,Italy
5125,3 Series,2023,2.8,184,diesel,automatic,RWD,5555,7.9,43461,171,4,5,sedan,white,0,no,full,Spain
5126,Z4,2020,2.1,179,petrol,automatic,RWD,79340,8,58465,177,2,2,convertible,silver,1,no,full,Netherlands
5127,i3,2021,0,199,electric,automatic,RWD,64541,0,57434,0,5,4,hatchback,blue,2,no,full,UK
5128,i3,2024,0,160,electric,automatic,RWD,0,0,65711,0,5,4,hatchback,black,0,no,full,Spain
5129,5 Series,2006,2.5,226,diesel,automatic,RWD,300000,6.9,15004,153,4,5,sedan,silver,2,yes,full,Spain
5130,5 Series,2015,2.8,232,diesel,automatic,RWD,82964,7.5,36864,166,4,5,sedan,silver,2,no,none,Italy
5131,X1,2011,,250,diesel,automatic,FWD,198764,7.1,24924,168,5,5,suv,red,4,no,partial,UK
5132,X5,2019,3.7,337,petrol,automatic,AWD,21400,10.8,81380,239,5,5,suv,white,1,no,partial,Netherlands
5133,7 Series,2015,3.3,304,petrol,automatic,AWD,119739,9.1,84635,192,4,4,sedan,white,,no,full,Germany
5134,i7,2008,0,331,electric,automatic,AWD,300000,0,70765,0,4,4,sedan,white,4,no,partial,Spain
5135,5 Series,2019,2.5,286,diesel,automatic,RWD,107207,8.2,43022,204,4,5,sedan,black,1,yes,partial,USA
5136,1 Series,2008,2.5,299,hybrid,automatic,RWD,234317,5.3,12246,115,3,5,hatchback,red,3,no,full,Germany
5137,X3,2021,2.5,184,diesel,automatic,RWD,51674,8,51768,168,5,5,suv,white,2,no,partial,UK
5138,i7,2019,0,353,electric,automatic,RWD,114516,0,158239,0,4,5,sedan,red,3,no,full,Italy
5139,X5,2009,3.2,285,hybrid,automatic,AWD,237245,5.8,47831,134,5,5,suv,white,2,yes,full,Germany
5140,Z4,2017,2.9,314,petrol,automatic,RWD,160584,9.2,42769,201,2,2,convertible,black,2,no,,Turkey
5141,5 Series,2014,2.4,228,petrol,automatic,RWD,154321,8,33307,179,4,5,sedan,blue,4,no,partial,Turkey
5142,5 Series,2021,4.1,363,hybrid,automatic,RWD,41723,6.5,59152,155,4,5,sedan,blue,2,no,full,Netherlands
5143,5 Series,2020,,228,diesel,automatic,AWD,42336,6.4,51979,125,4,5,sedan,,2,no,partial,Germany
5144,5 Series,2021,3.8,299,petrol,automatic,RWD,35512,10.6,61714,234,4,5,sedan,silver,,no,full,UK
5145,X3,2024,,261,hybrid,automatic,AWD,3138,5.4,63949,110,5,5,suv,white,1,no,partial,USA
5146,3 Series,2015,2.2,234,diesel,manual,RWD,96836,7.1,31926,169,4,5,sedan,black,3,no,full,USA
5147,X3,2017,3.3,331,petrol,automatic,AWD,153149,8.8,49333,193,5,5,suv,,3,no,partial,Germany
5148,Z4,2019,2,157,petrol,automatic,RWD,91780,8.4,45271,202,2,2,convertible,blue,2,yes,full,Turkey
5149,i3,2023,0,160,electric,automatic,RWD,0,0,57573,0,5,4,hatchback,silver,1,no,full,USA
5150,3 Series,2020,2.9,280,petrol,automatic,RWD,58852,9.8,34790,226,4,5,sedan,white,1,no,none,France
5151,5 Series,2022,4.2,426,diesel,automatic,RWD,15437,9.4,76103,209,4,5,sedan,silver,1,no,full,Netherlands
5152,Z4,2016,2.8,320,petrol,manual,RWD,116503,10.3,47658,223,2,2,convertible,black,2,yes,full,UK
5153,7 Series,2023,0,375,electric,automatic,RWD,14260,0,113088,0,4,4,sedan,white,1,no,full,Turkey
5154,3 Series,2010,1.9,239,diesel,automatic,RWD,260051,6.6,20039,159,4,5,sedan,,2,,full,France
5155,7 Series,2015,3.1,251,hybrid,automatic,AWD,84032,5.7,70693,121,4,4,sedan,red,3,yes,full,Turkey
5156,X3,2012,3.3,323,petrol,automatic,RWD,173855,10.1,34786,211,5,5,suv,black,2,no,none,Turkey
5157,X5,2007,4.2,347,petrol,automatic,AWD,300000,10.7,36307,239,5,5,suv,black,3,yes,partial,Spain
5158,X3,2016,3.3,351,hybrid,automatic,AWD,181503,6.2,44675,125,5,5,suv,silver,2,yes,full,Netherlands
5159,i3,2008,0,189,electric,automatic,RWD,300000,0,14276,0,5,4,hatchback,black,4,no,full,Spain
5160,7 Series,2018,3.4,293,petrol,automatic,AWD,80974,9.7,77988,218,4,5,sedan,black,3,yes,full,Italy
5161,7 Series,2018,3,259,petrol,automatic,AWD,57050,8.9,87427,179,4,5,sedan,black,4,no,partial,USA
5162,3 Series,2016,1.9,166,petrol,automatic,RWD,37923,7.6,33920,167,4,5,sedan,silver,1,no,full,Germany
5163,i3,2008,0,197,electric,automatic,RWD,226165,0,20183,0,5,4,hatchback,white,3,yes,partial,USA
5164,7 Series,2018,3.1,243,petrol,automatic,AWD,88256,10.4,76692,222,4,4,sedan,black,4,no,partial,Spain
5165,Z4,2016,2.1,235,petrol,manual,RWD,134530,9.3,53678,194,2,2,convertible,blue,1,no,full,USA
5166,X5,2021,4.4,418,diesel,automatic,AWD,26015,10.3,93769,240,5,5,suv,,2,no,full,Spain
5167,5 Series,2017,2.2,281,petrol,automatic,RWD,131324,,45864,170,4,5,sedan,black,2,no,none,Spain
5168,X5,2018,3.5,264,diesel,automatic,AWD,72505,8.3,69069,180,5,5,suv,red,1,no,partial,UK
5169,X3,2021,2.7,279,hybrid,automatic,AWD,57386,5.7,57169,127,5,5,suv,black,1,no,full,USA
5170,3 Series,2016,3.4,290,diesel,automatic,RWD,168736,7.7,26367,175,4,5,sedan,white,2,no,,Spain
5171,i4,2009,0,309,electric,automatic,RWD,289948,0,28252,0,4,5,coupe,silver,5,yes,full,Turkey
5172,1 Series,2008,2.8,280,hybrid,manual,RWD,263480,5.9,7312,133,3,4,hatchback,black,,yes,full,USA
5173,X3,2005,2.5,276,petrol,automatic,AWD,300000,9.6,23985,220,5,5,suv,black,2,no,full,Italy
5174,1 Series,2015,1.9,259,petrol,automatic,FWD,161421,7.7,17404,169,5,4,hatchback,white,3,no,partial,France
5175,3 Series,2011,2.9,277,petrol,manual,AWD,82055,9.5,23227,213,4,5,sedan,black,5,yes,full,Turkey
5176,3 Series,2014,3.2,279,diesel,automatic,RWD,173337,7.8,24596,174,4,5,sedan,,2,no,full,Italy
5177,X1,2016,1.6,146,petrol,automatic,FWD,52877,6.3,36048,132,5,5,suv,white,3,no,full,Spain
5178,i3,2008,0,159,electric,automatic,RWD,249847,0,14943,0,5,4,hatchback,white,5,yes,partial,France
5179,5 Series,2016,2.1,149,petrol,automatic,RWD,136499,7.7,42271,177,4,5,sedan,white,1,no,partial,Netherlands
5180,X1,2024,1.7,188,petrol,automatic,AWD,7875,7.4,53449,165,5,5,suv,black,0,no,full,Netherlands
5181,X5,2014,3.9,346,hybrid,automatic,AWD,198265,7,64427,146,5,5,suv,black,1,no,full,Italy
5182,X7,2014,3.6,323,diesel,automatic,AWD,148495,8.8,93213,,5,5,suv,white,1,no,full,UK
5183,3 Series,2017,2.8,225,hybrid,automatic,AWD,129754,5.3,31337,125,4,5,sedan,grey,2,no,,Turkey
5184,X7,2021,3.6,313,diesel,automatic,AWD,49118,8.9,120146,,5,5,suv,red,1,no,partial,Germany
5185,Z4,2020,2.9,226,petrol,automatic,RWD,23868,9,67691,199,2,2,convertible,grey,0,no,full,Turkey
5186,1 Series,2024,2.7,262,diesel,automatic,FWD,24139,7.8,34073,161,5,4,hatchback,silver,0,no,full,Italy
5187,5 Series,2018,2.3,193,hybrid,automatic,RWD,89286,4.5,49600,101,4,5,sedan,blue,3,no,full,Netherlands
5188,3 Series,2021,2.3,274,hybrid,automatic,AWD,57108,5.5,41656,129,4,5,sedan,white,1,no,partial,USA
5189,X5,2024,3.8,294,petrol,automatic,AWD,0,10.1,87997,227,5,5,suv,silver,0,no,full,France
5190,5 Series,2012,3.4,243,hybrid,automatic,RWD,126324,5.8,34570,141,4,5,sedan,white,3,no,none,Netherlands
5191,5 Series,2011,3.9,287,petrol,automatic,RWD,185708,10.7,28540,236,4,5,sedan,red,3,no,none,France
5192,3 Series,2008,3.3,268,diesel,automatic,RWD,244416,7.8,19405,168,4,5,sedan,white,4,yes,full,France
5193,X3,2024,2.7,260,hybrid,automatic,RWD,10370,5,73730,99,5,5,suv,,0,no,full,UK
5194,X3,2015,3.4,308,hybrid,automatic,AWD,179824,6,34965,148,5,5,suv,,3,yes,partial,Germany
5195,X3,2009,3.2,273,petrol,automatic,AWD,203703,9.8,26813,223,5,5,suv,white,2,no,partial,Netherlands
5196,5 Series,2006,2.3,261,diesel,automatic,RWD,112153,7.5,24888,170,4,5,sedan,black,5,yes,none,Italy
5197,5 Series,2017,2.5,275,hybrid,automatic,AWD,158320,5.3,52149,118,4,5,sedan,white,2,no,full,Germany
5198,X5,2016,3.6,273,hybrid,automatic,AWD,154336,6.4,58232,157,5,5,suv,blue,3,no,full,Turkey
5199,X3,2021,2.3,204,diesel,automatic,AWD,43798,7.4,64715,175,5,5,suv,blue,,no,full,USA
5200,7 Series,2022,4.3,378,hybrid,automatic,AWD,30428,7.3,98992,162,4,4,sedan,silver,0,no,partial,Spain
5201,X7,2024,3.1,269,diesel,automatic,AWD,7355,8,123989,190,5,5,suv,white,0,no,full,Italy
5202,5 Series,2009,2.5,249,diesel,automatic,RWD,204417,6.8,29331,,4,5,sedan,white,2,no,,Germany
5203,i3,2014,0,207,electric,automatic,RWD,156954,0,27659,0,5,4,hatchback,silver,2,yes,full,USA
5204,3 Series,2017,2.1,188,diesel,automatic,RWD,125239,6.9,30303,145,4,5,sedan,black,1,no,full,Italy
5205,3 Series,2009,3.5,287,petrol,manual,AWD,260841,10,15947,225,4,5,sedan,blue,3,no,partial,Italy
5206,i3,2018,0,185,electric,automatic,RWD,132562,0,36880,0,5,4,hatchback,blue,4,no,full,France
5207,Z4,2023,2.2,278,petrol,automatic,RWD,26388,8.1,67402,,2,2,convertible,grey,1,no,partial,France
5208,Z4,2021,2.8,266,petrol,automatic,RWD,20970,9.1,55904,173,2,2,convertible,silver,2,yes,full,Italy
5209,5 Series,2016,3.6,301,diesel,automatic,RWD,133228,9.3,52523,207,4,5,sedan,black,1,no,full,USA
5210,X1,2020,1.8,200,hybrid,automatic,AWD,29246,5,38855,113,5,5,suv,black,2,no,partial,USA
5211,1 Series,2011,2.7,206,hybrid,automatic,RWD,195545,5.5,10146,118,3,5,hatchback,white,2,yes,partial,Germany
5212,X3,2015,2.1,228,petrol,automatic,RWD,140118,8.2,33863,193,5,5,suv,red,3,yes,partial,Netherlands
5213,X7,2012,3,274,petrol,automatic,AWD,229308,8.9,63867,193,5,5,suv,white,,yes,full,Italy
5214,7 Series,2015,0,534,electric,automatic,RWD,28821,0,105038,0,4,4,sedan,white,2,no,full,France
5215,1 Series,2009,2.1,179,hybrid,automatic,RWD,265167,4.7,7052,115,5,5,hatchback,blue,3,no,partial,UK
5216,1 Series,2024,2.2,200,hybrid,automatic,RWD,10433,4.5,30734,95,3,4,hatchback,black,0,no,full,Netherlands
5217,5 Series,2016,3,290,petrol,automatic,AWD,89889,9.4,52765,205,4,5,sedan,black,2,no,full,Germany
5218,i7,2019,0,431,electric,automatic,AWD,40360,0,176178,0,4,4,sedan,black,2,no,partial,Germany
5219,3 Series,2014,3.4,261,petrol,automatic,RWD,179756,10.6,28364,238,4,5,sedan,grey,2,no,full,Turkey
5220,7 Series,2008,0,379,electric,automatic,AWD,265498,0,53993,0,4,4,sedan,white,2,no,none,Italy
5221,Z4,2016,2.8,268,petrol,automatic,RWD,79988,8.7,58652,189,2,2,convertible,grey,2,no,full,Italy
5222,5 Series,2006,4,333,hybrid,automatic,RWD,300000,6.6,24394,138,4,5,sedan,silver,4,no,full,Germany
5223,7 Series,2008,4.9,383,diesel,automatic,RWD,300000,10.4,54712,222,4,5,sedan,black,2,no,full,France
5224,1 Series,2018,1.7,143,hybrid,automatic,FWD,100992,4.9,18490,101,5,5,hatchback,black,3,,full,France
5225,X1,2008,1.8,272,petrol,automatic,FWD,300000,8.1,17539,170,5,5,suv,white,4,yes,full,France
5226,X7,2024,3.2,282,hybrid,automatic,AWD,0,5.9,137716,135,5,5,suv,blue,1,no,,Germany
5227,X1,2021,2.3,236,diesel,automatic,FWD,26226,6.6,45810,142,5,5,suv,silver,1,yes,full,USA
5228,X5,2022,3.6,342,diesel,automatic,AWD,22603,9.7,77618,204,5,5,suv,blue,2,no,partial,UK
5229,X3,2022,2.6,275,diesel,automatic,AWD,32481,8.4,58015,183,5,5,suv,blue,0,no,partial,France
5230,X7,2018,3.5,345,petrol,automatic,AWD,54625,9.9,96342,221,5,5,suv,black,1,yes,partial,Germany
5231,i4,2009,0,469,electric,automatic,RWD,274510,0,44743,0,4,5,coupe,black,4,yes,full,Italy
5232,X3,2019,2.2,213,diesel,automatic,RWD,43404,6.6,54860,132,5,5,suv,black,2,no,partial,France
5233,1 Series,2009,1.9,214,petrol,automatic,RWD,300000,8.7,5706,202,5,4,hatchback,white,3,no,none,France
5234,X1,2020,2.3,171,diesel,automatic,FWD,24077,6.7,43778,,5,5,suv,silver,0,no,full,USA
5235,i7,2007,0,430,electric,automatic,RWD,166637,0,85029,0,4,5,sedan,silver,2,no,none,Netherlands
5236,5 Series,2022,2.7,277,petrol,,RWD,46507,8.5,58444,177,4,5,sedan,silver,2,no,full,Italy
5237,5 Series,2022,4.2,384,diesel,automatic,AWD,19906,8.8,70475,198,4,5,sedan,silver,0,no,full,Spain
5238,X1,2008,2.2,228,hybrid,automatic,FWD,140592,4.5,24275,89,5,5,suv,grey,4,no,partial,Spain
5239,X1,2016,1.8,197,petrol,automatic,AWD,64803,6.5,27562,152,5,5,suv,silver,4,yes,partial,UK
5240,3 Series,2023,1.7,182,hybrid,automatic,RWD,46912,4.5,41800,92,4,5,sedan,silver,0,no,full,Italy
5241,i4,2011,0,406,electric,automatic,AWD,121328,0,58725,0,4,5,coupe,white,2,no,full,Spain
5242,i4,2012,0,237,electric,automatic,AWD,169594,0,38414,0,4,5,coupe,red,3,yes,partial,UK
5243,X3,2018,3.2,318,petrol,automatic,RWD,91427,9.3,51009,197,5,5,suv,white,3,no,partial,France
5244,i3,2016,0,167,electric,automatic,RWD,81778,0,36818,0,5,4,hatchback,white,2,no,partial,Netherlands
5245,X5,2015,4.2,362,hybrid,automatic,AWD,93916,6.5,67058,149,5,5,suv,white,1,no,full,France
5246,i4,2014,0,377,electric,automatic,AWD,141458,0,58742,0,4,5,coupe,white,3,no,full,Spain
5247,X5,2023,4,341,diesel,,AWD,26420,9.9,84029,219,5,5,suv,red,1,no,full,Turkey
5248,X1,2024,2,263,petrol,automatic,AWD,6508,8.5,54268,174,5,5,suv,black,0,no,full,Spain
5249,1 Series,2018,1.7,165,petrol,automatic,RWD,78365,7.9,18370,171,3,4,hatchback,white,3,yes,full,USA
5250,X1,2016,2.4,188,petrol,automatic,AWD,165149,8.2,32589,173,5,5,suv,white,1,yes,full,Germany
5251,3 Series,2017,3,218,diesel,automatic,AWD,87980,7.3,34534,150,4,5,sedan,white,3,no,partial,Germany
5252,X1,2017,1.5,197,diesel,automatic,FWD,98747,6.7,32471,159,5,5,suv,blue,2,no,partial,Italy
5253,i3,2011,0,240,electric,automatic,RWD,119465,0,30313,0,5,4,hatchback,black,,yes,full,Netherlands
5254,5 Series,2018,2,156,petrol,automatic,RWD,111820,7.4,42262,156,4,5,sedan,black,1,no,,Spain
5255,3 Series,2011,3.1,287,hybrid,manual,AWD,221470,6.2,18306,133,4,5,sedan,blue,2,yes,full,UK
5256,X5,2024,3.4,280,hybrid,automatic,AWD,0,6,87800,127,5,5,suv,silver,0,no,full,Italy
5257,X5,2023,3.8,257,petrol,automatic,AWD,18209,11,98135,242,5,5,suv,black,0,no,full,Germany
5258,3 Series,2023,1.8,190,diesel,automatic,AWD,2868,6.9,49957,155,4,5,sedan,silver,0,no,full,Germany
5259,X1,2024,2.3,251,petrol,automatic,AWD,0,8.3,57693,178,5,5,suv,red,1,no,full,USA
5260,i3,2021,0,171,electric,automatic,RWD,17891,0,62947,0,5,4,hatchback,black,0,no,full,Netherlands
5261,5 Series,2017,2.9,257,petrol,automatic,AWD,108696,9.8,53581,204,4,5,sedan,blue,2,no,full,UK
5262,Z4,2005,2,191,petrol,manual,RWD,146597,7.1,35443,164,2,2,convertible,grey,3,,full,USA
5263,i3,2005,0,172,electric,automatic,RWD,134231,0,22784,0,5,4,hatchback,white,4,no,partial,Italy
5264,1 Series,2020,1.7,204,petrol,automatic,FWD,114149,7.9,21986,157,5,5,hatchback,black,1,no,full,Netherlands
5265,5 Series,2007,4.3,289,diesel,automatic,RWD,278548,8.7,24711,209,4,5,sedan,white,3,no,,Turkey
5266,X3,2008,3.2,297,diesel,automatic,RWD,255321,8.3,26467,190,5,5,suv,silver,3,yes,full,Spain
5267,X1,2019,2.1,159,hybrid,automatic,AWD,58082,4.9,42044,117,5,5,suv,blue,1,no,full,UK
5268,i4,2013,0,266,electric,automatic,RWD,105811,0,37819,0,4,5,coupe,black,5,no,none,France
5269,i3,2019,0,159,electric,automatic,RWD,52039,0,50354,0,5,4,hatchback,grey,2,no,partial,Spain
5270,3 Series,2005,2,185,petrol,automatic,AWD,241211,6.9,7346,155,4,5,sedan,black,2,yes,partial,France
5271,5 Series,2007,2.9,246,diesel,automatic,RWD,232264,7.2,21961,147,4,5,sedan,white,3,no,none,UK
5272,X3,2005,2,193,hybrid,automatic,RWD,280772,4.5,19834,97,5,5,suv,white,2,yes,full,Netherlands
5273,X5,2016,3.1,352,diesel,automatic,AWD,134695,8.3,60729,184,5,5,suv,black,4,no,partial,Italy
5274,i4,2009,0,474,electric,automatic,AWD,181222,0,34665,0,4,5,coupe,red,5,yes,none,Germany
5275,1 Series,2021,2.9,292,diesel,automatic,RWD,41574,8.2,32402,187,3,5,hatchback,black,1,no,full,Italy
5276,X3,2014,2,189,petrol,automatic,AWD,138014,7.8,39265,175,5,5,suv,black,3,no,full,Turkey
5277,i4,2007,0,370,electric,automatic,AWD,131601,0,44913,0,4,5,coupe,white,2,no,full,Netherlands
5278,Z4,2013,2.7,250,petrol,automatic,RWD,59509,8.6,43335,208,2,2,convertible,blue,3,yes,partial,Italy
5279,1 Series,2018,1.7,201,diesel,automatic,FWD,97378,4.9,19783,103,3,4,hatchback,red,1,no,partial,Turkey
5280,3 Series,2007,2.5,244,diesel,automatic,RWD,163762,7.6,15905,155,4,5,sedan,white,4,yes,partial,France
5281,X1,2015,1.8,181,hybrid,automatic,AWD,186783,4.5,23619,94,5,5,suv,blue,3,yes,partial,UK
5282,3 Series,2013,1.7,196,petrol,manual,AWD,220205,5.9,15886,146,4,5,sedan,black,5,yes,partial,UK
5283,3 Series,2011,2.5,231,diesel,automatic,AWD,145284,7.2,20703,151,4,5,sedan,black,3,yes,full,USA
5284,7 Series,2023,,364,diesel,automatic,AWD,0,10.1,113175,,4,4,sedan,black,0,,full,Italy
5285,3 Series,2012,2.2,192,diesel,automatic,AWD,166645,8.8,17500,212,4,5,sedan,white,3,yes,partial,Turkey
5286,5 Series,2019,3.9,313,diesel,automatic,AWD,99287,9.3,57699,215,4,5,sedan,grey,4,no,full,UK
5287,3 Series,2005,2.3,208,diesel,automatic,AWD,300000,7,10751,150,4,5,sedan,grey,3,no,none,UK
5288,5 Series,2019,3.9,379,diesel,automatic,AWD,72192,8.5,54859,182,4,5,sedan,white,3,no,partial,USA
5289,X3,2016,2.1,171,hybrid,automatic,AWD,194081,4.8,37908,101,5,5,suv,white,1,no,full,Italy
5290,5 Series,2012,4.2,332,petrol,automatic,RWD,123360,10.6,46740,248,4,5,sedan,white,3,no,full,Spain
5291,1 Series,2006,2.6,217,petrol,manual,FWD,300000,8.8,2640,184,5,4,hatchback,white,3,,none,France
5292,X1,2022,1.5,175,petrol,automatic,FWD,51771,7.6,42467,179,5,5,suv,grey,1,no,full,Italy
5293,3 Series,2013,3.3,227,hybrid,automatic,AWD,92591,5.7,31054,122,4,5,sedan,black,3,no,full,Germany
5294,3 Series,2008,3,257,petrol,manual,AWD,177623,8.2,20620,182,4,5,sedan,white,3,no,full,France
5295,X3,2012,2.4,188,petrol,automatic,RWD,143305,8.3,30999,194,5,5,suv,red,3,yes,partial,Netherlands
5296,1 Series,2024,2.2,211,hybrid,automatic,FWD,0,5,30673,102,5,5,hatchback,white,1,no,full,Spain
5297,3 Series,2013,3.4,313,hybrid,automatic,RWD,43517,5.9,30962,133,4,5,sedan,white,,no,none,France
5298,5 Series,2010,3.2,295,petrol,automatic,RWD,223310,9.7,29193,210,4,5,sedan,blue,3,yes,partial,France
5299,1 Series,2010,2.7,301,hybrid,manual,FWD,147025,5.2,18974,124,3,4,hatchback,black,3,yes,full,France
5300,3 Series,2019,3.3,320,petrol,automatic,AWD,92716,8.3,39224,190,4,5,sedan,white,3,no,full,Turkey
5301,5 Series,2009,2.4,257,petrol,automatic,RWD,137435,8.6,25846,193,4,5,sedan,red,2,yes,partial,Spain
5302,Z4,2013,2.9,235,petrol,automatic,RWD,138494,8.3,37504,177,2,2,convertible,black,4,no,full,Turkey
5303,X5,2011,3.4,329,diesel,automatic,AWD,248410,8.5,53581,165,5,5,suv,white,4,no,partial,UK
5304,1 Series,2005,1.8,213,hybrid,manual,RWD,287147,4.3,2640,105,5,4,hatchback,red,5,yes,full,USA
5305,3 Series,2023,3.3,277,hybrid,automatic,AWD,2686,5.5,43231,119,4,5,sedan,white,0,no,partial,France
5306,5 Series,2012,3.1,274,diesel,automatic,AWD,186937,7.7,32746,170,4,5,sedan,white,5,no,full,Netherlands
5307,5 Series,2017,3.9,314,diesel,automatic,AWD,106282,9.5,47266,217,4,5,sedan,blue,2,no,partial,Turkey
5308,X3,2022,2.6,301,diesel,automatic,RWD,67457,,64649,167,5,5,suv,silver,1,no,full,Netherlands
5309,3 Series,2017,1.8,158,petrol,manual,AWD,71730,8,23589,170,4,5,sedan,black,3,yes,none,UK
5310,1 Series,2022,2.9,278,diesel,automatic,FWD,39709,7.8,31217,158,3,5,hatchback,white,1,no,partial,Netherlands
5311,X3,2024,3.2,289,hybrid,automatic,AWD,0,5.9,63685,148,5,5,suv,red,0,no,partial,Italy
5312,5 Series,2022,3.3,266,hybrid,automatic,RWD,34171,6,63069,,4,5,sedan,silver,1,no,full,Italy
5313,3 Series,2012,2.1,226,petrol,automatic,AWD,262021,8.5,18487,187,4,5,sedan,silver,3,no,partial,USA
5314,i3,2024,0,122,electric,automatic,RWD,0,0,65382,0,5,4,hatchback,black,0,no,full,Spain
5315,i7,2005,0,304,electric,automatic,AWD,296978,0,45838,0,4,4,sedan,white,5,yes,none,Turkey
5316,7 Series,2007,4.2,362,hybrid,automatic,RWD,128922,,49150,138,4,5,sedan,black,3,yes,full,Turkey
5317,1 Series,2023,2.5,170,diesel,automatic,FWD,0,7.2,26328,167,3,4,hatchback,blue,1,,full,USA
5318,1 Series,2015,2,182,petrol,automatic,RWD,149687,7,18961,158,3,4,hatchback,white,2,no,partial,Italy
5319,X7,2020,3.1,272,hybrid,automatic,AWD,116379,5.7,112852,115,5,5,suv,grey,1,no,partial,UK
5320,1 Series,2014,2.6,269,diesel,,FWD,205224,7.4,20050,168,5,5,hatchback,blue,1,no,full,France
5321,Z4,2006,2.2,261,petrol,automatic,RWD,298690,,22015,175,2,2,convertible,black,4,no,partial,UK
5322,3 Series,2011,1.9,158,petrol,manual,RWD,182931,7.2,16200,161,4,5,sedan,silver,4,yes,partial,France
5323,X3,2014,3.5,319,diesel,automatic,AWD,197776,8.4,45884,196,5,5,suv,grey,3,no,full,Spain
5324,5 Series,2016,3.3,244,diesel,automatic,AWD,68783,7.9,34424,183,4,5,sedan,silver,,yes,none,Turkey
5325,5 Series,2012,2.2,224,hybrid,automatic,RWD,146400,4.5,28244,83,4,5,sedan,white,4,yes,partial,Netherlands
5326,X1,2006,1.8,179,hybrid,automatic,FWD,300000,5.1,9219,109,5,5,suv,red,2,yes,partial,USA
5327,X3,2023,2.5,237,hybrid,automatic,RWD,9736,5.1,66534,129,5,5,suv,,0,no,full,France
5328,3 Series,2021,3.2,307,diesel,automatic,AWD,77833,8,43377,174,4,5,sedan,red,0,no,full,Germany
5329,X1,2019,1.8,258,diesel,automatic,AWD,46076,6.6,39578,149,5,5,suv,silver,3,no,full,Turkey
5330,X3,2012,2.2,199,petrol,automatic,AWD,264231,8.9,24989,190,5,5,suv,,4,yes,partial,Turkey
5331,X1,2010,2,157,petrol,automatic,AWD,200326,7.8,20470,161,5,5,suv,black,2,no,full,Netherlands
5332,X3,2015,3.1,279,diesel,automatic,RWD,97281,8.1,39644,179,5,5,suv,white,3,no,partial,USA
5333,i4,2017,0,413,electric,automatic,AWD,68838,0,55563,0,4,5,coupe,grey,4,no,partial,Spain
5334,1 Series,2020,2.8,299,diesel,automatic,RWD,97779,8.2,30396,173,3,5,hatchback,black,1,no,full,USA
5335,7 Series,2009,4.5,338,hybrid,automatic,RWD,152342,7.3,69961,163,4,5,sedan,blue,4,no,full,Turkey
5336,1 Series,2019,1.8,166,petrol,automatic,RWD,81031,7.4,19702,164,3,5,hatchback,white,3,no,partial,Netherlands
5337,Z4,2020,2.6,223,petrol,automatic,RWD,88195,8.2,66259,179,2,2,convertible,white,0,no,full,Germany
5338,5 Series,2005,2,157,hybrid,automatic,RWD,262803,4.4,17126,81,4,5,sedan,white,4,no,partial,Netherlands
5339,X7,2023,3.5,338,diesel,automatic,AWD,24041,8,126700,194,5,5,suv,white,0,no,partial,UK
5340,i3,2024,0,187,electric,automatic,RWD,0,0,67546,0,5,4,hatchback,grey,1,no,full,Germany
5341,1 Series,2013,,170,diesel,manual,RWD,186319,7.1,13364,144,3,4,hatchback,black,2,no,full,Netherlands
5342,X3,2018,2.4,168,hybrid,automatic,RWD,96140,6.1,40808,137,5,5,suv,black,2,yes,full,Germany
5343,X3,2006,2.9,221,petrol,automatic,AWD,300000,9.9,19083,227,5,5,suv,grey,3,no,partial,Germany
5344,3 Series,2015,2.3,158,hybrid,automatic,AWD,88291,4.5,26970,93,4,5,sedan,red,3,no,partial,Germany
5345,3 Series,2015,3,310,diesel,automatic,AWD,147493,7.7,28724,170,4,5,sedan,black,1,yes,full,USA
5346,3 Series,2005,,200,petrol,manual,RWD,222220,9.3,8845,195,4,5,sedan,silver,4,yes,partial,Italy
5347,X3,2010,3,200,petrol,automatic,AWD,196269,9,29854,188,5,5,suv,white,4,no,partial,Italy
5348,1 Series,2014,2.6,274,diesel,manual,FWD,56484,7.1,28362,150,3,5,hatchback,black,1,no,full,Germany
5349,X1,2011,2.3,195,diesel,automatic,AWD,143838,6.1,24994,130,5,5,suv,silver,3,no,partial,UK
5350,7 Series,2023,0,535,electric,automatic,RWD,15077,0,125646,0,4,5,sedan,,1,no,partial,Spain
5351,3 Series,2007,1.9,160,hybrid,manual,RWD,300000,4.4,6074,91,4,5,sedan,blue,5,yes,partial,Italy
5352,X1,2024,2.4,203,diesel,automatic,AWD,0,7.2,50851,150,5,5,suv,silver,0,no,full,Germany
5353,3 Series,2014,3,302,petrol,manual,RWD,154227,9.2,26960,197,4,5,sedan,white,2,no,full,Netherlands
5354,3 Series,2019,2.3,258,diesel,automatic,RWD,0,7.6,41873,166,4,5,sedan,white,2,no,full,UK
5355,1 Series,2012,1.8,159,hybrid,automatic,FWD,138336,4.2,10774,99,5,5,hatchback,black,2,yes,partial,Turkey
5356,X3,2017,3.1,269,diesel,automatic,AWD,176124,7.6,50771,160,5,5,suv,white,1,no,partial,Germany
5357,7 Series,2023,0,456,electric,automatic,AWD,11779,0,158363,0,4,4,sedan,silver,1,no,full,Germany
5358,5 Series,2007,4.1,300,petrol,automatic,AWD,224529,10.5,27779,227,4,5,sedan,black,4,no,partial,Netherlands
5359,Z4,2005,2.1,215,petrol,automatic,RWD,250539,7.9,24129,170,2,2,convertible,white,3,no,full,UK
5360,5 Series,2022,2.3,249,petrol,automatic,RWD,18202,8.5,67081,193,4,5,sedan,white,1,no,full,Netherlands
5361,3 Series,2017,2.5,275,petrol,automatic,AWD,103683,9.5,32288,,4,5,sedan,black,2,yes,partial,USA
5362,i4,2013,0,359,electric,automatic,RWD,98604,0,59943,0,4,5,coupe,white,5,no,full,France
5363,7 Series,2008,4.4,404,petrol,automatic,AWD,231838,11.8,59519,264,4,5,sedan,red,2,no,none,Germany
5364,X3,2024,3.2,316,diesel,automatic,RWD,0,7.8,75286,180,5,5,suv,black,0,no,full,Italy
5365,i3,2022,0,177,electric,automatic,RWD,38765,0,56260,0,5,4,hatchback,blue,1,no,partial,Spain
5366,X1,2020,2.4,212,petrol,automatic,AWD,68934,8.7,36790,182,5,5,suv,blue,1,no,partial,Turkey
5367,X3,2008,3.4,233,petrol,automatic,AWD,200779,9.9,26777,215,5,5,suv,white,2,,partial,UK
5368,3 Series,2019,1.8,231,petrol,automatic,RWD,67583,7.5,39846,155,4,5,sedan,red,1,no,full,UK
5369,5 Series,2022,3.6,343,petrol,,RWD,36226,9.6,70974,195,4,5,sedan,white,1,no,full,Germany
5370,i4,2023,0,357,electric,automatic,AWD,3639,0,86479,0,4,5,coupe,white,1,no,full,Italy
5371,3 Series,2024,2.7,209,hybrid,automatic,AWD,0,5.3,43151,114,4,5,sedan,silver,0,no,full,USA
5372,1 Series,2008,2.2,239,petrol,manual,FWD,300000,7.9,7370,171,5,5,hatchback,red,4,yes,partial,Netherlands
5373,X7,2023,3.2,285,hybrid,automatic,AWD,27969,5.8,123753,125,5,5,suv,grey,0,no,full,USA
5374,3 Series,2022,3.3,248,diesel,automatic,RWD,36087,8,39857,173,4,5,sedan,blue,1,no,partial,Germany
5375,i7,2021,0,700,electric,automatic,AWD,30612,0,157654,0,4,5,sedan,black,0,yes,full,Spain
5376,X3,2016,3.1,299,hybrid,automatic,RWD,143802,5.7,49323,136,5,5,suv,red,4,no,partial,Germany
5377,5 Series,2022,2.1,221,hybrid,automatic,AWD,39903,5.4,59900,123,4,5,sedan,grey,1,no,full,Turkey
5378,i7,2024,0,444,electric,automatic,RWD,8596,0,185246,0,4,5,sedan,grey,1,no,full,Italy
5379,3 Series,2013,3,300,hybrid,automatic,RWD,217701,5.7,30733,133,4,5,sedan,black,3,no,full,Spain
5380,3 Series,2006,2.2,194,petrol,automatic,RWD,220237,8,8582,174,4,5,sedan,grey,3,yes,none,Turkey
5381,X3,2019,2.7,202,petrol,automatic,RWD,109978,8.2,51399,186,5,5,suv,black,2,no,full,Turkey
5382,X3,2014,2.8,245,diesel,automatic,AWD,165556,7.7,39310,184,5,5,suv,white,1,no,none,Turkey
5383,1 Series,2018,2,229,petrol,automatic,FWD,62929,7.5,19337,164,5,5,hatchback,black,2,yes,full,Italy
5384,X7,2018,3.6,323,diesel,automatic,AWD,104156,8.1,106957,159,5,5,suv,black,,no,full,Netherlands
5385,X5,2010,3.1,326,hybrid,automatic,AWD,210477,6.1,49054,118,5,5,suv,grey,3,no,partial,France
5386,7 Series,2014,4,333,diesel,automatic,RWD,234705,8.4,69116,185,4,4,sedan,white,2,yes,partial,UK
5387,1 Series,2017,1.8,156,petrol,automatic,RWD,129009,8,14868,181,5,4,hatchback,black,4,no,full,Turkey
5388,X3,2020,2.3,158,petrol,automatic,AWD,40453,8.1,53800,186,5,5,suv,black,1,no,partial,UK
5389,7 Series,2024,3.5,341,petrol,automatic,AWD,0,9.5,112179,198,4,5,sedan,white,1,,full,Italy
5390,X3,2017,3.4,274,hybrid,automatic,RWD,48824,5.4,58111,115,5,5,suv,black,1,no,full,Spain
5391,X3,2023,2.3,184,diesel,automatic,RWD,11395,,55821,150,5,5,suv,blue,0,no,full,Turkey
5392,X5,2018,3.5,367,hybrid,,AWD,92200,,77512,128,5,5,suv,blue,1,no,full,UK
5393,1 Series,2022,1.5,122,petrol,automatic,FWD,50687,7.2,21122,172,5,5,hatchback,white,,yes,partial,Spain
5394,5 Series,2018,4.1,304,petrol,automatic,RWD,57002,9.9,55119,234,4,5,sedan,silver,2,no,full,Turkey
5395,3 Series,2018,1.7,188,diesel,manual,RWD,106212,5.8,27492,115,4,5,sedan,black,2,,partial,Turkey
5396,1 Series,2020,2.3,236,petrol,automatic,RWD,38833,7.6,29370,178,3,4,hatchback,blue,0,no,full,Turkey
5397,1 Series,2022,2.2,172,petrol,automatic,RWD,34212,7.6,32544,179,3,4,hatchback,blue,0,no,full,Germany
5398,3 Series,2011,3,320,diesel,manual,AWD,249277,8.4,21854,179,4,5,sedan,blue,3,yes,partial,Spain
5399,3 Series,2021,3,283,petrol,automatic,AWD,45569,,43660,208,4,5,sedan,black,1,no,full,USA
5400,7 Series,2024,0,397,electric,automatic,AWD,0,0,132794,0,4,5,sedan,white,0,no,full,Netherlands
5401,7 Series,2019,3.2,352,petrol,automatic,RWD,86389,9.6,102938,205,4,4,sedan,red,1,no,partial,UK
5402,5 Series,2012,2.1,219,hybrid,automatic,AWD,76095,4.6,40250,96,4,5,sedan,white,2,no,partial,Germany
5403,3 Series,2011,3,287,petrol,automatic,RWD,165137,9.7,20850,219,4,5,sedan,black,3,no,,Germany
5404,X7,2006,3.8,313,hybrid,automatic,AWD,174440,6.5,45598,136,5,5,suv,grey,2,yes,none,Spain
5405,i4,2013,0,260,electric,automatic,RWD,172023,0,47235,0,4,5,coupe,blue,2,no,partial,Netherlands
5406,Z4,2024,2.9,309,petrol,automatic,RWD,7841,8.5,77506,193,2,2,convertible,silver,0,no,full,Spain
5407,X3,2010,2.4,201,petrol,automatic,AWD,284610,9,21643,197,5,5,suv,black,4,no,full,Turkey
5408,X1,2016,2,193,petrol,automatic,AWD,85529,8.1,38361,172,5,5,suv,red,2,no,full,Italy
5409,7 Series,2016,4.4,389,hybrid,automatic,RWD,125561,7.3,87239,144,4,5,sedan,white,3,no,partial,Germany
5410,X1,2005,2.1,182,diesel,automatic,AWD,300000,6.8,7847,161,5,5,suv,white,3,yes,partial,Spain
5411,5 Series,2014,3.5,308,diesel,automatic,AWD,161673,9.3,42575,208,4,5,sedan,white,2,no,partial,UK
5412,X1,2017,2.1,241,hybrid,automatic,AWD,127457,4.4,30622,101,5,5,suv,red,3,yes,full,Turkey
5413,i7,2023,0,532,electric,automatic,RWD,15444,0,191573,0,4,5,sedan,red,0,no,full,Italy
5414,Z4,2022,2.6,245,petrol,automatic,RWD,16571,8.7,58553,181,2,2,convertible,silver,1,yes,partial,Germany
5415,i7,2018,0,444,electric,automatic,RWD,26992,0,115888,0,4,5,sedan,white,2,no,partial,Turkey
5416,7 Series,2017,3.3,249,hybrid,automatic,AWD,93281,5.5,83427,,4,5,sedan,red,1,no,partial,Germany
5417,5 Series,2012,3.3,322,hybrid,automatic,AWD,137956,5.7,43207,131,4,5,sedan,silver,4,no,full,Spain
5418,5 Series,2017,3.7,288,diesel,automatic,RWD,31965,8.3,44347,181,4,5,sedan,black,2,yes,full,Spain
5419,X1,2024,1.6,215,diesel,automatic,AWD,0,6.1,45739,138,5,5,suv,black,1,no,partial,Spain
5420,i7,2023,0,316,electric,automatic,AWD,0,0,162720,0,4,5,sedan,white,0,no,full,USA
5421,X1,2010,1.6,198,petrol,automatic,FWD,194495,7.4,15734,163,5,5,suv,blue,5,yes,none,Spain
5422,i4,2005,0,474,electric,automatic,RWD,231430,0,39232,0,4,5,coupe,silver,5,no,partial,Spain
5423,X7,2007,3.8,336,petrol,,AWD,295364,9.7,48703,237,5,5,suv,grey,5,yes,partial,USA
5424,i3,2020,0,173,electric,automatic,RWD,54411,0,49413,0,5,4,hatchback,black,1,no,partial,Spain
5425,X7,2012,3.8,354,hybrid,automatic,AWD,109974,6.3,74536,132,5,5,suv,black,3,yes,partial,UK
5426,5 Series,2022,3.4,325,petrol,automatic,RWD,50820,9.2,67604,201,4,5,sedan,black,0,no,full,Germany
5427,X1,2017,1.7,180,petrol,automatic,FWD,65329,7.2,37196,158,5,5,suv,white,1,no,partial,Italy
5428,X1,2018,1.7,186,diesel,automatic,AWD,66618,6.8,32449,155,5,5,suv,black,2,yes,full,Turkey
5429,X7,2007,4,357,hybrid,automatic,AWD,191436,6.9,54004,161,5,5,suv,silver,2,yes,partial,Turkey
5430,X1,2013,1.8,195,hybrid,automatic,AWD,183396,5,25883,121,5,5,suv,grey,2,no,partial,Italy
5431,X3,2021,2.6,191,petrol,automatic,AWD,34110,7.8,53349,163,5,5,suv,black,0,no,none,USA
5432,3 Series,2013,2.3,237,hybrid,automatic,RWD,284818,4.7,14923,106,4,5,sedan,blue,4,no,partial,Italy
5433,X1,2015,2.4,200,diesel,automatic,FWD,104170,7,26545,162,5,5,suv,white,3,yes,partial,Netherlands
5434,3 Series,2006,3.4,211,diesel,automatic,RWD,286427,8.1,7681,174,4,5,sedan,red,2,no,full,Germany
5435,X3,2022,3.5,330,petrol,automatic,RWD,19477,9.7,58550,207,5,5,suv,,2,no,partial,Netherlands
5436,X3,2014,2.8,287,petrol,automatic,RWD,114029,8.8,52415,187,5,5,suv,grey,1,,full,Germany
5437,X7,2024,3.6,310,hybrid,automatic,AWD,0,6.4,118360,142,5,5,suv,white,0,no,full,Spain
5438,5 Series,2009,3.2,264,diesel,automatic,AWD,238618,,32033,186,4,5,sedan,black,2,no,full,Italy
5439,5 Series,2023,2,180,petrol,automatic,AWD,25643,8.6,58041,191,4,5,sedan,blue,0,no,full,UK
5440,5 Series,2022,3,293,hybrid,automatic,RWD,34427,6,68797,146,4,5,sedan,grey,1,no,full,France
5441,3 Series,2023,2.4,263,diesel,automatic,RWD,22838,7.6,43536,169,4,5,sedan,grey,0,no,partial,Netherlands
5442,5 Series,2019,3.8,295,diesel,automatic,AWD,110799,9,53369,185,4,5,sedan,white,2,no,partial,Germany
5443,i3,2024,0,167,electric,automatic,RWD,0,0,67678,0,5,4,hatchback,white,1,no,full,Netherlands
5444,X1,2022,2.3,223,petrol,automatic,FWD,40688,9.2,43149,179,5,5,suv,black,1,no,full,Italy
5445,X3,2023,2.8,306,hybrid,automatic,RWD,0,5.8,63732,119,5,5,suv,blue,0,no,full,Italy
5446,X1,2011,2.1,260,hybrid,automatic,FWD,124663,5.3,25846,112,5,5,suv,blue,3,yes,partial,Turkey
5447,5 Series,2017,2.8,232,diesel,automatic,AWD,123876,7.3,44684,142,4,5,sedan,red,2,no,full,France
5448,1 Series,2019,1.5,186,diesel,automatic,RWD,83378,6.7,23084,160,3,4,hatchback,grey,1,no,partial,France
5449,1 Series,2013,2.2,255,hybrid,manual,FWD,146270,5.6,15379,119,3,4,hatchback,black,2,no,none,UK
5450,3 Series,2012,3.2,308,diesel,automatic,AWD,119916,7.4,31437,173,4,5,sedan,white,5,no,full,USA
5451,X3,2022,2.4,200,petrol,automatic,RWD,10382,7.4,65231,160,5,5,suv,silver,0,no,full,Italy
5452,X7,2017,3.1,317,hybrid,automatic,AWD,110078,5.6,97967,133,5,5,suv,black,4,no,partial,Netherlands
5453,5 Series,2009,3.1,337,diesel,automatic,AWD,233887,8.2,34140,179,4,5,sedan,grey,5,no,partial,UK
5454,X3,2023,2.1,180,petrol,,AWD,0,7.8,58527,169,5,5,suv,black,0,no,partial,Germany
5455,X5,2017,3.6,319,petrol,automatic,AWD,157197,9.6,59129,221,5,5,suv,white,1,yes,partial,France
5456,1 Series,2020,2.8,332,petrol,automatic,FWD,82662,8.7,34188,196,5,4,hatchback,white,1,no,full,USA
5457,1 Series,2012,2.3,164,hybrid,automatic,FWD,150477,4.4,11827,107,5,5,hatchback,grey,4,no,full,Netherlands
5458,X5,2014,4.2,403,diesel,automatic,AWD,91273,9.5,65600,213,5,5,suv,black,3,no,full,Italy
5459,3 Series,2016,1.7,200,petrol,,RWD,108480,7.4,26697,170,4,5,sedan,red,3,yes,full,USA
5460,3 Series,2024,1.9,167,diesel,automatic,RWD,0,7.2,44809,161,4,5,sedan,silver,0,no,full,Italy
5461,X1,2016,2.4,186,diesel,automatic,FWD,67524,7.8,33853,174,5,5,suv,black,2,no,partial,France
5462,3 Series,2006,2.1,204,hybrid,automatic,RWD,140095,4.9,20761,95,4,5,sedan,white,3,yes,full,USA
5463,X5,2023,4.1,395,petrol,automatic,AWD,3239,12.3,93772,280,5,5,suv,black,1,no,partial,France
5464,5 Series,2021,3.2,335,hybrid,automatic,RWD,66473,5.9,58431,128,4,5,sedan,red,2,no,full,Spain
5465,5 Series,2005,2.9,281,hybrid,automatic,RWD,280186,5.7,23092,126,4,5,sedan,grey,3,no,full,USA
5466,1 Series,2015,1.8,188,petrol,automatic,RWD,200981,9.3,15155,192,5,4,hatchback,black,1,no,full,Turkey
5467,1 Series,2018,1.7,135,petrol,automatic,FWD,93636,7.8,18694,162,5,4,hatchback,white,2,no,full,Spain
5468,X5,2010,3.7,312,diesel,automatic,AWD,212900,8.8,47565,198,5,5,suv,white,5,yes,full,Turkey
5469,3 Series,2017,2,237,hybrid,automatic,AWD,111741,4.8,24638,115,4,5,sedan,black,3,yes,none,USA
5470,7 Series,2022,0,357,electric,automatic,RWD,39762,0,113587,0,4,5,sedan,silver,1,no,full,Turkey
5471,X5,2005,3.1,312,diesel,automatic,AWD,300000,9,31726,203,5,5,suv,white,,no,partial,Netherlands
5472,5 Series,2013,2.3,244,hybrid,automatic,AWD,169913,4.8,33711,92,4,5,sedan,white,5,no,none,UK
5473,X3,2005,2.4,235,hybrid,automatic,AWD,300000,4.8,16777,102,5,5,suv,white,4,yes,partial,Spain
5474,3 Series,2014,3,326,petrol,automatic,RWD,141468,9.1,34533,203,4,5,sedan,blue,1,no,partial,Germany
5475,X3,2016,2.6,195,petrol,automatic,AWD,116064,9.6,45598,214,5,5,suv,grey,1,no,full,Turkey
5476,7 Series,2023,5,407,diesel,automatic,AWD,9507,10.4,113309,245,4,5,sedan,black,1,no,partial,USA
5477,3 Series,2008,2.7,285,diesel,automatic,AWD,254540,6.8,21490,146,4,5,sedan,white,4,no,full,Germany
5478,3 Series,2014,2.7,236,petrol,manual,AWD,84437,9.5,30945,212,4,5,sedan,silver,1,no,partial,France
5479,X7,2023,4.2,408,diesel,automatic,AWD,0,9.5,132559,211,5,5,suv,silver,1,no,full,Netherlands
5480,3 Series,2019,,241,diesel,automatic,RWD,86517,8.2,36810,197,4,5,sedan,grey,3,no,full,France
5481,X1,2014,2.5,249,petrol,automatic,AWD,228361,9.3,24971,214,5,5,suv,white,1,no,full,Italy
5482,1 Series,2022,2.7,239,diesel,automatic,RWD,23577,7.1,26954,146,5,5,hatchback,silver,1,yes,full,Germany
5483,1 Series,2022,1.7,138,petrol,automatic,RWD,16730,7.3,26742,178,5,5,hatchback,white,1,no,full,UK
5484,1 Series,2014,2.6,233,diesel,automatic,RWD,154256,7.6,16647,160,3,4,hatchback,black,2,no,partial,UK
5485,7 Series,2005,3.9,308,petrol,automatic,RWD,300000,9.8,49759,216,4,4,sedan,white,5,no,partial,USA
5486,X1,2018,1.6,146,petrol,automatic,FWD,113474,6.8,23205,164,5,5,suv,grey,3,yes,partial,Turkey
5487,i7,2012,0,429,electric,automatic,RWD,182835,0,123119,0,4,5,sedan,silver,2,no,full,France
5488,i3,2011,0,198,electric,automatic,RWD,133994,0,30799,0,5,4,hatchback,black,2,,full,Germany
5489,3 Series,2012,2.1,164,diesel,automatic,RWD,171576,6.3,17341,116,4,5,sedan,black,3,yes,partial,Germany
5490,7 Series,2023,4,340,diesel,automatic,RWD,12825,9.7,119786,213,4,5,sedan,blue,0,no,full,France
5491,1 Series,2014,2.4,210,diesel,automatic,FWD,169055,7.5,17237,166,3,4,hatchback,black,1,no,full,Netherlands
5492,i4,2012,0,189,electric,automatic,AWD,155990,0,44130,0,4,5,coupe,blue,5,no,full,France
5493,7 Series,2017,4.7,413,petrol,automatic,AWD,65072,11.3,91307,244,4,5,sedan,silver,2,no,full,Germany
5494,i3,2023,,153,electric,automatic,RWD,20204,0,60372,0,5,4,hatchback,black,0,no,full,France
5495,i7,2012,0,405,electric,automatic,RWD,222415,0,113346,0,4,4,sedan,white,3,no,full,UK
5496,3 Series,2024,2,210,hybrid,automatic,RWD,0,4.5,45006,104,4,5,sedan,black,1,no,full,USA
5497,3 Series,2006,2.8,238,hybrid,automatic,RWD,243591,5.4,12935,,4,5,sedan,blue,4,yes,none,France
5498,5 Series,2015,4,352,petrol,automatic,AWD,137775,10.6,47461,221,4,5,sedan,black,2,no,,Italy
5499,Z4,2016,2.9,289,petrol,automatic,RWD,104178,9.2,53442,197,2,2,convertible,white,2,,full,Spain
5500,i4,2014,0,346,electric,automatic,RWD,178366,0,56682,0,4,5,coupe,black,2,no,full,France
5501,X5,2012,4.1,368,diesel,automatic,AWD,255701,8.9,48194,195,5,5,suv,white,3,no,none,Netherlands
5502,X7,2018,4.3,371,hybrid,automatic,AWD,109100,7,85006,144,5,5,suv,silver,2,no,partial,Turkey
5503,3 Series,2022,2.8,268,diesel,automatic,AWD,14531,7.7,47382,167,4,5,sedan,silver,2,no,full,UK
5504,X1,2015,1.9,192,hybrid,automatic,FWD,143366,,25203,92,5,5,suv,white,1,yes,full,Italy
5505,i7,2024,0,516,electric,automatic,AWD,0,0,203995,0,4,4,sedan,silver,0,no,full,USA
5506,X3,2006,,154,petrol,automatic,RWD,188274,8.2,17315,190,5,5,suv,black,3,yes,partial,Netherlands
5507,i7,2017,0,558,electric,automatic,AWD,24824,0,129038,0,4,5,sedan,black,1,yes,full,UK
5508,X1,2024,2.3,219,diesel,automatic,AWD,3225,6.3,50267,144,5,5,suv,grey,1,no,full,Italy
5509,3 Series,2007,1.7,231,hybrid,automatic,RWD,300000,3.7,11574,90,4,5,sedan,grey,3,yes,partial,Spain
5510,X5,2015,3.8,349,diesel,automatic,AWD,192258,8.3,63468,182,5,5,suv,blue,3,no,partial,Germany
5511,3 Series,2013,3.5,261,petrol,automatic,AWD,158095,8.3,28832,172,4,5,sedan,silver,5,no,full,France
5512,7 Series,2019,4.6,363,hybrid,automatic,RWD,39252,7.2,99370,166,4,5,sedan,black,3,no,partial,France
5513,3 Series,2017,3.4,272,petrol,automatic,AWD,92296,10.1,35294,228,4,5,sedan,,1,no,partial,Spain
5514,X3,2012,2.3,217,hybrid,automatic,RWD,121473,5,35149,114,5,5,suv,grey,4,no,none,Germany
5515,X5,2022,3.6,314,diesel,automatic,AWD,33908,9.2,74213,211,5,5,suv,white,1,yes,full,USA
5516,1 Series,2024,2.4,254,diesel,automatic,RWD,6844,5.9,35554,143,5,4,hatchback,black,0,no,full,Spain
5517,i3,2020,0,200,electric,automatic,RWD,86991,0,49650,0,5,4,hatchback,white,1,no,partial,USA
5518,i7,2021,0,421,electric,automatic,RWD,44643,0,171346,0,4,4,sedan,white,1,no,full,Netherlands
5519,3 Series,2023,,131,petrol,automatic,AWD,32382,8,38736,197,4,5,sedan,black,1,no,full,Turkey
5520,3 Series,2018,2.4,257,hybrid,automatic,AWD,45493,5.4,32542,124,4,5,sedan,silver,2,yes,partial,UK
5521,X5,2012,3.6,266,petrol,automatic,AWD,64754,8.9,55201,210,5,5,suv,black,2,no,partial,Netherlands
5522,3 Series,2015,2.8,283,hybrid,automatic,AWD,207116,5,24495,93,4,5,sedan,white,1,,full,Germany
5523,X5,2017,3.2,292,petrol,automatic,AWD,133145,8.6,66361,180,5,5,suv,red,3,no,full,Italy
5524,X1,2015,2.3,158,diesel,automatic,AWD,156469,7.3,30724,172,5,5,suv,white,1,no,full,Germany
5525,3 Series,2023,2.8,188,petrol,automatic,RWD,13807,8.5,44315,173,4,5,sedan,,,no,full,Spain
5526,i4,2010,,444,electric,automatic,RWD,207527,0,34828,0,4,5,coupe,white,2,yes,partial,UK
5527,X1,2018,1.5,122,hybrid,automatic,FWD,72518,,30898,80,5,5,suv,grey,3,no,partial,UK
5528,X1,2012,1.6,127,diesel,automatic,AWD,152900,5.7,23283,126,5,5,suv,white,3,no,partial,USA
5529,X1,2009,2.3,246,diesel,automatic,AWD,170936,7.4,20706,161,5,5,suv,white,3,no,partial,Spain
5530,3 Series,2014,3,280,hybrid,manual,RWD,154419,5.8,30469,,4,5,sedan,silver,2,no,full,USA
5531,X1,2009,2.3,246,hybrid,automatic,FWD,109036,5.4,33172,139,5,5,suv,red,2,no,full,UK
5532,X1,2009,2.2,241,diesel,automatic,FWD,179396,6.9,20824,152,5,5,suv,,3,yes,full,France
5533,1 Series,2024,2,213,hybrid,automatic,FWD,22924,4.7,32952,114,3,5,hatchback,white,0,no,full,Netherlands
5534,7 Series,2007,3,267,diesel,automatic,RWD,239347,7.8,50103,169,4,4,sedan,blue,3,no,full,Turkey
5535,X1,2018,1.7,131,hybrid,automatic,AWD,74112,3.9,30539,85,5,5,suv,black,2,yes,full,Italy
5536,X3,2013,2.8,311,hybrid,automatic,AWD,214923,6.3,37540,144,5,5,suv,black,4,no,full,Italy
5537,5 Series,2014,2.1,208,hybrid,automatic,RWD,160042,4.9,36843,113,4,5,sedan,silver,3,no,partial,Turkey
5538,5 Series,2011,3,197,petrol,automatic,AWD,169518,9.1,29461,200,4,5,sedan,grey,2,no,none,UK
5539,3 Series,2007,2.5,214,diesel,manual,RWD,300000,7.4,7346,172,4,5,sedan,white,3,yes,partial,UK
5540,X5,2016,4,376,diesel,automatic,AWD,119639,9.4,69779,,5,5,suv,silver,2,no,partial,France
5541,7 Series,2015,3.1,261,diesel,automatic,RWD,146588,7.8,68124,174,4,5,sedan,blue,3,yes,full,Spain
5542,X5,2015,4.3,398,petrol,automatic,AWD,99413,10.6,58038,237,5,5,suv,red,1,yes,partial,UK
5543,3 Series,2014,2.6,172,diesel,manual,RWD,204344,7.4,24575,163,4,5,sedan,black,1,no,full,Netherlands
5544,3 Series,2020,2.5,263,petrol,automatic,RWD,57234,8.7,42418,,4,5,sedan,black,1,no,full,France
5545,i4,2021,0,390,electric,automatic,RWD,59532,0,90499,0,4,5,coupe,black,2,no,full,Netherlands
5546,X7,2018,4.3,319,diesel,automatic,AWD,118236,9.6,88428,208,5,5,suv,silver,2,yes,partial,France
5547,X1,2013,2.3,206,hybrid,automatic,AWD,159951,5.2,23036,109,5,5,suv,grey,2,no,none,Turkey
5548,i4,2014,0,318,electric,automatic,AWD,112402,0,45211,0,4,5,coupe,black,1,no,none,UK
5549,X5,2005,3.4,339,petrol,automatic,AWD,191730,9.5,42899,213,5,5,suv,black,,no,partial,Spain
5550,7 Series,2009,3.5,339,hybrid,automatic,RWD,255967,6,56095,113,4,4,sedan,black,4,no,partial,Spain
5551,X3,2021,2.9,319,petrol,automatic,AWD,53979,10.2,58173,210,5,5,suv,red,1,no,full,France
5552,X7,2018,3.9,373,diesel,automatic,AWD,124893,8.9,104525,197,5,5,suv,black,2,no,partial,Germany
5553,3 Series,2017,3.1,271,hybrid,automatic,AWD,70599,5.7,34110,131,4,5,sedan,white,1,no,full,Turkey
5554,5 Series,2006,2.1,252,petrol,automatic,AWD,240895,7.7,22326,166,4,5,sedan,red,3,no,partial,Italy
5555,X7,2023,3.1,220,petrol,automatic,AWD,33840,8.8,106459,188,5,5,suv,black,0,no,none,Germany
5556,5 Series,2014,3.7,260,diesel,automatic,RWD,210803,9.2,41921,212,4,5,sedan,black,1,no,full,Italy
5557,7 Series,2018,4,333,diesel,automatic,AWD,157587,10.3,75870,233,4,5,sedan,red,1,yes,full,UK
5558,X1,2023,2.1,205,petrol,automatic,AWD,25167,7.3,53242,171,5,5,suv,black,0,no,,USA
5559,3 Series,2021,2.8,296,hybrid,automatic,RWD,53768,5.6,46078,112,4,5,sedan,blue,2,no,full,UK
5560,X1,2018,2.4,213,hybrid,automatic,AWD,127230,5.5,35022,129,5,5,suv,blue,2,no,partial,Italy
5561,3 Series,2019,2.9,212,petrol,automatic,AWD,55780,8,39768,160,4,5,sedan,white,2,no,full,Germany
5562,X7,2020,3.4,293,hybrid,automatic,AWD,75497,6.4,110100,150,5,5,suv,red,1,no,full,Turkey
5563,X1,2012,2.4,198,hybrid,automatic,FWD,157211,,21638,103,5,5,suv,grey,4,no,none,USA
5564,X1,2019,2.4,206,hybrid,automatic,FWD,72598,5.2,44286,118,5,5,suv,black,,no,full,Germany
5565,X5,2017,3.4,265,hybrid,automatic,AWD,118319,6,60201,123,5,5,suv,red,2,no,partial,Italy
5566,X3,2015,3.1,278,hybrid,automatic,RWD,146908,5.3,39261,117,5,5,suv,black,1,no,none,Turkey
5567,i7,2024,0,394,electric,automatic,AWD,0,0,195147,0,4,5,sedan,red,0,no,full,Italy
5568,1 Series,2023,2.7,251,hybrid,automatic,FWD,0,5.9,35434,123,5,4,hatchback,black,0,no,full,UK
5569,7 Series,2020,4.8,422,petrol,automatic,RWD,68545,12.5,99762,286,4,5,sedan,silver,0,no,full,USA
5570,1 Series,2023,,216,diesel,automatic,FWD,5953,6.2,29405,126,5,5,hatchback,white,0,no,partial,UK
5571,3 Series,2017,2.2,154,diesel,manual,AWD,94497,6.7,27549,147,4,5,sedan,grey,4,no,full,USA
5572,X3,2021,2.5,243,hybrid,automatic,AWD,74902,4.6,60479,97,5,5,suv,white,1,no,full,France
5573,X7,2018,4.3,351,diesel,automatic,AWD,101675,10,105414,228,5,5,suv,blue,4,no,full,USA
5574,i4,2024,0,349,electric,automatic,AWD,28072,0,86586,0,4,5,coupe,silver,0,no,full,Turkey
5575,i3,2007,0,158,electric,automatic,RWD,249129,0,12985,0,5,4,hatchback,white,2,yes,partial,UK
5576,X7,2010,3.3,309,petrol,automatic,AWD,300000,9.8,57394,,5,5,suv,grey,4,yes,full,UK
5577,3 Series,2006,2.8,296,diesel,automatic,RWD,250274,8.2,11333,169,4,5,sedan,black,4,no,none,UK
5578,1 Series,2017,3,259,hybrid,automatic,RWD,116608,4.9,24512,110,5,5,hatchback,black,2,no,full,UK
5579,X3,2016,2.1,223,hybrid,automatic,AWD,119606,5.1,36265,104,5,5,suv,silver,2,yes,full,Turkey
5580,X5,2009,3.9,347,petrol,automatic,AWD,105122,10.5,61130,219,5,5,suv,white,4,no,full,Italy
5581,3 Series,2024,2.7,176,hybrid,automatic,AWD,26086,5.1,41088,110,4,5,sedan,black,0,no,full,Netherlands
5582,X1,2023,2,182,diesel,automatic,FWD,13573,6,45265,145,5,5,suv,black,0,no,full,Spain
5583,3 Series,2017,1.6,170,diesel,automatic,AWD,94821,6.4,30503,125,4,5,sedan,black,2,no,full,UK
5584,X3,2024,3.3,252,petrol,automatic,RWD,377,9.1,65611,207,5,5,suv,red,0,no,partial,USA
5585,X7,2023,3.5,312,diesel,automatic,AWD,26463,8.5,103731,188,5,5,suv,red,,yes,full,Spain
5586,3 Series,2012,2.5,251,diesel,automatic,AWD,300000,8,20042,182,4,5,sedan,blue,5,yes,full,Netherlands
5587,1 Series,2023,2.1,152,diesel,manual,RWD,19428,6.3,28380,147,5,4,hatchback,black,1,no,partial,Netherlands
5588,X1,2014,2.2,167,diesel,automatic,AWD,170627,6.7,25441,129,5,5,suv,grey,3,no,full,USA
5589,X1,2024,1.9,181,hybrid,automatic,FWD,4940,5.5,49197,114,5,5,suv,red,0,no,full,Germany
5590,Z4,2019,2.5,180,petrol,automatic,RWD,79171,7.8,51557,176,2,2,convertible,blue,3,no,none,UK
5591,i3,2011,0,210,electric,automatic,RWD,153418,0,31192,0,5,4,hatchback,black,4,no,partial,Italy
5592,5 Series,2009,3.1,279,hybrid,automatic,AWD,231744,6.3,33011,130,4,5,sedan,white,4,yes,partial,Germany
5593,X1,2010,2,145,petrol,automatic,AWD,241655,7.4,19764,171,5,5,suv,white,3,,partial,Germany
5594,5 Series,2011,2.5,248,hybrid,automatic,AWD,110730,5.1,29724,95,4,5,sedan,white,2,yes,none,Germany
5595,i3,2023,0,192,electric,automatic,RWD,22407,0,69990,0,5,4,hatchback,black,0,no,full,Netherlands
5596,X3,2008,2.4,203,diesel,automatic,AWD,159158,6.1,25870,125,5,5,suv,silver,5,yes,full,Germany
5597,Z4,2011,2,235,petrol,manual,RWD,236110,8.4,40969,181,2,2,convertible,white,4,no,full,Italy
5598,3 Series,2008,1.8,136,diesel,automatic,AWD,234942,6.3,9484,119,4,5,sedan,black,,yes,full,UK
5599,5 Series,2010,3.5,362,petrol,automatic,RWD,113161,9.2,49653,200,4,5,sedan,black,3,no,full,UK
5600,1 Series,2023,2,241,petrol,automatic,FWD,28414,8.4,29493,185,3,4,hatchback,red,1,no,full,France
5601,5 Series,2009,2.9,293,hybrid,automatic,AWD,124846,5.8,41546,114,4,5,sedan,black,3,no,full,Netherlands
5602,5 Series,2019,2,155,hybrid,automatic,RWD,89282,4.4,40594,88,4,5,sedan,black,1,no,partial,Turkey
5603,X3,2011,2,242,petrol,automatic,AWD,105277,8.4,35423,194,5,5,suv,white,3,no,full,Spain
5604,1 Series,2014,1.8,161,petrol,automatic,FWD,99165,7.4,13944,162,3,4,hatchback,white,1,no,partial,Spain
5605,5 Series,2018,3.8,338,hybrid,automatic,RWD,98466,6.1,45031,126,4,5,sedan,white,1,,partial,France
5606,X5,2018,3.5,339,diesel,automatic,AWD,103820,9.1,82759,202,5,5,suv,black,1,no,full,Netherlands
5607,i7,2006,0,571,electric,automatic,RWD,285108,0,97605,0,4,5,sedan,grey,4,no,full,Germany
5608,1 Series,2023,1.7,190,hybrid,automatic,FWD,0,4.4,30612,101,5,5,hatchback,white,1,no,full,Turkey
5609,3 Series,2011,2.9,260,petrol,manual,RWD,186614,8.3,19334,187,4,5,sedan,black,4,no,partial,UK
5610,i3,2021,0,172,electric,automatic,RWD,18614,0,60719,0,5,4,hatchback,blue,1,no,full,UK
5611,X1,2019,1.8,156,hybrid,automatic,AWD,91538,4.5,36263,94,5,5,suv,black,4,no,partial,UK
5612,5 Series,2021,3,277,hybrid,automatic,AWD,25706,5.8,57444,128,4,5,sedan,white,1,no,full,USA
5613,X3,2017,3.3,253,diesel,automatic,RWD,67440,8.8,49201,203,5,5,suv,white,1,no,full,Turkey
5614,X1,2023,1.6,130,petrol,automatic,FWD,15560,6.9,44903,152,5,5,suv,white,0,no,full,USA
5615,X7,2018,3.9,368,diesel,automatic,AWD,168457,8.6,103666,208,5,5,suv,,1,no,full,USA
5616,3 Series,2024,2.6,198,petrol,automatic,AWD,1451,9,41032,204,4,5,sedan,white,0,no,partial,USA
5617,3 Series,2017,2.9,277,petrol,automatic,RWD,153519,9.5,29277,219,4,5,sedan,silver,1,yes,full,Netherlands
5618,5 Series,2008,3.7,382,hybrid,automatic,RWD,300000,6.3,29453,159,4,5,sedan,silver,2,no,full,Italy
5619,X5,2015,3.6,300,hybrid,automatic,AWD,123581,6.1,59698,137,5,5,suv,blue,2,no,full,Turkey
5620,5 Series,2013,4,309,hybrid,automatic,RWD,214584,6.8,41403,,4,5,sedan,white,3,no,full,Germany
5621,3 Series,2021,2.6,226,diesel,automatic,AWD,47752,7.7,37588,169,4,5,sedan,black,1,no,,France
5622,X1,2015,1.7,187,diesel,automatic,AWD,77489,7.1,24267,165,5,5,suv,white,4,yes,none,Germany
5623,Z4,2012,2.3,158,petrol,manual,RWD,240262,8.4,34876,202,2,2,convertible,red,3,no,,UK
5624,X3,2008,2.5,246,diesel,automatic,RWD,104416,6.8,36621,143,5,5,suv,black,3,no,full,UK
5625,5 Series,2014,2.7,227,hybrid,automatic,RWD,168465,4.8,42387,114,4,5,sedan,blue,1,no,,UK
5626,X5,2021,3.1,285,petrol,automatic,AWD,38273,8.6,86887,,5,5,suv,white,1,no,full,USA
5627,X3,2021,2.9,259,petrol,automatic,AWD,59519,8.8,64907,198,5,5,suv,blue,0,no,full,UK
5628,3 Series,2022,3.2,321,hybrid,automatic,AWD,36300,4.8,46485,112,4,5,sedan,silver,2,no,full,USA
5629,X5,2015,3,284,hybrid,automatic,AWD,117485,5.7,59516,116,5,5,suv,black,1,no,partial,Germany
5630,1 Series,2009,2.5,210,diesel,manual,RWD,102388,7.6,16499,177,5,5,hatchback,silver,3,no,full,Italy
5631,i4,2018,0,374,electric,automatic,AWD,75684,0,56468,0,4,5,coupe,silver,3,yes,none,Germany
5632,X1,2012,2,242,petrol,automatic,AWD,103772,8.5,29943,184,5,5,suv,white,3,no,partial,Netherlands
5633,i7,2013,0,491,electric,automatic,AWD,267619,0,112847,0,4,5,sedan,black,4,no,full,UK
5634,3 Series,2016,2.4,238,diesel,manual,RWD,42273,6.7,34939,146,4,5,sedan,silver,2,yes,full,Netherlands
5635,X1,2019,1.7,169,diesel,automatic,AWD,105106,5.9,37947,138,5,5,suv,black,2,no,full,Italy
5636,i4,2019,0,385,electric,automatic,RWD,94682,0,72226,0,4,5,coupe,white,2,yes,full,USA
5637,X1,2021,2.5,305,hybrid,automatic,FWD,43743,5.9,43828,137,5,5,suv,red,2,no,full,UK
5638,5 Series,2006,2.9,311,diesel,automatic,AWD,196422,7.9,23345,171,4,5,sedan,blue,3,no,none,Spain
5639,X5,2018,3.1,247,petrol,automatic,AWD,137607,8.6,71648,191,5,5,suv,silver,3,no,full,France
5640,7 Series,2021,4.2,380,diesel,automatic,AWD,46646,9.4,105490,208,4,4,sedan,black,1,no,partial,Italy
5641,X3,2016,2.4,200,petrol,automatic,AWD,110522,8.6,44833,185,5,5,suv,black,4,,full,Germany
5642,i7,2020,0,395,electric,,AWD,28388,0,177626,0,4,5,sedan,silver,1,no,full,Italy
5643,7 Series,2012,4.4,379,diesel,automatic,AWD,155890,10,60843,221,4,4,sedan,white,4,yes,full,USA
5644,3 Series,2013,3.2,281,diesel,manual,AWD,172695,7.6,23451,179,4,5,sedan,silver,4,no,partial,France
5645,X7,2008,3.1,304,petrol,automatic,AWD,90091,9.4,82934,206,5,5,suv,black,2,no,full,Netherlands
5646,X1,2015,2.1,240,petrol,automatic,FWD,158720,7.5,32479,172,5,5,suv,black,2,no,full,Germany
5647,X3,2022,,273,diesel,automatic,AWD,17568,8.5,56194,178,5,5,suv,silver,0,yes,full,Germany
5648,3 Series,2012,2.8,248,petrol,manual,AWD,137733,8.5,20309,172,4,5,sedan,grey,2,yes,partial,Spain
5649,1 Series,2011,3,238,diesel,manual,FWD,271538,7.4,10008,162,5,5,hatchback,black,3,yes,full,UK
5650,3 Series,2020,2.1,250,petrol,automatic,RWD,51126,8.2,40038,195,4,5,sedan,black,,no,full,USA
5651,X5,2009,4.1,367,petrol,automatic,AWD,297049,10.8,34650,221,5,5,suv,black,3,yes,none,Netherlands
5652,3 Series,2010,2.5,241,petrol,manual,RWD,184310,9.2,15793,217,4,5,sedan,red,4,yes,none,France
5653,X3,2013,2.3,176,diesel,automatic,AWD,259309,7.2,34769,139,5,5,suv,white,2,no,partial,UK
5654,i7,2019,0,527,electric,automatic,AWD,89818,0,136449,0,4,4,sedan,,1,no,partial,Turkey
5655,Z4,2020,2.7,302,petrol,automatic,RWD,49809,9.2,66015,201,2,2,convertible,black,0,no,partial,Italy
5656,X7,2021,3.9,307,diesel,automatic,AWD,57926,8.7,116310,182,5,5,suv,silver,0,no,full,USA
5657,5 Series,2022,4,407,hybrid,automatic,AWD,46996,7.2,65510,156,4,5,sedan,black,2,no,partial,Germany
5658,1 Series,2020,2.1,199,diesel,automatic,FWD,52087,6.1,27386,125,5,5,hatchback,black,1,no,full,Netherlands
5659,7 Series,2024,4.8,393,diesel,automatic,RWD,0,,120070,238,4,4,sedan,white,0,no,partial,Italy
5660,X5,2021,4.3,402,diesel,automatic,AWD,46035,,90355,200,5,5,suv,black,1,no,full,Netherlands
5661,X3,2005,2.7,191,petrol,automatic,AWD,300000,8.7,12194,182,5,5,suv,white,5,yes,none,France
5662,3 Series,2018,2.5,323,diesel,automatic,AWD,31942,7.1,33819,142,4,5,sedan,white,3,no,partial,Turkey
5663,i4,2024,0,341,electric,automatic,RWD,0,0,95758,0,4,5,coupe,grey,0,no,partial,Turkey
5664,i4,2021,0,338,electric,automatic,AWD,31858,0,85787,0,4,5,coupe,black,0,no,full,Netherlands
5665,5 Series,2014,4.3,347,hybrid,automatic,AWD,151659,7.1,51578,155,4,5,sedan,black,2,no,full,USA
5666,7 Series,2022,4.4,427,diesel,automatic,RWD,10873,9.9,109385,205,4,5,sedan,blue,1,no,partial,Spain
5667,5 Series,2019,2.9,240,petrol,automatic,RWD,63291,9.1,50449,180,4,5,sedan,silver,4,no,partial,Netherlands
5668,X7,2012,4.1,400,petrol,automatic,AWD,134250,10.7,82396,234,5,5,suv,silver,2,no,full,France
5669,X1,2023,2.3,238,petrol,automatic,AWD,1038,8.5,50465,188,5,5,suv,silver,0,no,partial,Germany
5670,Z4,2021,2.4,240,petrol,automatic,RWD,87855,9,65905,214,2,2,convertible,blue,0,no,full,Italy
5671,7 Series,2007,3.9,317,diesel,automatic,RWD,220622,,61664,205,4,5,sedan,white,2,no,full,UK
5672,i4,2024,0,458,electric,automatic,AWD,0,0,118203,0,4,5,coupe,silver,1,no,full,Netherlands
5673,7 Series,2024,4.2,296,hybrid,automatic,RWD,0,6.9,112312,142,4,4,sedan,white,0,no,full,Germany
5674,X5,2009,4.1,422,diesel,automatic,AWD,181392,9.2,54354,216,5,5,suv,white,3,no,partial,Turkey
5675,X5,2022,3.1,295,hybrid,automatic,AWD,38864,5,89178,118,5,5,suv,white,1,no,full,France
5676,X1,2020,2.2,180,hybrid,automatic,AWD,44970,4.4,42777,86,5,5,suv,black,1,no,full,France
5677,X1,2024,1.7,174,diesel,automatic,FWD,0,6.4,45814,124,5,5,suv,white,0,yes,full,Germany
5678,i7,2006,0,448,electric,automatic,AWD,300000,0,71369,0,4,4,sedan,red,3,yes,full,Italy
5679,1 Series,2023,2.3,244,petrol,automatic,FWD,8247,7.4,34189,148,5,4,hatchback,silver,0,no,full,UK
5680,X3,2008,3.4,303,petrol,automatic,RWD,195734,10.2,29662,229,5,5,suv,black,3,no,none,Italy
5681,X3,2014,2.8,209,petrol,automatic,AWD,171242,8.9,31053,187,5,5,suv,blue,3,no,partial,Turkey
5682,3 Series,2018,3,319,hybrid,automatic,RWD,58236,5.9,38447,138,4,5,sedan,black,2,no,full,Italy
5683,5 Series,2014,4.2,365,diesel,automatic,RWD,122742,8.9,53160,190,4,5,sedan,black,3,no,partial,Germany
5684,7 Series,2024,3.9,340,hybrid,automatic,RWD,7093,6.6,116511,161,4,5,sedan,black,1,no,full,Turkey
5685,5 Series,2018,2.3,248,hybrid,automatic,AWD,103075,5.2,46156,114,4,5,sedan,blue,2,no,partial,Netherlands
5686,1 Series,2017,1.8,182,petrol,automatic,FWD,119853,7.3,13621,168,5,4,hatchback,black,1,no,none,Spain
5687,i4,2016,0,385,electric,automatic,RWD,75412,0,64274,0,4,5,coupe,grey,3,no,full,France
5688,X5,2013,3.7,382,diesel,automatic,AWD,140259,9.3,64990,219,5,5,suv,white,5,no,full,Turkey
5689,X5,2020,3.6,330,diesel,automatic,AWD,72302,8.2,82666,181,5,5,suv,silver,2,no,full,Netherlands
5690,3 Series,2016,2.9,251,hybrid,automatic,RWD,148712,5.7,28466,131,4,5,sedan,black,3,no,partial,Spain
5691,X5,2024,3.7,343,hybrid,automatic,AWD,15481,5.8,94964,124,5,5,suv,silver,0,no,full,France
5692,X3,2016,2,187,petrol,automatic,AWD,110901,8,37525,184,5,5,suv,blue,3,yes,full,UK
5693,5 Series,2018,4.3,324,petrol,automatic,AWD,93956,11.3,53744,240,4,5,sedan,black,2,no,partial,Spain
5694,X3,2015,2.5,278,hybrid,automatic,RWD,88891,5.2,39430,126,5,5,suv,red,2,yes,full,France
5695,Z4,2013,3,327,petrol,manual,RWD,274362,,41543,209,2,2,convertible,black,3,no,partial,UK
5696,X7,2020,3,280,hybrid,automatic,AWD,41884,6,118252,143,5,5,suv,grey,1,no,full,Italy
5697,3 Series,2016,1.6,127,hybrid,automatic,AWD,103125,4.2,22384,99,4,5,sedan,black,2,no,none,UK
5698,5 Series,2023,2.4,240,diesel,automatic,RWD,15401,7.2,66008,168,4,5,sedan,blue,0,no,full,Spain
5699,5 Series,2024,3.8,253,hybrid,automatic,RWD,0,6,72605,125,4,5,sedan,silver,0,no,full,Netherlands
5700,X7,2014,3.5,218,petrol,automatic,AWD,132161,9.1,65948,212,5,5,suv,grey,4,no,none,UK
5701,3 Series,2024,2.8,249,diesel,automatic,RWD,3685,8.1,45756,166,4,5,sedan,black,,no,full,UK
5702,3 Series,2007,2,206,petrol,automatic,AWD,204902,7.7,18777,178,4,5,sedan,grey,3,no,partial,France
5703,7 Series,2022,3.6,260,diesel,automatic,AWD,48848,8.4,91232,194,4,5,sedan,blue,1,yes,full,Italy
5704,Z4,2017,2.6,217,petrol,automatic,RWD,68209,8.1,53877,184,2,2,convertible,white,1,no,none,Germany
5705,3 Series,2022,2.7,262,hybrid,automatic,RWD,42020,5,40406,107,4,5,sedan,white,0,no,partial,France
5706,3 Series,2018,2.1,196,diesel,automatic,AWD,98053,6.8,30661,151,4,5,sedan,white,3,no,partial,Germany
5707,i3,2012,0,216,electric,automatic,RWD,112431,0,38873,0,5,4,hatchback,black,3,no,partial,Germany
5708,1 Series,2018,2.2,217,diesel,automatic,RWD,130328,6.7,20889,155,5,5,hatchback,grey,2,no,full,France
5709,X1,2016,2.4,252,hybrid,automatic,AWD,69105,5.4,41447,115,5,5,suv,black,2,no,full,Netherlands
5710,1 Series,2023,2.8,203,diesel,,RWD,9589,8.1,29458,180,3,5,hatchback,blue,1,no,full,Spain
5711,3 Series,2006,2.3,239,hybrid,manual,RWD,176863,5.4,18134,116,4,5,sedan,white,3,,partial,Netherlands
5712,3 Series,2024,2.5,286,diesel,automatic,RWD,11745,6.9,51243,163,4,5,sedan,silver,0,no,full,France
5713,3 Series,2010,3.2,238,petrol,automatic,AWD,158986,9.8,19925,227,4,5,sedan,grey,3,no,none,Italy
5714,i7,2018,0,451,electric,automatic,AWD,60105,0,139844,0,4,5,sedan,blue,2,no,full,Netherlands
5715,Z4,2013,2.7,223,petrol,automatic,RWD,121134,8.9,33635,195,2,2,convertible,blue,4,yes,partial,France
5716,X3,2021,2.1,196,diesel,automatic,AWD,70997,7.2,56410,160,5,5,suv,silver,2,no,full,Germany
5717,5 Series,2024,3,271,diesel,automatic,RWD,0,7.9,61137,178,4,5,sedan,black,0,yes,full,Spain
5718,X5,2005,4.2,342,petrol,automatic,AWD,240161,10.1,32685,230,5,5,suv,silver,5,yes,partial,UK
5719,1 Series,2016,2.1,168,diesel,manual,FWD,49083,7,20751,170,5,4,hatchback,red,3,no,full,USA
5720,1 Series,2021,2.2,237,petrol,automatic,FWD,43802,7.7,25809,178,3,5,hatchback,silver,2,no,partial,Netherlands
5721,5 Series,2012,4,348,diesel,automatic,AWD,242214,9.9,36204,228,4,5,sedan,silver,5,no,partial,USA
5722,i3,2021,0,210,electric,automatic,RWD,47705,0,56271,0,5,4,hatchback,silver,0,no,full,USA
5723,i7,2017,0,546,electric,automatic,AWD,68139,0,129222,0,4,4,sedan,red,1,no,partial,Italy
5724,X5,2016,3.9,415,petrol,automatic,AWD,152816,10.7,62226,239,5,5,suv,white,3,yes,full,Spain
5725,X3,2024,2.5,170,diesel,automatic,AWD,0,7,67854,152,5,5,suv,white,1,no,full,USA
5726,5 Series,2015,2.9,233,petrol,automatic,RWD,125334,9.7,40515,206,4,5,sedan,red,3,no,full,France
5727,X3,2018,3.1,347,petrol,automatic,AWD,30149,9.6,55544,208,5,5,suv,black,4,no,partial,Spain
5728,X3,2021,2,230,petrol,automatic,RWD,42129,8,65926,185,5,5,suv,black,1,no,full,Netherlands
5729,5 Series,2024,2.3,170,diesel,automatic,RWD,0,6.3,62342,,4,5,sedan,black,0,no,partial,Netherlands
5730,5 Series,2012,2.7,253,hybrid,automatic,AWD,118995,5.3,36995,108,4,5,sedan,black,2,no,partial,Italy
5731,i4,2008,0,433,electric,automatic,AWD,170104,0,43935,0,4,5,coupe,black,4,yes,full,Italy
5732,X5,2018,4,324,diesel,automatic,AWD,97313,9.3,77157,,5,5,suv,red,3,no,full,Italy
5733,X1,2008,2.2,185,diesel,automatic,AWD,248271,6.5,12596,159,5,5,suv,black,5,yes,partial,Netherlands
5734,X1,2006,1.6,155,diesel,automatic,AWD,224763,6.1,14341,134,5,5,suv,silver,4,no,full,Germany
5735,5 Series,2024,4.4,377,diesel,automatic,AWD,5622,9.6,76788,217,4,5,sedan,black,0,no,full,Spain
5736,X7,2012,3.6,326,diesel,automatic,AWD,211907,8.8,75403,198,5,5,suv,grey,2,no,partial,Italy
5737,X5,2022,3.6,314,diesel,automatic,AWD,21825,8.5,74647,164,5,5,suv,white,1,yes,full,USA
5738,1 Series,2015,1.7,185,petrol,manual,FWD,152377,7.4,15006,148,5,5,hatchback,black,2,no,partial,Germany
5739,X1,2013,1.6,161,diesel,automatic,FWD,206125,5.7,23600,125,5,5,suv,white,3,no,full,Spain
5740,X1,2021,1.6,158,petrol,automatic,FWD,55455,6.5,39379,138,5,5,suv,blue,1,no,partial,Italy
5741,5 Series,2010,2.3,187,hybrid,automatic,RWD,212696,4.5,24341,93,4,5,sedan,blue,3,no,none,Italy
5742,X5,2015,4.1,400,hybrid,automatic,AWD,122247,6.3,69951,141,5,5,suv,white,2,no,partial,UK
5743,i4,2017,0,293,electric,automatic,AWD,90371,0,50078,0,4,5,coupe,white,4,yes,partial,Spain
5744,1 Series,2023,2.6,259,hybrid,automatic,FWD,34911,4.5,32354,103,3,5,hatchback,white,0,no,full,Spain
5745,5 Series,2023,2.6,204,petrol,automatic,AWD,31100,8.3,56235,180,4,5,sedan,blue,0,no,partial,Germany
5746,i4,2022,0,421,electric,automatic,AWD,37221,0,94583,0,4,5,coupe,silver,0,no,partial,France
5747,1 Series,2024,2.5,227,hybrid,automatic,FWD,0,5.1,34422,102,5,5,hatchback,grey,0,no,full,Germany
5748,X7,2018,4.4,413,hybrid,automatic,AWD,104892,7.5,110458,161,5,5,suv,white,1,no,full,Turkey
5749,1 Series,2013,1.7,131,hybrid,manual,FWD,185630,4,11157,87,5,4,hatchback,black,2,no,full,Italy
5750,1 Series,2014,1.7,141,petrol,automatic,RWD,126527,7.5,13224,161,3,5,hatchback,white,1,no,full,Turkey
5751,i4,2019,0,283,electric,automatic,RWD,82250,0,62483,0,4,5,coupe,black,2,yes,full,France
5752,X3,2015,2.2,216,diesel,automatic,RWD,127318,6,34782,141,5,5,suv,black,4,no,none,Turkey
5753,7 Series,2019,5,447,hybrid,automatic,AWD,59251,7.4,91511,162,4,5,sedan,white,2,no,none,USA
5754,7 Series,2009,4.5,358,petrol,automatic,RWD,220403,11.1,62079,243,4,5,sedan,red,3,no,partial,Germany
5755,5 Series,2013,3.4,222,diesel,automatic,RWD,147156,8.2,35626,178,4,5,sedan,white,2,yes,full,UK
5756,7 Series,2019,4.3,420,petrol,automatic,AWD,78566,11.3,99780,256,4,4,sedan,red,3,no,partial,USA
5757,X3,2024,3.4,339,hybrid,automatic,RWD,0,5.9,73177,127,5,5,suv,black,0,no,full,Italy
5758,i4,2016,0,334,electric,automatic,RWD,76574,0,50004,0,4,5,coupe,white,1,yes,partial,Turkey
5759,1 Series,2016,2.6,189,petrol,manual,FWD,174991,7.5,17455,160,3,4,hatchback,grey,3,,full,UK
5760,5 Series,2013,2.1,187,diesel,automatic,AWD,76799,6.8,39585,155,4,5,sedan,black,2,no,full,France
5761,X7,2012,3.9,322,hybrid,automatic,AWD,146379,6.1,78160,150,5,5,suv,black,3,no,partial,USA
5762,3 Series,2024,2.1,213,petrol,automatic,AWD,0,7.8,46742,173,4,5,sedan,black,1,no,full,France
5763,X3,2016,2.7,272,hybrid,automatic,RWD,85609,6,53798,128,5,5,suv,grey,4,no,full,Germany
5764,X1,2006,1.7,218,diesel,automatic,FWD,300000,6.4,13850,142,5,5,suv,white,3,yes,partial,Netherlands
5765,X1,2023,2.1,193,petrol,automatic,AWD,19975,7.8,49998,163,5,5,suv,blue,0,no,full,UK
5766,3 Series,2011,1.9,205,diesel,automatic,AWD,162087,5.8,17841,120,4,5,sedan,blue,4,no,partial,Spain
5767,X7,2018,3.9,335,hybrid,automatic,AWD,54035,6.7,101568,143,5,5,suv,black,1,no,none,USA
5768,X3,2012,2.7,271,diesel,automatic,AWD,264947,7.6,29403,170,5,5,suv,white,4,no,none,France
5769,X7,2010,3.6,311,diesel,automatic,AWD,205350,8.5,64811,179,5,5,suv,silver,4,yes,full,Germany
5770,i4,2024,0,275,electric,automatic,RWD,0,0,86195,0,4,5,coupe,black,0,no,full,France
5771,X3,2020,3.5,332,hybrid,automatic,RWD,57400,5.7,64274,121,5,5,suv,blue,0,,full,France
5772,X1,2019,2.4,188,hybrid,automatic,AWD,131028,4.8,39544,105,5,5,suv,black,2,no,full,Netherlands
5773,X5,2013,3.2,235,petrol,,AWD,191445,9.1,53072,209,5,5,suv,white,4,no,partial,USA
5774,i3,2024,0,168,electric,automatic,RWD,0,0,59049,0,5,4,hatchback,black,0,no,partial,UK
5775,1 Series,2017,2.7,241,hybrid,manual,FWD,66907,6.2,20952,146,5,5,hatchback,black,2,no,partial,Spain
5776,3 Series,2017,2.2,248,diesel,automatic,RWD,130021,7,35691,140,4,5,sedan,black,1,no,full,Spain
5777,X3,2017,2.6,261,diesel,automatic,RWD,117319,7.1,47563,145,5,5,suv,blue,2,no,partial,Italy
5778,X3,2018,2,205,petrol,automatic,RWD,107267,8.7,53321,198,5,5,suv,white,3,no,full,UK
5779,5 Series,2019,3,241,hybrid,automatic,AWD,73463,5.1,50782,103,4,5,sedan,black,1,yes,full,UK
5780,3 Series,2011,2.6,172,diesel,automatic,RWD,151108,7.7,20966,171,4,5,sedan,white,4,no,full,Spain
5781,1 Series,2005,1.9,280,petrol,manual,FWD,300000,9,6481,204,5,5,hatchback,silver,2,yes,partial,Netherlands
5782,X7,2018,3.5,332,hybrid,automatic,AWD,116752,6.2,94990,139,5,5,suv,white,1,no,partial,Italy
5783,X1,2020,2.1,174,petrol,automatic,AWD,65869,8.2,46640,,5,5,suv,blue,1,no,full,UK
5784,X1,2020,1.7,194,diesel,automatic,FWD,51429,6.3,40777,,5,5,suv,black,2,no,full,Netherlands
5785,X3,2017,3.3,293,hybrid,automatic,AWD,102727,5.8,45747,111,5,5,suv,black,1,yes,full,USA
5786,X1,2012,1.5,122,petrol,automatic,FWD,82979,7.1,24449,160,5,5,suv,grey,4,no,partial,France
5787,1 Series,2016,2.2,236,hybrid,automatic,FWD,54800,5.8,25176,122,3,4,hatchback,white,2,no,full,Turkey
5788,i7,2019,0,474,electric,automatic,RWD,84775,0,166594,0,4,4,sedan,silver,3,no,partial,France
5789,5 Series,2011,2.1,227,hybrid,automatic,AWD,234242,4.4,33443,106,4,5,sedan,black,3,no,full,Turkey
5790,3 Series,2012,1.8,164,hybrid,automatic,RWD,128959,4.4,20328,119,4,5,sedan,silver,2,yes,full,Turkey
5791,3 Series,2020,2.9,326,petrol,automatic,AWD,69223,8.6,36721,187,4,5,sedan,silver,1,yes,full,Italy
5792,X3,2018,3.1,300,petrol,automatic,RWD,125966,9.8,54268,,5,5,suv,silver,2,no,full,USA
5793,X5,2024,3.7,284,hybrid,automatic,AWD,2061,5.7,91174,114,5,5,suv,white,0,no,full,France
5794,X5,2015,4.1,334,petrol,automatic,AWD,108741,11,70177,249,5,5,suv,silver,1,no,full,UK
5795,5 Series,2021,3.1,268,petrol,automatic,AWD,5142,9.5,65126,212,4,5,sedan,grey,2,no,full,Italy
5796,Z4,2012,2.4,163,petrol,automatic,RWD,160881,7.8,40229,158,2,2,convertible,black,4,no,full,Turkey
5797,5 Series,2022,3.9,310,diesel,automatic,AWD,16321,9,70162,196,4,5,sedan,blue,1,no,full,Spain
5798,3 Series,2016,2.9,256,diesel,automatic,AWD,144964,7,28053,158,4,5,sedan,black,2,no,full,Italy
5799,i4,2014,0,241,electric,automatic,AWD,225052,0,46635,0,4,5,coupe,silver,3,no,full,UK
5800,1 Series,2017,1.9,152,petrol,automatic,RWD,85226,6.7,19515,140,5,5,hatchback,silver,2,no,partial,France
5801,Z4,2022,2.5,182,petrol,automatic,RWD,57233,7.9,60175,179,2,2,convertible,black,1,yes,full,Netherlands
5802,i4,2013,0,316,electric,automatic,RWD,75674,0,48057,0,4,5,coupe,red,3,no,partial,USA
5803,X1,2015,2.3,196,diesel,automatic,AWD,155157,6.3,24858,136,5,5,suv,blue,2,yes,full,Turkey
5804,i7,2011,0,431,electric,automatic,AWD,133193,0,92706,0,4,4,sedan,black,4,,none,UK
5805,X1,2017,2.5,225,petrol,automatic,AWD,107559,8.5,39146,191,5,5,suv,red,3,no,full,USA
5806,i4,2014,0,317,electric,automatic,AWD,201803,0,48657,0,4,5,coupe,black,1,yes,partial,Germany
5807,3 Series,2024,2,188,petrol,automatic,AWD,9170,8,50080,182,4,5,sedan,silver,0,no,full,UK
5808,Z4,2012,2.2,210,petrol,automatic,RWD,269663,8.5,32001,191,2,2,convertible,,5,yes,full,Italy
5809,X1,2022,2,229,hybrid,automatic,FWD,12536,4.7,51994,110,5,5,suv,grey,1,no,full,UK
5810,X1,2016,2,221,diesel,automatic,FWD,156733,5.9,27845,137,5,5,suv,blue,3,no,partial,UK
5811,X7,2021,3.9,356,diesel,automatic,AWD,52433,9.9,110022,210,5,5,suv,grey,1,no,partial,Spain
5812,Z4,2022,2.4,206,petrol,automatic,RWD,29760,8,53143,161,2,2,convertible,blue,2,yes,full,France
5813,X1,2014,2,187,diesel,automatic,FWD,161668,5.8,27833,126,5,5,suv,blue,1,no,full,Italy
5814,X7,2007,4.4,398,petrol,automatic,AWD,300000,11.1,54018,238,5,5,suv,black,4,no,partial,Turkey
5815,X5,2007,3.4,282,diesel,automatic,AWD,300000,7.8,37027,173,5,5,suv,white,3,no,partial,France
5816,7 Series,2023,3.5,276,petrol,automatic,AWD,1870,9.9,106738,213,4,4,sedan,grey,0,no,full,France
5817,5 Series,2017,3.2,311,hybrid,automatic,AWD,98885,6.5,42026,133,4,5,sedan,silver,2,yes,full,Italy
5818,X1,2012,1.5,130,diesel,automatic,AWD,172311,5.3,20029,126,5,5,suv,black,4,yes,full,France
5819,i3,2019,0,270,electric,automatic,RWD,31340,0,56606,0,5,4,hatchback,grey,1,no,partial,Spain
5820,5 Series,2019,3,246,hybrid,automatic,AWD,48557,5.3,48359,110,4,5,sedan,white,3,no,partial,France
5821,3 Series,2013,3.3,320,diesel,automatic,AWD,210972,7.8,23576,162,4,5,sedan,blue,4,yes,partial,Spain
5822,X3,2024,2.9,281,diesel,automatic,RWD,22641,7.8,69677,171,5,5,suv,black,1,no,partial,USA
5823,3 Series,2018,2.7,227,diesel,automatic,AWD,25312,7.4,33721,157,4,5,sedan,white,3,no,partial,Turkey
5824,X7,2008,3.3,306,hybrid,automatic,AWD,157826,6.2,58588,154,5,5,suv,white,2,yes,partial,Spain
5825,i3,2010,0,179,electric,automatic,RWD,95575,0,27448,0,5,4,hatchback,silver,4,yes,partial,UK
5826,X5,2010,3.5,293,petrol,automatic,AWD,144695,10.2,44775,228,5,5,suv,grey,3,no,partial,Spain
5827,3 Series,2019,3.4,317,petrol,automatic,RWD,41577,10.9,41916,240,4,5,sedan,silver,3,no,full,France
5828,Z4,2024,2.5,225,petrol,automatic,RWD,0,8.6,77383,194,2,2,convertible,,0,no,full,Italy
5829,i7,2011,0,321,electric,automatic,AWD,217073,0,81522,0,4,5,sedan,silver,4,yes,partial,France
5830,i3,2022,0,167,electric,automatic,RWD,43491,0,51581,0,5,4,hatchback,grey,1,no,partial,USA
5831,3 Series,2010,2.2,186,hybrid,automatic,RWD,221041,5.1,12522,115,4,5,sedan,red,4,yes,none,Turkey
5832,i7,2018,0,451,electric,automatic,AWD,66235,0,132850,0,4,5,sedan,black,3,no,partial,USA
5833,5 Series,2009,2.6,224,diesel,automatic,RWD,233680,7.1,32435,149,4,5,sedan,,2,no,partial,USA
5834,i3,2008,0,204,electric,automatic,RWD,249734,0,17517,0,5,4,hatchback,red,5,yes,full,France
5835,X5,2021,4.2,384,hybrid,automatic,AWD,62053,7.3,85438,161,5,5,suv,red,1,,full,UK
5836,X1,2010,1.7,155,hybrid,automatic,AWD,190131,4.2,16291,94,5,5,suv,black,5,yes,partial,Turkey
5837,X5,2023,4.1,415,petrol,automatic,AWD,10854,10.9,88286,228,5,5,suv,black,0,no,full,Turkey
5838,3 Series,2010,2.4,223,hybrid,manual,RWD,190134,5.5,15261,132,4,5,sedan,,5,no,none,Spain
5839,1 Series,2009,2.5,250,hybrid,automatic,FWD,216742,5.4,12849,107,3,4,hatchback,silver,3,no,partial,Germany
5840,1 Series,2019,2.6,225,diesel,automatic,RWD,49407,8.1,23787,185,3,5,hatchback,white,1,no,none,Spain
5841,X7,2019,3.5,248,diesel,automatic,AWD,78341,7.7,89175,170,5,5,suv,grey,4,no,full,Turkey
5842,Z4,2021,2.1,218,petrol,automatic,RWD,18264,,63410,171,2,2,convertible,white,1,no,full,Italy
5843,3 Series,2012,3.4,252,diesel,automatic,RWD,192569,8.3,22505,197,4,5,sedan,black,2,no,,USA
5844,3 Series,2023,3.1,299,hybrid,automatic,AWD,16604,6.2,54951,141,4,5,sedan,white,0,no,full,USA
5845,i3,2012,0,166,electric,automatic,RWD,206952,0,25408,0,5,4,hatchback,white,3,no,partial,Italy
5846,3 Series,2020,1.9,200,diesel,automatic,RWD,55942,6,35790,142,4,5,sedan,grey,,no,partial,France
5847,5 Series,2024,3.5,300,petrol,automatic,AWD,6015,9.5,64663,196,4,5,sedan,silver,0,no,partial,Italy
5848,3 Series,2024,2.9,299,petrol,automatic,AWD,8362,9.4,51889,200,4,5,sedan,black,0,no,full,Netherlands
5849,3 Series,2010,2.1,220,petrol,manual,RWD,249198,8.1,12714,171,4,5,sedan,blue,4,yes,partial,Germany
5850,X5,2016,4.3,323,hybrid,automatic,AWD,161690,6.8,65435,166,5,5,suv,black,3,no,full,Italy
5851,i7,2013,,387,electric,automatic,AWD,239371,0,112571,0,4,5,sedan,black,3,no,partial,Netherlands
5852,5 Series,2023,4.2,347,petrol,automatic,AWD,34485,12.3,67657,271,4,5,sedan,black,0,no,full,UK
5853,X5,2017,3.8,303,petrol,automatic,AWD,92119,10.4,58968,206,5,5,suv,black,2,yes,full,France
5854,X7,2015,4.3,332,hybrid,automatic,AWD,211552,7.3,87163,171,5,5,suv,white,2,no,partial,UK
5855,X3,2015,2.6,235,petrol,automatic,AWD,156998,8.4,40966,189,5,5,suv,black,2,no,partial,UK
5856,X1,2024,2.1,222,petrol,automatic,FWD,0,7.8,52536,170,5,5,suv,black,0,no,partial,Germany
5857,X5,2024,4.2,365,diesel,automatic,AWD,0,8.7,89164,201,5,5,suv,silver,0,no,partial,Netherlands
5858,i3,2021,0,172,electric,automatic,RWD,24345,,50465,0,5,4,hatchback,red,2,yes,full,Italy
5859,3 Series,2024,3.4,298,petrol,automatic,RWD,2394,9.6,52486,208,4,5,sedan,red,0,no,full,Spain
5860,X5,2015,4.2,399,hybrid,automatic,AWD,146418,6.8,69613,139,5,5,suv,black,2,no,full,Turkey
5861,5 Series,2015,4,369,diesel,automatic,RWD,155072,9.1,38678,212,4,5,sedan,black,2,no,none,Netherlands
5862,X3,2017,2.7,176,petrol,automatic,RWD,70999,8.6,39469,203,5,5,suv,,2,yes,full,Italy
5863,X3,2009,2.8,272,hybrid,automatic,AWD,78270,5.8,29095,123,5,5,suv,silver,5,yes,partial,Turkey
5864,3 Series,2019,3.1,220,hybrid,automatic,RWD,39051,5.2,41468,114,4,5,sedan,black,2,no,full,Germany
5865,3 Series,2021,1.8,136,diesel,automatic,AWD,48237,6.4,33408,136,4,5,sedan,black,0,no,partial,Italy
5866,i7,2021,0,417,electric,automatic,AWD,39411,0,161873,0,4,4,sedan,silver,1,no,full,Netherlands
5867,X5,2005,3.9,366,diesel,automatic,AWD,267675,9.1,33967,202,5,5,suv,silver,2,yes,partial,USA
5868,X1,2007,2.2,243,hybrid,automatic,AWD,299907,5.6,8754,116,5,5,suv,white,4,yes,partial,Germany
5869,X3,2009,2.9,226,petrol,automatic,AWD,166988,8.3,32553,174,5,5,suv,white,4,no,full,Italy
5870,5 Series,2024,3.8,317,petrol,automatic,AWD,720,9.1,73111,206,4,5,sedan,,0,no,full,UK
5871,Z4,2016,2.5,256,petrol,manual,RWD,118845,8.1,48890,199,2,2,convertible,blue,2,no,full,Italy
5872,1 Series,2019,2,220,diesel,automatic,FWD,51413,6.6,29391,145,3,5,hatchback,silver,2,no,full,Germany
5873,X5,2023,4.3,338,petrol,automatic,AWD,31144,11.8,94193,280,5,5,suv,silver,0,no,full,Spain
5874,5 Series,2018,3.7,349,petrol,automatic,AWD,83491,10.3,48739,233,4,5,sedan,grey,,yes,full,Turkey
5875,3 Series,2022,2,177,hybrid,manual,AWD,24547,3.9,38880,82,4,5,sedan,blue,1,no,full,UK
5876,X3,2013,2.3,209,hybrid,automatic,RWD,64999,4.7,34900,110,5,5,suv,,4,yes,full,Spain
5877,5 Series,2018,3,295,diesel,automatic,RWD,116184,8.5,48674,207,4,5,sedan,blue,1,no,full,Turkey
5878,3 Series,2013,2.6,288,petrol,manual,RWD,189319,9.4,23892,217,4,5,sedan,red,2,yes,partial,Netherlands
5879,5 Series,2024,3,313,diesel,automatic,RWD,9096,8.5,63626,193,4,5,sedan,grey,1,yes,full,USA
5880,X1,2020,1.6,157,petrol,automatic,FWD,68230,6.8,42801,151,5,5,suv,blue,1,no,full,UK
5881,X1,2011,2.3,197,diesel,automatic,FWD,137434,7.1,26380,133,5,5,suv,white,2,no,full,Turkey
5882,1 Series,2023,2.4,240,diesel,automatic,FWD,9219,7.2,33709,154,3,5,hatchback,white,0,no,full,USA
5883,7 Series,2006,5,443,hybrid,automatic,AWD,236894,7.7,60292,172,4,5,sedan,red,4,no,full,France
5884,3 Series,2024,2.5,169,petrol,automatic,AWD,9162,8.5,47998,185,4,5,sedan,black,0,no,full,USA
5885,5 Series,2021,2.9,277,diesel,automatic,AWD,27784,7.6,52317,171,4,5,sedan,black,1,yes,full,Germany
5886,5 Series,2020,2.4,242,hybrid,automatic,AWD,32876,5.4,56412,122,4,5,sedan,red,1,no,full,Italy
5887,X5,2024,3.9,265,diesel,automatic,AWD,16021,8.9,97640,200,5,5,suv,silver,0,no,full,Spain
5888,3 Series,2012,2.3,182,hybrid,manual,RWD,159165,4.6,23414,93,4,5,sedan,white,4,no,full,Netherlands
5889,i3,2016,0,177,electric,automatic,RWD,160234,0,37822,0,5,4,hatchback,black,3,no,full,Netherlands
5890,X3,2006,2.9,282,hybrid,automatic,RWD,298094,5.4,20763,123,5,5,suv,black,4,yes,partial,France
5891,7 Series,2013,0,418,electric,automatic,AWD,139383,0,91471,0,4,5,sedan,white,2,no,full,USA
5892,i3,2013,0,169,electric,automatic,RWD,137432,0,26670,0,5,4,hatchback,blue,,yes,partial,France
5893,5 Series,2011,3.7,314,diesel,automatic,AWD,152973,8.8,38178,183,4,5,sedan,red,5,no,full,USA
5894,X7,2023,4.2,333,petrol,automatic,AWD,8601,10.7,113293,218,5,5,suv,grey,1,no,partial,Netherlands
5895,3 Series,2013,2.3,197,hybrid,manual,AWD,229016,4.5,14151,101,4,5,sedan,blue,4,no,none,Turkey
5896,X5,2017,4,347,diesel,automatic,AWD,104663,9,69271,195,5,5,suv,black,1,yes,full,Spain
5897,i4,2021,0,371,electric,automatic,RWD,60089,0,89186,0,4,5,coupe,silver,1,no,full,USA
5898,5 Series,2024,2.6,216,petrol,automatic,RWD,35051,8.6,61673,188,4,5,sedan,white,0,no,full,France
5899,X5,2021,3.1,221,petrol,automatic,AWD,38165,9.1,77135,196,5,5,suv,red,1,no,full,France
5900,X3,2022,2.2,204,hybrid,automatic,RWD,2613,5.2,59942,111,5,5,suv,white,1,,partial,UK
5901,5 Series,2024,2.1,219,petrol,automatic,RWD,2324,8.6,58034,199,4,5,sedan,silver,1,no,partial,Spain
5902,3 Series,2014,2,222,diesel,automatic,RWD,127176,5.5,32051,121,4,5,sedan,blue,1,no,,Germany
5903,i4,2008,0,452,electric,automatic,RWD,248240,0,43077,0,4,5,coupe,white,2,no,full,France
5904,5 Series,2007,2.5,239,petrol,automatic,RWD,300000,8.6,18001,165,4,5,sedan,blue,3,yes,partial,Netherlands
5905,X7,2021,4.1,348,hybrid,automatic,AWD,45397,6.1,98628,117,5,5,suv,blue,2,yes,full,Netherlands
5906,X3,2021,2.3,178,diesel,automatic,RWD,52180,6.6,55833,139,5,5,suv,white,1,no,full,USA
5907,X5,2019,4,300,diesel,automatic,AWD,72929,9.7,62583,,5,5,suv,red,1,yes,partial,Spain
5908,Z4,2013,3,309,petrol,automatic,RWD,251089,9,33476,198,2,2,convertible,black,3,yes,partial,UK
5909,X5,2012,3.7,330,petrol,,AWD,153721,10.5,61736,223,5,5,suv,white,3,no,full,Netherlands
5910,5 Series,2008,2.7,217,petrol,automatic,AWD,195238,8.8,29223,184,4,5,sedan,grey,5,yes,full,Netherlands
5911,3 Series,2012,2.8,227,petrol,automatic,AWD,146642,8.5,24274,189,4,5,sedan,grey,2,no,full,Spain
5912,X7,2018,4.4,381,diesel,automatic,AWD,57154,9.7,101482,218,5,5,suv,white,3,no,full,Spain
5913,Z4,2021,3,321,petrol,automatic,RWD,18306,8.9,70683,196,2,2,convertible,grey,1,no,full,France
5914,X1,2016,2.4,250,diesel,automatic,AWD,111756,6.6,27277,156,5,5,suv,blue,4,yes,partial,Spain
5915,5 Series,2022,3.2,266,petrol,automatic,AWD,28898,,60959,217,4,5,sedan,white,0,no,full,Netherlands
5916,X1,2021,2.3,191,petrol,automatic,FWD,28969,9,40539,178,5,5,suv,blue,1,yes,full,USA
5917,X1,2021,1.7,242,hybrid,automatic,FWD,61528,,47178,123,5,5,suv,black,0,no,partial,UK
5918,5 Series,2010,3.9,328,hybrid,automatic,RWD,57538,6.6,37634,151,4,5,sedan,white,,yes,full,Italy
5919,3 Series,2023,1.7,181,petrol,automatic,AWD,23136,8.1,42956,166,4,5,sedan,black,0,,full,Italy
5920,5 Series,2019,4.1,314,diesel,automatic,AWD,51874,9.4,56550,209,4,5,sedan,grey,4,no,full,Netherlands
5921,X3,2017,2.5,245,petrol,automatic,RWD,90838,9,48642,197,5,5,suv,white,2,no,partial,UK
5922,Z4,2014,2.3,221,petrol,manual,RWD,148214,8.8,36755,182,2,2,convertible,white,3,yes,partial,France
5923,7 Series,2013,4,300,diesel,automatic,RWD,87890,,60787,194,4,4,sedan,silver,4,,none,Germany
5924,X3,2016,2.9,264,petrol,,AWD,182387,8.7,37893,181,5,5,suv,blue,1,no,partial,France
5925,3 Series,2007,2.7,252,diesel,automatic,AWD,300000,7.9,10876,189,4,5,sedan,black,5,yes,full,Germany
5926,X5,2022,3.6,339,diesel,automatic,AWD,28340,9.4,82701,217,5,5,suv,blue,0,no,full,USA
5927,X3,2017,3.2,307,hybrid,automatic,RWD,145675,5.5,47583,104,5,5,suv,white,2,no,partial,UK
5928,5 Series,2011,3.4,307,petrol,automatic,AWD,219731,10.9,24982,239,4,5,sedan,grey,5,yes,partial,France
5929,Z4,2008,,178,petrol,automatic,RWD,257742,8.5,21405,202,2,2,convertible,black,3,yes,partial,Turkey
5930,i3,2011,0,229,electric,automatic,RWD,193340,0,26780,0,5,4,hatchback,white,4,yes,full,Spain
5931,1 Series,2014,1.6,158,diesel,manual,FWD,159721,5.2,10852,114,5,5,hatchback,black,2,yes,partial,France
5932,X1,2013,2.4,201,hybrid,automatic,AWD,237284,4.7,25213,94,5,5,suv,blue,3,,full,USA
5933,X3,2014,3.3,329,diesel,automatic,RWD,178866,8.5,35866,188,5,5,suv,black,2,yes,none,Netherlands
5934,X3,2016,3.5,357,hybrid,automatic,RWD,110993,5.9,60448,144,5,5,suv,silver,1,no,full,UK
5935,1 Series,2015,2.8,269,diesel,manual,RWD,204119,7.8,15175,176,3,5,hatchback,silver,2,no,partial,France
5936,X7,2011,4.2,388,hybrid,automatic,AWD,179479,6.2,68080,145,5,5,suv,grey,3,no,partial,Turkey
5937,X5,2018,3.5,279,hybrid,automatic,AWD,137554,6.1,62748,153,5,5,suv,red,3,no,partial,USA
5938,X5,2020,4.4,300,hybrid,automatic,AWD,103125,6.2,79269,140,5,5,suv,black,1,no,full,Italy
5939,X1,2022,2.5,265,diesel,automatic,FWD,35778,7.1,40106,156,5,5,suv,white,1,yes,full,Turkey
5940,5 Series,2019,3.8,313,diesel,automatic,RWD,50920,9.4,46677,214,4,5,sedan,red,2,no,none,USA
5941,X7,2014,4.1,370,hybrid,automatic,AWD,180323,6.7,84871,144,5,5,suv,red,1,no,partial,Turkey
5942,5 Series,2014,2.3,158,diesel,automatic,AWD,176947,6.6,30073,154,4,5,sedan,blue,,no,none,UK
5943,5 Series,2021,3.7,299,hybrid,automatic,AWD,28634,6.4,56504,135,4,5,sedan,red,2,yes,full,France
5944,3 Series,2008,2.5,216,hybrid,manual,AWD,271255,5,10856,117,4,5,sedan,red,2,yes,partial,Germany
5945,1 Series,2005,2,243,diesel,automatic,FWD,245292,6.3,7013,121,3,5,hatchback,white,4,yes,partial,Italy
5946,3 Series,2024,2.3,232,diesel,manual,AWD,0,7.1,41980,157,4,5,sedan,black,0,no,full,Turkey
5947,X5,2010,3.7,225,diesel,automatic,AWD,300000,8.5,41994,200,5,5,suv,silver,5,no,partial,Germany
5948,3 Series,2022,2,217,petrol,automatic,RWD,43606,7.5,39479,174,4,5,sedan,,1,no,full,USA
5949,X1,2024,1.9,183,diesel,automatic,AWD,4109,6.1,49339,134,5,5,suv,white,0,no,full,Germany
5950,X3,2005,2.3,229,hybrid,automatic,RWD,271470,5.1,19104,108,5,5,suv,silver,3,yes,full,Germany
5951,3 Series,2022,2.8,212,hybrid,automatic,AWD,5349,,41560,129,4,5,sedan,white,2,no,full,Germany
5952,Z4,2013,,245,petrol,automatic,RWD,149267,8.9,33078,195,2,2,convertible,white,4,no,none,Turkey
5953,X1,2015,2,250,diesel,automatic,FWD,155034,6,35949,133,5,5,suv,silver,2,no,full,Spain
5954,X1,2019,2,227,petrol,automatic,AWD,35350,7.7,31338,149,5,5,suv,black,4,,none,Turkey
5955,X3,2019,2,248,hybrid,automatic,AWD,59730,4.1,59709,92,5,5,suv,black,1,no,full,UK
5956,5 Series,2020,2.3,261,diesel,automatic,RWD,60527,6.9,48494,156,4,5,sedan,red,1,no,none,UK
5957,i7,2017,0,518,electric,automatic,AWD,109497,0,111356,0,4,4,sedan,blue,3,yes,partial,Netherlands
5958,5 Series,2012,2,171,hybrid,automatic,AWD,98728,4.2,26585,78,4,5,sedan,blue,4,yes,none,Germany
5959,X7,2024,3.9,230,hybrid,automatic,AWD,17889,5.7,118839,125,5,5,suv,black,1,no,,USA
5960,7 Series,2021,0,535,electric,automatic,RWD,62029,0,129639,0,4,5,sedan,white,1,no,full,Spain
5961,7 Series,2011,3.5,317,diesel,automatic,AWD,189339,8.5,66899,180,4,5,sedan,grey,3,no,partial,Germany
5962,1 Series,2024,2,178,hybrid,automatic,RWD,0,4.5,30549,104,5,5,hatchback,white,0,no,full,Spain
5963,1 Series,2018,2.4,197,hybrid,manual,RWD,45109,5.2,23643,116,3,5,hatchback,silver,2,no,full,Italy
5964,5 Series,2023,3.5,328,diesel,automatic,RWD,0,8.4,66599,182,4,5,sedan,grey,0,no,full,Italy
5965,5 Series,2017,3.9,294,hybrid,,RWD,126119,6.6,43050,148,4,5,sedan,white,4,no,partial,France
5966,5 Series,2018,4.3,374,hybrid,automatic,AWD,53191,6.5,65186,137,4,5,sedan,red,1,no,full,USA
5967,X1,2022,1.6,156,diesel,automatic,FWD,34012,6.1,46498,134,5,5,suv,black,1,no,full,Italy
5968,X3,2012,2.6,273,petrol,automatic,RWD,193655,8.1,35935,180,5,5,suv,white,2,no,full,UK
5969,5 Series,2016,3.1,300,petrol,automatic,AWD,154953,10.1,47927,,4,5,sedan,black,1,no,partial,UK
5970,X1,2010,2,282,petrol,automatic,AWD,254506,7.7,20775,178,5,5,suv,blue,5,yes,full,USA
5971,X3,2020,3.2,317,petrol,automatic,AWD,60756,8.9,60783,206,5,5,suv,silver,1,no,full,USA
5972,X5,2019,3.7,408,hybrid,automatic,AWD,59446,6.1,79082,131,5,5,suv,black,2,no,full,Spain
5973,i3,2015,0,213,electric,automatic,RWD,140092,0,29420,0,5,4,hatchback,grey,3,no,none,Netherlands
5974,X5,2017,4.1,366,diesel,automatic,AWD,163959,9.3,70247,208,5,5,suv,black,1,no,partial,Italy
5975,X1,2024,1.8,156,diesel,automatic,AWD,15581,6.9,39350,136,5,5,suv,white,0,no,partial,Turkey
5976,X5,2008,3.4,296,diesel,automatic,AWD,255023,8.6,48655,187,5,5,suv,silver,2,no,partial,Germany
5977,1 Series,2023,2,202,petrol,automatic,RWD,2731,7.5,27448,147,5,4,hatchback,silver,0,yes,full,France
5978,5 Series,2012,2.5,227,petrol,automatic,RWD,211284,9.1,27964,220,4,5,sedan,white,4,no,none,Italy
5979,3 Series,2023,3.4,307,diesel,automatic,RWD,0,8.3,54002,183,4,5,sedan,black,0,no,full,UK
5980,i4,2022,0,307,electric,automatic,RWD,18785,0,82840,0,4,5,coupe,black,1,no,partial,USA
5981,1 Series,2020,2.7,186,petrol,automatic,RWD,61923,8.2,28128,191,3,5,hatchback,black,0,no,full,Turkey
5982,X5,2024,3.1,240,hybrid,automatic,AWD,0,5.8,90885,130,5,5,suv,red,0,no,full,Germany
5983,X1,2024,2.3,261,hybrid,automatic,AWD,0,4.7,52494,112,5,5,suv,white,0,no,partial,UK
5984,1 Series,2024,1.7,131,petrol,automatic,RWD,9769,6.2,25610,131,3,5,hatchback,silver,0,no,full,Turkey
5985,X1,2019,1.6,133,diesel,automatic,AWD,139704,5.5,31298,122,5,5,suv,silver,1,no,full,Turkey
5986,X5,2018,4,295,hybrid,automatic,AWD,137006,6.8,57772,132,5,5,suv,silver,3,yes,full,France
5987,i3,2014,0,179,electric,,RWD,146976,0,28958,0,5,4,hatchback,grey,1,,partial,Italy
5988,X3,2011,3.5,291,diesel,automatic,RWD,243868,8.1,30089,161,5,5,suv,blue,3,yes,partial,France
5989,1 Series,2011,2.8,339,diesel,automatic,RWD,155413,7.2,18482,153,3,5,hatchback,white,2,yes,full,Spain
5990,5 Series,2021,2.5,309,diesel,automatic,RWD,67391,7.5,51463,181,4,5,sedan,grey,1,no,partial,France
5991,X1,2006,1.7,218,diesel,automatic,FWD,223297,6.5,15727,151,5,5,suv,black,2,no,none,Netherlands
5992,1 Series,2022,2,200,hybrid,automatic,FWD,20942,4.9,31721,100,5,4,hatchback,black,2,no,full,UK
5993,5 Series,2022,3.1,252,diesel,automatic,AWD,21870,7.7,55837,160,4,5,sedan,black,1,no,full,Turkey
5994,3 Series,2021,2.8,299,hybrid,automatic,RWD,25212,4.8,45647,104,4,5,sedan,black,0,no,full,France
5995,Z4,2023,2.7,282,petrol,automatic,RWD,8950,9.3,68894,196,2,2,convertible,black,0,no,full,Turkey
5996,Z4,2020,,156,petrol,automatic,RWD,71756,8.7,57267,195,2,2,convertible,grey,0,no,full,Turkey
5997,X3,2019,3.4,328,petrol,automatic,AWD,52837,10.2,48688,246,5,5,suv,silver,3,no,partial,Italy
5998,7 Series,2023,0,442,electric,automatic,RWD,26742,0,132380,,4,4,sedan,grey,0,no,full,Spain
5999,3 Series,2011,3.4,318,petrol,automatic,RWD,126382,9.9,25419,207,4,5,sedan,white,3,yes,full,Turkey
6000,3 Series,2009,2.1,177,hybrid,manual,AWD,204956,4.6,17740,88,4,5,sedan,black,3,no,partial,France
6001,X5,2024,3.6,348,diesel,automatic,AWD,4514,8.2,101165,176,5,5,suv,red,0,no,full,Italy
6002,7 Series,2017,4.4,357,diesel,automatic,AWD,103621,10.5,95564,226,4,4,sedan,black,3,no,full,UK
6003,5 Series,2012,2.9,268,hybrid,automatic,RWD,43867,6.3,48772,148,4,5,sedan,black,3,no,full,France
6004,X1,2011,2.3,213,hybrid,automatic,AWD,196707,4.5,20620,98,5,5,suv,black,4,no,partial,Spain
6005,X1,2018,1.5,168,diesel,automatic,FWD,66314,5.7,35460,115,5,5,suv,grey,3,no,partial,France
6006,7 Series,2021,4.4,302,hybrid,automatic,AWD,39787,7.4,99839,,4,4,sedan,black,0,no,full,Netherlands
6007,1 Series,2021,1.9,226,diesel,automatic,FWD,71218,7.1,23717,153,3,4,hatchback,silver,2,no,full,Spain
6008,3 Series,2016,2.9,266,hybrid,automatic,RWD,92632,5.8,33896,132,4,5,sedan,red,,no,full,Turkey
6009,Z4,2021,2.3,192,petrol,automatic,RWD,56979,7.4,63580,164,2,2,convertible,grey,2,no,full,UK
6010,X1,2008,2.4,262,petrol,automatic,AWD,217607,9.1,20531,194,5,5,suv,red,3,no,partial,Germany
6011,3 Series,2011,3,258,hybrid,manual,RWD,218761,5.6,17893,122,4,5,sedan,black,3,no,none,Turkey
6012,X7,2014,4.2,364,petrol,automatic,AWD,208222,10.9,82296,259,5,5,suv,silver,3,no,partial,USA
6013,X1,2005,1.6,171,hybrid,automatic,AWD,259651,4.2,8920,96,5,5,suv,grey,2,yes,full,Spain
6014,1 Series,2012,2.3,238,diesel,automatic,FWD,219899,7.6,10845,171,3,5,hatchback,white,5,no,none,UK
6015,X3,2007,3.2,323,petrol,automatic,AWD,296228,9,30312,191,5,5,suv,blue,2,no,full,Italy
6016,X3,2005,3.4,319,hybrid,automatic,RWD,300000,6.2,31974,129,5,5,suv,white,3,no,full,France
6017,X5,2015,4.4,347,hybrid,automatic,AWD,136038,6.3,72163,,5,5,suv,white,1,no,full,France
6018,3 Series,2010,3.4,279,diesel,automatic,RWD,221996,8,13678,183,4,5,sedan,grey,4,no,none,Germany
6019,1 Series,2017,2.7,260,diesel,automatic,FWD,116046,8,23037,173,5,5,hatchback,silver,2,no,full,USA
6020,3 Series,2019,2.7,310,diesel,automatic,AWD,26008,7.4,38263,172,4,5,sedan,white,2,no,partial,Italy
6021,7 Series,2019,3.5,393,diesel,automatic,AWD,79034,9.1,108973,215,4,5,sedan,black,1,no,full,USA
6022,5 Series,2013,4.3,405,petrol,automatic,AWD,149046,10.9,41120,257,4,5,sedan,blue,3,no,partial,Italy
6023,i4,2008,0,239,electric,automatic,RWD,227072,0,29395,0,4,5,coupe,white,2,yes,none,Netherlands
6024,5 Series,2009,4.1,384,diesel,automatic,RWD,225043,8.6,31365,191,4,5,sedan,silver,3,yes,partial,Germany
6025,X1,2014,2.4,225,hybrid,automatic,FWD,114759,4.9,29316,107,5,5,suv,white,2,no,full,France
6026,Z4,2023,2.3,199,petrol,automatic,RWD,27246,8.6,66458,174,2,2,convertible,white,0,no,full,UK
6027,i3,2024,0,183,electric,automatic,RWD,0,0,61400,0,5,4,hatchback,silver,0,,full,Netherlands
6028,X1,2024,2.1,212,petrol,automatic,AWD,0,7.6,41481,159,5,5,suv,silver,1,yes,full,Turkey
6029,5 Series,2009,2.9,308,diesel,automatic,AWD,280885,7.7,27184,172,4,5,sedan,grey,3,yes,partial,France
6030,Z4,2013,2.6,249,petrol,automatic,RWD,193171,9,37265,181,2,2,convertible,white,5,no,,UK
6031,X5,2019,3.8,311,hybrid,automatic,AWD,95653,6.2,77761,125,5,5,suv,silver,1,no,,Netherlands
6032,Z4,2015,2.8,267,petrol,manual,RWD,143903,8.9,42522,193,2,2,convertible,blue,1,,partial,Italy
6033,X5,2016,3.5,330,petrol,automatic,AWD,107014,10.3,68357,229,5,5,suv,red,1,no,full,Turkey
6034,i3,2019,0,151,electric,automatic,RWD,96243,0,46815,0,5,4,hatchback,grey,1,no,full,UK
6035,X5,2009,3,208,diesel,automatic,AWD,205089,7.3,42934,160,5,5,suv,grey,3,yes,full,Italy
6036,X1,2016,1.6,180,diesel,automatic,AWD,105470,5.9,30183,110,5,5,suv,black,1,no,partial,USA
6037,Z4,2021,2.1,263,petrol,automatic,RWD,76108,8.3,63239,170,2,2,convertible,black,1,no,full,Turkey
6038,5 Series,2022,3.9,316,petrol,automatic,RWD,45875,10.6,62615,247,4,5,sedan,black,0,no,full,Germany
6039,1 Series,2019,1.7,281,diesel,automatic,FWD,79392,6.8,28443,162,5,4,hatchback,black,2,no,full,Spain
6040,X7,2006,3.6,281,diesel,automatic,AWD,300000,8.7,58914,187,5,5,suv,black,5,no,full,Netherlands
6041,i3,2021,0,155,electric,automatic,RWD,26748,0,53383,0,5,4,hatchback,white,1,no,full,Spain
6042,X1,2009,1.6,148,diesel,automatic,FWD,181153,6.5,12083,160,5,5,suv,black,4,yes,,Italy
6043,1 Series,2022,2,231,petrol,automatic,RWD,10565,9.1,34356,189,3,4,hatchback,blue,1,no,full,UK
6044,i3,2020,0,184,electric,automatic,RWD,71909,0,51520,0,5,4,hatchback,white,1,no,full,Spain
6045,X5,2017,3.6,336,diesel,automatic,AWD,112027,9.5,80924,211,5,5,suv,white,2,no,full,UK
6046,3 Series,2023,2.6,190,diesel,automatic,AWD,22494,6.2,43372,126,4,5,sedan,white,0,no,full,UK
6047,X7,2023,4.2,342,hybrid,automatic,AWD,33988,6.4,126101,139,5,5,suv,blue,1,no,,Italy
6048,1 Series,2020,1.9,184,diesel,automatic,FWD,59960,7.2,24277,158,5,5,hatchback,silver,1,yes,full,Germany
6049,1 Series,2020,1.6,187,hybrid,manual,RWD,68146,4.3,23211,88,3,4,hatchback,silver,0,,full,USA
6050,i4,2020,0,366,electric,automatic,AWD,23147,0,73628,0,4,5,coupe,white,1,no,full,Turkey
6051,X7,2024,4.1,369,diesel,automatic,AWD,0,10.1,138194,232,5,5,suv,blue,1,no,full,Germany
6052,1 Series,2021,2.6,172,hybrid,manual,FWD,59794,5.2,19334,118,3,5,hatchback,red,1,no,none,Turkey
6053,X1,2015,1.6,129,diesel,automatic,AWD,144328,5.7,30127,116,5,5,suv,blue,2,no,full,USA
6054,Z4,2021,2.4,243,petrol,automatic,RWD,37350,8.4,58054,188,2,2,convertible,black,0,yes,partial,USA
6055,3 Series,2009,2,265,diesel,manual,AWD,300000,6.4,14419,137,4,5,sedan,grey,2,yes,none,Netherlands
6056,1 Series,2014,,221,petrol,manual,FWD,149087,7.9,15898,161,3,4,hatchback,silver,1,no,partial,France
6057,1 Series,2022,2.8,223,diesel,automatic,RWD,12938,7.4,30942,143,3,5,hatchback,grey,1,no,full,Spain
6058,i3,2018,0,167,electric,automatic,RWD,103982,0,40029,0,5,4,hatchback,black,2,no,partial,Turkey
6059,1 Series,2006,2.7,239,petrol,manual,RWD,288371,9,3528,221,3,4,hatchback,black,4,yes,partial,Germany
6060,3 Series,2006,3,216,hybrid,,RWD,144562,5.6,18722,123,4,5,sedan,white,4,no,full,Italy
6061,5 Series,2023,4.1,376,petrol,automatic,RWD,31017,11.7,68817,258,4,5,sedan,grey,0,no,full,UK
6062,X3,2023,3.1,310,petrol,automatic,RWD,29313,10,63720,213,5,5,suv,silver,0,no,full,France
6063,3 Series,2019,1.9,245,diesel,automatic,AWD,83929,6.3,30503,140,4,5,sedan,white,3,yes,partial,Netherlands
6064,5 Series,2014,2.1,154,diesel,automatic,RWD,114744,6.1,40649,126,4,5,sedan,black,3,,full,Germany
6065,1 Series,2017,1.8,168,diesel,,RWD,118485,6.1,18548,152,3,5,hatchback,black,4,no,full,UK
6066,X1,2010,2.1,192,petrol,automatic,AWD,300000,8.1,9339,182,5,5,suv,silver,4,yes,partial,Netherlands
6067,5 Series,2019,3,287,hybrid,automatic,AWD,127237,5.6,51422,112,4,5,sedan,red,,yes,full,Netherlands
6068,5 Series,2015,4.2,349,petrol,automatic,AWD,120077,11.4,49190,243,4,5,sedan,blue,3,no,partial,Netherlands
6069,3 Series,2013,2.4,227,diesel,manual,RWD,151844,7.7,20416,167,4,5,sedan,silver,2,yes,partial,Turkey
6070,X5,2011,4,314,hybrid,automatic,AWD,205822,6,59336,129,5,5,suv,black,4,no,full,UK
6071,Z4,2024,2.4,282,petrol,automatic,RWD,6731,9.2,75774,200,2,2,convertible,red,0,no,full,USA
6072,X1,2014,1.7,221,hybrid,automatic,AWD,149545,4.8,22835,102,5,5,suv,grey,1,yes,partial,Turkey
6073,3 Series,2019,1.7,175,petrol,automatic,RWD,84875,8.4,33523,174,4,5,sedan,black,1,yes,full,USA
6074,X7,2024,4.3,348,diesel,automatic,AWD,0,9.7,123985,216,5,5,suv,blue,0,no,full,Spain
6075,X3,2024,2.3,232,hybrid,automatic,AWD,501,5.4,65314,127,5,5,suv,white,1,no,partial,France
6076,Z4,2020,2.7,228,petrol,automatic,RWD,51609,8.8,67226,201,2,2,convertible,,1,no,full,USA
6077,X5,2020,3.8,347,petrol,automatic,AWD,40045,9.6,82685,214,5,5,suv,silver,0,no,full,Spain
6078,5 Series,2018,4.2,339,diesel,automatic,RWD,53977,9.8,45882,219,4,5,sedan,silver,1,yes,,France
6079,X3,2023,3.1,278,hybrid,automatic,AWD,18561,6,56653,140,5,5,suv,grey,0,yes,full,Germany
6080,3 Series,2015,3.1,257,diesel,automatic,AWD,90727,8.1,32744,164,4,5,sedan,black,3,no,full,UK
6081,3 Series,2013,3.2,275,petrol,manual,RWD,120483,10.3,25715,,4,5,sedan,white,4,yes,partial,UK
6082,Z4,2024,2.1,207,petrol,automatic,RWD,0,7,70541,146,2,2,convertible,black,0,,partial,France
6083,Z4,2023,2.5,208,petrol,automatic,RWD,11573,8.8,72816,193,2,2,convertible,red,0,no,full,Spain
6084,X3,2005,2.4,194,diesel,automatic,AWD,300000,6.8,20628,141,5,5,suv,black,2,yes,full,UK
6085,3 Series,2013,3.3,312,hybrid,manual,RWD,164785,5.6,24089,140,4,5,sedan,white,3,yes,none,Germany
6086,X7,2021,3.7,413,diesel,automatic,AWD,25061,8.9,110325,194,5,5,suv,silver,0,no,full,Turkey
6087,5 Series,2011,3.8,311,diesel,automatic,AWD,193834,9.1,38629,202,4,5,sedan,black,3,no,full,UK
6088,7 Series,2024,0,489,electric,automatic,AWD,0,0,145622,0,4,4,sedan,black,1,no,full,Germany
6089,5 Series,2013,3.8,289,diesel,automatic,RWD,143746,8.6,40586,197,4,5,sedan,white,3,no,partial,UK
6090,X7,2012,3,270,hybrid,automatic,AWD,227759,5.6,67307,127,5,5,suv,,4,no,partial,France
6091,X5,2020,4,385,hybrid,automatic,AWD,34441,7.3,88966,167,5,5,suv,black,1,no,partial,Netherlands
6092,X7,2012,3.1,237,diesel,automatic,AWD,109279,7.5,70133,159,5,5,suv,blue,4,yes,partial,USA
6093,X3,2017,2.6,277,hybrid,automatic,AWD,80492,4.9,45944,95,5,5,suv,blue,1,yes,,Germany
6094,X7,2015,3.5,297,petrol,automatic,AWD,34117,9.5,88365,200,5,5,suv,white,2,yes,full,Turkey
6095,X1,2022,2.1,204,diesel,automatic,AWD,25917,6.5,43368,137,5,5,suv,grey,0,no,partial,Spain
6096,3 Series,2023,3.2,253,hybrid,automatic,AWD,20719,6.1,43664,111,4,5,sedan,red,0,no,full,Netherlands
6097,X5,2022,4,336,diesel,automatic,AWD,35537,8.8,90935,189,5,5,suv,red,1,no,full,USA
6098,3 Series,2015,2.3,226,petrol,automatic,AWD,129598,8.3,26746,199,4,5,sedan,grey,3,no,partial,France
6099,X3,2008,2.7,296,hybrid,automatic,AWD,257061,5.7,28996,115,5,5,suv,black,2,yes,partial,Netherlands
6100,1 Series,2019,1.8,246,diesel,automatic,FWD,101679,5.6,21410,116,3,5,hatchback,black,2,yes,full,Turkey
6101,X5,2010,4.4,358,diesel,automatic,AWD,140518,10.5,46339,223,5,5,suv,grey,3,yes,none,USA
6102,X1,2019,2.2,183,petrol,automatic,AWD,57040,8.5,38505,185,5,5,suv,grey,4,no,partial,Netherlands
6103,Z4,2024,2.9,259,petrol,automatic,RWD,30755,9.2,78810,210,2,2,convertible,black,0,no,full,Netherlands
6104,i4,2007,0,355,electric,automatic,RWD,300000,0,34594,0,4,5,coupe,blue,3,yes,full,UK
6105,X3,2019,3.1,380,petrol,automatic,AWD,60573,10.4,59686,216,5,5,suv,black,2,no,full,Spain
6106,X3,2023,3.2,282,diesel,automatic,AWD,0,8.5,64399,185,5,5,suv,red,0,yes,full,France
6107,5 Series,2020,3.1,265,hybrid,automatic,AWD,76632,5.4,56153,118,4,5,sedan,silver,1,no,partial,Germany
6108,1 Series,2016,2.9,238,diesel,automatic,FWD,96991,8.1,22819,,3,4,hatchback,grey,2,no,full,Spain
6109,X3,2024,3.2,263,diesel,automatic,AWD,5,8,69386,171,5,5,suv,silver,1,no,full,Italy
6110,i3,2011,0,177,electric,automatic,RWD,81599,0,35478,0,5,4,hatchback,black,3,no,full,UK
6111,i3,2008,0,146,electric,automatic,RWD,181211,0,18400,0,5,4,hatchback,black,2,yes,partial,Germany
6112,X3,2024,2.6,258,diesel,automatic,AWD,10729,7.1,64164,143,5,5,suv,black,1,no,full,Germany
6113,X1,2006,2.3,270,diesel,automatic,FWD,300000,7,10783,142,5,5,suv,black,4,yes,full,Spain
6114,X3,2014,2.3,219,petrol,automatic,RWD,222324,8.6,32532,190,5,5,suv,black,4,yes,full,Germany
6115,1 Series,2017,2.7,263,petrol,automatic,RWD,145769,8.8,20378,177,3,5,hatchback,black,2,no,partial,Germany
6116,i4,2016,0,264,electric,automatic,RWD,130397,0,52208,0,4,5,coupe,black,3,no,partial,Netherlands
6117,X7,2021,4.2,347,hybrid,automatic,AWD,48875,6.9,103494,151,5,5,suv,black,1,no,none,Netherlands
6118,3 Series,2023,3,236,petrol,automatic,AWD,24743,9.1,43864,200,4,5,sedan,black,1,no,full,Italy
6119,3 Series,2017,3.1,245,diesel,automatic,AWD,65720,8.7,33300,182,4,5,sedan,silver,1,no,full,Italy
6120,5 Series,2016,2.3,175,hybrid,automatic,AWD,191886,5,33182,115,4,5,sedan,white,3,yes,full,Netherlands
6121,7 Series,2012,3.7,286,diesel,automatic,AWD,201508,9.2,55084,209,4,5,sedan,grey,2,yes,,Turkey
6122,Z4,2017,2.5,221,petrol,automatic,RWD,127289,8.3,47001,181,2,2,convertible,white,3,no,full,Turkey
6123,X7,2008,3.6,313,hybrid,automatic,AWD,168419,6.1,72826,123,5,5,suv,silver,2,no,full,USA
6124,5 Series,2006,2.7,262,diesel,automatic,RWD,300000,7.7,17650,174,4,5,sedan,black,5,yes,partial,France
6125,X1,2023,2.4,223,petrol,automatic,FWD,17080,8.7,53625,209,5,5,suv,white,0,no,full,France
6126,5 Series,2020,2.8,298,petrol,automatic,AWD,58476,8.9,48371,219,4,5,sedan,silver,1,yes,full,Spain
6127,5 Series,2019,3.7,349,petrol,automatic,AWD,90976,10.3,56337,227,4,5,sedan,silver,3,no,full,UK
6128,X5,2016,3,355,hybrid,automatic,AWD,95059,5.6,75807,117,5,5,suv,silver,2,no,full,Spain
6129,3 Series,2021,2.7,217,diesel,automatic,RWD,33837,6.9,44557,164,4,5,sedan,black,1,no,full,France
6130,X5,2020,3.7,320,petrol,automatic,AWD,95500,10.7,81839,221,5,5,suv,white,2,no,full,Netherlands
6131,5 Series,2022,2.9,281,hybrid,automatic,AWD,21537,5.5,61797,121,4,5,sedan,red,1,no,full,Turkey
6132,X3,2020,3.1,241,diesel,automatic,AWD,70760,7.6,56608,174,5,5,suv,white,1,no,full,UK
6133,i4,2011,0,326,electric,automatic,RWD,154852,0,40943,0,4,5,coupe,black,4,no,partial,Turkey
6134,1 Series,2023,2.5,220,petrol,automatic,RWD,29105,9.2,28655,198,3,5,hatchback,red,0,no,full,Turkey
6135,7 Series,2022,4,342,hybrid,automatic,RWD,52709,7.1,117351,156,4,4,sedan,black,1,no,full,France
6136,3 Series,2013,2.3,255,hybrid,manual,AWD,192315,4.3,23699,86,4,5,sedan,blue,3,no,partial,UK
6137,i7,2010,0,539,electric,automatic,AWD,296260,0,77206,0,4,4,sedan,blue,3,yes,partial,UK
6138,X1,2018,1.9,190,diesel,automatic,FWD,104849,7.1,27951,169,5,5,suv,red,2,yes,partial,France
6139,5 Series,2019,3.2,319,petrol,automatic,RWD,59067,10.1,59302,235,4,5,sedan,silver,3,no,full,Turkey
6140,5 Series,2019,3.1,294,diesel,automatic,RWD,65904,7.8,53610,169,4,5,sedan,silver,3,no,full,Spain
6141,7 Series,2007,0,392,electric,,AWD,300000,0,51104,0,4,5,sedan,black,2,yes,full,Netherlands
6142,X5,2014,4.1,324,hybrid,automatic,AWD,84385,7,55389,159,5,5,suv,blue,1,no,partial,Turkey
6143,3 Series,2018,2.7,303,hybrid,automatic,RWD,83905,5.2,37799,123,4,5,sedan,silver,1,no,full,Germany
6144,3 Series,2020,2,203,hybrid,automatic,AWD,64453,4.3,36043,99,4,5,sedan,grey,0,no,full,Spain
6145,Z4,2022,2.7,221,petrol,automatic,RWD,32592,8.6,58197,200,2,2,convertible,white,1,no,partial,Spain
6146,5 Series,2010,3.4,323,diesel,automatic,RWD,124778,8.5,37874,190,4,5,sedan,black,2,no,full,Spain
6147,7 Series,2019,4.6,377,hybrid,automatic,AWD,80421,7.1,91247,157,4,4,sedan,grey,2,no,partial,Germany
6148,7 Series,2014,,364,petrol,automatic,RWD,149689,12,67552,265,4,4,sedan,,1,yes,partial,Netherlands
6149,3 Series,2008,2,245,hybrid,automatic,AWD,264133,5.1,17329,134,4,5,sedan,grey,2,yes,full,France
6150,7 Series,2012,0,424,electric,automatic,RWD,121329,0,84414,0,4,5,sedan,white,2,no,full,Italy
6151,X1,2013,1.8,192,diesel,automatic,FWD,168423,5.9,26852,120,5,5,suv,black,3,no,full,Spain
6152,X3,2014,2.5,201,diesel,automatic,AWD,203795,7.1,35502,159,5,5,suv,black,2,no,partial,Italy
6153,3 Series,2022,3.4,280,diesel,manual,RWD,25479,7.9,36989,174,4,5,sedan,black,2,yes,partial,Spain
6154,7 Series,2018,4.8,371,petrol,automatic,AWD,99647,11.8,80428,265,4,5,sedan,black,1,yes,full,Netherlands
6155,X7,2023,3.2,308,hybrid,automatic,AWD,0,6.1,124351,135,5,5,suv,black,1,no,full,Italy
6156,3 Series,2024,2.2,182,hybrid,manual,AWD,0,5.2,41714,117,4,5,sedan,silver,0,no,full,Italy
6157,5 Series,2016,,279,petrol,automatic,RWD,45483,10.3,50216,221,4,5,sedan,red,2,no,full,UK
6158,1 Series,2017,2.9,198,petrol,manual,RWD,102902,9,18924,208,5,4,hatchback,black,2,no,full,Italy
6159,i3,2020,0,153,electric,automatic,RWD,57037,0,44681,0,5,4,hatchback,white,1,yes,full,France
6160,5 Series,2020,3.4,283,diesel,automatic,RWD,38696,8.1,52413,164,4,5,sedan,white,1,yes,full,USA
6161,i4,2021,0,408,electric,automatic,RWD,69942,0,76984,0,4,5,coupe,silver,2,no,full,Turkey
6162,X5,2019,4.2,383,hybrid,automatic,AWD,46493,6.7,73058,143,5,5,suv,white,1,yes,full,Spain
6163,3 Series,2019,2.6,184,petrol,automatic,AWD,23645,9,35914,202,4,5,sedan,black,3,no,full,Germany
6164,5 Series,2017,2.4,277,diesel,automatic,RWD,112374,7.6,50559,154,4,5,sedan,silver,1,no,full,USA
6165,5 Series,2021,3.7,343,hybrid,automatic,AWD,27296,6.5,61909,139,4,5,sedan,silver,1,no,full,Germany
6166,3 Series,2017,2.5,209,diesel,automatic,RWD,88720,7.4,37228,172,4,5,sedan,grey,2,no,full,Netherlands
6167,X5,2016,4.1,323,hybrid,automatic,AWD,99775,7.1,75511,172,5,5,suv,black,1,no,full,Netherlands
6168,1 Series,2023,1.5,135,petrol,automatic,RWD,6255,8.4,28295,183,5,4,hatchback,blue,0,no,partial,Germany
6169,5 Series,2011,3.4,301,diesel,automatic,RWD,206125,8.6,33727,191,4,5,sedan,grey,2,yes,,Germany
6170,7 Series,2011,4.9,449,diesel,,AWD,233311,10.8,72323,224,4,4,sedan,black,,no,full,Netherlands
6171,X1,2015,1.7,195,diesel,automatic,FWD,80367,6.1,27676,118,5,5,suv,white,2,yes,none,Germany
6172,5 Series,2024,4.1,304,diesel,automatic,RWD,0,9.3,73093,196,4,5,sedan,white,0,no,full,Germany
6173,3 Series,2008,2.2,218,diesel,automatic,AWD,295609,6.7,7553,151,4,5,sedan,red,3,yes,full,France
6174,7 Series,2007,0,495,electric,automatic,RWD,264439,0,63895,0,4,5,sedan,white,3,no,partial,Italy
6175,X7,2015,3.3,289,hybrid,automatic,AWD,163733,6.2,85881,150,5,5,suv,grey,1,yes,full,France
6176,i7,2015,0,467,electric,automatic,RWD,114823,0,119634,0,4,4,sedan,silver,1,no,partial,Spain
6177,5 Series,2015,2.7,306,diesel,automatic,RWD,145686,7.8,37230,183,4,5,sedan,silver,1,yes,full,Turkey
6178,7 Series,2019,3.8,302,diesel,automatic,RWD,29570,8.2,107657,181,4,4,sedan,grey,1,no,full,Germany
6179,1 Series,2016,2.5,190,hybrid,automatic,FWD,168039,5.3,14893,124,3,5,hatchback,,2,no,partial,Netherlands
6180,X7,2009,3.3,274,hybrid,automatic,AWD,176908,5.5,62833,111,5,5,suv,silver,4,no,partial,France
6181,3 Series,2019,2.7,252,diesel,automatic,AWD,68948,,34601,161,4,5,sedan,grey,1,no,partial,Spain
6182,1 Series,2005,2.2,236,hybrid,automatic,RWD,300000,5.2,5824,113,5,5,hatchback,blue,2,yes,partial,Turkey
6183,1 Series,2021,2.1,183,hybrid,automatic,RWD,61985,4.8,26357,108,3,5,hatchback,blue,1,no,full,Turkey
6184,X1,2023,1.9,146,petrol,automatic,FWD,0,7.9,46056,172,5,5,suv,white,0,no,full,Italy
6185,X3,2022,2.1,221,hybrid,automatic,AWD,23888,5.1,65809,105,5,5,suv,black,2,no,full,USA
6186,i4,2022,,405,electric,automatic,AWD,20535,0,65409,0,4,5,coupe,silver,2,yes,full,Turkey
6187,i7,2018,0,366,electric,automatic,RWD,73728,0,130515,0,4,5,sedan,,1,no,full,Italy
6188,3 Series,2005,3.3,273,diesel,manual,RWD,300000,8.3,11688,172,4,5,sedan,blue,4,no,partial,Netherlands
6189,X5,2006,3.6,288,petrol,automatic,AWD,300000,9.5,32441,206,5,5,suv,white,3,,none,Turkey
6190,X3,2007,2.6,231,petrol,automatic,AWD,300000,8.2,23883,182,5,5,suv,silver,3,no,full,Italy
6191,3 Series,2024,2.3,187,hybrid,automatic,AWD,0,4.2,36998,94,4,5,sedan,grey,0,yes,full,Italy
6192,X5,2011,3.9,326,diesel,automatic,AWD,129366,8.8,47232,200,5,5,suv,silver,5,yes,full,USA
6193,7 Series,2020,4.3,380,hybrid,automatic,AWD,90869,6.7,90234,151,4,4,sedan,red,2,no,partial,UK
6194,1 Series,2011,2.2,205,petrol,automatic,RWD,152908,8.5,11905,188,5,5,hatchback,red,4,no,partial,UK
6195,3 Series,2009,3.3,305,diesel,manual,RWD,232241,7.8,13233,162,4,5,sedan,black,3,yes,none,Spain
6196,i3,2019,0,208,electric,automatic,RWD,51783,0,42734,0,5,4,hatchback,,2,no,partial,Spain
6197,3 Series,2008,2.4,223,petrol,automatic,RWD,269362,8.8,9863,195,4,5,sedan,white,5,no,none,UK
6198,X1,2006,2.4,303,hybrid,automatic,AWD,249044,5.7,21220,139,5,5,suv,blue,2,no,full,Italy
6199,3 Series,2010,2.9,307,hybrid,automatic,RWD,196841,5.9,23561,128,4,5,sedan,black,2,no,partial,Turkey
6200,5 Series,2010,2.9,243,petrol,automatic,RWD,194702,10.1,24318,228,4,5,sedan,blue,3,yes,partial,Germany
6201,5 Series,2017,4,453,diesel,automatic,AWD,128080,10.1,50431,213,4,5,sedan,silver,1,no,full,Italy
6202,i4,2022,0,332,electric,automatic,RWD,23314,0,85927,0,4,5,coupe,white,2,no,full,France
6203,X3,2020,2.7,230,diesel,automatic,AWD,67539,7.8,57174,171,5,5,suv,grey,0,no,full,Italy
6204,X5,2023,3.7,352,diesel,automatic,AWD,45190,8.3,92069,175,5,5,suv,silver,0,no,full,Germany
6205,5 Series,2020,3.5,261,hybrid,automatic,RWD,67489,5.9,55827,136,4,5,sedan,white,0,no,full,Spain
6206,1 Series,2018,2.9,288,hybrid,automatic,FWD,79987,5.4,26537,111,5,4,hatchback,black,2,no,full,UK
6207,5 Series,2021,4.2,397,hybrid,automatic,AWD,31753,6.8,63004,137,4,5,sedan,white,1,no,partial,Italy
6208,i4,2009,0,268,electric,automatic,AWD,210519,0,36521,0,4,5,coupe,white,2,no,,Turkey
6209,i7,2018,0,525,electric,automatic,RWD,91787,0,127618,0,4,5,sedan,grey,2,no,partial,Turkey
6210,1 Series,2010,2.7,274,diesel,,RWD,184809,7.8,13012,197,5,5,hatchback,black,2,yes,full,Germany
6211,5 Series,2009,3.2,312,hybrid,automatic,AWD,207285,5.7,30193,116,4,5,sedan,blue,3,no,none,France
6212,5 Series,2018,4.1,373,hybrid,automatic,AWD,47919,6.8,52929,159,4,5,sedan,grey,2,no,full,Italy
6213,1 Series,2020,2.7,222,hybrid,automatic,RWD,14853,5.2,28702,116,3,5,hatchback,black,1,no,full,USA
6214,1 Series,2022,2.9,252,petrol,automatic,RWD,24498,8.9,34090,198,3,5,hatchback,silver,0,no,full,Netherlands
6215,1 Series,2013,1.9,234,hybrid,automatic,FWD,180004,4.9,14202,111,5,5,hatchback,black,2,no,partial,France
6216,i7,2022,0,421,electric,automatic,AWD,29182,0,175795,0,4,4,sedan,black,0,no,full,France
6217,5 Series,2020,4.3,387,petrol,automatic,RWD,28051,12.2,67116,278,4,5,sedan,blue,1,no,full,USA
6218,3 Series,2008,3.1,289,diesel,automatic,RWD,300000,7.9,11279,190,4,5,sedan,black,,yes,full,Netherlands
6219,3 Series,2008,1.8,141,hybrid,manual,RWD,213188,4.2,11788,91,4,5,sedan,black,4,yes,full,Turkey
6220,3 Series,2005,3.5,257,diesel,automatic,RWD,300000,7.9,6793,180,4,5,sedan,silver,2,yes,full,Italy
6221,X1,2014,1.6,163,hybrid,automatic,FWD,189761,4.3,19144,89,5,5,suv,blue,3,yes,partial,Spain
6222,5 Series,2023,3.9,353,petrol,automatic,AWD,8890,10.5,70744,234,4,5,sedan,silver,0,no,full,Netherlands
6223,3 Series,2024,2.2,251,petrol,automatic,RWD,6209,8.3,48391,181,4,5,sedan,white,0,no,full,Italy
6224,i4,2014,,349,electric,automatic,AWD,187814,0,49574,0,4,5,coupe,silver,1,no,full,France
6225,7 Series,2023,3.5,333,diesel,automatic,RWD,0,9.2,125611,202,4,4,sedan,,0,no,full,Netherlands
6226,5 Series,2024,2.7,242,hybrid,automatic,AWD,0,5.7,58844,106,4,5,sedan,red,0,no,partial,France
6227,X1,2017,2.2,210,petrol,automatic,AWD,84105,7.4,33854,170,5,5,suv,black,3,no,partial,Turkey
6228,X1,2007,2,225,petrol,automatic,FWD,252701,8.3,12949,176,5,5,suv,silver,5,yes,none,UK
6229,X7,2018,4.4,345,diesel,automatic,AWD,98198,9.7,100725,215,5,5,suv,black,3,no,full,Turkey
6230,X3,2008,3,242,petrol,automatic,AWD,300000,8.5,23147,187,5,5,suv,grey,5,yes,full,USA
6231,Z4,2008,2.7,227,petrol,automatic,RWD,300000,8.6,21180,182,2,2,convertible,grey,4,yes,partial,USA
6232,5 Series,2017,2.5,196,petrol,automatic,RWD,88270,8.9,42746,206,4,5,sedan,silver,2,no,partial,USA
6233,X1,2022,1.9,251,petrol,automatic,AWD,37988,6.6,52815,151,5,5,suv,grey,1,no,full,Italy
6234,X7,2024,4.2,342,hybrid,automatic,AWD,1349,7.2,135270,161,5,5,suv,white,1,no,full,Netherlands
6235,1 Series,2019,2.8,244,petrol,automatic,RWD,74958,8.3,28040,184,5,4,hatchback,black,3,no,full,UK
6236,3 Series,2016,2.4,255,hybrid,manual,AWD,103108,4.8,28073,104,4,5,sedan,white,1,yes,full,Germany
6237,3 Series,2019,2.9,207,hybrid,automatic,RWD,100388,5.1,33912,111,4,5,sedan,black,2,no,partial,USA
6238,Z4,2021,,272,petrol,automatic,RWD,8380,9.1,71396,199,2,2,convertible,white,0,no,full,Netherlands
6239,X1,2024,2,184,petrol,automatic,FWD,0,8.1,46781,191,5,5,suv,white,0,no,full,Italy
6240,7 Series,2005,4.2,355,hybrid,automatic,RWD,300000,6.8,46543,138,4,4,sedan,white,4,yes,partial,Germany
6241,3 Series,2018,1.7,131,petrol,automatic,RWD,103018,6.2,28959,128,4,5,sedan,black,1,no,full,France
6242,X3,2023,3.3,290,hybrid,automatic,RWD,27480,5.8,72373,130,5,5,suv,black,0,no,full,UK
6243,X5,2023,4,373,petrol,automatic,AWD,16159,11.8,84121,258,5,5,suv,white,0,yes,full,UK
6244,X3,2016,2.1,241,diesel,automatic,AWD,148818,,40263,156,5,5,suv,silver,1,yes,full,UK
6245,3 Series,2023,2.6,181,hybrid,automatic,AWD,26938,5.4,43871,129,4,5,sedan,grey,0,no,full,Netherlands
6246,5 Series,2021,4.3,385,petrol,automatic,AWD,93445,11.1,57205,243,4,5,sedan,blue,1,no,full,Turkey
6247,X1,2019,2.3,215,diesel,,FWD,43847,7.8,41079,174,5,5,suv,black,2,no,full,UK
6248,3 Series,2011,,353,petrol,automatic,AWD,210303,9.6,21041,214,4,5,sedan,black,3,no,partial,Turkey
6249,3 Series,2010,1.7,169,petrol,manual,AWD,152844,7.5,18369,165,4,5,sedan,black,3,yes,partial,USA
6250,3 Series,2015,3.2,260,petrol,manual,AWD,170003,10.2,26940,240,4,5,sedan,blue,1,no,full,Turkey
6251,X7,2024,4.2,306,hybrid,automatic,AWD,21623,7.2,130519,159,5,5,suv,,,no,full,Italy
6252,7 Series,2024,0,342,electric,automatic,RWD,0,0,135932,0,4,4,sedan,black,0,no,full,France
6253,3 Series,2021,2.4,230,hybrid,automatic,RWD,45689,4.6,40709,100,4,5,sedan,silver,0,no,full,Netherlands
6254,X3,2023,2.3,252,hybrid,automatic,AWD,6227,5.7,65911,118,5,5,suv,silver,1,no,full,UK
6255,i4,2021,0,325,electric,automatic,RWD,33986,0,83397,0,4,5,coupe,blue,0,no,full,France
6256,X5,2005,4.4,411,diesel,automatic,AWD,161049,10.3,40069,219,5,5,suv,grey,4,yes,full,France
6257,X1,2020,2.2,223,petrol,automatic,AWD,72340,8,42824,161,5,5,suv,black,0,no,full,Netherlands
6258,X3,2013,3.5,316,petrol,automatic,RWD,207602,10.1,36237,217,5,5,suv,black,4,no,partial,France
6259,5 Series,2017,3.5,358,petrol,automatic,AWD,113137,10,46332,223,4,5,sedan,black,3,no,partial,Spain
6260,5 Series,2024,,193,petrol,automatic,RWD,0,8.2,65756,193,4,5,sedan,white,0,no,partial,Germany
6261,5 Series,2009,3.1,288,petrol,automatic,RWD,300000,8.4,31093,,4,5,sedan,grey,3,no,partial,France
6262,Z4,2023,2.2,247,petrol,automatic,RWD,28067,8.5,73142,185,2,2,convertible,silver,1,no,,Netherlands
6263,3 Series,2018,1.9,202,diesel,automatic,AWD,71016,6.1,36153,129,4,5,sedan,white,2,no,partial,Netherlands
6264,X7,2024,3.3,332,diesel,automatic,AWD,0,7.9,127741,169,5,5,suv,blue,0,no,full,UK
6265,i3,2015,0,201,electric,automatic,RWD,119748,0,38587,0,5,4,hatchback,black,1,no,full,Germany
6266,i3,2017,0,166,electric,automatic,RWD,116084,0,42648,0,5,4,hatchback,black,1,no,full,Italy
6267,X1,2011,2.4,238,diesel,automatic,AWD,133513,7.1,24669,161,5,5,suv,black,4,no,partial,USA
6268,1 Series,2017,1.6,228,diesel,automatic,RWD,71758,6.1,22326,140,5,4,hatchback,blue,1,no,full,Italy
6269,X1,2019,2.3,212,hybrid,automatic,AWD,49744,4.4,40752,90,5,5,suv,black,3,no,full,Germany
6270,X1,2020,2.3,192,hybrid,automatic,FWD,24167,5,40000,102,5,5,suv,white,2,no,partial,Germany
6271,1 Series,2024,2.2,238,diesel,automatic,FWD,0,6.5,36575,158,5,5,hatchback,grey,1,no,full,USA
6272,3 Series,2013,,251,petrol,automatic,RWD,233223,8.8,16328,209,4,5,sedan,grey,3,no,none,Italy
6273,5 Series,2024,3.2,259,petrol,automatic,RWD,0,9.3,70762,203,4,5,sedan,white,0,no,full,Germany
6274,5 Series,2020,2,205,petrol,automatic,RWD,35215,8,48074,,4,5,sedan,black,1,yes,full,Turkey
6275,X1,2006,2.3,199,hybrid,automatic,AWD,180087,4.6,16295,90,5,5,suv,grey,4,no,none,USA
6276,i4,2017,0,143,electric,automatic,AWD,89642,,47141,0,4,5,coupe,white,2,yes,full,Spain
6277,3 Series,2020,2.7,213,diesel,automatic,AWD,69693,7.8,36842,173,4,5,sedan,blue,2,no,full,France
6278,3 Series,2014,2.9,280,diesel,manual,AWD,175402,7.9,30182,176,4,5,sedan,silver,1,yes,full,USA
6279,X1,2019,2.2,252,petrol,automatic,AWD,70566,8.1,37217,182,5,5,suv,grey,3,no,none,Netherlands
6280,X3,2021,3.5,333,diesel,automatic,RWD,43383,8.3,60220,178,5,5,suv,white,1,yes,full,France
6281,5 Series,2019,4.1,386,hybrid,automatic,AWD,93190,7.1,62732,151,4,5,sedan,silver,2,no,full,Netherlands
6282,5 Series,2021,2.2,277,diesel,automatic,AWD,30970,7.4,58496,152,4,5,sedan,blue,2,no,partial,France
6283,1 Series,2007,1.6,127,diesel,manual,FWD,167911,5.3,6387,130,5,4,hatchback,white,3,yes,partial,USA
6284,3 Series,2011,1.6,197,diesel,automatic,AWD,134181,6.3,24023,150,4,5,sedan,silver,4,no,partial,UK
6285,i4,2010,0,192,electric,automatic,RWD,107895,0,43178,0,4,5,coupe,silver,2,no,full,Italy
6286,1 Series,2016,1.9,142,diesel,automatic,RWD,170325,6.5,11364,148,3,5,hatchback,white,2,no,none,Spain
6287,X3,2024,2.9,274,hybrid,automatic,RWD,0,6.2,77082,139,5,5,suv,blue,0,no,full,Netherlands
6288,X1,2009,1.9,234,petrol,automatic,AWD,249568,6.7,18428,150,5,5,suv,black,2,no,partial,France
6289,X5,2010,3.2,220,petrol,automatic,AWD,199874,9.1,50961,,5,5,suv,red,2,no,partial,Germany
6290,5 Series,2007,3.6,331,hybrid,automatic,RWD,155117,6.4,30472,,4,5,sedan,silver,5,no,partial,Turkey
6291,Z4,2022,3,259,petrol,,RWD,38103,9.4,53727,202,2,2,convertible,blue,2,yes,partial,France
6292,X7,2013,3.4,284,hybrid,automatic,AWD,180373,6.2,76706,153,5,5,suv,blue,4,no,partial,Netherlands
6293,5 Series,2016,3.4,303,hybrid,,AWD,102097,6.3,45411,146,4,5,sedan,black,3,no,full,Spain
6294,i7,2013,0,540,electric,automatic,AWD,109785,0,129035,0,4,5,sedan,silver,3,no,full,Spain
6295,5 Series,2012,3.4,343,hybrid,automatic,AWD,186552,6.1,28934,132,4,5,sedan,grey,3,yes,none,Germany
6296,X5,2011,3,268,hybrid,,AWD,197960,5.2,52985,120,5,5,suv,blue,2,no,full,France
6297,X1,2016,1.7,200,diesel,automatic,FWD,114443,6.3,34360,133,5,5,suv,,1,,full,Spain
6298,5 Series,2023,3.1,284,petrol,automatic,RWD,25648,8.6,58428,191,4,5,sedan,white,1,no,partial,Spain
6299,X7,2008,4,404,diesel,automatic,AWD,247802,10,73745,221,5,5,suv,black,2,no,full,UK
6300,5 Series,2009,2.4,163,petrol,automatic,RWD,140357,8.1,25138,164,4,5,sedan,red,4,no,none,Italy
6301,X1,2021,1.9,140,hybrid,automatic,AWD,68770,4,42144,83,5,5,suv,black,0,no,full,USA
6302,X5,2020,3.2,280,petrol,automatic,AWD,48024,9.5,77289,215,5,5,suv,black,1,no,full,Italy
6303,X3,2013,,297,hybrid,automatic,AWD,112719,5.8,44998,120,5,5,suv,grey,4,no,full,France
6304,5 Series,2024,3.5,311,petrol,automatic,RWD,0,10,60901,226,4,5,sedan,blue,1,yes,,France
6305,X5,2018,3.9,319,diesel,automatic,AWD,141726,9,76905,190,5,5,suv,black,2,no,full,Netherlands
6306,1 Series,2013,1.8,151,petrol,automatic,FWD,140471,6.5,14464,132,5,5,hatchback,red,4,no,full,Germany
6307,3 Series,2011,2.9,249,hybrid,automatic,RWD,251241,5.8,13842,136,4,5,sedan,white,4,,full,Turkey
6308,X3,2021,2.7,316,diesel,automatic,RWD,68395,,58081,174,5,5,suv,black,1,no,full,Italy
6309,5 Series,2024,2.7,237,petrol,automatic,RWD,0,9,62500,183,4,5,sedan,white,0,no,partial,UK
6310,X7,2014,3.2,259,diesel,automatic,AWD,131695,7.9,87725,179,5,5,suv,black,3,no,full,France
6311,1 Series,2013,3,212,hybrid,manual,RWD,89051,5.5,16453,120,5,4,hatchback,black,5,yes,partial,Italy
6312,Z4,2023,2.4,265,petrol,automatic,RWD,13035,9.1,69893,199,2,2,convertible,white,0,no,full,Spain
6313,i3,2016,0,218,electric,automatic,RWD,141531,0,38944,0,5,4,hatchback,black,1,no,partial,France
6314,7 Series,2018,4.5,403,hybrid,automatic,RWD,99580,7.3,95082,160,4,4,sedan,black,4,no,full,USA
6315,X3,2012,3.3,269,hybrid,automatic,RWD,195921,5.5,35991,117,5,5,suv,silver,4,no,full,UK
6316,X3,2013,3.2,224,diesel,automatic,AWD,210931,7.9,32297,187,5,5,suv,blue,5,no,none,UK
6317,i3,2014,0,152,electric,automatic,RWD,257055,0,21440,0,5,4,hatchback,black,1,yes,full,Spain
6318,3 Series,2016,3.4,303,petrol,automatic,RWD,145812,9.1,29166,188,4,5,sedan,black,3,no,none,USA
6319,i4,2005,0,477,electric,automatic,RWD,300000,0,37165,0,4,5,coupe,red,4,no,partial,France
6320,Z4,2011,2.9,331,petrol,manual,RWD,180935,9.3,34625,208,2,2,convertible,grey,5,yes,full,France
6321,X3,2012,2.7,206,petrol,,RWD,215101,9.1,30445,194,5,5,suv,silver,3,no,partial,France
6322,7 Series,2006,3.4,320,hybrid,automatic,RWD,300000,6.6,49210,134,4,5,sedan,white,2,no,partial,Netherlands
6323,5 Series,2006,4,323,petrol,automatic,RWD,235018,10.1,20050,,4,5,sedan,black,4,yes,full,Turkey
6324,3 Series,2011,3.5,341,diesel,manual,AWD,155917,8.4,29604,172,4,5,sedan,red,3,no,full,USA
6325,i7,2024,0,487,electric,automatic,AWD,0,0,182936,0,4,5,sedan,white,0,no,full,Netherlands
6326,3 Series,2020,1.8,136,petrol,automatic,AWD,24647,8.2,33464,177,4,5,sedan,black,0,yes,partial,Germany
6327,i7,2021,0,597,electric,automatic,AWD,27649,0,190651,0,4,4,sedan,black,2,no,full,Netherlands
6328,1 Series,2016,2,226,diesel,automatic,RWD,90219,5.7,19500,117,3,5,hatchback,black,3,no,partial,Germany
6329,i3,2017,0,209,electric,automatic,RWD,111265,0,33378,0,5,4,hatchback,white,1,yes,none,Turkey
6330,5 Series,2016,3,237,hybrid,automatic,RWD,129379,5.2,47458,99,4,5,sedan,black,1,no,full,Italy
6331,X1,2016,1.8,190,diesel,automatic,FWD,143026,6.3,28358,130,5,5,suv,silver,,no,partial,Germany
6332,3 Series,2017,3.1,266,petrol,automatic,RWD,81125,8.9,35244,186,4,5,sedan,grey,2,no,partial,Germany
6333,3 Series,2021,2,145,diesel,automatic,AWD,43931,6.1,37539,136,4,5,sedan,blue,0,,full,Germany
6334,5 Series,2009,4,352,hybrid,automatic,AWD,93941,6.6,36904,153,4,5,sedan,grey,5,no,partial,USA
6335,X3,2008,2.3,225,petrol,automatic,RWD,273370,8.6,21137,187,5,5,suv,black,5,yes,none,USA
6336,3 Series,2018,3.1,233,diesel,automatic,AWD,89087,7.5,32431,163,4,5,sedan,silver,3,no,full,UK
6337,X3,2011,3.3,291,diesel,automatic,RWD,191225,,30256,172,5,5,suv,white,4,no,partial,Turkey
6338,Z4,2017,2.7,256,petrol,automatic,RWD,79098,9.1,52602,200,2,2,convertible,grey,2,yes,full,UK
6339,3 Series,2019,2,145,hybrid,manual,AWD,75711,4,34071,86,4,5,sedan,grey,2,no,full,USA
6340,X5,2013,3.1,303,petrol,automatic,AWD,171318,9.7,39052,,5,5,suv,black,3,yes,partial,Turkey
6341,i3,2009,0,185,electric,automatic,RWD,166474,0,24931,0,5,4,hatchback,black,4,no,full,Turkey
6342,X5,2015,4.3,351,diesel,automatic,AWD,98650,10.2,77236,222,5,5,suv,silver,1,no,full,Germany
6343,Z4,2015,,154,petrol,automatic,RWD,137209,7.5,45616,162,2,2,convertible,black,1,no,full,Netherlands
6344,X1,2010,1.9,202,diesel,automatic,AWD,65915,6,24769,140,5,5,suv,black,3,yes,full,Italy
6345,5 Series,2011,2.1,149,petrol,automatic,RWD,269526,8,21381,182,4,5,sedan,black,3,yes,none,USA
6346,7 Series,2009,4.1,365,diesel,automatic,AWD,132718,9,62586,193,4,4,sedan,black,3,no,full,Turkey
6347,3 Series,2018,,205,petrol,automatic,AWD,74718,8,32300,193,4,5,sedan,white,3,no,partial,USA
6348,1 Series,2024,1.9,201,diesel,manual,RWD,0,6.5,31640,150,3,5,hatchback,black,1,no,full,USA
6349,Z4,2020,2.5,194,petrol,automatic,RWD,52937,8,58916,178,2,2,convertible,white,2,no,full,UK
6350,7 Series,2015,3.5,304,hybrid,automatic,RWD,116687,6.1,82564,140,4,5,sedan,silver,1,no,partial,Italy
6351,X3,2010,2.1,204,diesel,automatic,RWD,235184,6.1,26601,127,5,5,suv,black,3,no,none,Turkey
6352,5 Series,2019,2.2,212,petrol,automatic,AWD,33780,7.9,52256,180,4,5,sedan,blue,2,no,full,Spain
6353,X1,2016,2.1,236,petrol,automatic,FWD,132401,8.1,32397,177,5,5,suv,white,2,no,partial,France
6354,5 Series,2018,3.1,276,petrol,automatic,RWD,109435,9.8,49231,209,4,5,sedan,black,3,yes,full,USA
6355,X1,2024,1.6,205,petrol,automatic,FWD,0,6.7,50443,137,5,5,suv,white,1,,full,Turkey
6356,3 Series,2024,3.1,308,diesel,automatic,RWD,6544,7.3,54125,175,4,5,sedan,red,1,no,full,Italy
6357,i3,2015,0,177,electric,automatic,RWD,116161,0,37637,0,5,4,hatchback,,3,,full,France
6358,1 Series,2013,3,339,hybrid,manual,FWD,183739,6.4,25578,145,3,5,hatchback,black,2,no,full,UK
6359,X7,2019,3.2,301,hybrid,,AWD,99171,6.1,103808,140,5,5,suv,black,1,no,full,Spain
6360,5 Series,2024,2.1,236,diesel,automatic,AWD,14344,6.5,69722,145,4,5,sedan,blue,0,no,full,Italy
6361,X5,2021,3.6,331,petrol,automatic,AWD,16666,9.9,85034,224,5,5,suv,white,0,no,full,Italy
6362,3 Series,2005,1.9,215,petrol,automatic,RWD,300000,8.3,6618,196,4,5,sedan,white,2,no,full,Italy
6363,5 Series,2021,3.9,371,diesel,automatic,RWD,90899,8.9,56689,195,4,5,sedan,silver,0,no,full,Turkey
6364,Z4,2020,3,244,petrol,,RWD,45150,9,71429,226,2,2,convertible,grey,0,no,full,Germany
6365,X7,2008,3.1,259,diesel,automatic,AWD,300000,8.4,53235,182,5,5,suv,white,2,no,partial,Netherlands
6366,X3,2012,2.8,254,hybrid,automatic,RWD,119596,5.4,33091,117,5,5,suv,black,5,yes,full,Spain
6367,X3,2012,3.2,320,diesel,automatic,RWD,244490,,33065,195,5,5,suv,silver,2,yes,partial,USA
6368,5 Series,2018,3.9,324,hybrid,automatic,RWD,71135,6.3,49888,132,4,5,sedan,black,4,no,full,Netherlands
6369,i3,2016,0,194,electric,automatic,RWD,124631,0,37998,0,5,4,hatchback,black,3,no,partial,USA
6370,7 Series,2022,0,450,electric,automatic,AWD,11798,0,126278,0,4,5,sedan,white,1,no,full,France
6371,Z4,2014,2.9,220,petrol,automatic,RWD,111664,9.8,51295,221,2,2,convertible,grey,2,no,full,Netherlands
6372,3 Series,2008,2.8,255,hybrid,manual,RWD,228601,5.2,20215,127,4,5,sedan,black,3,no,partial,France
6373,5 Series,2011,4.1,312,hybrid,automatic,AWD,230589,6.5,37386,151,4,5,sedan,silver,2,no,partial,France
6374,X3,2018,3.4,325,diesel,automatic,AWD,108156,8.8,44151,182,5,5,suv,silver,4,yes,partial,Turkey
6375,3 Series,2016,2.8,234,diesel,automatic,AWD,112970,7.2,24963,153,4,5,sedan,white,3,yes,full,Turkey
6376,X1,2019,2.5,212,diesel,automatic,FWD,81769,7,41444,151,5,5,suv,red,2,no,full,USA
6377,3 Series,2006,3.2,268,petrol,manual,AWD,300000,10.2,20118,229,4,5,sedan,grey,2,no,full,USA
6378,X1,2007,1.6,127,hybrid,automatic,FWD,275263,4.4,10946,94,5,5,suv,white,3,yes,full,France
6379,3 Series,2022,2,254,diesel,automatic,AWD,13839,6.8,45825,157,4,5,sedan,silver,1,no,partial,Spain
6380,3 Series,2022,2.6,275,diesel,automatic,RWD,57563,6.2,45620,132,4,5,sedan,red,1,no,full,France
6381,X1,2013,2.2,154,petrol,automatic,AWD,229185,7.8,23962,166,5,5,suv,black,3,,full,UK
6382,X5,2015,3.4,307,hybrid,automatic,AWD,157240,5,63900,104,5,5,suv,white,2,no,full,Turkey
6383,X5,2021,3.9,323,petrol,automatic,AWD,40129,10.7,72421,259,5,5,suv,red,1,yes,full,UK
6384,3 Series,2006,3.3,290,diesel,automatic,RWD,290069,8.8,12929,219,4,5,sedan,black,5,yes,full,France
6385,1 Series,2011,2.2,246,hybrid,automatic,RWD,236302,4.9,9254,106,5,4,hatchback,blue,2,no,full,Italy
6386,1 Series,2005,1.8,155,petrol,manual,FWD,249810,7,5546,140,3,4,hatchback,silver,2,no,partial,Netherlands
6387,X1,2010,1.5,145,diesel,automatic,FWD,147241,5.7,19951,119,5,5,suv,white,3,no,partial,USA
6388,X3,2018,2.4,218,hybrid,automatic,RWD,102497,4.7,54154,106,5,5,suv,grey,2,no,full,France
6389,X3,2014,2.2,249,diesel,automatic,RWD,262121,,33636,134,5,5,suv,,2,no,partial,Netherlands
6390,X7,2013,3.8,361,diesel,automatic,AWD,169309,9,79422,179,5,5,suv,blue,4,no,partial,UK
6391,5 Series,2018,4.2,336,petrol,automatic,AWD,63554,11.2,51209,240,4,5,sedan,black,2,no,full,UK
6392,X1,2011,2.1,153,diesel,automatic,AWD,226134,6.7,16679,150,5,5,suv,grey,2,no,none,Netherlands
6393,5 Series,2020,2.1,200,diesel,automatic,AWD,39242,6.8,55155,156,4,5,sedan,white,0,no,full,Turkey
6394,1 Series,2012,2.7,242,petrol,automatic,FWD,224490,9.1,12170,202,5,4,hatchback,silver,3,no,partial,USA
6395,i7,2016,0,356,electric,automatic,RWD,106085,0,121102,0,4,4,sedan,black,3,no,partial,Netherlands
6396,5 Series,2020,3.1,390,petrol,automatic,RWD,74055,9.6,58925,201,4,5,sedan,,1,no,partial,Germany
6397,3 Series,2019,2.5,216,petrol,automatic,AWD,47284,8.2,29739,183,4,5,sedan,black,1,no,none,Turkey
6398,5 Series,2018,4,374,diesel,automatic,RWD,85138,8.8,39995,197,4,5,sedan,silver,2,yes,none,Italy
6399,3 Series,2019,2.8,250,diesel,automatic,AWD,87853,7,36315,165,4,5,sedan,black,2,no,full,Turkey
6400,1 Series,2016,2,203,petrol,automatic,RWD,115912,7.3,19317,159,5,4,hatchback,white,1,yes,full,Germany
6401,i7,2024,0,393,electric,automatic,RWD,0,0,187948,0,4,4,sedan,silver,0,no,,Turkey
6402,i3,2023,0,213,electric,automatic,RWD,14948,,66684,,5,4,hatchback,blue,0,no,full,Netherlands
6403,3 Series,2021,2.3,204,hybrid,automatic,AWD,8025,4.7,35739,109,4,5,sedan,silver,1,yes,full,France
6404,5 Series,2017,2.3,296,hybrid,automatic,AWD,83982,5.8,51325,136,4,5,sedan,grey,2,no,full,Italy
6405,X7,2022,3.7,292,petrol,automatic,AWD,34177,9.3,133714,201,5,5,suv,red,1,no,full,Netherlands
6406,3 Series,2012,1.6,166,diesel,automatic,RWD,164680,5.8,21584,133,4,5,sedan,white,3,no,full,France
6407,5 Series,2021,2.7,205,petrol,automatic,AWD,15088,8.7,59403,193,4,5,sedan,blue,1,no,full,France
6408,5 Series,2016,3.3,228,diesel,automatic,RWD,133224,7.7,36630,161,4,5,sedan,black,1,no,none,Italy
6409,X7,2013,3.4,321,hybrid,automatic,AWD,205951,5.8,67085,144,5,5,suv,silver,3,yes,none,Italy
6410,1 Series,2023,1.6,203,diesel,automatic,FWD,27655,,28974,148,3,4,hatchback,blue,0,no,full,Germany
6411,3 Series,2007,3.5,253,diesel,automatic,AWD,197008,8.7,12129,187,4,5,sedan,black,4,yes,full,Turkey
6412,1 Series,2019,2.2,260,hybrid,automatic,FWD,53692,4.6,24074,91,5,5,hatchback,white,3,yes,full,Netherlands
6413,i4,2017,0,506,electric,automatic,AWD,94953,0,61648,0,4,5,coupe,black,2,yes,partial,USA
6414,1 Series,2016,2.6,214,diesel,automatic,RWD,134474,6.8,18470,153,3,5,hatchback,black,2,no,full,Turkey
6415,1 Series,2020,1.8,237,hybrid,manual,RWD,69087,4.9,29501,104,5,5,hatchback,blue,2,no,full,France
6416,7 Series,2010,4.8,449,petrol,automatic,RWD,299151,11.8,50889,262,4,4,sedan,blue,2,yes,partial,Turkey
6417,X3,2013,3.1,315,diesel,automatic,RWD,198863,7.9,34788,167,5,5,suv,blue,2,no,none,Germany
6418,X1,2013,1.6,177,hybrid,automatic,FWD,125413,4.3,28117,77,5,5,suv,silver,3,yes,full,UK
6419,i4,2009,0,339,electric,automatic,RWD,121489,0,41009,0,4,5,coupe,silver,2,no,partial,Turkey
6420,X7,2022,4.3,364,hybrid,automatic,AWD,33592,7.5,94247,161,5,5,suv,grey,2,yes,partial,Italy
6421,X7,2011,3.8,329,petrol,automatic,AWD,234714,10.3,76020,224,5,5,suv,blue,4,no,full,Netherlands
6422,1 Series,2023,1.8,188,hybrid,automatic,RWD,16151,5,32042,118,5,5,hatchback,grey,0,no,full,UK
6423,X1,2015,1.9,203,hybrid,automatic,AWD,208212,4.8,32323,,5,5,suv,red,1,no,partial,UK
6424,X3,2015,3.4,319,diesel,automatic,RWD,161168,8.8,45930,193,5,5,suv,blue,2,no,full,Netherlands
6425,1 Series,2016,2.4,249,petrol,automatic,FWD,121638,9.2,20079,213,3,5,hatchback,red,3,yes,partial,UK
6426,Z4,2024,3,314,petrol,automatic,RWD,0,9,80229,,2,2,convertible,blue,0,no,full,Italy
6427,X3,2011,3.1,314,diesel,automatic,RWD,147351,7.9,35026,164,5,5,suv,silver,4,yes,full,Netherlands
6428,7 Series,2022,4.3,383,hybrid,automatic,AWD,47167,7,96980,158,4,4,sedan,black,1,yes,full,Italy
6429,i4,2012,0,499,electric,automatic,RWD,134435,0,55242,0,4,5,coupe,red,2,no,partial,Spain
6430,X1,2019,1.7,209,hybrid,automatic,AWD,111513,4.3,42961,118,5,5,suv,grey,2,no,full,Germany
6431,X3,2021,2,199,hybrid,automatic,RWD,54645,4.4,56948,96,5,5,suv,black,0,no,full,France
6432,3 Series,2016,2.3,209,hybrid,manual,RWD,61855,4.6,34497,,4,5,sedan,white,2,no,,Spain
6433,5 Series,2012,3.4,316,hybrid,automatic,AWD,229135,,31185,136,4,5,sedan,white,4,yes,full,Spain
6434,X3,2015,2.1,231,hybrid,automatic,AWD,74710,4.1,41936,88,5,5,suv,blue,1,no,partial,Italy
6435,1 Series,2008,2.6,253,diesel,automatic,RWD,257510,8.1,9703,166,3,5,hatchback,black,2,no,partial,Turkey
6436,3 Series,2005,2.3,273,petrol,manual,RWD,300000,8,13115,167,4,5,sedan,black,3,yes,partial,Germany
6437,1 Series,2020,2.1,201,petrol,automatic,RWD,70850,9.6,24159,222,5,4,hatchback,black,2,no,partial,Italy
6438,5 Series,2019,3.7,337,petrol,automatic,AWD,94132,10.7,51570,219,4,5,sedan,black,1,yes,partial,USA
6439,X7,2013,3.5,284,hybrid,automatic,AWD,264780,6.4,68286,140,5,5,suv,silver,2,yes,full,Netherlands
6440,X1,2008,1.6,232,diesel,automatic,FWD,300000,5.9,14544,129,5,5,suv,silver,5,yes,partial,UK
6441,5 Series,2022,3.9,375,hybrid,automatic,RWD,28242,6.1,63983,123,4,5,sedan,blue,0,no,full,Spain
6442,Z4,2021,2.3,269,petrol,automatic,RWD,45803,,62077,183,2,2,convertible,silver,1,no,full,USA
6443,X1,2012,2.4,237,diesel,automatic,FWD,241465,7.1,24194,147,5,5,suv,grey,3,no,full,UK
6444,1 Series,2017,1.7,194,petrol,automatic,FWD,124138,8,18939,,3,5,hatchback,,3,no,full,USA
6445,X5,2024,4.3,408,petrol,automatic,AWD,0,11,104726,237,5,5,suv,black,0,no,full,Italy
6446,X3,2024,2.9,264,diesel,automatic,RWD,7100,7.6,66495,165,5,5,suv,black,0,no,,Italy
6447,3 Series,2020,3.2,287,petrol,automatic,RWD,102416,9.5,40549,205,4,5,sedan,red,0,no,full,UK
6448,5 Series,2020,4.1,387,diesel,automatic,RWD,48356,9.2,64284,206,4,5,sedan,silver,0,no,partial,Netherlands
6449,X3,2022,2.1,223,petrol,automatic,AWD,25889,8.5,66261,195,5,5,suv,grey,1,no,full,Netherlands
6450,X1,2010,2.2,198,petrol,automatic,FWD,294546,8.8,17005,175,5,5,suv,grey,3,no,partial,Turkey
6451,X3,2021,3.1,278,diesel,automatic,RWD,63535,6.8,51318,172,5,5,suv,black,1,no,partial,USA
6452,3 Series,2011,3.5,289,petrol,manual,AWD,91547,9.8,26884,213,4,5,sedan,silver,3,no,full,Turkey
6453,X1,2007,1.7,182,petrol,automatic,AWD,300000,,12857,182,5,5,suv,white,3,yes,partial,Turkey
6454,7 Series,2024,4.2,350,hybrid,automatic,AWD,0,6.7,123252,134,4,5,sedan,black,0,no,full,Turkey
6455,3 Series,2021,2.6,277,hybrid,automatic,RWD,44194,5.2,42025,127,4,5,sedan,black,1,no,full,Turkey
6456,X5,2024,4.3,329,diesel,automatic,AWD,5881,9.6,95630,229,5,5,suv,,0,no,full,USA
6457,Z4,2021,2.8,258,petrol,automatic,RWD,19018,9,72018,193,2,2,convertible,black,1,no,full,UK
6458,5 Series,2010,3.9,321,petrol,automatic,AWD,246558,10.9,32753,238,4,5,sedan,black,4,no,full,France
6459,X3,2015,2.9,242,petrol,automatic,AWD,104926,9.5,46862,198,5,5,suv,silver,3,no,full,Italy
6460,3 Series,2008,3.3,297,hybrid,,RWD,296909,6.3,11818,139,4,5,sedan,silver,2,yes,partial,Italy
6461,3 Series,2021,2.3,230,hybrid,automatic,RWD,56798,4.7,40000,96,4,5,sedan,black,2,no,,France
6462,X3,2021,3.5,325,hybrid,automatic,RWD,61737,6.1,55444,142,5,5,suv,black,1,no,partial,Spain
6463,X7,2023,4.1,330,hybrid,automatic,AWD,21318,6.8,126806,158,5,5,suv,silver,1,no,full,France
6464,i3,2022,0,196,electric,automatic,RWD,6785,,63084,0,5,4,hatchback,black,1,no,full,Italy
6465,X3,2013,2.9,280,hybrid,automatic,RWD,199632,6,31471,130,5,5,suv,black,5,yes,partial,Italy
6466,X3,2024,2.4,224,petrol,automatic,AWD,0,7.5,67878,169,5,5,suv,white,0,no,full,UK
6467,3 Series,2021,2.6,249,hybrid,automatic,RWD,54352,5.9,45333,139,4,5,sedan,grey,1,no,full,France
6468,X7,2022,3.8,325,hybrid,automatic,AWD,29192,6.8,134340,154,5,5,suv,white,1,no,full,Germany
6469,X7,2017,3.4,354,petrol,automatic,AWD,109676,9.5,93237,219,5,5,suv,black,1,no,partial,Netherlands
6470,X3,2015,3.3,267,hybrid,automatic,AWD,135508,6,45559,136,5,5,suv,black,1,no,full,Turkey
6471,X7,2021,3.8,326,hybrid,automatic,AWD,36104,6.5,113854,158,5,5,suv,blue,2,no,full,Turkey
6472,3 Series,2010,1.9,147,diesel,automatic,AWD,185845,6.8,16692,154,4,5,sedan,white,2,no,full,Spain
6473,X3,2016,2.7,260,hybrid,automatic,RWD,153537,5.4,41319,118,5,5,suv,white,3,no,full,Spain
6474,5 Series,2007,3,193,hybrid,automatic,RWD,171215,5,22066,112,4,5,sedan,black,2,yes,full,France
6475,3 Series,2013,2.4,249,hybrid,manual,AWD,143414,4.9,26453,106,4,5,sedan,red,5,no,partial,UK
6476,i7,2006,0,524,electric,automatic,AWD,300000,0,83493,0,4,5,sedan,blue,3,no,partial,Spain
6477,Z4,2024,2.4,219,petrol,automatic,RWD,0,8,70791,171,2,2,convertible,blue,1,no,full,Turkey
6478,7 Series,2019,4.6,382,petrol,automatic,RWD,132252,11.7,104760,263,4,5,sedan,white,4,no,,UK
6479,7 Series,2016,4,321,hybrid,automatic,AWD,29747,7.3,89144,164,4,5,sedan,blue,2,no,full,Spain
6480,i7,2024,0,434,electric,automatic,RWD,0,0,201012,0,4,5,sedan,silver,1,no,full,USA
6481,i4,2017,0,384,electric,automatic,AWD,172384,0,48332,0,4,5,coupe,silver,2,yes,partial,Turkey
6482,7 Series,2013,3.7,343,diesel,automatic,RWD,200601,8.8,65717,199,4,4,sedan,white,2,no,full,Italy
6483,7 Series,2012,4.9,368,hybrid,automatic,AWD,125304,7.6,74353,175,4,4,sedan,blue,5,no,full,France
6484,3 Series,2021,2.5,224,petrol,,RWD,27408,8.8,42900,203,4,5,sedan,grey,2,no,full,Germany
6485,X5,2018,4.1,376,diesel,automatic,AWD,40796,10.1,74521,201,5,5,suv,blue,1,no,partial,Netherlands
6486,5 Series,2023,3.4,294,petrol,,RWD,20031,10.2,56733,216,4,5,sedan,silver,0,no,partial,Netherlands
6487,5 Series,2015,3.4,318,hybrid,automatic,RWD,57760,5.9,40719,130,4,5,sedan,blue,2,yes,full,France
6488,3 Series,2009,2.8,252,petrol,manual,AWD,275530,8.3,14219,183,4,5,sedan,blue,4,no,partial,France
6489,i3,2018,0,169,electric,automatic,RWD,107785,0,37024,0,5,4,hatchback,,1,no,partial,Spain
6490,X3,2018,2.4,244,hybrid,automatic,AWD,102210,6.1,47083,139,5,5,suv,white,3,no,partial,France
6491,X3,2020,2.2,205,petrol,automatic,AWD,61638,8,45629,162,5,5,suv,grey,0,yes,partial,France
6492,5 Series,2024,4,292,hybrid,automatic,RWD,8646,6.9,63148,152,4,5,sedan,black,0,no,full,UK
6493,Z4,2023,2.4,242,petrol,automatic,RWD,11704,8.5,70596,194,2,2,convertible,blue,0,no,partial,France
6494,X7,2012,4.1,342,diesel,automatic,AWD,183265,9.1,67069,195,5,5,suv,black,4,no,partial,Turkey
6495,i4,2017,0,343,electric,automatic,RWD,59958,0,76215,0,4,5,coupe,white,1,no,full,USA
6496,i7,2021,0,414,electric,automatic,AWD,44983,0,154459,0,4,4,sedan,black,2,no,full,Spain
6497,X5,2008,3.5,282,diesel,automatic,AWD,203469,8.7,48983,186,5,5,suv,black,3,,full,USA
6498,7 Series,2008,0,616,electric,automatic,AWD,220294,0,67220,0,4,5,sedan,white,4,yes,full,Spain
6499,X3,2011,2.7,198,petrol,automatic,RWD,176653,8.5,24171,189,5,5,suv,silver,3,yes,partial,Turkey
6500,1 Series,2015,2,166,diesel,manual,RWD,161113,6.2,14924,133,3,4,hatchback,black,2,no,partial,France
6501,3 Series,2020,3.4,303,hybrid,manual,RWD,45962,6.8,42866,157,4,5,sedan,white,1,no,partial,USA
6502,1 Series,2005,2.1,189,hybrid,automatic,FWD,298196,4.1,2640,102,3,4,hatchback,silver,3,no,partial,Italy
6503,i3,2022,0,191,electric,automatic,RWD,27251,0,63633,0,5,4,hatchback,black,1,no,full,UK
6504,5 Series,2016,3.5,310,diesel,automatic,RWD,106818,8.6,47713,205,4,5,sedan,black,3,no,full,Turkey
6505,X1,2013,2.3,296,hybrid,automatic,AWD,211209,5.2,27671,117,5,5,suv,white,3,no,none,USA
6506,X1,2021,2,252,diesel,automatic,AWD,11062,6.7,49529,155,5,5,suv,silver,1,no,partial,Germany
6507,1 Series,2019,2.9,276,diesel,automatic,FWD,89241,7.7,29696,168,3,5,hatchback,silver,1,no,full,Germany
6508,3 Series,2014,2.3,182,petrol,automatic,AWD,169073,7.6,23152,173,4,5,sedan,black,2,no,none,Netherlands
6509,Z4,2024,2.8,234,petrol,automatic,RWD,0,8.9,78945,194,2,2,convertible,silver,1,no,full,UK
6510,7 Series,2007,0,327,electric,automatic,RWD,300000,0,51832,0,4,4,sedan,black,4,no,full,Spain
6511,3 Series,2013,2.9,275,diesel,automatic,RWD,150067,7.9,26510,160,4,5,sedan,blue,5,no,partial,Germany
6512,X7,2014,3.2,296,hybrid,automatic,AWD,201530,6.2,77461,133,5,5,suv,blue,2,no,partial,USA
6513,i3,2018,,166,electric,automatic,RWD,70184,0,45822,0,5,4,hatchback,white,1,no,full,Spain
6514,X3,2017,3,215,diesel,automatic,AWD,97487,7.1,35496,157,5,5,suv,blue,2,yes,partial,Spain
6515,1 Series,2009,2.3,210,diesel,automatic,RWD,179549,6.8,8406,149,5,4,hatchback,blue,5,yes,partial,USA
6516,5 Series,2019,2.5,292,diesel,automatic,RWD,80917,,53045,170,4,5,sedan,silver,1,no,full,Turkey
6517,1 Series,2021,2.1,230,diesel,automatic,RWD,57817,6.6,26977,142,5,4,hatchback,white,2,no,full,France
6518,X5,2012,3.7,320,petrol,automatic,AWD,165959,10.8,61442,234,5,5,suv,blue,2,no,full,France
6519,X3,2011,2.2,206,petrol,automatic,AWD,252384,7.7,31259,169,5,5,suv,silver,2,no,,France
6520,3 Series,2018,2.7,246,diesel,automatic,AWD,78229,6.7,36448,142,4,5,sedan,white,3,no,full,Netherlands
6521,X3,2019,3.1,319,hybrid,automatic,RWD,96398,6.2,54339,143,5,5,suv,white,4,no,full,UK
6522,5 Series,2019,2.8,231,diesel,automatic,AWD,71985,7.9,53419,169,4,5,sedan,red,1,no,full,France
6523,X7,2020,4.3,371,diesel,automatic,AWD,93900,9.5,109893,,5,5,suv,white,0,no,full,France
6524,X5,2008,3.9,314,hybrid,automatic,AWD,230338,7,47222,139,5,5,suv,black,2,no,full,Netherlands
6525,5 Series,2010,3,281,petrol,automatic,RWD,52420,8.5,36790,195,4,5,sedan,black,2,no,none,USA
6526,7 Series,2015,3.4,315,diesel,automatic,RWD,116758,8.5,83144,196,4,5,sedan,blue,3,no,full,Netherlands
6527,3 Series,2020,1.7,176,diesel,automatic,RWD,85086,6.8,35921,145,4,5,sedan,black,2,no,full,Netherlands
6528,X1,2024,1.8,182,hybrid,automatic,FWD,0,4.2,46524,109,5,5,suv,black,1,no,partial,USA
6529,X3,2012,3.3,302,diesel,automatic,RWD,141471,7.9,34378,168,5,5,suv,blue,2,no,none,Spain
6530,5 Series,2017,2.8,258,diesel,automatic,RWD,130519,7,42213,164,4,5,sedan,black,2,no,partial,Spain
6531,5 Series,2017,3.1,314,petrol,automatic,AWD,152392,9.7,48503,213,4,5,sedan,,4,no,full,France
6532,X7,2019,3.8,353,petrol,automatic,AWD,80643,10.4,86853,234,5,5,suv,silver,3,yes,full,Italy
6533,X3,2014,3.3,339,hybrid,automatic,RWD,90935,5.9,50051,139,5,5,suv,black,1,no,full,Turkey
6534,5 Series,2022,3.8,328,diesel,automatic,RWD,23354,9.2,64209,188,4,5,sedan,white,2,no,partial,Italy
6535,X5,2016,3.3,236,petrol,automatic,AWD,180579,10.5,63025,226,5,5,suv,grey,2,no,full,Germany
6536,X3,2011,2.6,252,petrol,automatic,RWD,101381,8.7,37986,191,5,5,suv,silver,3,no,full,France
6537,X1,2014,1.9,140,diesel,automatic,FWD,243177,6.8,15256,152,5,5,suv,silver,3,yes,partial,Turkey
6538,i7,2007,0,428,electric,automatic,AWD,286789,0,81124,0,4,4,sedan,white,2,yes,partial,UK
6539,X5,2019,3.2,266,petrol,automatic,AWD,83451,8.3,67587,178,5,5,suv,grey,2,no,partial,France
6540,i7,2017,0,481,electric,automatic,RWD,124285,0,105159,0,4,5,sedan,grey,1,yes,partial,Germany
6541,3 Series,2011,,328,petrol,automatic,AWD,232790,9.2,24763,209,4,5,sedan,silver,2,no,full,France
6542,1 Series,2022,1.8,221,petrol,automatic,FWD,18652,7.6,32790,168,5,4,hatchback,grey,1,no,partial,UK
6543,5 Series,2010,2,162,hybrid,automatic,AWD,295337,4.2,20149,85,4,5,sedan,white,5,no,full,Germany
6544,X7,2023,4,276,hybrid,automatic,AWD,0,6.1,107624,126,5,5,suv,black,1,no,partial,Turkey
6545,X7,2015,3.7,306,hybrid,automatic,AWD,153309,5.8,79198,132,5,5,suv,blue,1,yes,full,Netherlands
6546,i7,2021,0,452,electric,automatic,RWD,82621,0,169131,0,4,4,sedan,silver,1,no,full,France
6547,i3,2005,0,152,electric,automatic,RWD,300000,0,9195,0,5,4,hatchback,,3,yes,full,Italy
6548,X1,2011,2.3,239,petrol,automatic,FWD,190793,8.3,24339,173,5,5,suv,white,2,yes,partial,Italy
6549,i3,2021,0,132,electric,automatic,RWD,56639,0,53782,0,5,4,hatchback,black,1,no,full,UK
6550,X3,2005,3,190,diesel,automatic,RWD,300000,7.6,19070,170,5,5,suv,black,3,no,none,UK
6551,7 Series,2023,3,268,diesel,automatic,AWD,31023,8,118224,165,4,5,sedan,black,0,no,full,UK
6552,7 Series,2018,4.8,346,hybrid,automatic,AWD,75481,7.2,75741,157,4,4,sedan,black,2,no,none,France
6553,i4,2016,0,256,electric,automatic,AWD,78439,0,56458,0,4,5,coupe,silver,2,no,partial,USA
6554,i4,2012,0,416,electric,automatic,AWD,225012,0,37707,,4,5,coupe,black,2,no,none,Italy
6555,3 Series,2010,1.9,173,hybrid,automatic,RWD,133257,4.5,17266,94,4,5,sedan,white,3,yes,partial,Turkey
6556,5 Series,2017,3.3,300,diesel,automatic,RWD,124037,8.4,42552,178,4,5,sedan,white,2,yes,full,Netherlands
6557,Z4,2019,2.9,217,petrol,automatic,RWD,35315,9,55397,193,2,2,convertible,silver,2,no,partial,France
6558,7 Series,2013,5,468,diesel,automatic,RWD,203031,10.5,60808,231,4,4,sedan,blue,5,no,none,USA
6559,5 Series,2017,2.3,231,diesel,automatic,RWD,142579,7.8,45108,168,4,5,sedan,black,2,no,full,France
6560,X3,2019,2.4,274,hybrid,automatic,RWD,75796,,52296,110,5,5,suv,white,1,no,partial,Turkey
6561,3 Series,2023,1.8,208,diesel,automatic,AWD,6090,6.1,47949,139,4,5,sedan,grey,0,no,full,Germany
6562,X1,2020,2.4,230,diesel,automatic,FWD,67954,6.6,39931,129,5,5,suv,white,1,no,full,Turkey
6563,1 Series,2019,1.8,136,diesel,automatic,RWD,94329,5.6,22388,121,3,4,hatchback,red,1,no,full,Netherlands
6564,1 Series,2013,2.9,304,hybrid,manual,RWD,109375,5.7,20178,116,3,4,hatchback,grey,3,no,partial,Turkey
6565,X1,2006,1.8,189,diesel,automatic,FWD,156661,5.8,18664,,5,5,suv,black,4,yes,full,France
6566,5 Series,2012,2.1,256,diesel,automatic,AWD,188566,7,33192,151,4,5,sedan,blue,2,no,partial,Spain
6567,7 Series,2021,3.3,242,diesel,automatic,RWD,47468,7.9,96316,179,4,5,sedan,red,1,no,partial,Netherlands
6568,3 Series,2024,3.1,269,diesel,manual,AWD,0,7.8,40999,169,4,5,sedan,black,0,no,partial,Spain
6569,5 Series,2023,2.1,185,hybrid,automatic,AWD,34731,4.6,59348,89,4,5,sedan,grey,0,,full,Spain
6570,7 Series,2023,0,475,electric,automatic,AWD,34746,0,133220,,4,5,sedan,white,0,no,partial,Italy
6571,1 Series,2018,2.7,307,petrol,automatic,FWD,81049,9.3,25159,196,5,5,hatchback,white,3,no,partial,Spain
6572,3 Series,2012,2.3,234,hybrid,manual,RWD,128401,4.8,25719,94,4,5,sedan,black,3,no,full,Spain
6573,X3,2006,2.2,235,petrol,,RWD,279433,7.9,20519,177,5,5,suv,black,2,no,full,Germany
6574,1 Series,2010,2.7,284,petrol,manual,FWD,272843,9.1,6113,204,3,4,hatchback,black,4,yes,full,Netherlands
6575,5 Series,2016,2.3,220,diesel,automatic,RWD,123592,7.2,41628,155,4,5,sedan,white,2,no,full,Turkey
6576,3 Series,2024,1.8,205,diesel,automatic,AWD,10626,,46452,125,4,5,sedan,white,0,no,full,Italy
6577,X3,2016,2.3,213,petrol,automatic,RWD,160231,8.1,29736,156,5,5,suv,black,1,yes,partial,Turkey
6578,X5,2005,3.1,273,diesel,automatic,AWD,222226,7.9,27578,167,5,5,suv,black,3,yes,partial,Turkey
6579,3 Series,2016,3.4,293,petrol,manual,RWD,116483,9.2,24338,207,4,5,sedan,black,1,yes,none,Spain
6580,1 Series,2017,2.3,196,hybrid,automatic,RWD,108827,5.4,16830,112,3,5,hatchback,black,3,yes,full,France
6581,X3,2020,3,301,hybrid,automatic,RWD,32273,5.8,67313,114,5,5,suv,white,,no,full,Germany
6582,X3,2021,3.3,325,petrol,automatic,RWD,36633,10.5,61429,232,5,5,suv,white,1,no,full,UK
6583,X3,2012,2.8,261,hybrid,automatic,AWD,78816,5.6,37505,131,5,5,suv,white,5,yes,partial,Italy
6584,i4,2014,0,443,electric,automatic,RWD,130468,0,58555,0,4,5,coupe,black,4,no,partial,Italy
6585,5 Series,2019,3.5,315,diesel,automatic,AWD,60752,8.3,47122,174,4,5,sedan,black,1,no,none,UK
6586,3 Series,2022,2.7,234,petrol,automatic,AWD,6543,8.6,40075,188,4,5,sedan,grey,1,yes,full,UK
6587,X5,2024,3.1,275,hybrid,automatic,AWD,0,5.9,102670,122,5,5,suv,black,0,no,full,UK
6588,5 Series,2019,3.6,362,hybrid,automatic,RWD,68916,6.6,52116,147,4,5,sedan,silver,2,no,partial,Italy
6589,i3,2011,0,183,electric,automatic,RWD,300000,0,19505,0,5,4,hatchback,blue,3,no,full,Spain
6590,i7,2014,0,564,electric,automatic,AWD,156385,0,129648,0,4,5,sedan,white,1,no,full,Spain
6591,X3,2019,2.8,257,hybrid,automatic,AWD,60704,5.3,60875,107,5,5,suv,black,1,no,full,France
6592,X3,2024,3.2,202,diesel,automatic,AWD,6854,8.3,61029,186,5,5,suv,silver,0,no,full,Spain
6593,3 Series,2024,2.5,229,petrol,automatic,AWD,0,9.6,42136,209,4,5,sedan,silver,0,no,partial,Turkey
6594,5 Series,2019,3.6,338,hybrid,automatic,RWD,51977,6.1,61632,150,4,5,sedan,silver,1,no,full,Turkey
6595,X1,2017,1.8,136,diesel,automatic,FWD,32607,6.6,34246,165,5,5,suv,red,2,no,full,USA
6596,X5,2021,3.3,282,petrol,automatic,AWD,22834,9.8,72596,211,5,5,suv,blue,0,no,partial,Spain
6597,1 Series,2020,2.5,234,petrol,manual,RWD,31751,9.5,30868,208,3,5,hatchback,blue,1,no,full,Germany
6598,X7,2022,3.4,368,diesel,automatic,AWD,44308,8.6,111766,193,5,5,suv,silver,1,no,partial,Turkey
6599,X3,2019,2.5,200,petrol,automatic,RWD,84675,8.3,56138,172,5,5,suv,grey,3,no,full,UK
6600,i4,2020,0,255,electric,automatic,AWD,89704,0,83776,0,4,5,coupe,silver,0,no,full,Netherlands
6601,X3,2005,3.4,242,petrol,automatic,AWD,300000,10.2,20939,211,5,5,suv,blue,2,no,none,Netherlands
6602,3 Series,2013,2.3,209,petrol,automatic,RWD,182697,7.7,20120,156,4,5,sedan,,4,yes,full,Spain
6603,X7,2017,3.6,280,diesel,automatic,AWD,114020,8.3,85813,182,5,5,suv,white,4,no,partial,USA
6604,i7,2021,0,500,electric,automatic,RWD,58942,0,139647,0,4,4,sedan,white,1,yes,partial,USA
6605,X1,2017,1.9,243,hybrid,automatic,FWD,119329,4.4,32217,105,5,5,suv,silver,2,yes,full,Italy
6606,1 Series,2018,2.7,238,hybrid,automatic,RWD,86521,5.5,23570,131,3,4,hatchback,silver,3,no,full,Netherlands
6607,7 Series,2020,3.9,356,diesel,automatic,RWD,93564,9,91973,204,4,5,sedan,red,1,no,full,France
6608,X7,2021,3.7,316,diesel,automatic,AWD,52942,8.7,125619,206,5,5,suv,blue,1,no,full,Italy
6609,X7,2010,3.3,285,hybrid,automatic,AWD,149697,5.8,66500,130,5,5,suv,red,3,no,none,Germany
6610,X3,2013,3.1,291,hybrid,,RWD,235205,6.3,39514,130,5,5,suv,white,2,no,full,Spain
6611,X1,2010,1.8,186,petrol,automatic,FWD,95964,,23317,152,5,5,suv,silver,2,no,none,Netherlands
6612,X3,2012,3.2,298,petrol,automatic,RWD,227453,9.5,37355,196,5,5,suv,blue,2,no,partial,Italy
6613,X5,2011,4,333,diesel,automatic,AWD,188527,9.5,54110,212,5,5,suv,silver,5,no,full,Germany
6614,X3,2021,2.2,232,petrol,automatic,AWD,33010,7.4,55371,158,5,5,suv,silver,1,no,partial,Italy
6615,1 Series,2024,2.6,239,petrol,automatic,RWD,91,8.2,33721,178,5,4,hatchback,silver,0,no,full,Germany
6616,3 Series,2008,2.4,281,hybrid,automatic,AWD,156959,4.9,16756,116,4,5,sedan,black,3,yes,none,USA
6617,7 Series,2016,4.5,326,petrol,automatic,RWD,140357,12,86963,276,4,5,sedan,white,3,no,full,Spain
6618,1 Series,2007,2.6,248,hybrid,automatic,FWD,300000,5.3,4249,109,5,5,hatchback,black,2,no,partial,Spain
6619,X3,2016,3.4,294,petrol,automatic,RWD,98268,9.3,55319,205,5,5,suv,silver,1,no,full,Italy
6620,5 Series,2018,3.4,255,petrol,automatic,RWD,88373,10.1,43643,232,4,5,sedan,silver,1,yes,full,Turkey
6621,X5,2021,3.7,271,hybrid,automatic,AWD,61555,6.7,68088,158,5,5,suv,blue,1,yes,partial,UK
6622,5 Series,2024,2.4,175,diesel,automatic,RWD,0,7.2,64793,158,4,5,sedan,black,0,no,full,USA
6623,i3,2019,0,179,electric,automatic,RWD,106649,0,47990,0,5,4,hatchback,white,4,no,full,Italy
6624,X3,2023,3.3,377,petrol,automatic,AWD,20925,9.6,64426,208,5,5,suv,black,0,no,full,Italy
6625,3 Series,2020,2.6,215,petrol,automatic,RWD,69182,8.5,42418,181,4,5,sedan,silver,1,no,full,UK
6626,5 Series,2010,2.1,195,petrol,automatic,RWD,138511,8.2,26784,177,4,5,sedan,white,4,yes,none,Germany
6627,5 Series,2022,3.4,268,diesel,automatic,AWD,38546,8.5,57954,190,4,5,sedan,blue,1,yes,full,Spain
6628,X3,2014,2.7,248,diesel,automatic,AWD,147717,7.4,46605,160,5,5,suv,black,2,no,full,Italy
6629,i4,2012,0,204,electric,automatic,AWD,127517,0,48088,0,4,5,coupe,silver,4,no,full,UK
6630,i4,2008,0,289,electric,automatic,AWD,117937,0,37737,0,4,5,coupe,black,2,,partial,France
6631,5 Series,2019,2.8,263,diesel,automatic,RWD,83558,8.5,46189,179,4,5,sedan,,3,yes,full,Germany
6632,5 Series,2019,2.4,201,diesel,automatic,RWD,22935,7.9,48854,170,4,5,sedan,white,3,no,partial,Turkey
6633,X7,2011,3.5,348,petrol,automatic,AWD,169890,10.2,85428,225,5,5,suv,white,4,no,full,Germany
6634,X7,2015,3.7,339,diesel,automatic,AWD,189411,7.7,89981,154,5,5,suv,silver,2,no,full,Italy
6635,5 Series,2008,3.1,297,petrol,automatic,AWD,300000,9,23239,182,4,5,sedan,silver,4,yes,full,Turkey
6636,5 Series,2023,3.2,254,hybrid,automatic,AWD,30781,5.9,56460,135,4,5,sedan,red,1,no,full,Italy
6637,X5,2007,3.2,309,diesel,automatic,AWD,300000,9.3,45557,,5,5,suv,white,3,no,full,Turkey
6638,1 Series,2013,2.5,280,hybrid,automatic,FWD,194539,5.3,11650,110,3,4,hatchback,grey,5,yes,partial,USA
6639,Z4,2018,2.7,263,petrol,automatic,RWD,91807,7.6,51342,172,2,2,convertible,blue,3,no,partial,USA
6640,5 Series,2022,3.3,287,petrol,automatic,RWD,43324,9.8,57804,219,4,5,sedan,black,1,no,full,Spain
6641,X1,2006,1.9,204,hybrid,automatic,FWD,300000,4.5,7083,85,5,5,suv,white,5,yes,full,Turkey
6642,7 Series,2018,0,467,electric,automatic,AWD,84734,0,95504,0,4,4,sedan,grey,2,no,partial,Turkey
6643,7 Series,2018,0,562,electric,automatic,AWD,82320,0,82848,0,4,4,sedan,white,4,yes,full,Italy
6644,Z4,2019,2,212,petrol,automatic,RWD,31995,7.7,67531,151,2,2,convertible,red,1,no,full,UK
6645,7 Series,2011,4.2,342,hybrid,automatic,AWD,185839,7.2,69490,161,4,5,sedan,black,2,no,partial,UK
6646,7 Series,2020,4.6,406,hybrid,automatic,AWD,106873,7.7,94435,172,4,5,sedan,black,,no,partial,Netherlands
6647,X5,2014,4.3,321,diesel,automatic,AWD,165923,10,57390,238,5,5,suv,grey,2,no,partial,Turkey
6648,X1,2007,1.8,190,diesel,automatic,AWD,137306,6.1,21784,146,5,5,suv,black,2,no,partial,UK
6649,X1,2010,1.6,233,petrol,automatic,FWD,256244,7.8,18105,180,5,5,suv,white,3,no,partial,Netherlands
6650,X1,2014,2.4,211,hybrid,automatic,AWD,103310,5.1,34569,127,5,5,suv,black,1,no,full,Turkey
6651,3 Series,2022,2.7,193,hybrid,automatic,AWD,55381,5.5,35432,120,4,5,sedan,white,0,no,partial,Turkey
6652,5 Series,2017,4.4,391,diesel,automatic,AWD,39972,10.4,50752,237,4,5,sedan,silver,3,yes,full,Italy
6653,3 Series,2015,3,222,diesel,manual,AWD,144621,8.3,23960,171,4,5,sedan,black,2,no,partial,Turkey
6654,X3,2022,2.1,229,petrol,automatic,AWD,36204,8.6,56436,192,5,5,suv,black,1,no,full,Turkey
6655,X5,2021,4,368,petrol,automatic,AWD,38711,10.8,84896,229,5,5,suv,silver,1,no,full,Spain
6656,3 Series,2023,3.1,230,petrol,automatic,RWD,0,8.5,46738,180,4,5,sedan,blue,0,no,full,Spain
6657,X1,2008,2,199,petrol,automatic,FWD,254312,7.7,12676,160,5,5,suv,grey,3,no,none,Turkey
6658,5 Series,2013,2.2,205,hybrid,automatic,AWD,173138,,28582,114,4,5,sedan,silver,5,yes,full,Italy
6659,5 Series,2024,3.8,336,petrol,automatic,AWD,0,9.8,69886,219,4,5,sedan,red,0,no,full,Spain
6660,i7,2005,0,403,electric,automatic,RWD,143213,0,82072,0,4,4,sedan,,3,yes,full,UK
6661,i7,2008,0,446,electric,automatic,RWD,300000,0,84585,0,4,5,sedan,white,2,no,partial,UK
6662,X3,2008,3.1,264,hybrid,automatic,AWD,154298,5.6,29968,124,5,5,suv,black,2,yes,partial,France
6663,X7,2019,3.2,355,diesel,automatic,AWD,90329,9,95723,206,5,5,suv,white,3,yes,partial,France
6664,3 Series,2019,3.4,307,hybrid,automatic,RWD,105831,5.9,32812,120,4,5,sedan,black,2,no,partial,France
6665,1 Series,2007,3,305,hybrid,manual,FWD,246369,6.4,7727,141,5,4,hatchback,blue,4,no,none,France
6666,7 Series,2012,0,366,electric,automatic,AWD,190908,0,61790,0,4,4,sedan,black,5,no,partial,Turkey
6667,3 Series,2023,2.9,258,petrol,automatic,AWD,18544,9.3,39166,199,4,5,sedan,silver,0,no,partial,Spain
6668,X1,2014,2,147,petrol,automatic,FWD,86070,7.4,28287,159,5,5,suv,grey,1,no,partial,Spain
6669,i7,2018,0,525,electric,automatic,RWD,53822,0,136166,0,4,5,sedan,black,2,no,full,Italy
6670,i7,2023,0,435,electric,automatic,RWD,17899,0,208389,0,4,4,sedan,white,0,no,full,Germany
6671,X3,2022,2.5,287,hybrid,automatic,AWD,38517,5.2,65032,104,5,5,suv,grey,1,no,full,UK
6672,X7,2014,3.6,316,hybrid,automatic,AWD,147391,6.7,98314,152,5,5,suv,blue,1,no,full,USA
6673,1 Series,2020,2.1,255,petrol,manual,FWD,88855,8.8,30193,184,3,5,hatchback,silver,0,no,full,France
6674,3 Series,2018,3.2,292,diesel,automatic,RWD,134881,8.4,39895,193,4,5,sedan,black,1,,,Italy
6675,X5,2020,4.1,437,hybrid,automatic,AWD,30357,6.6,100167,156,5,5,suv,black,0,no,full,UK
6676,X1,2018,1.9,213,petrol,automatic,AWD,62556,7.9,40092,175,5,5,suv,blue,1,no,full,Germany
6677,Z4,2022,2.7,230,petrol,automatic,RWD,37892,9.3,68481,,2,2,convertible,black,,no,full,Netherlands
6678,X7,2023,3.4,308,petrol,automatic,AWD,6431,9.3,104759,208,5,5,suv,silver,0,yes,full,Italy
6679,3 Series,2015,2.5,269,petrol,manual,AWD,79873,8.8,35606,195,4,5,sedan,black,1,no,full,UK
6680,X1,2011,2,200,diesel,automatic,FWD,213405,6.7,23272,138,5,5,suv,grey,3,no,full,France
6681,X5,2014,4.2,338,petrol,automatic,AWD,193704,11.1,66713,235,5,5,suv,black,2,no,partial,France
6682,X1,2018,1.8,170,hybrid,,AWD,146192,4,28379,99,5,5,suv,silver,2,yes,full,Spain
6683,X3,2018,2.1,217,hybrid,automatic,AWD,89760,4.7,45039,109,5,5,suv,black,4,yes,full,Italy
6684,1 Series,2020,2.9,185,hybrid,automatic,RWD,61675,5.5,22085,109,3,4,hatchback,white,2,yes,full,Germany
6685,3 Series,2011,2,225,petrol,manual,RWD,195899,7.7,21883,164,4,5,sedan,silver,3,no,full,UK
6686,i7,2019,0,505,electric,automatic,RWD,60823,0,160498,0,4,5,sedan,grey,4,no,partial,France
6687,X3,2023,2.3,190,hybrid,automatic,AWD,0,4.9,65084,96,5,5,suv,white,0,no,full,Italy
6688,5 Series,2023,4,341,hybrid,automatic,AWD,31680,7.4,71113,161,4,5,sedan,black,0,no,partial,UK
6689,X3,2015,2.3,190,hybrid,automatic,AWD,130111,4.3,37775,85,5,5,suv,grey,1,yes,full,France
6690,1 Series,2017,2,252,petrol,automatic,FWD,99136,7.6,20707,170,3,4,hatchback,white,2,yes,full,UK
6691,Z4,2023,2.8,267,petrol,automatic,RWD,10430,9,64714,214,2,2,convertible,white,0,yes,full,France
6692,i7,2013,0,380,electric,automatic,RWD,176758,0,83793,0,4,5,sedan,blue,4,yes,partial,France
6693,3 Series,2012,3.1,305,petrol,manual,AWD,285628,9.1,18046,201,4,5,sedan,white,2,no,full,Spain
6694,i4,2022,0,422,electric,automatic,AWD,41283,0,87186,0,4,5,coupe,blue,,no,full,Italy
6695,5 Series,2016,4.1,329,petrol,automatic,RWD,142938,9.9,50722,220,4,5,sedan,white,1,no,partial,France
6696,5 Series,2023,2.1,149,hybrid,automatic,RWD,43015,4.7,53537,108,4,5,sedan,grey,0,no,full,Italy
6697,X1,2009,2.2,154,hybrid,automatic,FWD,282515,4.8,14276,96,5,5,suv,white,3,no,partial,Germany
6698,i7,2012,0,504,electric,automatic,RWD,222592,0,105872,0,4,5,sedan,grey,5,no,partial,Netherlands
6699,X5,2013,3,237,petrol,automatic,AWD,117928,8.7,51135,183,5,5,suv,white,5,no,partial,Turkey
6700,3 Series,2014,2.4,217,petrol,manual,AWD,153090,8.7,23481,206,4,5,sedan,grey,3,no,,Turkey
6701,3 Series,2017,3.2,279,petrol,manual,RWD,80724,10.1,37223,220,4,5,sedan,white,4,no,full,France
6702,X3,2021,3.1,260,diesel,automatic,RWD,29497,7.6,61589,166,5,5,suv,grey,0,no,full,France
6703,7 Series,2011,3,253,hybrid,,RWD,233781,5,64497,122,4,4,sedan,grey,2,no,partial,France
6704,3 Series,2013,3.1,330,petrol,manual,RWD,151490,9.2,22100,208,4,5,sedan,red,3,yes,none,Turkey
6705,X7,2005,3,329,hybrid,automatic,AWD,300000,6.3,63091,132,5,5,suv,white,2,no,full,UK
6706,X5,2021,3.3,288,hybrid,automatic,AWD,58167,6.1,70862,128,5,5,suv,red,1,yes,full,Turkey
6707,X7,2016,3.9,325,petrol,automatic,AWD,121118,10.6,102938,231,5,5,suv,white,1,no,full,Italy
6708,X1,2012,1.7,191,diesel,automatic,FWD,266835,6,20290,122,5,5,suv,white,2,yes,full,Turkey
6709,5 Series,2015,4.3,373,diesel,automatic,RWD,146341,8.6,46536,165,4,5,sedan,grey,3,no,full,Spain
6710,5 Series,2015,3.6,296,diesel,automatic,RWD,109193,9.2,36074,196,4,5,sedan,black,2,yes,partial,France
6711,1 Series,2023,2.9,255,hybrid,automatic,RWD,0,5.4,31753,123,3,5,hatchback,black,0,no,partial,France
6712,X3,2010,3,299,petrol,automatic,RWD,118429,9.5,35479,210,5,5,suv,white,4,no,none,France
6713,5 Series,2019,2.2,154,petrol,automatic,RWD,107807,8.2,51276,175,4,5,sedan,grey,1,no,full,UK
6714,X7,2013,3.9,317,diesel,automatic,AWD,96762,9.1,72558,226,5,5,suv,black,3,yes,partial,France
6715,i4,2021,0,120,electric,automatic,RWD,48705,0,73001,0,4,5,coupe,white,1,no,full,Germany
6716,X5,2007,3.1,252,petrol,,AWD,258652,9.8,33768,215,5,5,suv,silver,4,yes,full,Netherlands
6717,X3,2022,3.4,270,diesel,automatic,RWD,4382,8.6,63153,204,5,5,suv,blue,2,no,full,Turkey
6718,X1,2008,1.8,170,diesel,automatic,AWD,261551,6.5,12593,144,5,5,suv,grey,5,yes,full,UK
6719,X7,2014,4.3,389,petrol,automatic,AWD,185055,10.6,82276,224,5,5,suv,white,2,yes,full,Germany
6720,X7,2021,3.1,289,petrol,automatic,AWD,67063,10,106634,235,5,5,suv,silver,2,yes,full,Italy
6721,7 Series,2008,3.9,311,hybrid,automatic,AWD,261195,6.1,54432,145,4,4,sedan,black,3,no,partial,Germany
6722,X7,2023,3.5,314,hybrid,automatic,AWD,26309,,137836,126,5,5,suv,blue,0,no,full,Netherlands
6723,3 Series,2007,1.7,152,hybrid,automatic,AWD,300000,4.5,8974,94,4,5,sedan,silver,3,no,full,Spain
6724,3 Series,2015,2.1,233,diesel,automatic,AWD,190616,6.5,26079,135,4,5,sedan,red,1,no,full,Italy
6725,3 Series,2020,2.3,217,diesel,manual,AWD,77472,6.9,36279,144,4,5,sedan,blue,1,no,partial,Spain
6726,X5,2010,4.1,370,hybrid,automatic,AWD,147700,,66099,140,5,5,suv,,2,no,full,Netherlands
6727,1 Series,2022,1.8,224,petrol,automatic,RWD,65177,8.8,27438,185,3,4,hatchback,blue,2,no,full,Spain
6728,i3,2022,0,195,electric,automatic,RWD,6898,0,58196,0,5,4,hatchback,red,1,no,full,Turkey
6729,5 Series,2022,4.2,390,petrol,automatic,RWD,19072,11.4,68837,244,4,5,sedan,black,2,no,full,Italy
6730,X7,2010,4.1,306,petrol,automatic,AWD,199009,11.4,73804,246,5,5,suv,black,2,no,partial,Spain
6731,Z4,2007,2.5,198,petrol,automatic,RWD,300000,8.8,30088,203,2,2,convertible,blue,3,no,full,Spain
6732,i3,2008,0,184,electric,automatic,RWD,195405,0,17721,0,5,4,hatchback,silver,3,no,none,France
6733,X5,2024,3.5,345,hybrid,automatic,AWD,0,6,89987,125,5,5,suv,white,1,no,partial,Spain
6734,X3,2017,3.2,274,hybrid,automatic,AWD,108916,5.5,43581,110,5,5,suv,black,2,yes,full,UK
6735,5 Series,2023,4,347,diesel,automatic,AWD,26153,8.7,74753,182,4,5,sedan,grey,0,no,full,France
6736,5 Series,2013,3.9,311,hybrid,automatic,AWD,181161,6.8,33196,164,4,5,sedan,white,4,yes,partial,USA
6737,X3,2016,3.4,312,hybrid,automatic,AWD,143797,5.8,45931,133,5,5,suv,white,1,no,full,Turkey
6738,7 Series,2009,4.8,345,petrol,automatic,RWD,192727,11,70352,247,4,4,sedan,black,3,no,full,Spain
6739,5 Series,2012,2.9,275,hybrid,automatic,RWD,113873,5.7,37998,126,4,5,sedan,blue,2,no,partial,Italy
6740,1 Series,2021,1.9,203,hybrid,automatic,FWD,49374,5.1,24504,109,3,5,hatchback,white,1,no,partial,France
6741,7 Series,2016,0,385,electric,automatic,RWD,103886,0,96230,0,4,4,sedan,white,3,no,full,Italy
6742,X1,2019,2.2,166,hybrid,automatic,FWD,53948,4.5,40288,107,5,5,suv,silver,1,no,full,Turkey
6743,X3,2022,2.4,189,diesel,automatic,RWD,45853,7.1,53469,159,5,5,suv,black,2,no,full,Turkey
6744,3 Series,2016,3.3,347,diesel,automatic,RWD,73336,8.7,36506,196,4,5,sedan,black,1,no,full,Germany
6745,5 Series,2006,3.6,363,petrol,automatic,RWD,180830,9.8,32792,204,4,5,sedan,blue,3,no,partial,Spain
6746,i4,2007,0,287,electric,automatic,RWD,300000,0,30797,0,4,5,coupe,white,3,yes,full,France
6747,1 Series,2012,2.1,257,diesel,automatic,FWD,200268,6.7,16485,147,5,5,hatchback,white,3,no,none,Germany
6748,X1,2024,1.6,161,hybrid,automatic,FWD,0,4.3,50171,117,5,5,suv,white,0,no,full,France
6749,7 Series,2022,4.4,351,petrol,automatic,AWD,43101,11.5,100771,245,4,5,sedan,white,1,,full,USA
6750,i4,2017,0,271,electric,automatic,AWD,96141,0,59264,0,4,5,coupe,black,,no,partial,Germany
6751,5 Series,2017,3.4,315,hybrid,,RWD,167950,,49698,121,4,5,sedan,silver,1,no,partial,UK
6752,X7,2014,3.7,347,petrol,automatic,AWD,146551,10.5,80033,231,5,5,suv,blue,3,no,partial,France
6753,X3,2017,3.2,204,petrol,automatic,AWD,96512,9.6,55585,206,5,5,suv,black,2,no,full,Germany
6754,1 Series,2014,2.1,252,diesel,automatic,FWD,196332,6.6,14200,153,5,5,hatchback,white,3,yes,,Netherlands
6755,3 Series,2019,3.3,265,diesel,automatic,AWD,131925,8.5,32057,181,4,5,sedan,white,,yes,partial,Spain
6756,X3,2014,2.2,156,hybrid,automatic,AWD,263758,4.9,31323,135,5,5,suv,grey,1,no,full,Netherlands
6757,Z4,2017,2.1,209,petrol,automatic,RWD,159670,8,39190,192,2,2,convertible,grey,1,yes,partial,Italy
6758,X3,2020,2.7,272,diesel,automatic,AWD,56010,7.9,60308,182,5,5,suv,blue,1,no,full,Germany
6759,X7,2017,4.3,376,hybrid,automatic,AWD,61172,6.7,75539,151,5,5,suv,black,2,yes,none,Spain
6760,X3,2023,3,253,hybrid,automatic,RWD,17283,5.5,69049,114,5,5,suv,silver,0,no,full,France
6761,3 Series,2008,,205,hybrid,automatic,RWD,208731,5,15255,127,4,5,sedan,black,2,no,partial,Netherlands
6762,7 Series,2013,3.1,215,diesel,automatic,AWD,221469,8,63504,179,4,4,sedan,grey,2,no,,Italy
6763,X3,2022,3.5,333,petrol,automatic,RWD,33708,9.6,65926,198,5,5,suv,black,2,no,full,Italy
6764,3 Series,2023,2.3,158,petrol,manual,AWD,18486,7.2,43553,155,4,5,sedan,white,0,no,full,Italy
6765,X3,2023,3,272,petrol,automatic,AWD,910,9.6,60911,209,5,5,suv,blue,1,no,partial,Spain
6766,5 Series,2024,2.8,223,diesel,automatic,AWD,6414,7.4,62070,163,4,5,sedan,black,1,yes,full,UK
6767,5 Series,2019,2.6,266,diesel,automatic,AWD,113446,7.7,48688,173,4,5,sedan,silver,2,no,partial,Italy
6768,X3,2005,2.9,301,hybrid,automatic,AWD,268142,6.3,27705,124,5,5,suv,red,4,no,full,Netherlands
6769,i4,2020,0,343,electric,automatic,RWD,50687,0,84312,0,4,5,coupe,white,1,no,full,Italy
6770,X3,2012,3.2,316,hybrid,automatic,AWD,158116,5.4,37759,109,5,5,suv,white,4,no,full,Italy
6771,i4,2019,0,317,electric,automatic,RWD,115352,0,58470,0,4,5,coupe,white,2,no,none,Spain
6772,Z4,2009,2.4,258,petrol,manual,RWD,200210,8.7,26405,189,2,2,convertible,grey,5,yes,none,Italy
6773,X1,2023,1.9,150,diesel,automatic,AWD,24304,6.5,43319,154,5,5,suv,white,0,no,full,Italy
6774,i7,2021,0,387,electric,automatic,RWD,48702,0,169530,0,4,5,sedan,black,1,no,full,USA
6775,5 Series,2011,3.8,283,petrol,automatic,AWD,194627,9.9,38023,201,4,5,sedan,silver,4,no,partial,Netherlands
6776,5 Series,2022,3.7,294,petrol,automatic,AWD,27235,10.5,65581,217,4,5,sedan,blue,0,no,full,UK
6777,X5,2007,3.6,360,hybrid,automatic,AWD,300000,6,35564,127,5,5,suv,white,2,no,none,Spain
6778,X5,2017,3.5,288,diesel,automatic,AWD,112740,8.8,57111,179,5,5,suv,white,1,yes,partial,Spain
6779,3 Series,2021,3.3,314,hybrid,manual,AWD,92953,5.8,45399,141,4,5,sedan,white,1,no,full,Germany
6780,X7,2008,3.7,312,hybrid,automatic,AWD,230356,6.6,50958,148,5,5,suv,black,2,yes,none,Netherlands
6781,1 Series,2017,2.8,277,hybrid,automatic,FWD,113072,4.8,24958,112,3,5,hatchback,silver,2,no,full,Turkey
6782,X5,2014,3.8,350,hybrid,automatic,AWD,49433,6.8,61620,160,5,5,suv,silver,4,yes,full,Spain
6783,3 Series,2010,2.2,236,diesel,automatic,RWD,224587,6.5,15133,144,4,5,sedan,grey,3,yes,full,Germany
6784,X3,2014,2.6,241,diesel,automatic,RWD,192938,7.1,28701,130,5,5,suv,grey,1,yes,none,France
6785,3 Series,2020,2.4,197,petrol,automatic,AWD,61572,8.3,31050,178,4,5,sedan,blue,2,yes,full,Turkey
6786,5 Series,2020,3,266,hybrid,automatic,AWD,76209,5.7,60414,120,4,5,sedan,black,1,,full,France
6787,1 Series,2020,2.6,261,petrol,manual,RWD,61051,7.9,28779,161,5,4,hatchback,grey,1,no,full,Italy
6788,7 Series,2011,4.4,410,hybrid,automatic,AWD,145619,7.1,74507,147,4,4,sedan,red,2,yes,full,UK
6789,1 Series,2014,2.7,254,petrol,automatic,RWD,117474,10.2,20397,209,3,4,hatchback,grey,1,no,full,Netherlands
6790,5 Series,2010,3.8,338,petrol,automatic,AWD,199085,9.6,26099,199,4,5,sedan,silver,5,yes,none,Spain
6791,1 Series,2010,2.4,222,diesel,manual,FWD,300000,7.2,2640,169,3,5,hatchback,black,4,no,full,UK
6792,X3,2020,3.5,359,hybrid,automatic,AWD,52283,5.9,63754,124,5,5,suv,black,1,no,full,France
6793,i7,2017,0,375,electric,automatic,AWD,105683,0,138689,0,4,5,sedan,red,2,no,full,Turkey
6794,X7,2015,3.3,290,diesel,automatic,AWD,170043,8.5,72286,176,5,5,suv,silver,3,yes,partial,UK
6795,1 Series,2022,1.8,159,petrol,automatic,FWD,20914,7.3,27044,163,5,5,hatchback,white,1,no,full,France
6796,1 Series,2012,1.5,157,petrol,automatic,FWD,256721,7.2,5380,162,5,4,hatchback,white,4,yes,full,Germany
6797,X1,2019,1.7,211,diesel,automatic,AWD,109606,6.6,32068,143,5,5,suv,blue,1,yes,full,Netherlands
6798,X5,2023,3.5,295,hybrid,automatic,AWD,8748,6.4,79796,130,5,5,suv,silver,1,no,partial,Turkey
6799,X3,2019,2.7,272,petrol,automatic,AWD,72589,8,53249,186,5,5,suv,blue,2,no,partial,Spain
6800,3 Series,2018,2.4,221,petrol,automatic,AWD,79608,8,38836,177,4,5,sedan,black,2,no,full,USA
6801,X3,2009,2.8,224,hybrid,,RWD,168868,5.2,33108,129,5,5,suv,white,2,yes,full,Netherlands
6802,X1,2020,1.5,134,petrol,automatic,FWD,85931,6.9,34352,162,5,5,suv,black,1,no,partial,Turkey
6803,X5,2009,3.4,341,hybrid,automatic,AWD,300000,5.8,40152,,5,5,suv,black,4,yes,partial,USA
6804,X1,2011,2.4,188,diesel,automatic,AWD,148939,7.8,26529,185,5,5,suv,silver,4,no,,Spain
6805,1 Series,2008,2.9,239,diesel,automatic,FWD,207404,8.2,10659,171,5,5,hatchback,black,2,no,partial,Netherlands
6806,X1,2024,1.9,164,diesel,automatic,FWD,0,6.1,48071,133,5,5,suv,white,0,no,full,Netherlands
6807,X3,2012,3,265,petrol,automatic,AWD,149134,10,38718,204,5,5,suv,white,,no,full,Turkey
6808,3 Series,2023,3.1,288,petrol,automatic,RWD,13710,,46055,240,4,5,sedan,black,1,no,full,Italy
6809,X7,2013,3.3,276,hybrid,automatic,AWD,124490,6.6,66988,136,5,5,suv,,5,no,full,Turkey
6810,7 Series,2017,0,346,electric,automatic,RWD,158773,0,91893,0,4,4,sedan,white,2,no,partial,USA
6811,5 Series,2014,3.4,220,petrol,automatic,RWD,68803,10.4,48453,222,4,5,sedan,black,2,no,full,Netherlands
6812,X1,2016,2,145,petrol,automatic,AWD,173575,8,21134,190,5,5,suv,blue,3,yes,partial,France
6813,3 Series,2015,3.5,315,hybrid,automatic,AWD,164865,6.1,28829,137,4,5,sedan,black,1,no,partial,Italy
6814,X7,2024,3.7,345,petrol,automatic,AWD,5314,10.9,111477,245,5,5,suv,black,0,no,partial,Turkey
6815,X1,2021,1.9,152,hybrid,automatic,AWD,57828,4.3,45449,91,5,5,suv,white,1,no,full,Germany
6816,3 Series,2023,2.7,229,hybrid,automatic,AWD,30488,5.7,41693,114,4,5,sedan,white,1,no,full,Spain
6817,Z4,2019,2.7,207,petrol,automatic,RWD,108432,9,45478,186,2,2,convertible,black,3,no,,Spain
6818,5 Series,2006,4,363,petrol,automatic,RWD,300000,10.4,22592,215,4,5,sedan,black,2,yes,full,UK
6819,3 Series,2019,3.2,305,petrol,automatic,AWD,36389,9.6,48001,217,4,5,sedan,white,3,no,full,UK
6820,X1,2018,1.9,214,petrol,automatic,AWD,52082,7.8,35535,155,5,5,suv,black,2,yes,full,Turkey
6821,5 Series,2006,3.7,301,petrol,automatic,AWD,297852,10.3,23017,214,4,5,sedan,black,2,yes,full,Turkey
6822,X3,2018,3.3,319,hybrid,automatic,RWD,81723,6.2,60484,153,5,5,suv,silver,2,no,full,Netherlands
6823,X7,2006,4.3,391,hybrid,automatic,AWD,283952,6.9,53408,157,5,5,suv,black,4,no,none,Spain
6824,1 Series,2019,2.7,238,petrol,automatic,RWD,45338,9.4,27270,204,5,5,hatchback,blue,2,no,full,France
6825,Z4,2024,2.1,248,petrol,automatic,RWD,6455,8,64349,186,2,2,convertible,black,0,no,partial,Spain
6826,X3,2006,3,252,diesel,automatic,AWD,300000,7.3,22253,157,5,5,suv,,3,no,full,Italy
6827,X7,2015,3,289,diesel,automatic,AWD,178494,8.4,85982,193,5,5,suv,black,1,no,partial,Netherlands
6828,Z4,2020,2.5,252,petrol,automatic,RWD,44190,7.7,61593,171,2,2,convertible,white,1,yes,full,UK
6829,3 Series,2018,2.2,155,petrol,automatic,AWD,91083,6.9,33179,152,4,5,sedan,silver,1,no,full,France
6830,X3,2013,3.3,264,diesel,automatic,RWD,210937,8.6,37789,205,5,5,suv,grey,3,no,full,USA
6831,X1,2020,1.5,212,diesel,automatic,FWD,27023,6.4,44061,136,5,5,suv,white,2,no,full,UK
6832,i4,2014,0,394,electric,automatic,AWD,174948,0,53991,0,4,5,coupe,black,1,no,partial,France
6833,3 Series,2019,1.8,170,petrol,automatic,RWD,61860,6.6,32212,147,4,5,sedan,silver,2,no,partial,France
6834,i7,2019,0,541,electric,automatic,AWD,68303,0,159477,0,4,4,sedan,white,3,no,partial,Turkey
6835,5 Series,2023,4.2,316,hybrid,automatic,AWD,45815,6.8,59861,148,4,5,sedan,,0,no,partial,Turkey
6836,3 Series,2018,1.8,202,diesel,,AWD,30419,7.1,34572,143,4,5,sedan,blue,3,no,full,Netherlands
6837,5 Series,2014,3.1,362,petrol,automatic,RWD,65143,10.1,51179,215,4,5,sedan,,2,no,full,Italy
6838,7 Series,2019,0,446,electric,automatic,RWD,79402,0,113797,0,4,4,sedan,white,2,no,full,France
6839,3 Series,2017,2.2,206,diesel,automatic,RWD,194178,7.3,21927,153,4,5,sedan,blue,4,yes,none,France
6840,1 Series,2023,2.8,348,hybrid,automatic,RWD,17485,6.2,34314,138,5,4,hatchback,silver,0,no,none,Netherlands
6841,5 Series,2013,3.5,320,diesel,automatic,RWD,164231,7.6,42164,170,4,5,sedan,silver,2,no,partial,Germany
6842,X3,2018,2.6,265,petrol,automatic,AWD,138569,8,35224,161,5,5,suv,black,2,yes,none,USA
6843,1 Series,2007,2.3,197,petrol,automatic,FWD,264349,7.3,7935,164,3,5,hatchback,silver,2,no,none,Italy
6844,5 Series,2015,4,319,hybrid,automatic,RWD,156876,6.3,41806,139,4,5,sedan,white,3,no,partial,Netherlands
6845,X5,2020,3.1,247,diesel,automatic,AWD,85457,7.9,82845,167,5,5,suv,white,1,no,full,USA
6846,1 Series,2018,1.8,206,diesel,automatic,RWD,102279,6.4,21703,128,3,4,hatchback,silver,3,no,full,USA
6847,3 Series,2014,3.4,325,hybrid,automatic,RWD,79322,5.5,31480,120,4,5,sedan,black,2,no,none,USA
6848,3 Series,2017,2.2,214,diesel,automatic,AWD,109035,6.9,32111,,4,5,sedan,white,2,no,partial,UK
6849,5 Series,2021,3.7,278,diesel,automatic,AWD,41653,7.7,58643,172,4,5,sedan,grey,2,no,full,Spain
6850,X5,2011,3.8,336,petrol,automatic,AWD,169635,9.9,54099,196,5,5,suv,silver,3,no,partial,France
6851,X7,2012,4,333,diesel,automatic,AWD,210327,8.8,66321,191,5,5,suv,grey,4,yes,partial,Netherlands
6852,7 Series,2021,3.6,313,hybrid,automatic,AWD,25438,,86758,141,4,4,sedan,silver,1,no,partial,Turkey
6853,X3,2015,2.1,237,diesel,automatic,RWD,219225,6.7,35077,135,5,5,suv,white,1,no,partial,Netherlands
6854,5 Series,2023,2.9,284,hybrid,automatic,AWD,8755,5.6,65690,125,4,5,sedan,white,0,no,full,Spain
6855,3 Series,2017,2,201,hybrid,automatic,RWD,79088,5,32404,112,4,5,sedan,grey,2,no,full,Turkey
6856,X1,2005,1.6,127,petrol,,AWD,300000,7,9050,138,5,5,suv,blue,3,no,full,USA
6857,X3,2011,2.8,251,petrol,automatic,AWD,265338,9.3,29540,206,5,5,suv,black,5,no,full,USA
6858,7 Series,2023,4.5,422,hybrid,automatic,RWD,9157,7.1,113814,166,4,4,sedan,grey,1,no,full,UK
6859,5 Series,2019,3.5,326,hybrid,automatic,RWD,136058,6.9,53852,143,4,5,sedan,red,2,no,full,Italy
6860,X3,2017,2.2,252,hybrid,automatic,AWD,120721,4.8,51022,93,5,5,suv,red,1,no,full,Germany
6861,X3,2023,2.8,239,diesel,automatic,RWD,14496,7.5,55377,168,5,5,suv,red,0,yes,full,Italy
6862,5 Series,2023,2,232,diesel,automatic,AWD,14025,6.9,59362,171,4,5,sedan,silver,0,,partial,France
6863,1 Series,2024,2.8,244,petrol,automatic,FWD,0,8.9,33493,198,5,4,hatchback,silver,0,no,full,France
6864,3 Series,2015,2,234,hybrid,automatic,RWD,120005,4.7,20055,114,4,5,sedan,blue,3,yes,none,Netherlands
6865,5 Series,2008,3,236,hybrid,automatic,AWD,300000,6,22997,127,4,5,sedan,black,4,yes,full,Spain
6866,5 Series,2023,3.1,194,hybrid,automatic,AWD,7993,5.8,65029,129,4,5,sedan,blue,0,no,full,Netherlands
6867,5 Series,2023,3.6,271,diesel,automatic,AWD,6498,9.2,57682,211,4,5,sedan,silver,0,yes,full,France
6868,X3,2009,3.1,273,petrol,automatic,AWD,300000,9.4,19647,207,5,5,suv,silver,3,no,partial,Turkey
6869,5 Series,2020,2.2,240,hybrid,automatic,RWD,75834,4.3,50619,90,4,5,sedan,white,2,no,partial,Germany
6870,5 Series,2016,3.6,337,diesel,automatic,AWD,71592,8.8,54404,186,4,5,sedan,white,2,no,full,Netherlands
6871,X7,2020,3.5,296,petrol,automatic,AWD,45947,9.5,110101,210,5,5,suv,blue,1,no,partial,Germany
6872,5 Series,2010,3.7,297,petrol,automatic,AWD,188191,10.3,30519,234,4,5,sedan,white,3,yes,partial,Netherlands
6873,i7,2009,0,464,electric,automatic,AWD,177444,0,101175,0,4,4,sedan,white,2,yes,full,Netherlands
6874,5 Series,2017,2.3,225,hybrid,automatic,RWD,99573,5.1,51775,109,4,5,sedan,silver,2,no,full,USA
6875,X3,2019,2.8,226,hybrid,automatic,RWD,122264,,35330,119,5,5,suv,grey,3,,none,Netherlands
6876,X1,2018,,219,hybrid,automatic,FWD,115911,4.7,41169,102,5,5,suv,black,1,no,full,Netherlands
6877,X3,2015,2.8,242,petrol,automatic,AWD,175297,8.6,37829,186,5,5,suv,grey,2,no,partial,France
6878,X3,2019,2.2,255,diesel,automatic,AWD,110903,6.7,46821,147,5,5,suv,grey,1,yes,full,Italy
6879,1 Series,2015,2.4,219,diesel,automatic,RWD,154816,6.6,20660,145,5,4,hatchback,black,1,no,full,UK
6880,3 Series,2005,2.5,215,diesel,manual,RWD,300000,7.2,3886,171,4,5,sedan,white,4,yes,partial,Netherlands
6881,X1,2018,2.1,230,hybrid,automatic,AWD,64416,4.4,33896,111,5,5,suv,white,2,yes,full,USA
6882,7 Series,2021,,282,hybrid,automatic,RWD,42915,6.6,95610,134,4,4,sedan,silver,1,no,full,Italy
6883,X1,2021,1.7,274,petrol,automatic,AWD,45812,6.8,44113,146,5,5,suv,black,1,no,partial,France
6884,3 Series,2010,3.4,251,petrol,automatic,AWD,136631,9.2,24228,200,4,5,sedan,silver,2,no,partial,Netherlands
6885,3 Series,2011,1.9,226,hybrid,,AWD,230251,4.9,21983,104,4,5,sedan,black,2,no,full,Turkey
6886,1 Series,2022,2.5,315,diesel,automatic,FWD,36049,7.4,30781,173,3,5,hatchback,red,2,no,full,Netherlands
6887,3 Series,2017,,247,hybrid,automatic,RWD,123053,5.6,34153,124,4,5,sedan,blue,1,no,partial,Germany
6888,X5,2024,3,294,hybrid,automatic,AWD,6778,6.2,93403,139,5,5,suv,,1,no,partial,Italy
6889,3 Series,2024,1.8,168,diesel,manual,AWD,5968,5.9,40217,149,4,5,sedan,black,,no,partial,UK
6890,X3,2008,3.4,270,diesel,automatic,AWD,205921,8.7,21123,188,5,5,suv,white,3,yes,partial,Turkey
6891,X7,2021,3.7,353,diesel,automatic,AWD,59930,8.3,120353,191,5,5,suv,white,1,no,full,Turkey
6892,5 Series,2017,4,363,hybrid,,RWD,79820,6.9,51817,158,4,5,sedan,white,1,no,partial,USA
6893,5 Series,2010,3.4,276,petrol,automatic,AWD,285162,9,27156,199,4,5,sedan,red,3,yes,partial,France
6894,5 Series,2018,2.7,176,petrol,automatic,RWD,127628,8.6,43342,192,4,5,sedan,white,1,no,partial,UK
6895,X3,2009,3.3,292,hybrid,automatic,RWD,94367,5.9,26221,122,5,5,suv,white,5,yes,none,Spain
6896,1 Series,2009,,175,petrol,automatic,FWD,150584,8.6,13951,194,5,5,hatchback,blue,3,no,full,UK
6897,X5,2014,3.7,301,hybrid,automatic,AWD,202102,5.9,47379,138,5,5,suv,grey,3,no,none,France
6898,X7,2019,3.9,367,diesel,automatic,AWD,59521,9.5,114294,215,5,5,suv,silver,2,no,full,France
6899,X1,2006,2,252,diesel,automatic,AWD,300000,6.9,16595,147,5,5,suv,grey,3,no,full,Netherlands
6900,X7,2014,3.1,261,diesel,automatic,AWD,82588,7.5,91449,175,5,5,suv,white,2,no,full,Netherlands
6901,X5,2021,3.3,287,petrol,automatic,AWD,55095,8.9,84820,185,5,5,suv,black,1,no,full,Netherlands
6902,X1,2015,2.1,272,petrol,automatic,FWD,86589,9.7,33586,206,5,5,suv,black,1,no,none,Germany
6903,1 Series,2012,2.6,311,petrol,automatic,FWD,203903,9.5,16720,202,3,4,hatchback,white,,no,partial,Germany
6904,X3,2019,2.7,250,hybrid,automatic,AWD,57816,,54188,117,5,5,suv,black,2,no,partial,USA
6905,X7,2013,4.3,349,hybrid,automatic,AWD,131335,7.2,74052,145,5,5,suv,silver,5,yes,partial,Germany
6906,5 Series,2024,2.6,236,diesel,automatic,AWD,0,6.7,68726,139,4,5,sedan,black,0,no,full,Germany
6907,1 Series,2009,2.1,212,diesel,automatic,RWD,177236,8,8558,171,5,4,hatchback,white,5,no,partial,Italy
6908,X1,2012,2,169,diesel,automatic,FWD,201978,5.7,20792,121,5,5,suv,grey,2,no,partial,Turkey
6909,X3,2016,3,264,hybrid,automatic,RWD,112309,5.7,46399,120,5,5,suv,red,4,no,full,Italy
6910,7 Series,2013,0,386,electric,automatic,AWD,232322,0,62486,,4,4,sedan,silver,,yes,full,Netherlands
6911,1 Series,2024,2.3,257,diesel,automatic,RWD,0,6.5,33591,137,5,4,hatchback,white,0,no,full,Turkey
6912,i3,2008,0,225,electric,automatic,RWD,298175,0,15613,0,5,4,hatchback,black,5,yes,full,France
6913,1 Series,2007,1.8,159,petrol,manual,RWD,247685,7.5,6492,173,5,4,hatchback,white,2,yes,full,Italy
6914,3 Series,2023,1.9,187,diesel,automatic,RWD,0,,46661,115,4,5,sedan,blue,0,no,full,USA
6915,1 Series,2011,2.8,271,diesel,manual,RWD,177727,7.5,15239,168,3,4,hatchback,black,2,yes,full,USA
6916,7 Series,2021,0,267,electric,automatic,AWD,44245,0,101907,0,4,4,sedan,blue,1,no,partial,Turkey
6917,3 Series,2007,1.9,209,diesel,automatic,AWD,220437,6.2,14751,133,4,5,sedan,black,5,yes,partial,Turkey
6918,3 Series,2024,3.3,270,hybrid,manual,AWD,16897,6.1,45405,149,4,5,sedan,silver,0,no,full,USA
6919,3 Series,2016,2.5,236,hybrid,manual,AWD,109698,5.3,26400,121,4,5,sedan,black,1,yes,partial,Spain
6920,X5,2008,3.2,279,petrol,automatic,AWD,240902,9.7,41722,,5,5,suv,red,3,yes,full,UK
6921,Z4,2009,2.2,199,petrol,automatic,RWD,234908,8.5,31300,186,2,2,convertible,grey,2,no,partial,France
6922,X1,2007,1.5,170,hybrid,automatic,AWD,281180,4.6,10061,99,5,5,suv,white,4,yes,full,UK
6923,3 Series,2010,3.2,347,petrol,manual,RWD,182925,10.8,31918,241,4,5,sedan,grey,3,no,full,Italy
6924,X7,2019,3.9,298,petrol,,AWD,75938,10.5,90365,218,5,5,suv,grey,2,yes,full,Turkey
6925,5 Series,2018,3.8,308,diesel,automatic,RWD,77636,8.3,46930,171,4,5,sedan,silver,1,no,partial,Italy
6926,X3,2014,3.1,219,petrol,automatic,AWD,177058,9,33649,210,5,5,suv,blue,1,no,none,UK
6927,i3,2022,0,153,electric,automatic,RWD,39699,0,56570,0,5,4,hatchback,white,1,no,partial,Italy
6928,X3,2009,3.5,325,petrol,automatic,RWD,290872,10.3,28099,219,5,5,suv,white,5,no,partial,Germany
6929,X1,2023,1.9,214,petrol,automatic,AWD,16147,6.5,50209,145,5,5,suv,black,0,no,full,Spain
6930,X3,2019,2.6,262,hybrid,automatic,AWD,57257,5.1,55749,107,5,5,suv,silver,2,no,full,France
6931,5 Series,2014,2.9,235,petrol,automatic,AWD,140959,9.2,38559,204,4,5,sedan,black,2,no,full,USA
6932,Z4,2016,2.7,239,petrol,automatic,RWD,101596,9.6,47222,217,2,2,convertible,blue,3,yes,full,France
6933,X3,2008,2.7,234,diesel,automatic,RWD,251965,8.9,24871,192,5,5,suv,blue,2,yes,partial,Italy
6934,Z4,2019,2.2,243,petrol,automatic,RWD,78836,6.6,64034,152,2,2,convertible,black,2,no,full,France
6935,X5,2014,3.2,268,petrol,automatic,AWD,116681,8.7,54801,203,5,5,suv,black,2,no,partial,Italy
6936,3 Series,2012,2.5,220,diesel,automatic,RWD,180994,7.2,18855,161,4,5,sedan,white,,yes,full,France
6937,X1,2015,1.8,177,diesel,automatic,FWD,103773,6.6,31609,150,5,5,suv,grey,1,no,full,USA
6938,X1,2016,1.8,136,hybrid,automatic,AWD,96634,4.7,32086,87,5,5,suv,white,1,no,partial,Netherlands
6939,3 Series,2021,3.3,290,diesel,automatic,AWD,47735,8.1,38224,169,4,5,sedan,white,2,yes,full,UK
6940,X5,2018,3.1,292,diesel,automatic,AWD,55729,8.1,57642,174,5,5,suv,silver,3,yes,full,Turkey
6941,i4,2018,0,261,electric,automatic,AWD,94555,0,56821,0,4,5,coupe,grey,2,no,full,Turkey
6942,1 Series,2021,1.6,196,diesel,automatic,FWD,78626,6.7,25481,141,3,4,hatchback,silver,1,no,full,Netherlands
6943,1 Series,2020,2.2,227,hybrid,automatic,RWD,53385,5,29215,91,3,5,hatchback,silver,0,no,full,France
6944,3 Series,2015,2.6,231,hybrid,automatic,AWD,116467,4.9,21997,116,4,5,sedan,black,4,no,none,France
6945,X1,2024,2.2,269,hybrid,automatic,AWD,0,4.8,56401,112,5,5,suv,white,0,no,partial,UK
6946,5 Series,2023,3.2,255,petrol,automatic,RWD,3233,9.3,62860,220,4,5,sedan,white,1,no,full,Italy
6947,i3,2016,0,175,electric,automatic,RWD,65067,0,36478,0,5,4,hatchback,blue,4,no,partial,Netherlands
6948,X1,2008,,222,diesel,automatic,FWD,250334,6.6,15587,154,5,5,suv,silver,4,yes,full,France
6949,X5,2016,3,295,petrol,automatic,AWD,120218,9.5,69156,207,5,5,suv,black,1,no,partial,Spain
6950,7 Series,2018,4.2,353,hybrid,automatic,RWD,98096,7.1,87671,157,4,4,sedan,red,2,no,partial,Netherlands
6951,5 Series,2019,2.4,213,hybrid,automatic,RWD,78700,5.2,54177,124,4,5,sedan,white,3,no,full,UK
6952,Z4,2007,,256,petrol,automatic,RWD,178820,8.5,36113,170,2,2,convertible,black,2,no,partial,USA
6953,1 Series,2013,2.6,259,petrol,automatic,RWD,54401,9.9,17064,236,3,5,hatchback,black,5,no,none,USA
6954,i7,2006,0,462,electric,automatic,RWD,274553,0,64722,0,4,4,sedan,,3,yes,none,Spain
6955,X1,2007,2.4,220,diesel,automatic,AWD,226867,7,14379,152,5,5,suv,blue,4,no,partial,UK
6956,3 Series,2021,2.9,219,hybrid,manual,AWD,6008,,31947,125,4,5,sedan,white,2,yes,partial,Turkey
6957,5 Series,2017,,331,hybrid,automatic,RWD,73058,6.6,59196,144,4,5,sedan,red,1,no,full,Germany
6958,X3,2017,3.2,337,petrol,automatic,RWD,85011,9.7,57923,226,5,5,suv,grey,1,no,full,USA
6959,X3,2011,2.7,256,petrol,automatic,RWD,258867,9.1,32828,193,5,5,suv,white,3,no,full,UK
6960,X1,2007,2.2,292,hybrid,automatic,FWD,238555,5.4,22435,117,5,5,suv,white,4,no,full,France
6961,X3,2017,2.2,154,diesel,automatic,AWD,84189,6.6,45086,151,5,5,suv,black,1,no,partial,Netherlands
6962,X1,2022,2.2,203,hybrid,automatic,AWD,50454,5.4,40133,134,5,5,suv,blue,1,no,partial,Turkey
6963,3 Series,2019,1.7,171,diesel,manual,RWD,60712,5.9,32749,127,4,5,sedan,black,3,no,full,Netherlands
6964,X3,2018,2.2,244,hybrid,automatic,AWD,72445,4.8,44090,85,5,5,suv,silver,2,yes,partial,Italy
6965,X3,2011,2.5,242,hybrid,automatic,AWD,233578,5.1,26848,102,5,5,suv,white,4,no,partial,Turkey
6966,3 Series,2017,3,311,diesel,automatic,RWD,150815,7.3,26573,145,4,5,sedan,grey,1,no,none,Turkey
6967,3 Series,2011,2.4,219,hybrid,automatic,RWD,228691,4.7,14606,,4,5,sedan,black,3,yes,partial,Netherlands
6968,3 Series,2006,,190,diesel,automatic,AWD,258623,6.2,12058,154,4,5,sedan,black,3,no,partial,Turkey
6969,X5,2023,3.5,317,hybrid,automatic,AWD,9957,5.6,97588,120,5,5,suv,black,0,no,full,UK
6970,3 Series,2020,3.4,320,diesel,automatic,AWD,48680,8.6,41429,,4,5,sedan,black,0,yes,full,USA
6971,3 Series,2007,2.6,270,diesel,automatic,RWD,185320,7.3,20991,181,4,5,sedan,white,2,no,full,USA
6972,1 Series,2012,1.8,172,petrol,manual,RWD,211344,7.2,7940,164,3,4,hatchback,white,5,yes,none,Italy
6973,X1,2023,1.6,158,hybrid,automatic,AWD,20280,4.3,45980,81,5,5,suv,grey,0,no,full,USA
6974,X3,2013,2.1,187,petrol,automatic,RWD,114891,8.7,29347,196,5,5,suv,grey,4,yes,partial,France
6975,X1,2009,2.2,283,petrol,automatic,FWD,300000,8.5,14148,178,5,5,suv,silver,3,yes,partial,France
6976,X3,2010,3.3,322,diesel,automatic,AWD,300000,7.8,28160,160,5,5,suv,black,4,yes,partial,Netherlands
6977,i3,2023,0,181,electric,automatic,RWD,15850,0,65912,0,5,4,hatchback,blue,0,no,full,UK
6978,X1,2015,2.5,190,diesel,automatic,FWD,147144,7.8,30260,176,5,5,suv,blue,2,,full,Turkey
6979,X3,2020,2.5,270,hybrid,automatic,RWD,94991,4.7,46148,117,5,5,suv,white,1,yes,full,France
6980,X3,2011,3.1,267,hybrid,automatic,AWD,193395,5.7,28271,132,5,5,suv,blue,3,yes,none,USA
6981,X5,2013,3.2,327,hybrid,automatic,AWD,196252,6,51042,126,5,5,suv,black,3,,,France
6982,X3,2024,2.6,221,petrol,automatic,RWD,11586,8.7,65130,176,5,5,suv,black,0,no,full,Spain
6983,X1,2023,2.4,229,diesel,automatic,AWD,11518,7,51713,155,5,5,suv,blue,0,no,full,Germany
6984,3 Series,2013,2.8,296,petrol,manual,RWD,172481,9.4,28081,200,4,5,sedan,,3,no,full,France
6985,X7,2020,3.6,317,petrol,automatic,AWD,43778,9.9,117275,239,5,5,suv,silver,1,no,full,Turkey
6986,1 Series,2006,2.8,250,diesel,manual,RWD,215322,7.5,11851,176,3,4,hatchback,silver,3,no,full,Germany
6987,1 Series,2010,2.1,247,hybrid,manual,FWD,212950,4.6,12309,115,3,4,hatchback,,5,no,partial,Turkey
6988,i3,2024,0,181,electric,automatic,RWD,5245,0,55200,0,5,4,hatchback,silver,0,no,none,UK
6989,X1,2019,2.3,197,petrol,automatic,FWD,74590,7.7,43352,178,5,5,suv,grey,2,no,full,Netherlands
6990,i3,2014,0,209,electric,automatic,RWD,160270,0,35780,0,5,4,hatchback,white,1,no,partial,Italy
6991,3 Series,2011,1.8,181,petrol,automatic,RWD,154516,8.5,19371,174,4,5,sedan,,,no,full,Italy
6992,X1,2021,1.8,230,diesel,automatic,FWD,25589,6.2,46480,135,5,5,suv,,2,no,full,Italy
6993,X7,2011,3.9,307,hybrid,automatic,AWD,114520,6.4,75609,148,5,5,suv,black,3,no,partial,Netherlands
6994,3 Series,2018,2,173,diesel,automatic,AWD,93664,6.4,27973,139,4,5,sedan,silver,3,no,partial,Turkey
6995,i3,2018,0,185,electric,automatic,RWD,49775,,35770,0,5,4,hatchback,red,1,yes,none,USA
6996,1 Series,2022,2.4,267,petrol,,FWD,67258,8.3,29293,171,3,4,hatchback,grey,0,no,partial,Germany
6997,X1,2017,1.6,234,diesel,automatic,AWD,123292,6.4,32959,148,5,5,suv,grey,1,yes,full,UK
6998,X3,2020,3.3,270,hybrid,automatic,RWD,53966,6,55164,137,5,5,suv,black,,no,partial,Spain
6999,1 Series,2016,2.2,253,hybrid,automatic,RWD,105635,5,19008,114,3,4,hatchback,silver,2,no,full,France
7000,5 Series,2017,3.6,337,petrol,automatic,AWD,46908,10,47602,223,4,5,sedan,white,1,no,none,Netherlands
7001,X5,2023,4.3,372,diesel,automatic,AWD,26408,9.9,97113,205,5,5,suv,white,0,,partial,Germany
7002,i4,2006,0,286,electric,automatic,AWD,300000,0,30182,0,4,5,coupe,,4,no,full,USA
7003,X3,2020,2.5,278,diesel,automatic,AWD,5885,6.9,65966,160,5,5,suv,grey,1,no,full,USA
7004,3 Series,2005,3.1,280,hybrid,automatic,AWD,105735,6.3,20637,145,4,5,sedan,black,3,yes,full,Italy
7005,5 Series,2022,2.6,249,diesel,automatic,AWD,11297,7.1,65296,154,4,5,sedan,silver,1,no,full,Italy
7006,3 Series,2009,2.6,226,hybrid,automatic,RWD,269397,6,15806,122,4,5,sedan,red,4,no,full,Netherlands
7007,Z4,2020,2.6,206,petrol,automatic,RWD,54109,9,62187,181,2,2,convertible,silver,1,no,full,Netherlands
7008,X5,2015,3.9,304,diesel,automatic,AWD,149263,9.3,60266,201,5,5,suv,silver,2,yes,full,UK
7009,i7,2010,0,478,electric,automatic,AWD,113132,0,116847,0,4,4,sedan,white,3,no,full,UK
7010,X1,2020,2,258,diesel,automatic,FWD,10003,6,46895,128,5,5,suv,grey,2,no,full,Turkey
7011,X7,2020,3.9,355,hybrid,automatic,AWD,87296,6.6,101311,136,5,5,suv,red,1,yes,full,Netherlands
7012,5 Series,2016,2.2,266,diesel,automatic,AWD,95137,7.3,43651,165,4,5,sedan,white,2,no,none,Germany
7013,1 Series,2005,1.6,164,hybrid,automatic,FWD,101666,4.2,9523,,3,4,hatchback,white,5,yes,partial,France
7014,X5,2018,3.7,303,diesel,automatic,AWD,76375,8.6,74362,190,5,5,suv,black,1,no,full,USA
7015,X5,2019,3,275,petrol,automatic,AWD,99014,9,66782,194,5,5,suv,white,2,no,partial,France
7016,X7,2020,3.7,336,diesel,automatic,AWD,109568,8.4,105164,195,5,5,suv,black,2,no,partial,USA
7017,X3,2012,2.8,220,hybrid,automatic,AWD,164714,5.7,31415,128,5,5,suv,white,4,yes,full,USA
7018,X1,2021,1.8,214,petrol,automatic,AWD,15766,7.7,39736,173,5,5,suv,silver,1,yes,partial,Spain
7019,5 Series,2024,4,321,petrol,automatic,AWD,3058,10.5,66053,231,4,5,sedan,black,1,no,partial,Netherlands
7020,X3,2007,3.1,252,diesel,automatic,AWD,270333,7,20080,144,5,5,suv,silver,3,no,partial,Turkey
7021,i7,2021,0,544,electric,automatic,AWD,25012,0,168643,0,4,5,sedan,grey,0,no,full,Italy
7022,3 Series,2023,2.7,255,petrol,automatic,AWD,21051,8.8,48561,185,4,5,sedan,black,0,no,full,Italy
7023,X3,2024,3.5,285,petrol,automatic,AWD,12711,8.7,63989,199,5,5,suv,silver,0,no,full,Turkey
7024,Z4,2018,2.4,187,petrol,automatic,RWD,77635,7.5,52267,162,2,2,convertible,white,1,yes,full,France
7025,3 Series,2023,3.5,294,diesel,automatic,RWD,33577,8.8,48103,199,4,5,sedan,black,0,no,full,France
7026,i4,2023,0,416,electric,automatic,RWD,15715,0,100354,0,4,5,coupe,black,1,no,full,UK
7027,X3,2022,2.7,251,hybrid,automatic,RWD,39101,5.1,59006,114,5,5,suv,blue,0,yes,full,Germany
7028,X5,2021,3.2,245,hybrid,automatic,AWD,25867,5.6,75856,109,5,5,suv,blue,1,no,full,Turkey
7029,5 Series,2007,3.9,364,petrol,automatic,RWD,259843,11.7,19325,244,4,5,sedan,white,4,yes,partial,Spain
7030,3 Series,2017,2.6,238,petrol,automatic,AWD,19285,9.2,31062,220,4,5,sedan,white,2,yes,partial,Spain
7031,5 Series,2015,2.7,281,diesel,automatic,AWD,111405,8,44730,171,4,5,sedan,grey,2,no,partial,USA
7032,i4,2009,0,281,electric,automatic,AWD,196285,0,43548,0,4,5,coupe,silver,3,no,full,Netherlands
7033,X5,2012,3,287,diesel,automatic,AWD,198042,8,59630,169,5,5,suv,white,2,no,full,Germany
7034,5 Series,2017,3.3,307,diesel,automatic,RWD,66146,8.6,49691,178,4,5,sedan,,1,no,partial,France
7035,X1,2018,2,178,diesel,automatic,FWD,45430,6.7,34226,148,5,5,suv,blue,1,no,none,Germany
7036,X1,2014,1.9,199,petrol,automatic,AWD,177536,8.3,22403,185,5,5,suv,black,,yes,partial,Netherlands
7037,1 Series,2017,2.4,175,hybrid,automatic,RWD,123001,5.1,14790,130,5,4,hatchback,red,3,yes,full,Turkey
7038,X5,2015,3.6,358,diesel,automatic,AWD,128990,8.8,63941,202,5,5,suv,silver,1,no,partial,Spain
7039,i4,2024,,386,electric,automatic,AWD,1145,0,90737,0,4,5,coupe,red,1,no,partial,UK
7040,X5,2023,3.3,217,diesel,automatic,AWD,22896,8.3,85517,182,5,5,suv,grey,0,no,partial,Germany
7041,X3,2021,3.5,300,diesel,automatic,RWD,43748,9.1,64432,199,5,5,suv,silver,1,no,full,UK
7042,X1,2016,,182,diesel,automatic,FWD,101918,6.4,35736,140,5,5,suv,black,1,no,full,Germany
7043,7 Series,2013,0,504,electric,automatic,AWD,183300,0,81069,,4,5,sedan,grey,3,no,partial,Spain
7044,X3,2013,3.4,342,petrol,automatic,AWD,209280,8.9,30582,191,5,5,suv,black,4,yes,partial,Turkey
7045,X1,2019,1.8,178,diesel,automatic,FWD,88082,6.5,38959,146,5,5,suv,silver,2,no,partial,USA
7046,7 Series,2017,0,327,electric,automatic,RWD,85815,0,79588,0,4,5,sedan,black,4,no,full,Turkey
7047,5 Series,2007,2.4,190,hybrid,automatic,AWD,300000,5.1,17270,119,4,5,sedan,silver,4,yes,partial,Italy
7048,X1,2009,2,216,petrol,automatic,FWD,300000,7.7,11575,176,5,5,suv,black,5,yes,full,Germany
7049,1 Series,2005,2.8,277,petrol,automatic,FWD,256636,9.5,2640,222,3,5,hatchback,black,2,yes,none,USA
7050,5 Series,2022,3.7,338,diesel,automatic,AWD,46867,9.1,60901,206,4,5,sedan,silver,1,no,,Turkey
7051,3 Series,2018,3.4,339,diesel,automatic,RWD,61120,8.5,43838,169,4,5,sedan,black,2,no,full,USA
7052,i7,2024,0,440,electric,automatic,AWD,3079,0,197535,0,4,5,sedan,white,0,no,full,Germany
7053,X7,2018,3.6,333,petrol,automatic,AWD,24674,10.2,116461,222,5,5,suv,black,1,no,,Germany
7054,3 Series,2014,2.3,263,hybrid,automatic,AWD,113113,5.9,25506,127,4,5,sedan,,3,yes,partial,UK
7055,X5,2020,3.1,289,diesel,automatic,AWD,54593,8.9,89868,196,5,5,suv,black,,no,full,UK
7056,7 Series,2013,0,393,electric,automatic,AWD,87894,0,66827,0,4,4,sedan,black,3,yes,partial,UK
7057,X1,2024,,202,hybrid,automatic,AWD,0,4.5,52623,89,5,5,suv,blue,1,no,partial,Netherlands
7058,3 Series,2014,2.1,164,petrol,manual,AWD,159452,8.8,20545,189,4,5,sedan,black,3,yes,partial,Netherlands
7059,5 Series,2022,3.1,269,diesel,automatic,AWD,36412,8.5,57523,185,4,5,sedan,silver,,no,full,Turkey
7060,i4,2024,0,287,electric,automatic,RWD,0,0,96862,0,4,5,coupe,white,0,no,full,Spain
7061,Z4,2013,2,191,petrol,automatic,RWD,235221,6.8,40508,165,2,2,convertible,black,4,no,full,Germany
7062,3 Series,2024,2.6,276,hybrid,automatic,AWD,0,5.6,50255,115,4,5,sedan,white,0,no,partial,UK
7063,X1,2016,2.2,223,diesel,automatic,AWD,126904,6.3,35651,140,5,5,suv,silver,4,no,full,France
7064,X1,2007,1.7,194,diesel,automatic,AWD,58336,6.5,21494,142,5,5,suv,red,4,yes,none,UK
7065,X3,2018,2.7,325,diesel,automatic,RWD,42669,7.4,56162,154,5,5,suv,silver,3,no,full,USA
7066,X3,2017,2.4,321,diesel,automatic,AWD,132974,8.4,48639,196,5,5,suv,black,1,,full,France
7067,X5,2024,4.1,347,diesel,automatic,AWD,0,9.7,92739,225,5,5,suv,black,0,no,full,Italy
7068,i7,2021,0,343,electric,automatic,RWD,63174,0,171821,0,4,5,sedan,blue,1,no,full,USA
7069,i3,2015,0,156,electric,automatic,RWD,95840,0,31286,0,5,4,hatchback,black,2,yes,full,France
7070,X5,2005,3.8,313,diesel,automatic,AWD,300000,8,39445,186,5,5,suv,blue,2,no,full,UK
7071,3 Series,2015,1.7,161,diesel,automatic,AWD,105712,6.1,28159,137,4,5,sedan,silver,1,no,partial,Netherlands
7072,i4,2009,0,261,electric,automatic,RWD,272624,0,34590,0,4,5,coupe,grey,3,yes,partial,UK
7073,i7,2023,0,660,electric,automatic,RWD,21537,0,195940,0,4,4,sedan,white,1,no,full,Turkey
7074,i4,2015,0,223,electric,automatic,RWD,47768,0,48738,0,4,5,coupe,silver,1,yes,full,France
7075,i7,2008,0,593,electric,automatic,RWD,120905,0,101206,0,4,5,sedan,white,2,no,partial,Spain
7076,X3,2021,3.4,309,petrol,automatic,AWD,9340,10.2,57718,227,5,5,suv,black,0,no,partial,France
7077,5 Series,2007,3.9,319,diesel,automatic,AWD,300000,8.3,17631,163,4,5,sedan,black,4,yes,partial,Turkey
7078,5 Series,2009,3.4,290,petrol,automatic,RWD,244922,10.3,27935,228,4,5,sedan,grey,2,yes,partial,Germany
7079,5 Series,2023,2.5,295,petrol,automatic,RWD,23578,8.7,74055,200,4,5,sedan,white,0,no,full,Netherlands
7080,1 Series,2007,2.6,275,diesel,automatic,RWD,179947,7.8,10202,175,5,5,hatchback,silver,4,yes,partial,Germany
7081,5 Series,2022,2.5,236,petrol,automatic,AWD,34733,7.3,59662,149,4,5,sedan,black,1,no,full,Turkey
7082,5 Series,2024,3.3,317,diesel,automatic,AWD,0,8.9,72303,198,4,5,sedan,black,0,no,full,Netherlands
7083,X5,2024,4.2,297,petrol,automatic,AWD,611,9.9,90054,219,5,5,suv,white,1,no,full,Germany
7084,5 Series,2022,3.1,285,petrol,automatic,AWD,45479,10.4,63543,228,4,5,sedan,silver,1,no,full,France
7085,i4,2013,0,228,electric,automatic,AWD,245872,0,34584,0,4,5,coupe,blue,2,no,none,France
7086,X3,2017,2.9,237,hybrid,automatic,AWD,99823,5.9,52707,126,5,5,suv,white,4,no,full,Germany
7087,X3,2013,2.8,278,diesel,automatic,RWD,225891,8,39203,170,5,5,suv,black,2,no,partial,Netherlands
7088,5 Series,2016,2.5,213,petrol,automatic,AWD,193289,8.4,40957,193,4,5,sedan,black,4,no,full,Turkey
7089,X1,2011,1.7,213,petrol,automatic,AWD,212098,,22968,151,5,5,suv,grey,4,yes,full,Netherlands
7090,1 Series,2021,,254,diesel,automatic,RWD,30317,7.9,25520,180,5,5,hatchback,,1,no,partial,Turkey
7091,X7,2009,4.1,287,hybrid,automatic,AWD,194048,6.3,61325,130,5,5,suv,black,3,yes,full,UK
7092,Z4,2020,2,229,petrol,automatic,RWD,57021,7.9,57401,181,2,2,convertible,silver,2,no,full,Turkey
7093,1 Series,2014,2,159,petrol,automatic,RWD,46784,8.9,22321,196,5,5,hatchback,white,1,no,full,USA
7094,X5,2023,3.9,376,hybrid,automatic,AWD,8749,6.6,99890,155,5,5,suv,blue,0,no,full,USA
7095,3 Series,2021,3.2,319,diesel,manual,RWD,44739,8.1,47841,195,4,5,sedan,blue,1,no,full,USA
7096,7 Series,2011,0,457,electric,automatic,AWD,300000,0,67702,0,4,4,sedan,black,3,no,partial,Spain
7097,X5,2008,4.2,340,diesel,automatic,AWD,198878,9.8,38225,231,5,5,suv,black,2,yes,partial,UK
7098,Z4,2024,2.6,239,petrol,automatic,RWD,0,8.6,74509,188,2,2,convertible,grey,1,no,full,France
7099,5 Series,2021,3.2,240,diesel,automatic,RWD,39839,7.4,59812,165,4,5,sedan,blue,1,no,full,France
7100,3 Series,2007,2.8,282,hybrid,manual,AWD,300000,5.9,16808,126,4,5,sedan,black,2,yes,partial,Spain
7101,X3,2012,2.9,224,hybrid,automatic,RWD,131584,5.3,39040,114,5,5,suv,blue,2,no,partial,Italy
7102,X1,2005,1.6,181,hybrid,automatic,FWD,257973,4.7,11897,109,5,5,suv,blue,3,no,partial,France
7103,3 Series,2024,2.7,280,diesel,automatic,AWD,0,7.9,48213,177,4,5,sedan,black,0,no,full,Italy
7104,7 Series,2021,3.2,257,hybrid,automatic,RWD,80386,5.8,96397,128,4,5,sedan,red,1,no,full,Italy
7105,X5,2018,3.8,403,petrol,automatic,AWD,59666,11.2,60336,246,5,5,suv,grey,2,yes,none,France
7106,X1,2013,1.5,172,hybrid,automatic,AWD,247411,4.4,20114,79,5,5,suv,black,4,no,partial,Germany
7107,X1,2022,1.8,213,petrol,automatic,AWD,38109,8,42472,170,5,5,suv,black,1,no,partial,Netherlands
7108,1 Series,2016,2.4,191,petrol,automatic,RWD,165757,8.6,16860,173,5,4,hatchback,silver,2,yes,full,Netherlands
7109,3 Series,2019,2.3,227,diesel,automatic,AWD,73616,6.9,39821,153,4,5,sedan,black,2,no,full,France
7110,i4,2023,0,479,electric,automatic,RWD,9869,0,86588,0,4,5,coupe,white,0,no,partial,Turkey
7111,5 Series,2016,2.1,236,petrol,automatic,RWD,121386,8.1,43709,181,4,5,sedan,silver,1,yes,full,Spain
7112,1 Series,2021,1.5,180,petrol,manual,RWD,44086,6.3,26765,142,5,4,hatchback,silver,2,no,full,Netherlands
7113,X5,2020,3.6,378,diesel,automatic,AWD,46424,8.6,89248,189,5,5,suv,white,2,no,full,UK
7114,X3,2018,2.3,182,diesel,automatic,RWD,29358,6.5,52482,156,5,5,suv,silver,1,no,full,Turkey
7115,7 Series,2021,0,378,electric,automatic,AWD,61613,0,110365,0,4,4,sedan,black,1,no,partial,Spain
7116,X7,2019,3.5,354,petrol,automatic,AWD,77034,9.5,96539,203,5,5,suv,white,1,no,partial,Spain
7117,X1,2013,1.7,162,hybrid,automatic,AWD,226670,4.2,19616,95,5,5,suv,black,4,no,full,Italy
7118,1 Series,2024,3,308,petrol,automatic,RWD,15405,8.8,34910,196,3,5,hatchback,grey,1,no,full,Germany
7119,X7,2021,3.8,321,hybrid,automatic,AWD,66485,6.7,116232,144,5,5,suv,red,0,no,full,France
7120,X7,2008,4,346,petrol,automatic,AWD,233152,11.1,59861,239,5,5,suv,grey,3,no,none,France
7121,Z4,2018,2.1,149,petrol,automatic,RWD,106320,8,53555,183,2,2,convertible,white,2,no,partial,UK
7122,X5,2013,3.1,288,diesel,automatic,AWD,178614,8,45129,174,5,5,suv,white,4,yes,full,Italy
7123,X1,2024,2,239,hybrid,automatic,FWD,0,4.8,55399,99,5,5,suv,white,0,no,full,UK
7124,X3,2020,2.3,243,petrol,automatic,RWD,64065,8.8,56611,201,5,5,suv,white,2,no,full,France
7125,i7,2011,0,284,electric,automatic,AWD,224920,0,74085,0,4,4,sedan,blue,5,yes,full,Spain
7126,5 Series,2014,4.4,344,hybrid,automatic,AWD,229419,6.6,30917,146,4,5,sedan,white,1,yes,full,Turkey
7127,X1,2009,1.6,187,hybrid,automatic,AWD,152734,,23750,100,5,5,suv,silver,5,no,full,Italy
7128,3 Series,2020,2.5,264,diesel,,RWD,86731,7.3,37918,149,4,5,sedan,silver,1,no,partial,USA
7129,5 Series,2019,2.4,187,hybrid,automatic,AWD,77144,5.2,45647,117,4,5,sedan,white,2,no,partial,Netherlands
7130,X1,2018,1.8,176,petrol,automatic,FWD,114334,6.6,27469,134,5,5,suv,silver,2,yes,partial,Turkey
7131,X5,2009,3.5,313,diesel,automatic,AWD,242734,8.5,44459,196,5,5,suv,silver,2,yes,full,Italy
7132,5 Series,2023,3.5,316,petrol,automatic,AWD,25754,9.5,66370,206,4,5,sedan,grey,1,no,full,Turkey
7133,3 Series,2019,1.8,150,hybrid,automatic,RWD,69868,4.4,27960,90,4,5,sedan,red,1,no,,Spain
7134,X1,2021,2,182,diesel,automatic,FWD,56363,7,39604,153,5,5,suv,white,1,no,full,Netherlands
7135,1 Series,2022,2.5,201,diesel,,RWD,30658,7.8,31222,177,3,4,hatchback,silver,0,no,full,France
7136,1 Series,2014,2.3,240,hybrid,manual,FWD,231056,5.3,13403,124,3,5,hatchback,blue,2,no,,Spain
7137,X1,2020,2.2,192,petrol,automatic,AWD,32032,8,37551,182,5,5,suv,grey,,yes,full,France
7138,3 Series,2016,2.4,241,petrol,manual,AWD,187545,8.2,25310,176,4,5,sedan,grey,3,no,none,Spain
7139,i3,2012,0,203,electric,automatic,RWD,240921,0,23848,0,5,4,hatchback,silver,2,no,full,USA
7140,X7,2019,3.3,281,hybrid,automatic,AWD,53523,5.9,98601,120,5,5,suv,red,1,no,partial,Turkey
7141,Z4,2005,2.2,233,petrol,automatic,RWD,157267,7.5,30453,168,2,2,convertible,blue,2,yes,full,UK
7142,3 Series,2021,3.4,315,hybrid,automatic,AWD,51192,6,44701,143,4,5,sedan,grey,1,no,full,UK
7143,X1,2015,1.9,145,petrol,automatic,FWD,99403,7.3,33244,,5,5,suv,white,2,no,full,Italy
7144,Z4,2011,2.9,237,petrol,automatic,RWD,184280,8.5,35335,168,2,2,convertible,black,4,no,partial,Italy
7145,Z4,2021,2.3,218,petrol,automatic,RWD,79253,7.9,63413,159,2,2,convertible,white,1,no,partial,Italy
7146,X7,2019,3.7,373,diesel,automatic,AWD,62903,8.4,124751,203,5,5,suv,grey,1,no,full,Germany
7147,X7,2016,3.5,330,petrol,automatic,AWD,137634,10.2,89918,220,5,5,suv,silver,1,no,partial,Netherlands
7148,1 Series,2024,2.3,221,petrol,manual,FWD,0,8.3,35809,180,5,4,hatchback,silver,0,no,full,Italy
7149,3 Series,2009,2.9,295,hybrid,manual,AWD,300000,6.2,12240,144,4,5,sedan,blue,3,yes,,Italy
7150,X1,2007,1.6,135,hybrid,automatic,AWD,205168,3.9,16098,92,5,5,suv,white,4,no,full,Netherlands
7151,X5,2017,3.3,248,diesel,automatic,AWD,121755,8,72144,188,5,5,suv,white,1,no,full,Germany
7152,X5,2010,3.2,325,petrol,automatic,AWD,223307,9.2,47813,201,5,5,suv,white,4,no,none,Germany
7153,5 Series,2017,4.2,328,diesel,automatic,AWD,75602,9.9,48539,208,4,5,sedan,grey,2,no,full,USA
7154,X5,2022,3.3,297,diesel,automatic,AWD,31267,7.9,87353,182,5,5,suv,blue,1,no,full,Italy
7155,5 Series,2014,3.2,288,diesel,automatic,AWD,157111,8.7,37159,,4,5,sedan,silver,2,no,none,Turkey
7156,1 Series,2022,2.7,268,diesel,automatic,FWD,48256,7.4,34270,171,3,5,hatchback,black,1,no,,Germany
7157,X5,2020,4.1,333,petrol,automatic,AWD,91392,10.6,81147,226,5,5,suv,silver,1,no,full,Germany
7158,X3,2020,2.2,226,diesel,automatic,AWD,61976,6.1,55696,163,5,5,suv,black,1,no,full,Spain
7159,X1,2014,1.9,193,hybrid,automatic,AWD,108076,4.7,32570,83,5,5,suv,white,1,no,partial,USA
7160,5 Series,2023,4.2,359,hybrid,automatic,AWD,22313,7,70177,164,4,5,sedan,blue,0,no,full,UK
7161,X1,2024,1.9,185,hybrid,automatic,FWD,0,4.9,46502,99,5,5,suv,silver,0,no,none,USA
7162,3 Series,2024,2.2,207,petrol,automatic,AWD,1860,8.3,47101,201,4,5,sedan,white,0,no,full,USA
7163,5 Series,2015,2.6,265,petrol,automatic,AWD,88098,9.7,45330,200,4,5,sedan,black,1,no,partial,Turkey
7164,X3,2020,3.2,331,diesel,automatic,AWD,78849,8.1,54954,181,5,5,suv,blue,0,no,full,Spain
7165,X5,2018,3.6,360,petrol,automatic,AWD,98013,10.2,68858,217,5,5,suv,grey,4,no,partial,Turkey
7166,X1,2022,2.4,194,diesel,automatic,FWD,0,7.6,43289,160,5,5,suv,black,2,no,full,Turkey
7167,X5,2015,3.6,271,diesel,automatic,AWD,75009,8.2,62440,184,5,5,suv,silver,1,no,partial,Italy
7168,X1,2010,2,197,petrol,automatic,AWD,247195,8.5,15707,201,5,5,suv,silver,4,yes,partial,Netherlands
7169,1 Series,2011,2.8,289,hybrid,automatic,RWD,110964,5,22440,98,3,4,hatchback,white,2,no,full,Netherlands
7170,3 Series,2020,1.8,165,diesel,automatic,AWD,78876,6.5,35687,154,4,5,sedan,silver,2,no,full,Italy
7171,X1,2007,1.7,131,hybrid,automatic,FWD,300000,4.4,7956,90,5,5,suv,white,2,no,partial,USA
7172,i3,2022,0,185,electric,automatic,RWD,7151,0,57360,0,5,4,hatchback,silver,1,no,full,Spain
7173,1 Series,2022,2.5,296,hybrid,automatic,FWD,14067,5.1,32267,100,3,4,hatchback,white,0,no,partial,UK
7174,1 Series,2021,1.7,150,diesel,automatic,FWD,55328,6.6,26864,138,5,4,hatchback,white,2,no,full,USA
7175,X1,2020,2,201,hybrid,automatic,FWD,71591,4.7,39772,106,5,5,suv,white,1,no,full,Spain
7176,Z4,2024,2.6,273,petrol,automatic,RWD,7393,,64617,191,2,2,convertible,black,0,no,,Turkey
7177,X5,2015,3.4,334,petrol,automatic,AWD,104270,10.2,71502,217,5,5,suv,grey,1,no,full,France
7178,X1,2020,2.1,199,diesel,automatic,FWD,61187,6.1,43294,149,5,5,suv,silver,1,no,full,Germany
7179,X1,2006,1.8,258,diesel,automatic,FWD,292907,6.8,13051,151,5,5,suv,,3,yes,full,Germany
7180,X1,2015,1.7,152,hybrid,automatic,AWD,142023,3.8,19733,83,5,5,suv,blue,1,yes,none,Turkey
7181,X3,2021,3.2,306,hybrid,automatic,AWD,50775,5.9,60098,140,5,5,suv,red,2,,full,Spain
7182,X1,2018,2.4,264,hybrid,automatic,FWD,38722,4.9,41309,99,5,5,suv,black,2,yes,full,Netherlands
7183,i7,2020,0,473,electric,automatic,RWD,79687,0,151517,0,4,5,sedan,silver,1,no,full,Italy
7184,i4,2006,0,458,electric,automatic,AWD,295136,0,42699,0,4,5,coupe,black,4,no,partial,Netherlands
7185,5 Series,2009,2.6,276,diesel,automatic,AWD,235137,7,28672,155,4,5,sedan,white,3,yes,full,Germany
7186,i4,2015,0,317,electric,automatic,RWD,237245,0,51936,0,4,5,coupe,white,1,no,full,Spain
7187,3 Series,2018,2.8,299,diesel,automatic,RWD,69108,7.6,29537,161,4,5,sedan,silver,2,yes,partial,Italy
7188,X3,2023,3.4,338,diesel,automatic,RWD,2833,8.3,76958,187,5,5,suv,blue,0,no,full,Germany
7189,5 Series,2021,2.3,198,petrol,automatic,RWD,24593,7.8,62373,167,4,5,sedan,grey,,no,full,France
7190,5 Series,2023,3.4,250,hybrid,automatic,AWD,17983,6,60332,129,4,5,sedan,black,0,no,,USA
7191,5 Series,2022,3.4,340,petrol,automatic,AWD,23499,10.8,58459,237,4,5,sedan,black,0,no,none,Spain
7192,X3,2022,,172,petrol,automatic,AWD,39414,7.8,63399,164,5,5,suv,blue,1,no,full,USA
7193,5 Series,2021,4.2,342,hybrid,automatic,AWD,54243,6.8,62201,173,4,5,sedan,black,1,no,full,Spain
7194,1 Series,2017,1.7,180,petrol,automatic,RWD,104395,7.7,17721,166,5,5,hatchback,black,2,yes,full,Italy
7195,3 Series,2011,1.7,149,petrol,manual,AWD,237610,7.6,15431,143,4,5,sedan,white,2,no,partial,Turkey
7196,X3,2023,2.4,210,diesel,automatic,RWD,40297,6.9,53623,155,5,5,suv,silver,0,no,partial,Italy
7197,3 Series,2023,2.9,269,hybrid,automatic,RWD,20097,6,43497,130,4,5,sedan,black,0,yes,full,Spain
7198,7 Series,2021,0,479,electric,automatic,RWD,31823,0,137341,0,4,4,sedan,white,1,no,full,Germany
7199,5 Series,2021,2.4,201,petrol,automatic,RWD,48633,8.9,62318,187,4,5,sedan,white,0,no,full,Netherlands
7200,1 Series,2024,2.8,261,diesel,manual,RWD,16036,7.4,33963,159,5,5,hatchback,black,0,no,full,Italy
7201,X5,2024,3.4,410,diesel,automatic,AWD,0,8.8,86854,178,5,5,suv,grey,1,no,full,Spain
7202,X5,2009,3.8,324,hybrid,automatic,AWD,200959,6.1,42242,128,5,5,suv,silver,2,yes,partial,UK
7203,X1,2020,1.6,183,petrol,automatic,AWD,73596,8.2,36833,,5,5,suv,white,1,yes,full,UK
7204,i4,2024,0,337,electric,automatic,AWD,6334,0,86866,,4,5,coupe,black,0,no,full,Spain
7205,3 Series,2007,2.5,261,diesel,manual,RWD,296786,7,12280,151,4,5,sedan,silver,2,yes,full,Italy
7206,X3,2013,3.2,278,petrol,automatic,RWD,276808,9.7,26901,214,5,5,suv,blue,3,no,none,Spain
7207,3 Series,2019,2.6,231,petrol,automatic,RWD,43336,9.3,39085,199,4,5,sedan,silver,4,no,full,Spain
7208,X3,2019,3.2,289,hybrid,automatic,RWD,87344,6.6,50796,142,5,5,suv,red,3,no,partial,Spain
7209,X5,2015,4.2,376,petrol,automatic,AWD,169158,10.2,64782,223,5,5,suv,black,2,no,full,Italy
7210,X5,2019,3.2,294,diesel,automatic,AWD,131746,8,81982,171,5,5,suv,silver,1,no,full,Netherlands
7211,X3,2023,3.1,236,hybrid,automatic,AWD,0,6.1,64108,133,5,5,suv,silver,0,no,full,Netherlands
7212,X5,2018,4.1,322,hybrid,automatic,AWD,48583,6.4,68525,152,5,5,suv,silver,4,no,partial,Netherlands
7213,X5,2012,4.2,361,petrol,automatic,AWD,65689,11.7,50285,252,5,5,suv,black,3,yes,none,Spain
7214,1 Series,2010,3,255,diesel,manual,FWD,193453,7.7,9720,170,3,5,hatchback,white,2,yes,partial,Turkey
7215,1 Series,2022,1.7,131,hybrid,manual,RWD,12204,4.2,26725,84,5,5,hatchback,silver,0,no,full,USA
7216,X1,2012,2.3,194,petrol,,FWD,148721,9.1,21470,205,5,5,suv,silver,4,no,none,Turkey
7217,1 Series,2020,1.8,146,diesel,automatic,FWD,1518,6.6,26089,143,5,5,hatchback,,2,no,full,Spain
7218,X3,2021,3.5,300,hybrid,automatic,AWD,36051,5.4,62627,110,5,5,suv,silver,2,no,full,Netherlands
7219,3 Series,2016,2.7,260,diesel,automatic,AWD,114706,7.2,30774,159,4,5,sedan,blue,1,no,full,Italy
7220,X3,2017,2.7,232,hybrid,automatic,AWD,105269,6.3,43507,144,5,5,suv,white,2,yes,full,Netherlands
7221,3 Series,2020,3.5,363,hybrid,automatic,RWD,104470,6.7,37900,154,4,5,sedan,red,1,yes,full,Netherlands
7222,X1,2013,1.8,272,petrol,automatic,FWD,268972,6.5,18977,154,5,5,suv,silver,2,yes,partial,France
7223,5 Series,2022,3.5,340,hybrid,automatic,AWD,19006,6,65702,123,4,5,sedan,red,1,no,full,Spain
7224,X5,2018,3.9,291,hybrid,automatic,AWD,58127,6.7,73008,156,5,5,suv,silver,1,no,full,Italy
7225,X5,2024,3.8,317,petrol,,AWD,982,9.8,83257,222,5,5,suv,black,0,,full,USA
7226,X5,2012,3,271,petrol,automatic,AWD,211745,8.8,45567,199,5,5,suv,silver,2,yes,partial,Italy
7227,X3,2022,2.6,261,petrol,automatic,AWD,24042,8.6,58724,202,5,5,suv,white,2,no,partial,Spain
7228,1 Series,2013,2.7,278,diesel,manual,RWD,207689,7.2,13712,144,3,4,hatchback,white,3,no,partial,Spain
7229,X5,2009,,279,diesel,automatic,AWD,300000,8.6,41828,182,5,5,suv,silver,5,no,partial,UK
7230,7 Series,2005,,396,petrol,automatic,AWD,185809,11.6,52487,263,4,5,sedan,white,2,yes,partial,Netherlands
7231,X3,2010,2.7,245,diesel,automatic,RWD,172131,7.5,30023,162,5,5,suv,red,4,yes,partial,Netherlands
7232,Z4,2019,2.2,234,petrol,automatic,RWD,106020,8.9,54257,198,2,2,convertible,grey,4,no,full,Spain
7233,3 Series,2021,2.4,196,petrol,automatic,AWD,89388,8.8,31174,182,4,5,sedan,silver,2,yes,full,Turkey
7234,X5,2018,3.3,336,hybrid,automatic,AWD,86562,6.4,83199,140,5,5,suv,white,,no,full,Netherlands
7235,5 Series,2012,3.2,260,petrol,automatic,AWD,84846,9.8,34632,,4,5,sedan,black,3,yes,full,Netherlands
7236,i3,2024,0,162,electric,automatic,RWD,6459,0,54410,0,5,4,hatchback,blue,0,no,full,Turkey
7237,X3,2020,2.6,268,diesel,automatic,AWD,40989,,56462,173,5,5,suv,silver,1,no,full,France
7238,X7,2016,3.5,324,diesel,automatic,AWD,90433,9.6,87534,208,5,5,suv,white,1,yes,full,Spain
7239,5 Series,2011,3.3,257,petrol,automatic,RWD,300000,9.6,25607,219,4,5,sedan,silver,2,yes,,Spain
7240,1 Series,2018,2.9,310,petrol,automatic,FWD,82606,10.1,25869,214,5,4,hatchback,blue,2,no,partial,Spain
7241,1 Series,2010,1.7,204,petrol,manual,RWD,89876,6.7,18155,147,5,5,hatchback,white,3,yes,full,Germany
7242,i3,2014,0,189,electric,automatic,RWD,150231,0,34766,0,5,4,hatchback,black,2,no,partial,USA
7243,X1,2015,2.2,212,petrol,automatic,FWD,93029,8.5,30133,190,5,5,suv,red,2,no,none,Spain
7244,1 Series,2015,2.3,158,diesel,manual,FWD,141767,6.7,16108,135,3,4,hatchback,red,2,no,full,Netherlands
7245,5 Series,2017,2.9,291,petrol,automatic,RWD,65099,8.9,55243,203,4,5,sedan,blue,1,no,full,Germany
7246,1 Series,2016,2.6,179,diesel,manual,RWD,179079,7.8,13055,174,5,4,hatchback,white,2,no,partial,Spain
7247,X5,2020,4.3,333,hybrid,automatic,AWD,67750,7,76969,159,5,5,suv,white,0,yes,full,Netherlands
7248,3 Series,2019,2.5,261,hybrid,automatic,RWD,99129,5.6,43037,141,4,5,sedan,blue,1,no,full,UK
7249,X3,2024,3.1,292,petrol,,AWD,4714,8.9,66668,195,5,5,suv,black,0,no,partial,USA
7250,i3,2019,0,196,electric,automatic,RWD,49586,0,53640,0,5,4,hatchback,black,1,no,partial,Germany
7251,i3,2011,0,163,electric,automatic,RWD,246665,0,20907,0,5,4,hatchback,grey,5,yes,partial,UK
7252,1 Series,2022,2.9,219,hybrid,automatic,FWD,34407,5.8,30860,132,5,5,hatchback,white,1,no,full,Turkey
7253,X5,2014,4,305,diesel,automatic,AWD,237139,8.7,49665,183,5,5,suv,white,1,yes,full,Turkey
7254,5 Series,2015,3.4,267,petrol,automatic,RWD,156714,9.9,40346,225,4,5,sedan,blue,1,yes,full,Germany
7255,3 Series,2012,3.4,302,petrol,manual,AWD,201422,9.8,20740,213,4,5,sedan,black,2,yes,partial,Netherlands
7256,3 Series,2006,2.5,224,petrol,manual,RWD,274151,8.9,9614,201,4,5,sedan,white,2,no,full,UK
7257,5 Series,2013,2.7,250,petrol,automatic,AWD,124113,9.8,39720,207,4,5,sedan,grey,5,no,full,UK
7258,X3,2020,3,296,diesel,automatic,AWD,62999,7.7,60094,172,5,5,suv,grey,0,no,full,Netherlands
7259,X5,2014,3.6,320,diesel,automatic,AWD,182829,9.2,58643,202,5,5,suv,white,3,yes,full,USA
7260,X3,2024,3,223,diesel,automatic,AWD,0,7.6,64437,182,5,5,suv,grey,0,no,full,France
7261,X7,2011,3.1,229,petrol,automatic,AWD,175988,9.7,67065,213,5,5,suv,black,5,no,partial,Turkey
7262,3 Series,2015,2.8,260,diesel,manual,AWD,155443,7.9,25759,,4,5,sedan,blue,4,no,full,Turkey
7263,3 Series,2015,2.6,285,hybrid,manual,RWD,129712,5.5,30038,119,4,5,sedan,white,1,no,full,Italy
7264,X1,2021,1.6,154,hybrid,automatic,FWD,31975,4.1,37918,106,5,5,suv,black,1,no,partial,France
7265,X5,2024,3.9,362,petrol,automatic,AWD,0,10.3,96047,243,5,5,suv,white,1,no,full,Turkey
7266,5 Series,2023,2.6,260,hybrid,automatic,AWD,0,5.6,66965,121,4,5,sedan,silver,0,no,full,UK
7267,1 Series,2019,2.9,224,hybrid,automatic,RWD,91961,5.7,22747,119,5,5,hatchback,silver,1,no,partial,UK
7268,3 Series,2023,2,166,hybrid,automatic,AWD,21554,4.3,39927,101,4,5,sedan,white,0,no,full,Turkey
7269,X1,2023,2.1,190,diesel,automatic,AWD,36956,6.6,43847,137,5,5,suv,black,0,no,full,Spain
7270,X3,2022,2.8,199,hybrid,automatic,AWD,32619,5.1,59391,122,5,5,suv,white,1,no,full,Turkey
7271,1 Series,2011,1.6,171,petrol,automatic,RWD,42818,7.8,14909,,5,4,hatchback,silver,2,yes,partial,Netherlands
7272,i3,2011,0,197,electric,automatic,RWD,86445,0,28845,0,5,4,hatchback,white,5,yes,partial,Italy
7273,X1,2013,1.6,189,hybrid,automatic,FWD,136756,4,28516,95,5,5,suv,white,3,no,partial,Netherlands
7274,3 Series,2006,2.5,284,hybrid,manual,RWD,300000,5.4,12262,117,4,5,sedan,black,2,no,full,Netherlands
7275,Z4,2012,2.4,189,petrol,automatic,RWD,107690,9.5,39292,206,2,2,convertible,white,3,yes,partial,Netherlands
7276,5 Series,2008,4,328,diesel,automatic,AWD,265521,9.7,25987,208,4,5,sedan,black,5,no,partial,UK
7277,Z4,2019,2.5,167,petrol,automatic,RWD,118414,8.5,54372,194,2,2,convertible,silver,3,no,full,Spain
7278,5 Series,2019,3.1,209,petrol,automatic,AWD,58381,9.6,51428,200,4,5,sedan,black,1,yes,full,USA
7279,3 Series,2014,3.5,312,hybrid,manual,RWD,102482,6,24465,126,4,5,sedan,black,2,yes,none,Italy
7280,i4,2018,,417,electric,automatic,AWD,58581,0,74568,0,4,5,coupe,black,1,no,full,UK
7281,5 Series,2018,2.9,357,petrol,automatic,RWD,78378,9,46872,191,4,5,sedan,black,2,no,none,Italy
7282,7 Series,2017,3.8,338,hybrid,automatic,AWD,89221,6.9,72045,154,4,4,sedan,,3,yes,partial,Italy
7283,1 Series,2008,2,226,hybrid,manual,FWD,201479,4.4,9787,90,5,4,hatchback,grey,5,yes,partial,Italy
7284,X1,2011,1.6,219,hybrid,automatic,FWD,270691,4.6,14202,103,5,5,suv,black,3,yes,partial,Italy
7285,3 Series,2020,2.1,207,petrol,automatic,AWD,61947,8.5,37392,181,4,5,sedan,silver,1,no,full,France
7286,X7,2023,3.3,312,diesel,automatic,AWD,0,8.7,134654,185,5,5,suv,black,0,no,full,UK
7287,3 Series,2013,2.2,192,diesel,manual,RWD,153460,6.6,21389,138,4,5,sedan,silver,4,yes,full,France
7288,X3,2021,2.4,213,diesel,automatic,RWD,44230,7.5,51442,156,5,5,suv,black,1,no,partial,France
7289,1 Series,2015,2,186,hybrid,automatic,RWD,115965,5.4,19257,124,5,5,hatchback,grey,3,no,partial,Netherlands
7290,1 Series,2021,2.2,184,petrol,automatic,FWD,76031,8.4,23380,182,3,4,hatchback,grey,0,no,partial,Turkey
7291,i4,2014,0,294,electric,automatic,RWD,97656,0,46213,0,4,5,coupe,white,2,yes,partial,USA
7292,X3,2020,3.1,317,hybrid,automatic,AWD,32369,,54415,124,5,5,suv,white,1,yes,full,Italy
7293,3 Series,2012,2.4,261,diesel,,AWD,184322,7.9,25106,165,4,5,sedan,white,4,yes,partial,USA
7294,X1,2022,1.8,239,hybrid,automatic,AWD,55786,4.4,38689,110,5,5,suv,blue,2,yes,full,Netherlands
7295,1 Series,2006,1.9,163,hybrid,automatic,RWD,187700,4.9,5611,101,5,4,hatchback,white,2,yes,partial,USA
7296,i3,2020,0,218,electric,automatic,RWD,50316,0,53853,0,5,4,hatchback,silver,2,no,partial,Italy
7297,Z4,2013,2.3,176,petrol,automatic,RWD,208287,8.1,33069,167,2,2,convertible,black,4,yes,full,Spain
7298,3 Series,2022,1.7,181,petrol,automatic,AWD,37136,7.9,34914,164,4,5,sedan,red,1,yes,full,USA
7299,3 Series,2018,2.7,220,hybrid,automatic,AWD,92739,5.7,26633,108,4,5,sedan,white,2,yes,partial,Turkey
7300,3 Series,2024,2.5,239,diesel,automatic,RWD,4977,7.3,50724,157,4,5,sedan,red,1,no,full,Germany
7301,X1,2019,2.1,254,hybrid,automatic,FWD,65286,5.2,39722,108,5,5,suv,silver,3,yes,full,Netherlands
7302,1 Series,2023,2.4,185,hybrid,automatic,FWD,14507,4.7,26437,88,5,4,hatchback,blue,1,no,partial,Spain
7303,X7,2015,3.9,369,petrol,automatic,AWD,188063,11.1,87157,240,5,5,suv,white,1,yes,full,Spain
7304,1 Series,2012,2,221,petrol,automatic,FWD,214094,6.3,13835,128,5,5,hatchback,red,2,no,partial,Germany
7305,Z4,2014,2,187,petrol,automatic,RWD,177350,7.3,42136,168,2,2,convertible,blue,2,no,partial,Spain
7306,X1,2021,2,225,hybrid,automatic,FWD,37998,4.4,46694,111,5,5,suv,black,0,no,full,Spain
7307,1 Series,2012,2.5,217,petrol,manual,RWD,185746,7.8,12359,173,3,5,hatchback,white,3,no,full,France
7308,7 Series,2006,4.3,365,diesel,automatic,RWD,216382,8.9,37497,194,4,5,sedan,grey,2,yes,none,Spain
7309,3 Series,2022,1.7,175,diesel,automatic,RWD,27099,6.4,42721,129,4,5,sedan,silver,0,no,full,France
7310,1 Series,2024,1.8,197,diesel,automatic,RWD,0,6.9,31855,173,3,4,hatchback,grey,0,no,full,Germany
7311,7 Series,2023,3.3,285,petrol,automatic,AWD,28803,9.8,116391,217,4,5,sedan,black,0,no,full,France
7312,X5,2010,3.5,338,petrol,automatic,AWD,188754,10.5,38887,229,5,5,suv,silver,3,yes,none,France
7313,3 Series,2021,2.3,187,hybrid,manual,RWD,61892,4.6,40024,111,4,5,sedan,black,1,no,full,France
7314,5 Series,2013,2.6,235,petrol,automatic,AWD,228349,9.3,33497,195,4,5,sedan,blue,4,no,none,Spain
7315,1 Series,2011,1.9,232,hybrid,manual,RWD,232017,4.6,7351,114,3,4,hatchback,white,2,yes,none,Germany
7316,i4,2019,0,343,electric,automatic,AWD,57422,0,72628,0,4,5,coupe,white,2,yes,full,Netherlands
7317,X3,2012,2.7,258,petrol,automatic,RWD,209214,9.4,40283,197,5,5,suv,grey,2,no,partial,Netherlands
7318,3 Series,2010,1.9,174,petrol,manual,AWD,185265,7.5,15874,180,4,5,sedan,blue,5,no,none,UK
7319,3 Series,2012,3.5,262,petrol,automatic,RWD,200744,10.1,20637,,4,5,sedan,silver,3,no,partial,Germany
7320,3 Series,2019,2.6,228,petrol,automatic,RWD,72032,9.2,33820,197,4,5,sedan,silver,2,no,partial,Italy
7321,i7,2021,0,558,electric,automatic,RWD,57551,0,184843,0,4,5,sedan,black,0,no,full,Turkey
7322,X5,2013,,337,petrol,automatic,AWD,114231,11,56420,225,5,5,suv,black,2,yes,full,France
7323,3 Series,2021,2.1,266,petrol,automatic,RWD,28942,8.1,38638,170,4,5,sedan,grey,1,no,full,Turkey
7324,1 Series,2021,1.6,130,diesel,manual,FWD,46081,5.7,22158,136,3,4,hatchback,white,1,yes,full,Italy
7325,X7,2012,3.9,323,hybrid,automatic,AWD,82963,6.8,73088,160,5,5,suv,black,4,no,partial,Netherlands
7326,X3,2009,2.2,255,petrol,automatic,AWD,244330,7.6,25707,185,5,5,suv,black,3,yes,none,Germany
7327,X7,2020,4.1,407,diesel,automatic,AWD,60296,9.4,127982,221,5,5,suv,blue,1,no,full,UK
7328,X5,2021,,399,diesel,automatic,AWD,32584,9.6,89511,213,5,5,suv,red,,no,full,Italy
7329,X5,2021,3.5,381,hybrid,automatic,AWD,74906,6.6,92588,154,5,5,suv,white,,no,full,Italy
7330,X5,2019,3.3,255,petrol,automatic,AWD,56276,9.6,59487,231,5,5,suv,white,3,no,none,UK
7331,X3,2024,2.1,194,petrol,automatic,RWD,0,8.6,61337,197,5,5,suv,white,1,no,full,Germany
7332,1 Series,2017,1.6,167,hybrid,automatic,RWD,127068,4,18787,90,5,4,hatchback,,3,no,full,UK
7333,i4,2015,0,256,electric,automatic,AWD,29514,0,57681,0,4,5,coupe,black,2,no,partial,USA
7334,5 Series,2010,2.4,186,diesel,automatic,RWD,198527,7.9,21095,174,4,5,sedan,grey,3,yes,partial,Spain
7335,i4,2018,0,472,electric,automatic,RWD,88067,0,74751,0,4,5,coupe,black,2,no,full,Italy
7336,X7,2017,4.3,420,diesel,automatic,AWD,124509,9.3,83099,208,5,5,suv,white,4,yes,partial,Germany
7337,5 Series,2019,2.5,273,hybrid,automatic,RWD,93381,5.3,48518,113,4,5,sedan,white,3,no,full,Turkey
7338,i4,2014,0,357,electric,automatic,AWD,193071,0,56024,0,4,5,coupe,silver,2,no,,Germany
7339,3 Series,2020,2.5,256,diesel,automatic,AWD,48238,6.6,41841,142,4,5,sedan,blue,2,no,full,UK
7340,i4,2022,0,200,electric,automatic,RWD,22529,0,76094,0,4,5,coupe,red,,no,partial,Italy
7341,X3,2020,3.3,371,petrol,automatic,RWD,72298,10.7,68457,237,5,5,suv,white,1,no,full,France
7342,X1,2009,2.1,229,hybrid,automatic,AWD,169090,5.3,24629,115,5,5,suv,silver,3,no,partial,Germany
7343,7 Series,2014,3.5,249,hybrid,automatic,AWD,76342,6.4,81324,134,4,4,sedan,white,2,no,full,Turkey
7344,X3,2018,2.8,278,diesel,automatic,AWD,118658,7.9,42301,151,5,5,suv,white,3,no,partial,Spain
7345,3 Series,2024,2.4,236,petrol,automatic,AWD,4844,8.1,42489,183,4,5,sedan,white,1,no,partial,France
7346,X3,2020,3.2,276,diesel,automatic,RWD,111081,8.6,56022,180,5,5,suv,silver,1,no,full,Italy
7347,3 Series,2021,2.6,279,petrol,automatic,AWD,59682,9,47343,204,4,5,sedan,silver,1,no,full,Italy
7348,5 Series,2023,2.6,209,petrol,automatic,RWD,21620,8.3,52923,190,4,5,sedan,black,0,yes,full,USA
7349,X3,2022,2.3,241,petrol,automatic,RWD,50773,8.2,58675,180,5,5,suv,,1,no,full,Italy
7350,7 Series,2007,3.6,252,hybrid,automatic,AWD,300000,6.4,57862,130,4,5,sedan,silver,2,no,full,Germany
7351,3 Series,2019,2.6,186,hybrid,automatic,RWD,101713,5.4,31272,119,4,5,sedan,white,2,no,partial,Italy
7352,5 Series,2017,2.3,284,hybrid,automatic,RWD,36681,5.5,50079,123,4,5,sedan,silver,2,no,partial,Spain
7353,7 Series,2011,3.3,263,hybrid,automatic,AWD,226439,6.4,60785,141,4,5,sedan,red,3,no,full,Turkey
7354,X5,2019,3.6,374,petrol,automatic,AWD,80946,10,81293,210,5,5,suv,white,2,no,full,Italy
7355,X1,2016,2.5,254,hybrid,automatic,AWD,104674,5.8,38084,112,5,5,suv,silver,2,,full,Spain
7356,Z4,2022,2.2,194,petrol,automatic,RWD,28119,8.8,72337,198,2,2,convertible,white,0,no,full,Spain
7357,X7,2015,3.7,324,petrol,automatic,AWD,52403,11,101466,220,5,5,suv,black,,no,full,Netherlands
7358,5 Series,2024,3.4,227,diesel,automatic,AWD,0,7.9,62580,183,4,5,sedan,silver,0,no,full,Italy
7359,X3,2009,,270,hybrid,automatic,RWD,183183,5.1,31139,108,5,5,suv,blue,5,no,partial,Italy
7360,Z4,2024,2.6,249,petrol,automatic,RWD,983,8.1,67601,173,2,2,convertible,white,0,no,full,Italy
7361,i4,2023,0,297,electric,automatic,AWD,0,0,82750,0,4,5,coupe,black,,no,partial,France
7362,i7,2013,0,488,electric,automatic,RWD,228155,0,122342,0,4,4,sedan,silver,2,no,full,Spain
7363,i3,2017,0,176,electric,automatic,RWD,79355,0,41928,0,5,4,hatchback,black,1,no,full,Turkey
7364,5 Series,2024,2.1,149,hybrid,automatic,AWD,0,5,58459,91,4,5,sedan,white,0,no,partial,Germany
7365,3 Series,2017,2.9,207,petrol,automatic,RWD,127177,8.6,29756,202,4,5,sedan,black,2,no,partial,Netherlands
7366,X5,2018,3.9,356,petrol,automatic,AWD,78318,9.3,62827,203,5,5,suv,red,3,yes,full,Turkey
7367,i3,2023,0,193,electric,automatic,RWD,16417,0,65260,0,5,4,hatchback,grey,0,no,partial,Germany
7368,X7,2013,3.7,275,petrol,automatic,AWD,155990,10.3,83953,227,5,5,suv,grey,2,no,partial,Germany
7369,i4,2018,0,458,electric,automatic,AWD,78423,0,64604,0,4,5,coupe,white,2,no,partial,France
7370,7 Series,2013,3.5,298,hybrid,automatic,AWD,140035,6,85378,140,4,4,sedan,red,3,no,full,Germany
7371,5 Series,2022,2.6,224,hybrid,automatic,RWD,29888,5.1,58421,112,4,5,sedan,white,1,no,partial,Spain
7372,3 Series,2017,3.3,308,petrol,automatic,AWD,92733,8.9,38793,206,4,5,sedan,silver,1,no,partial,UK
7373,X5,2009,3.9,307,petrol,automatic,AWD,138388,10.3,50216,235,5,5,suv,white,3,no,full,France
7374,X1,2020,2.4,238,diesel,automatic,FWD,24998,7.3,41985,163,5,5,suv,black,1,no,full,Turkey
7375,Z4,2010,2.5,279,petrol,automatic,RWD,206191,7.4,32480,,2,2,convertible,silver,2,yes,partial,Turkey
7376,i7,2005,0,511,electric,automatic,AWD,225117,0,67360,0,4,4,sedan,blue,3,yes,none,France
7377,5 Series,2022,3.5,306,diesel,automatic,AWD,17323,8.5,65922,192,4,5,sedan,blue,1,no,full,USA
7378,7 Series,2022,4.4,378,diesel,automatic,AWD,43801,10,96265,211,4,5,sedan,blue,1,yes,full,France
7379,X1,2018,2.3,236,hybrid,automatic,AWD,50357,5,41093,112,5,5,suv,blue,3,no,full,Netherlands
7380,3 Series,2021,2.5,188,diesel,automatic,AWD,3134,7.1,42723,150,4,5,sedan,grey,1,no,full,Netherlands
7381,i7,2017,0,427,electric,automatic,RWD,73533,0,124428,0,4,5,sedan,white,3,no,full,Turkey
7382,3 Series,2021,3.3,305,diesel,automatic,RWD,33644,8.4,41525,186,4,5,sedan,red,2,no,partial,USA
7383,5 Series,2013,3.7,313,petrol,automatic,RWD,86828,10.6,47513,239,4,5,sedan,blue,3,no,full,Spain
7384,3 Series,2024,2.6,228,petrol,automatic,AWD,3449,8.6,44186,207,4,5,sedan,black,0,no,full,Italy
7385,3 Series,2022,2.4,203,petrol,manual,AWD,35355,8.3,37301,180,4,5,sedan,black,0,yes,partial,UK
7386,X3,2024,2.3,175,petrol,automatic,AWD,3803,8.5,69978,198,5,5,suv,black,0,no,full,Germany
7387,3 Series,2021,1.8,195,hybrid,automatic,AWD,59382,4.5,39399,97,4,5,sedan,white,1,no,full,Netherlands
7388,1 Series,2021,2.8,248,hybrid,automatic,RWD,36084,5.3,30910,122,3,4,hatchback,white,1,no,full,USA
7389,X1,2023,2.2,304,petrol,automatic,AWD,24615,8.4,42418,191,5,5,suv,black,0,yes,partial,Spain
7390,1 Series,2021,2.1,199,diesel,manual,RWD,37344,6.8,22650,148,3,4,hatchback,black,2,yes,full,France
7391,X1,2005,1.6,180,diesel,automatic,FWD,179253,5.8,17339,116,5,5,suv,black,3,yes,full,UK
7392,X7,2017,4.3,335,petrol,automatic,AWD,94658,11,106170,242,5,5,suv,blue,3,no,full,Netherlands
7393,1 Series,2013,2.9,283,petrol,automatic,RWD,159555,8.8,14786,194,5,5,hatchback,silver,3,yes,partial,Turkey
7394,X5,2005,4,299,hybrid,automatic,AWD,191516,7.2,31666,189,5,5,suv,white,5,yes,partial,USA
7395,1 Series,2022,3,222,petrol,automatic,FWD,27332,9,33002,191,5,4,hatchback,silver,2,no,full,UK
7396,X1,2023,2.2,208,hybrid,automatic,AWD,14819,,44655,116,5,5,suv,blue,0,yes,full,Spain
7397,X1,2020,2.4,203,diesel,automatic,FWD,75739,7,41722,162,5,5,suv,black,2,no,full,Turkey
7398,3 Series,2020,3.3,307,petrol,automatic,RWD,12180,10.4,46289,244,4,5,sedan,black,1,no,full,France
7399,X3,2022,2.7,203,diesel,automatic,AWD,33661,7.3,54162,152,5,5,suv,grey,1,no,full,Turkey
7400,i4,2020,0,340,electric,automatic,RWD,44324,0,80499,0,4,5,coupe,blue,1,yes,full,Italy
7401,5 Series,2017,3.3,273,hybrid,automatic,RWD,133606,5.8,51250,123,4,5,sedan,silver,4,no,full,Spain
7402,7 Series,2016,0,438,electric,automatic,RWD,173530,0,69237,0,4,4,sedan,black,2,no,none,Turkey
7403,3 Series,2024,2.9,267,petrol,automatic,RWD,0,9.6,50168,208,4,5,sedan,black,0,no,full,UK
7404,X1,2023,2.2,276,diesel,automatic,AWD,29360,5.5,55882,136,5,5,suv,black,0,no,full,UK
7405,X1,2005,1.9,155,hybrid,automatic,AWD,300000,4.8,6135,92,5,5,suv,grey,3,no,partial,Turkey
7406,3 Series,2009,3.1,238,petrol,manual,AWD,273142,9.4,14965,216,4,5,sedan,red,4,yes,full,France
7407,X5,2020,3.1,312,hybrid,automatic,AWD,26664,5.8,73589,125,5,5,suv,black,1,no,full,Turkey
7408,X3,2005,2.1,173,diesel,automatic,AWD,170938,6.3,21559,140,5,5,suv,blue,4,no,partial,Italy
7409,X1,2018,1.6,171,diesel,automatic,AWD,59687,6.8,34419,150,5,5,suv,white,2,yes,full,Italy
7410,X5,2021,3.1,202,petrol,automatic,AWD,45090,9.2,81935,198,5,5,suv,blue,1,,full,Germany
7411,X1,2016,2.1,207,hybrid,automatic,AWD,83662,4.9,28917,104,5,5,suv,blue,1,yes,partial,Turkey
7412,3 Series,2020,1.9,228,petrol,manual,AWD,942,7,46759,172,4,5,sedan,blue,0,no,full,UK
7413,X1,2018,1.5,228,petrol,automatic,FWD,78695,7.5,37515,161,5,5,suv,blue,1,no,partial,Italy
7414,X1,2018,1.8,178,diesel,automatic,FWD,118367,6,29391,131,5,5,suv,black,2,yes,full,USA
7415,X3,2016,2.9,236,petrol,automatic,AWD,98386,9.1,46917,179,5,5,suv,blue,1,no,,Turkey
7416,5 Series,2019,2.2,235,hybrid,automatic,AWD,52776,4.7,56706,119,4,5,sedan,white,2,no,,USA
7417,3 Series,2015,3,331,hybrid,automatic,RWD,35882,5,41620,106,4,5,sedan,white,2,no,full,Spain
7418,3 Series,2021,2.3,181,hybrid,automatic,RWD,50064,4.8,38085,97,4,5,sedan,white,1,no,full,France
7419,1 Series,2013,2.2,161,diesel,automatic,RWD,191522,6.9,10602,142,3,4,hatchback,red,4,no,full,Turkey
7420,X3,2013,3,304,petrol,automatic,RWD,182238,8.3,37827,193,5,5,suv,white,2,no,partial,Spain
7421,3 Series,2016,2.5,230,hybrid,automatic,AWD,77965,5.4,37008,106,4,5,sedan,silver,3,no,full,France
7422,X3,2010,2,251,hybrid,automatic,RWD,219746,5,29033,129,5,5,suv,silver,2,yes,full,France
7423,X5,2020,4.1,316,petrol,automatic,AWD,86941,11.2,84710,258,5,5,suv,silver,2,no,full,Italy
7424,i3,2017,0,150,electric,automatic,RWD,32152,0,42262,0,5,4,hatchback,red,2,no,full,Spain
7425,1 Series,2007,1.9,212,hybrid,manual,RWD,222174,4.7,9584,108,3,4,hatchback,black,3,yes,full,Spain
7426,X5,2012,4.2,376,diesel,automatic,AWD,158000,9.9,58593,214,5,5,suv,silver,3,no,partial,France
7427,7 Series,2018,4.2,416,hybrid,automatic,AWD,45426,7.1,87099,145,4,5,sedan,black,1,yes,full,USA
7428,1 Series,2010,2.5,221,hybrid,manual,FWD,137746,5.2,11725,98,3,4,hatchback,silver,3,no,none,USA
7429,3 Series,2016,3.5,299,diesel,automatic,AWD,96688,8,30985,179,4,5,sedan,silver,3,yes,partial,Germany
7430,X5,2023,3.4,244,diesel,automatic,AWD,1978,9.1,93416,201,5,5,suv,grey,0,no,full,Germany
7431,7 Series,2011,0,464,electric,automatic,RWD,165762,0,64367,0,4,4,sedan,red,5,yes,partial,USA
7432,5 Series,2014,2.5,290,petrol,automatic,RWD,205636,8.1,40115,183,4,5,sedan,red,2,no,partial,UK
7433,X3,2012,2.1,167,petrol,automatic,RWD,144315,8,26850,170,5,5,suv,black,5,no,none,Turkey
7434,7 Series,2017,0,403,electric,automatic,RWD,84069,0,91363,0,4,5,sedan,white,2,no,partial,Italy
7435,5 Series,2022,2.9,239,diesel,automatic,RWD,25497,7.4,58085,157,4,5,sedan,white,1,yes,full,Netherlands
7436,X5,2014,3.2,247,diesel,automatic,AWD,156702,8.4,45877,196,5,5,suv,white,2,yes,partial,Netherlands
7437,3 Series,2021,3.4,385,petrol,manual,AWD,43108,10.3,44232,225,4,5,sedan,grey,0,yes,full,UK
7438,1 Series,2021,2.9,254,petrol,automatic,RWD,22386,10.2,30386,230,3,5,hatchback,black,1,no,full,France
7439,1 Series,2009,2,208,diesel,manual,FWD,277317,6.5,7289,158,3,5,hatchback,black,2,yes,full,Netherlands
7440,5 Series,2019,2.6,217,petrol,automatic,AWD,45934,8.9,46273,195,4,5,sedan,silver,4,yes,partial,UK
7441,3 Series,2008,2.6,242,petrol,manual,AWD,206863,8.8,19325,194,4,5,sedan,grey,2,no,none,USA
7442,X3,2017,2.9,208,diesel,automatic,AWD,163417,7.5,46180,157,5,5,suv,silver,1,no,full,Spain
7443,X3,2020,2.3,297,hybrid,automatic,AWD,73216,5.7,55167,136,5,5,suv,blue,1,no,full,Italy
7444,3 Series,2022,2.5,167,diesel,automatic,RWD,44168,6.8,39899,143,4,5,sedan,white,1,no,partial,Germany
7445,3 Series,2006,1.7,188,diesel,manual,AWD,296008,,10320,149,4,5,sedan,black,3,yes,none,Spain
7446,3 Series,2008,2,200,diesel,automatic,AWD,219720,5.8,17466,129,4,5,sedan,white,4,,full,Germany
7447,i3,2008,0,174,electric,automatic,RWD,187416,0,24697,0,5,4,hatchback,silver,,no,partial,UK
7448,X7,2013,4.1,294,hybrid,automatic,AWD,199026,6.8,69134,148,5,5,suv,red,3,no,partial,USA
7449,3 Series,2006,2.9,281,diesel,manual,AWD,300000,7.8,12654,172,4,5,sedan,blue,5,no,partial,Netherlands
7450,5 Series,2022,2.7,228,petrol,automatic,AWD,17710,8,59914,174,4,5,sedan,silver,1,no,full,Spain
7451,1 Series,2019,2.1,149,petrol,automatic,RWD,54343,7.3,19228,161,5,4,hatchback,grey,1,no,none,France
7452,3 Series,2008,3.3,276,diesel,automatic,AWD,300000,7.5,11588,156,4,5,sedan,black,3,no,partial,Italy
7453,1 Series,2021,2.9,295,diesel,automatic,RWD,39449,8.1,31387,172,5,4,hatchback,black,1,no,full,France
7454,X5,2017,3.2,218,diesel,automatic,AWD,61543,8.2,63802,,5,5,suv,grey,3,no,partial,Spain
7455,X1,2016,2.3,188,diesel,automatic,FWD,161747,7.4,28481,171,5,5,suv,black,3,yes,full,Netherlands
7456,i4,2011,0,277,electric,,RWD,279564,0,39246,0,4,5,coupe,silver,2,yes,full,Italy
7457,5 Series,2022,2.5,216,hybrid,automatic,AWD,41865,5.4,59626,130,4,5,sedan,blue,0,no,full,UK
7458,i7,2023,0,363,electric,automatic,RWD,27821,0,173327,0,4,4,sedan,blue,1,no,partial,USA
7459,1 Series,2014,1.6,217,hybrid,automatic,RWD,207629,4.3,16405,99,3,5,hatchback,silver,1,no,partial,Germany
7460,X1,2015,2.1,220,diesel,automatic,FWD,150207,7,29222,158,5,5,suv,silver,2,no,full,France
7461,X5,2017,3.2,305,hybrid,automatic,AWD,115905,5.8,68817,141,5,5,suv,silver,1,no,full,Italy
7462,X1,2008,1.8,155,hybrid,automatic,FWD,300000,4.5,14815,95,5,5,suv,red,3,no,none,Netherlands
7463,3 Series,2016,3.3,319,hybrid,,RWD,104693,6,40149,133,4,5,sedan,black,1,no,full,Spain
7464,i4,2022,0,338,electric,automatic,AWD,0,0,88926,0,4,5,coupe,red,1,no,partial,UK
7465,3 Series,2005,3.1,313,diesel,manual,AWD,231586,8.3,13360,186,4,5,sedan,blue,2,no,none,Spain
7466,7 Series,2017,3.3,253,diesel,automatic,RWD,144095,8.4,93562,183,4,5,sedan,grey,1,no,full,UK
7467,1 Series,2021,1.9,219,petrol,automatic,RWD,45246,7.5,28800,175,3,5,hatchback,black,1,no,full,Italy
7468,3 Series,2007,2.9,283,hybrid,manual,RWD,272699,5.5,15683,129,4,5,sedan,silver,2,no,full,USA
7469,3 Series,2010,1.7,145,hybrid,manual,AWD,156105,4.6,19391,114,4,5,sedan,black,2,no,full,Germany
7470,X5,2017,3.5,318,hybrid,automatic,AWD,135481,6.5,64828,143,5,5,suv,white,1,no,full,Italy
7471,Z4,2006,2,210,petrol,automatic,RWD,264715,7.6,22043,157,2,2,convertible,grey,3,no,partial,Spain
7472,X3,2024,2.5,218,hybrid,automatic,AWD,10013,5,72789,105,5,5,suv,blue,0,no,full,USA
7473,X3,2017,3,302,hybrid,automatic,AWD,175119,5.2,45705,125,5,5,suv,white,2,yes,partial,UK
7474,X5,2013,4.1,327,hybrid,automatic,AWD,213923,7.1,52954,157,5,5,suv,red,2,no,partial,Turkey
7475,X3,2018,2.8,216,petrol,automatic,AWD,129273,8.5,44029,189,5,5,suv,white,,no,partial,Netherlands
7476,X7,2015,3.8,306,petrol,automatic,AWD,242128,10.4,74671,239,5,5,suv,black,1,yes,full,France
7477,X1,2015,2.4,177,diesel,automatic,AWD,149781,7.3,24166,164,5,5,suv,grey,1,yes,partial,France
7478,X5,2006,3.9,350,diesel,automatic,AWD,227046,9,41164,199,5,5,suv,,4,no,partial,Germany
7479,X1,2011,1.6,188,petrol,automatic,FWD,157782,6.6,25119,131,5,5,suv,grey,4,no,full,Netherlands
7480,X3,2019,3.2,327,hybrid,automatic,AWD,72790,5.6,50499,104,5,5,suv,red,1,no,partial,Turkey
7481,5 Series,2020,3.7,318,hybrid,automatic,AWD,59588,5.8,53969,122,4,5,sedan,white,1,yes,full,Germany
7482,Z4,2016,2,203,petrol,manual,RWD,92528,7.7,41407,167,2,2,convertible,black,3,no,none,USA
7483,i4,2006,0,266,electric,automatic,RWD,216684,0,35792,0,4,5,coupe,blue,2,no,full,Netherlands
7484,3 Series,2022,2.8,237,petrol,automatic,RWD,58588,9,44850,197,4,5,sedan,white,1,no,full,Germany
7485,5 Series,2024,3,215,diesel,automatic,RWD,0,,63213,168,4,5,sedan,white,0,no,full,Turkey
7486,3 Series,2022,2.8,263,petrol,automatic,AWD,36780,,41734,177,4,5,sedan,grey,1,yes,full,USA
7487,Z4,2022,2.9,228,petrol,automatic,RWD,8863,8.5,61531,183,2,2,convertible,blue,2,no,full,Turkey
7488,X3,2017,2.9,225,petrol,automatic,AWD,35906,9,45960,207,5,5,suv,black,3,yes,full,UK
7489,X1,2015,2.2,202,diesel,automatic,FWD,191486,6.9,27567,155,5,5,suv,black,2,yes,full,Netherlands
7490,X1,2017,1.9,193,diesel,automatic,AWD,95923,5.3,27501,117,5,5,suv,grey,1,yes,partial,Spain
7491,X7,2013,4.1,330,petrol,automatic,AWD,147081,11.5,57978,273,5,5,suv,red,,yes,none,UK
7492,X7,2023,3.9,394,petrol,automatic,AWD,9664,11.5,118995,260,5,5,suv,white,0,no,partial,Netherlands
7493,X5,2021,3.4,314,petrol,automatic,AWD,48994,,82560,232,5,5,suv,black,0,no,full,Turkey
7494,Z4,2005,2.6,285,petrol,automatic,RWD,300000,8.6,17180,192,2,2,convertible,grey,5,yes,partial,UK
7495,5 Series,2014,2.2,240,hybrid,automatic,RWD,133807,5,34508,114,4,5,sedan,silver,2,yes,full,Italy
7496,X7,2011,3.7,289,diesel,automatic,AWD,125822,9.8,82411,208,5,5,suv,grey,3,no,partial,France
7497,1 Series,2008,2.3,189,diesel,automatic,RWD,174859,6.3,10808,155,3,4,hatchback,blue,2,no,partial,France
7498,i3,2022,0,218,electric,automatic,RWD,41298,0,60675,0,5,4,hatchback,black,2,no,full,Netherlands
7499,3 Series,2007,2.7,307,petrol,automatic,AWD,237995,8.6,13644,203,4,5,sedan,grey,2,,partial,Germany
7500,5 Series,2016,3.2,337,diesel,automatic,AWD,97988,8.3,50536,176,4,5,sedan,silver,1,no,full,Turkey
7501,X5,2015,3.8,312,hybrid,automatic,AWD,107913,6.5,44010,136,5,5,suv,silver,4,yes,none,USA
7502,X3,2012,2.3,217,diesel,automatic,AWD,187120,7.2,38682,158,5,5,suv,silver,2,no,full,Germany
7503,7 Series,2005,3.7,331,diesel,automatic,AWD,300000,8.1,40713,176,4,5,sedan,blue,5,no,partial,USA
7504,5 Series,2005,3.4,302,diesel,automatic,RWD,300000,7.9,23098,181,4,5,sedan,red,3,yes,partial,Germany
7505,3 Series,2013,2.8,257,diesel,automatic,AWD,150495,7.5,24195,162,4,5,sedan,black,4,no,full,Turkey
7506,i4,2022,0,345,electric,automatic,RWD,10336,0,89765,0,4,5,coupe,blue,1,no,full,Turkey
7507,i3,2023,0,179,electric,automatic,RWD,22708,0,59039,0,5,4,hatchback,grey,1,no,full,Spain
7508,5 Series,2022,2.5,264,diesel,automatic,AWD,37960,6.4,53358,122,4,5,sedan,red,1,yes,full,USA
7509,X1,2019,2.4,246,petrol,automatic,FWD,55492,7.9,47798,180,5,5,suv,grey,1,no,full,Germany
7510,X1,2023,2,294,petrol,automatic,FWD,41991,7.8,44745,163,5,5,suv,grey,0,no,full,Turkey
7511,5 Series,2012,4.2,371,petrol,automatic,AWD,178111,10.7,36059,227,4,5,sedan,white,2,no,partial,Netherlands
7512,i4,2023,0,307,electric,automatic,AWD,9294,0,99960,0,4,5,coupe,black,0,no,full,Netherlands
7513,5 Series,2008,3.5,283,hybrid,automatic,AWD,177926,5.9,35280,122,4,5,sedan,white,2,no,partial,Spain
7514,7 Series,2015,4.2,377,diesel,automatic,AWD,208967,,74279,208,4,4,sedan,silver,2,yes,partial,USA
7515,1 Series,2022,2.6,228,hybrid,automatic,FWD,41173,5.4,29174,111,3,4,hatchback,silver,0,yes,full,UK
7516,3 Series,2008,3,252,petrol,manual,AWD,289629,8.6,12451,185,4,5,sedan,white,3,yes,full,Turkey
7517,X7,2018,4.4,324,hybrid,automatic,AWD,54824,,99544,143,5,5,suv,black,2,no,none,Netherlands
7518,5 Series,2007,3,272,hybrid,automatic,RWD,282041,5.8,23767,123,4,5,sedan,red,3,yes,full,USA
7519,5 Series,2011,,348,petrol,automatic,AWD,215555,11.7,38867,248,4,5,sedan,white,3,no,full,Netherlands
7520,X1,2021,1.8,193,petrol,automatic,FWD,61160,6.9,45746,168,5,5,suv,blue,0,no,full,France
7521,3 Series,2016,2,217,hybrid,automatic,AWD,128386,4.7,25612,111,4,5,sedan,grey,1,yes,full,Italy
7522,X3,2024,2.8,236,diesel,automatic,RWD,0,7.5,68489,160,5,5,suv,black,0,no,partial,Netherlands
7523,X3,2019,3.5,290,hybrid,automatic,RWD,58352,6,52788,121,5,5,suv,white,1,no,partial,Turkey
7524,3 Series,2020,2.7,253,petrol,automatic,AWD,500,9,44294,196,4,5,sedan,white,1,no,full,Spain
7525,X5,2024,3.1,241,petrol,automatic,AWD,17405,10.2,92762,223,5,5,suv,white,0,no,full,Netherlands
7526,1 Series,2014,1.9,217,diesel,automatic,RWD,149370,6.7,17754,149,3,5,hatchback,white,2,no,partial,Spain
7527,X1,2011,2.2,248,hybrid,,AWD,249621,,26236,120,5,5,suv,silver,2,no,partial,UK
7528,i7,2011,0,418,electric,,RWD,220388,0,85788,0,4,4,sedan,red,3,yes,partial,USA
7529,X7,2023,3.4,265,hybrid,automatic,AWD,34411,5.8,129947,147,5,5,suv,white,0,no,full,Italy
7530,X1,2014,,245,petrol,automatic,AWD,115349,7.8,28703,183,5,5,suv,white,3,no,partial,Turkey
7531,3 Series,2008,3,262,petrol,manual,RWD,282367,9,14035,192,4,5,sedan,silver,5,no,partial,Turkey
7532,X5,2005,3.7,345,petrol,automatic,AWD,300000,10.3,35559,231,5,5,suv,black,2,no,partial,Netherlands
7533,i3,2024,0,162,electric,automatic,RWD,4118,0,65160,0,5,4,hatchback,black,0,no,,Spain
7534,i3,2014,0,189,electric,automatic,RWD,161253,0,32443,0,5,4,hatchback,silver,1,no,partial,Netherlands
7535,X1,2015,2.1,203,diesel,automatic,AWD,124935,6.6,32856,139,5,5,suv,black,2,no,partial,France
7536,i3,2014,0,172,electric,automatic,RWD,192292,0,30020,0,5,4,hatchback,black,1,no,partial,USA
7537,i4,2006,0,299,electric,automatic,AWD,300000,0,29509,0,4,5,coupe,white,4,yes,partial,France
7538,Z4,2015,2.2,217,petrol,manual,RWD,138758,8.5,41619,178,2,2,convertible,black,1,yes,partial,UK
7539,X5,2009,3.7,300,diesel,automatic,AWD,240520,8.8,50192,188,5,5,suv,grey,3,no,partial,Spain
7540,5 Series,2010,3.6,299,petrol,automatic,AWD,300000,9.9,23847,,4,5,sedan,black,2,yes,full,Turkey
7541,5 Series,2012,2.8,271,petrol,automatic,RWD,94053,8.9,42223,201,4,5,sedan,red,3,no,partial,Germany
7542,3 Series,2010,2.1,243,petrol,manual,RWD,273884,7.9,11206,166,4,5,sedan,blue,3,yes,partial,UK
7543,3 Series,2015,1.9,154,diesel,automatic,AWD,114289,7.1,24074,151,4,5,sedan,grey,3,no,partial,UK
7544,3 Series,2021,2,180,hybrid,manual,AWD,58983,4.3,35580,110,4,5,sedan,blue,2,no,full,Germany
7545,Z4,2012,2.1,201,petrol,automatic,RWD,235999,7.6,37831,174,2,2,convertible,silver,3,no,partial,Netherlands
7546,3 Series,2012,1.8,181,hybrid,manual,AWD,138923,4.3,19879,94,4,5,sedan,black,4,yes,full,Turkey
7547,X1,2017,2.2,154,hybrid,automatic,FWD,108367,5,30290,114,5,5,suv,blue,1,no,partial,France
7548,7 Series,2019,3.6,341,petrol,automatic,AWD,62979,9.5,94311,219,4,5,sedan,black,4,no,full,UK
7549,1 Series,2021,2.3,226,petrol,automatic,RWD,47725,8.7,26982,194,5,5,hatchback,red,1,no,full,Turkey
7550,i7,2015,0,669,electric,automatic,AWD,135236,0,117344,0,4,4,sedan,silver,2,no,partial,France
7551,X3,2020,2.8,218,petrol,automatic,AWD,68461,8.5,54196,179,5,5,suv,silver,1,no,full,Turkey
7552,X7,2006,3.6,347,hybrid,automatic,AWD,300000,6.1,54078,129,5,5,suv,black,3,yes,partial,UK
7553,3 Series,2024,2.2,249,hybrid,automatic,AWD,0,5.3,52226,135,4,5,sedan,black,1,no,full,Netherlands
7554,X3,2021,3,293,diesel,automatic,RWD,69971,8.6,60381,185,5,5,suv,blue,1,no,full,USA
7555,3 Series,2021,2.8,208,petrol,automatic,AWD,45012,8.5,39688,174,4,5,sedan,black,0,no,partial,France
7556,3 Series,2022,1.9,192,diesel,automatic,RWD,0,7.3,41010,,4,5,sedan,red,1,no,partial,Spain
7557,3 Series,2023,2.5,230,diesel,automatic,AWD,35729,7.6,47975,164,4,5,sedan,white,0,no,full,USA
7558,1 Series,2011,3,225,petrol,manual,FWD,191588,8.4,10372,178,5,4,hatchback,white,5,yes,full,Germany
7559,1 Series,2021,2.5,218,petrol,manual,RWD,25586,9.6,29729,218,5,4,hatchback,silver,1,no,full,USA
7560,1 Series,2020,2.4,265,hybrid,automatic,RWD,63397,4.7,28634,100,5,5,hatchback,blue,1,no,partial,Turkey
7561,X3,2020,2.1,158,petrol,automatic,RWD,58227,8,55867,174,5,5,suv,white,1,no,full,UK
7562,X5,2013,4.2,360,hybrid,automatic,AWD,98716,6.6,57684,147,5,5,suv,black,5,no,none,Germany
7563,X5,2019,3.9,379,petrol,automatic,AWD,109942,10,64836,215,5,5,suv,blue,1,no,none,Italy
7564,5 Series,2015,2,194,diesel,automatic,RWD,64920,6.9,30949,148,4,5,sedan,red,3,yes,none,Italy
7565,X1,2024,2.2,177,diesel,automatic,FWD,0,7,45474,163,5,5,suv,grey,0,no,partial,Turkey
7566,5 Series,2010,3.1,319,diesel,automatic,RWD,250337,8.4,23813,188,4,5,sedan,silver,2,,partial,Spain
7567,3 Series,2021,2.6,229,petrol,manual,RWD,21548,8.7,40774,197,4,5,sedan,silver,1,no,full,France
7568,X3,2017,3.1,267,diesel,automatic,AWD,133688,7.6,38125,180,5,5,suv,black,3,yes,full,Turkey
7569,X5,2015,3.9,330,hybrid,automatic,AWD,97134,6.7,54338,162,5,5,suv,white,1,yes,partial,Italy
7570,Z4,2018,2.3,276,petrol,automatic,RWD,105110,8.1,62684,176,2,2,convertible,grey,2,no,full,Netherlands
7571,Z4,2015,2.4,220,petrol,manual,RWD,184601,8.4,44651,183,2,2,convertible,,2,no,partial,Germany
7572,X1,2023,2.5,264,petrol,automatic,FWD,0,8.2,55993,192,5,5,suv,blue,0,,full,France
7573,3 Series,2017,2.1,234,hybrid,automatic,RWD,145341,5,30981,109,4,5,sedan,black,3,no,full,UK
7574,1 Series,2013,2.8,261,hybrid,automatic,FWD,199541,5.7,18812,116,3,5,hatchback,white,3,no,full,Germany
7575,5 Series,2011,3.4,335,diesel,automatic,AWD,220854,8.1,33039,190,4,5,sedan,white,2,no,none,France
7576,7 Series,2021,0,370,electric,automatic,RWD,17433,,114625,0,4,4,sedan,red,0,no,full,Netherlands
7577,X1,2013,1.6,181,diesel,automatic,FWD,107062,4.9,25073,123,5,5,suv,white,2,no,partial,Turkey
7578,X5,2016,4.3,397,petrol,automatic,AWD,146588,12.9,75274,297,5,5,suv,silver,2,no,full,Germany
7579,3 Series,2012,2.3,190,diesel,automatic,RWD,127413,7.1,20885,162,4,5,sedan,black,4,yes,full,USA
7580,5 Series,2016,4.2,350,diesel,automatic,RWD,65789,9.8,49747,210,4,5,sedan,grey,4,no,none,France
7581,5 Series,2014,3.2,242,hybrid,automatic,RWD,168411,5.9,43331,144,4,5,sedan,white,,no,full,USA
7582,3 Series,2021,2.8,240,hybrid,automatic,RWD,45951,5.9,38232,128,4,5,sedan,blue,2,no,full,Turkey
7583,X7,2023,3.5,340,hybrid,automatic,AWD,13073,6.4,133448,124,5,5,suv,black,0,no,full,Spain
7584,i4,2010,0,289,electric,automatic,AWD,300000,0,31355,0,4,5,coupe,white,5,no,partial,Turkey
7585,X3,2016,2.5,255,petrol,automatic,AWD,132207,8.4,46790,188,5,5,suv,white,1,no,full,Italy
7586,3 Series,2018,3.4,326,diesel,manual,AWD,141816,7.6,40494,172,4,5,sedan,blue,2,no,full,USA
7587,X5,2019,3.1,307,hybrid,automatic,AWD,50655,6.3,70713,138,5,5,suv,white,4,no,full,Turkey
7588,7 Series,2020,3.8,304,petrol,automatic,AWD,39297,9.8,95981,220,4,4,sedan,silver,1,no,full,Spain
7589,5 Series,2022,3.6,349,petrol,automatic,AWD,39343,9.4,61347,220,4,5,sedan,silver,1,no,partial,Turkey
7590,1 Series,2024,2.6,232,diesel,automatic,RWD,0,7.4,34328,174,5,5,hatchback,blue,0,no,full,USA
7591,1 Series,2022,2.8,281,diesel,automatic,FWD,37493,7.8,32038,180,5,4,hatchback,red,1,no,full,UK
7592,X1,2011,2.1,187,hybrid,automatic,FWD,254909,4.8,16465,95,5,5,suv,blue,,no,partial,USA
7593,5 Series,2014,2.8,293,petrol,automatic,AWD,157712,8.3,43375,187,4,5,sedan,black,1,no,full,Spain
7594,5 Series,2015,2.5,239,petrol,automatic,RWD,97505,7.7,42486,177,4,5,sedan,black,2,no,partial,Turkey
7595,3 Series,2023,3.3,320,diesel,automatic,RWD,15181,8.4,53568,184,4,5,sedan,silver,0,no,full,Netherlands
7596,Z4,2024,3,316,petrol,automatic,RWD,0,9.7,74380,209,2,2,convertible,black,1,no,full,USA
7597,X3,2024,2,207,hybrid,automatic,RWD,0,4.4,67407,93,5,5,suv,blue,0,no,full,France
7598,i4,2021,0,416,electric,automatic,AWD,22480,0,88434,0,4,5,coupe,blue,2,no,full,USA
7599,X1,2016,2.4,268,hybrid,automatic,AWD,100874,5.6,41128,127,5,5,suv,silver,1,no,full,USA
7600,5 Series,2016,3.7,311,diesel,automatic,RWD,145102,9,43814,208,4,5,sedan,blue,3,no,full,Netherlands
7601,5 Series,2018,4.2,370,diesel,automatic,AWD,79307,10,51206,240,4,5,sedan,silver,3,yes,full,UK
7602,X7,2007,3.2,259,diesel,automatic,AWD,271382,7.8,62583,181,5,5,suv,white,2,no,partial,Italy
7603,3 Series,2022,3.2,259,diesel,automatic,AWD,12596,8.3,45162,174,4,5,sedan,red,,no,full,UK
7604,5 Series,2019,3.2,325,hybrid,automatic,RWD,92500,6.4,59933,150,4,5,sedan,black,2,no,full,UK
7605,7 Series,2012,0,364,electric,automatic,AWD,245817,0,74723,0,4,5,sedan,black,3,no,full,UK
7606,Z4,2006,2.7,270,petrol,manual,RWD,300000,7.8,26077,174,2,2,convertible,black,3,no,full,Turkey
7607,5 Series,2007,2.3,196,petrol,automatic,RWD,268152,8.2,23009,178,4,5,sedan,grey,3,yes,full,Germany
7608,1 Series,2009,1.7,217,diesel,automatic,FWD,88712,6.3,15336,141,5,5,hatchback,white,3,yes,full,Spain
7609,i3,2018,0,162,electric,automatic,RWD,103925,0,35893,0,5,4,hatchback,white,1,yes,full,France
7610,5 Series,2021,4.2,312,hybrid,automatic,RWD,27249,6.7,64216,132,4,5,sedan,black,1,no,partial,France
7611,i3,2022,0,220,electric,automatic,RWD,24518,0,58940,0,5,4,hatchback,blue,2,no,full,Italy
7612,3 Series,2014,3.4,374,hybrid,manual,RWD,161638,6.7,25107,137,4,5,sedan,silver,1,yes,partial,Spain
7613,i4,2008,0,304,electric,automatic,RWD,161621,0,38916,0,4,5,coupe,black,4,yes,full,USA
7614,5 Series,2015,4,327,hybrid,automatic,RWD,99858,6.8,46824,146,4,5,sedan,black,2,no,partial,Turkey
7615,X1,2023,1.6,168,hybrid,automatic,FWD,38200,4,48080,81,5,5,suv,silver,0,no,full,Italy
7616,3 Series,2019,3.3,303,petrol,automatic,AWD,8701,9.8,47235,213,4,5,sedan,black,2,no,full,Germany
7617,X3,2009,2.5,236,hybrid,automatic,AWD,216047,5.7,27756,120,5,5,suv,black,4,no,partial,USA
7618,3 Series,2024,2,199,diesel,automatic,RWD,0,5.2,36674,119,4,5,sedan,black,1,no,none,France
7619,X3,2023,3.3,365,hybrid,automatic,RWD,17558,6.3,71031,146,5,5,suv,white,0,no,full,UK
7620,i4,2023,0,305,electric,automatic,RWD,23184,0,89821,0,4,5,coupe,black,0,no,full,Spain
7621,X7,2007,4.1,333,petrol,automatic,AWD,300000,10.2,46885,224,5,5,suv,black,4,yes,partial,Spain
7622,X3,2022,3,283,diesel,automatic,AWD,9824,7.5,64113,150,5,5,suv,black,1,no,full,USA
7623,Z4,2015,2.9,200,petrol,automatic,RWD,175774,8.6,41971,170,2,2,convertible,blue,3,no,partial,UK
7624,5 Series,2020,4.1,344,hybrid,automatic,AWD,57202,6.8,58605,148,4,5,sedan,black,1,no,full,Spain
7625,X5,2017,4.1,358,petrol,automatic,AWD,164774,11.4,63888,255,5,5,suv,white,2,no,none,Italy
7626,X3,2024,2.4,190,diesel,automatic,AWD,0,7.6,55620,143,5,5,suv,black,0,yes,full,Spain
7627,X1,2021,1.6,162,petrol,automatic,FWD,37994,6.7,41454,168,5,5,suv,black,1,no,full,Netherlands
7628,X3,2021,3.1,253,hybrid,automatic,RWD,51408,5.1,52468,109,5,5,suv,red,1,no,full,Turkey
7629,1 Series,2010,2.2,192,hybrid,automatic,FWD,154193,4.5,10750,123,3,4,hatchback,silver,2,yes,full,Italy
7630,7 Series,2016,0,453,electric,automatic,AWD,84686,0,82445,0,4,4,sedan,blue,2,yes,full,Italy
7631,5 Series,2005,3,190,hybrid,automatic,AWD,178449,5.5,24289,124,4,5,sedan,silver,,no,partial,UK
7632,i3,2016,0,153,electric,automatic,RWD,159317,0,34285,0,5,4,hatchback,white,2,no,full,Germany
7633,7 Series,2019,4.3,341,diesel,automatic,AWD,100202,9.1,103502,198,4,4,sedan,blue,1,no,full,UK
7634,3 Series,2024,2,202,hybrid,automatic,RWD,2438,4.1,42434,88,4,5,sedan,black,0,no,partial,Spain
7635,5 Series,2016,4.1,315,hybrid,automatic,AWD,87198,6.9,47803,147,4,5,sedan,white,1,no,full,Turkey
7636,X3,2017,2.3,206,petrol,automatic,AWD,143956,7.3,36266,155,5,5,suv,black,4,yes,full,France
7637,X7,2022,4.3,352,hybrid,automatic,AWD,25019,7.4,102397,139,5,5,suv,white,2,yes,full,France
7638,5 Series,2018,4.1,381,petrol,automatic,RWD,85519,11.2,58276,237,4,5,sedan,white,2,no,full,Italy
7639,3 Series,2008,2.8,299,diesel,automatic,AWD,134095,7.9,22527,168,4,5,sedan,red,2,yes,full,Spain
7640,X3,2010,2.9,239,petrol,automatic,AWD,300000,8.9,28733,178,5,5,suv,black,4,no,partial,USA
7641,1 Series,2012,2.9,202,petrol,automatic,FWD,98914,8.1,14250,177,3,4,hatchback,white,2,no,partial,Turkey
7642,7 Series,2013,3.7,321,diesel,automatic,AWD,74545,8.8,66078,174,4,4,sedan,black,2,yes,partial,Germany
7643,X3,2010,2.2,218,diesel,automatic,RWD,155028,7.1,27278,159,5,5,suv,white,4,yes,full,Spain
7644,X5,2022,3.4,287,petrol,automatic,AWD,19027,9.9,83723,214,5,5,suv,silver,2,no,full,Spain
7645,5 Series,2014,3.5,314,petrol,automatic,AWD,183051,9.7,45533,206,4,5,sedan,white,3,no,full,France
7646,X1,2011,2.1,262,diesel,automatic,AWD,130604,7,25808,168,5,5,suv,black,3,yes,partial,Italy
7647,X5,2017,4.2,422,petrol,automatic,AWD,42904,11.2,66835,246,5,5,suv,grey,1,no,none,Italy
7648,1 Series,2021,2.4,163,hybrid,automatic,RWD,29064,5.7,27131,123,3,4,hatchback,white,1,no,full,USA
7649,5 Series,2018,2.9,286,hybrid,automatic,AWD,53115,5.3,55902,119,4,5,sedan,silver,2,no,full,Turkey
7650,7 Series,2016,0,412,electric,automatic,AWD,148957,0,67631,0,4,5,sedan,white,1,no,none,Italy
7651,3 Series,2012,3.1,236,petrol,manual,AWD,123981,9.1,21424,197,4,5,sedan,grey,2,yes,full,Germany
7652,1 Series,2017,1.5,166,hybrid,automatic,RWD,68903,4.3,16344,93,5,4,hatchback,white,4,yes,partial,Italy
7653,1 Series,2019,2.3,176,diesel,automatic,FWD,97223,6.4,20267,131,3,5,hatchback,black,4,no,full,UK
7654,5 Series,2024,3,275,diesel,automatic,RWD,0,7.9,69051,173,4,5,sedan,red,0,no,full,France
7655,1 Series,2011,3,190,petrol,,FWD,208106,9.1,7007,203,5,4,hatchback,blue,3,yes,partial,Italy
7656,3 Series,2015,1.8,211,hybrid,automatic,RWD,54674,4.9,30845,105,4,5,sedan,black,4,no,partial,Spain
7657,X5,2012,3,251,hybrid,automatic,AWD,224873,6.1,50751,,5,5,suv,blue,3,no,full,Germany
7658,X1,2024,1.9,247,diesel,automatic,AWD,0,7,58259,142,5,5,suv,black,1,no,full,UK
7659,5 Series,2011,3,303,petrol,automatic,AWD,231036,9.2,38840,209,4,5,sedan,black,4,no,partial,USA
7660,1 Series,2016,1.7,181,petrol,manual,FWD,155965,8,15558,172,5,4,hatchback,grey,1,no,full,Germany
7661,5 Series,2024,3.6,309,diesel,automatic,RWD,20641,8.5,58682,188,4,5,sedan,black,0,yes,full,Netherlands
7662,i4,2013,0,417,electric,automatic,RWD,187278,0,57166,0,4,5,coupe,grey,3,no,full,Turkey
7663,3 Series,2018,2.6,247,petrol,automatic,AWD,121770,8.5,28948,189,4,5,sedan,black,3,yes,,France
7664,i4,2023,0,281,electric,automatic,AWD,0,0,83307,0,4,5,coupe,white,,no,full,USA
7665,X5,2019,4.2,328,petrol,automatic,AWD,51410,10.9,73042,226,5,5,suv,blue,1,,partial,UK
7666,X3,2010,2.5,242,diesel,automatic,AWD,298678,6.1,35251,143,5,5,suv,silver,3,no,full,Germany
7667,X1,2019,1.8,198,hybrid,automatic,AWD,41910,4.2,38788,,5,5,suv,,,no,partial,USA
7668,X3,2005,2,145,hybrid,automatic,RWD,300000,4.3,12715,99,5,5,suv,black,2,yes,full,USA
7669,1 Series,2015,2.9,225,diesel,automatic,RWD,120932,7.6,21438,162,3,4,hatchback,silver,1,no,full,USA
7670,i3,2020,0,172,electric,automatic,RWD,93278,0,42803,0,5,4,hatchback,red,2,yes,full,France
7671,Z4,2024,2.4,245,petrol,automatic,RWD,7984,8.3,73350,182,2,2,convertible,red,0,no,partial,Spain
7672,i3,2010,0,164,electric,automatic,RWD,123620,0,31496,0,5,4,hatchback,black,3,no,partial,Italy
7673,X3,2018,2.3,282,hybrid,automatic,AWD,133473,5.2,50615,112,5,5,suv,silver,1,no,full,Netherlands
7674,Z4,2010,2.8,259,petrol,manual,RWD,92848,9.3,36637,196,2,2,convertible,blue,5,yes,partial,Germany
7675,5 Series,2024,2.1,195,hybrid,automatic,AWD,4153,4.3,64954,104,4,5,sedan,black,0,no,full,Turkey
7676,X5,2021,4.2,391,hybrid,automatic,AWD,49209,7,86748,149,5,5,suv,white,1,no,full,Spain
7677,X5,2012,,350,petrol,automatic,AWD,154228,9.7,50202,203,5,5,suv,black,4,no,partial,France
7678,i3,2012,0,174,electric,automatic,RWD,199269,0,27663,0,5,4,hatchback,red,3,,partial,Spain
7679,5 Series,2024,2.6,235,petrol,automatic,AWD,0,8.2,63764,178,4,5,sedan,black,0,no,partial,Italy
7680,1 Series,2018,2.4,235,hybrid,automatic,FWD,71421,4.9,22418,112,5,4,hatchback,black,2,no,partial,France
7681,5 Series,2017,2.2,226,diesel,automatic,AWD,127812,7.2,47964,161,4,5,sedan,black,3,no,full,Germany
7682,X1,2013,2.2,250,petrol,automatic,FWD,142675,7.9,27141,187,5,5,suv,silver,4,yes,,USA
7683,X1,2011,1.9,140,diesel,automatic,FWD,144968,6.4,22306,134,5,5,suv,black,4,no,full,Turkey
7684,X1,2024,1.8,186,hybrid,automatic,FWD,5758,4.5,48265,101,5,5,suv,white,0,no,full,Germany
7685,1 Series,2019,1.9,168,hybrid,automatic,FWD,61244,4.8,20900,109,3,5,hatchback,silver,2,yes,full,Spain
7686,i4,2012,0,344,electric,automatic,AWD,208937,0,52662,0,4,5,coupe,silver,4,no,full,USA
7687,Z4,2006,2.2,234,petrol,automatic,RWD,300000,8.1,21099,167,2,2,convertible,black,4,no,none,Spain
7688,3 Series,2021,3.2,301,diesel,automatic,AWD,71436,7.5,39212,155,4,5,sedan,blue,1,yes,full,Netherlands
7689,X1,2022,1.9,140,diesel,automatic,AWD,19033,6.3,44262,130,5,5,suv,grey,0,no,full,Spain
7690,X7,2021,3.5,351,petrol,automatic,AWD,63294,9.2,119680,,5,5,suv,silver,1,no,full,France
7691,7 Series,2009,4.6,393,diesel,automatic,RWD,232823,,49146,226,4,4,sedan,black,4,yes,partial,USA
7692,1 Series,2014,2.4,209,diesel,automatic,FWD,150982,6.9,20622,148,3,4,hatchback,grey,1,no,partial,Germany
7693,5 Series,2007,3.1,247,petrol,automatic,RWD,223202,9,24653,187,4,5,sedan,red,4,yes,full,USA
7694,X5,2010,3.8,327,petrol,automatic,AWD,262960,9.8,45986,206,5,5,suv,grey,5,yes,full,USA
7695,5 Series,2011,3.7,303,hybrid,automatic,RWD,114647,6.8,32188,156,4,5,sedan,silver,5,yes,partial,Spain
7696,X3,2018,2.2,200,diesel,automatic,AWD,132948,6.2,46254,132,5,5,suv,grey,1,no,partial,France
7697,3 Series,2013,3.3,229,diesel,automatic,RWD,162124,8.2,23260,186,4,5,sedan,silver,2,no,none,Spain
7698,X5,2021,3.7,309,diesel,automatic,AWD,55240,8.4,82286,173,5,5,suv,white,1,no,partial,Italy
7699,3 Series,2013,3,304,petrol,manual,RWD,141005,9.3,24648,211,4,5,sedan,black,5,yes,partial,Netherlands
7700,X3,2007,3.1,351,petrol,automatic,RWD,241362,8.7,31464,201,5,5,suv,black,3,yes,full,Netherlands
7701,1 Series,2013,2.4,291,diesel,manual,RWD,117600,7,19780,160,3,4,hatchback,black,3,no,partial,Italy
7702,X5,2005,3.5,311,diesel,automatic,AWD,156550,8.5,36405,182,5,5,suv,silver,4,yes,full,Germany
7703,i7,2022,0,407,electric,automatic,RWD,61076,0,153566,0,4,5,sedan,red,0,no,,Spain
7704,1 Series,2009,2.7,221,hybrid,manual,RWD,257535,5,6595,103,3,5,hatchback,white,5,yes,none,Netherlands
7705,i4,2014,0,387,electric,automatic,RWD,166734,0,45137,0,4,5,coupe,grey,1,yes,partial,Turkey
7706,X5,2024,3.2,288,petrol,automatic,AWD,16161,9.7,98423,229,5,5,suv,silver,0,no,full,UK
7707,X5,2008,3.5,320,diesel,automatic,AWD,205964,8.4,34966,187,5,5,suv,white,5,yes,partial,Germany
7708,i3,2017,0,228,electric,automatic,RWD,107677,,37568,0,5,4,hatchback,black,,no,none,Germany
7709,X7,2018,3.6,258,hybrid,automatic,AWD,107139,6.2,94733,134,5,5,suv,black,3,no,full,Germany
7710,i3,2015,,168,electric,automatic,RWD,146191,0,29321,0,5,4,hatchback,black,2,yes,full,Netherlands
7711,5 Series,2012,2.8,286,diesel,automatic,AWD,203895,7.4,28861,161,4,5,sedan,black,5,yes,partial,Spain
7712,X5,2009,3.6,285,hybrid,automatic,AWD,234696,6.3,44289,131,5,5,suv,silver,4,no,full,France
7713,7 Series,2017,3.8,266,petrol,automatic,RWD,102031,9.3,92099,190,4,5,sedan,black,3,no,full,France
7714,i7,2020,0,436,electric,automatic,RWD,34713,0,178011,0,4,5,sedan,white,1,no,full,UK
7715,3 Series,2011,1.7,188,diesel,manual,RWD,219188,5.7,14209,108,4,5,sedan,black,2,no,full,Turkey
7716,X1,2024,1.6,174,hybrid,automatic,FWD,14864,4.2,50212,94,5,5,suv,red,0,no,full,USA
7717,i4,2022,0,279,electric,automatic,AWD,50942,0,80521,0,4,5,coupe,silver,1,no,full,Turkey
7718,3 Series,2011,,221,hybrid,manual,AWD,185463,4.5,20906,108,4,5,sedan,black,3,no,partial,USA
7719,7 Series,2019,0,441,electric,automatic,RWD,127346,0,112197,0,4,5,sedan,blue,1,no,full,USA
7720,1 Series,2008,1.6,187,petrol,manual,RWD,300000,7.3,4591,156,5,4,hatchback,silver,3,no,full,USA
7721,X7,2014,4,297,petrol,automatic,AWD,99478,11.4,91508,231,5,5,suv,grey,3,no,full,Netherlands
7722,X7,2019,4.2,367,hybrid,automatic,AWD,82496,7,94718,152,5,5,suv,white,2,no,partial,Italy
7723,X1,2023,1.8,206,diesel,automatic,AWD,25179,7.4,43749,163,5,5,suv,white,0,no,partial,Spain
7724,3 Series,2013,3.5,265,diesel,automatic,RWD,218035,7.9,21962,177,4,5,sedan,,4,no,full,Netherlands
7725,i7,2015,0,463,electric,automatic,AWD,146680,0,115840,0,4,5,sedan,red,1,no,partial,Germany
7726,5 Series,2018,3.1,295,diesel,automatic,AWD,117450,8.5,47674,185,4,5,sedan,silver,3,no,partial,Netherlands
7727,X3,2024,3.5,321,petrol,automatic,RWD,4091,9.7,78941,211,5,5,suv,blue,1,no,full,Netherlands
7728,5 Series,2020,2.6,223,petrol,automatic,AWD,42058,8.7,49179,192,4,5,sedan,silver,2,yes,full,Spain
7729,1 Series,2005,2.2,232,petrol,manual,FWD,219404,8.4,5764,193,5,5,hatchback,white,2,yes,full,USA
7730,5 Series,2021,2.5,208,hybrid,automatic,AWD,63918,5.2,58494,105,4,5,sedan,silver,,no,full,UK
7731,5 Series,2018,4.3,395,hybrid,automatic,RWD,101248,7.3,52863,154,4,5,sedan,black,1,yes,partial,Germany
7732,X7,2005,3.7,339,diesel,automatic,AWD,300000,8.5,53181,187,5,5,suv,silver,3,yes,partial,UK
7733,X7,2018,4.4,331,petrol,automatic,AWD,116308,10.9,105611,,5,5,suv,silver,2,no,partial,USA
7734,X3,2011,2.5,216,petrol,automatic,AWD,170744,8.1,30879,171,5,5,suv,black,4,no,partial,Spain
7735,X1,2022,1.6,222,diesel,automatic,FWD,32985,6,51542,124,5,5,suv,black,2,no,full,USA
7736,7 Series,2012,4.7,319,diesel,automatic,RWD,267837,9.8,56001,222,4,5,sedan,blue,5,yes,partial,Spain
7737,Z4,2018,2.3,209,petrol,automatic,RWD,103423,8,51091,188,2,2,convertible,white,2,no,full,France
7738,Z4,2020,2.7,270,petrol,,RWD,52784,8.4,58687,166,2,2,convertible,red,2,yes,full,Netherlands
7739,3 Series,2023,3.4,253,petrol,automatic,RWD,10610,10.4,49983,223,4,5,sedan,white,0,no,full,Germany
7740,3 Series,2020,2.4,252,hybrid,automatic,RWD,83733,5.3,39411,108,4,5,sedan,white,2,no,full,USA
7741,7 Series,2012,4.1,358,diesel,automatic,RWD,297054,9.8,54796,224,4,5,sedan,blue,3,no,none,Spain
7742,i4,2023,0,455,electric,automatic,AWD,34821,0,109838,0,4,5,coupe,red,0,no,full,Germany
7743,7 Series,2011,0,337,electric,automatic,RWD,112919,0,81990,0,4,5,sedan,black,2,no,full,France
7744,5 Series,2015,2.3,206,hybrid,automatic,RWD,134246,5.3,36071,112,4,5,sedan,silver,2,no,none,France
7745,X5,2008,,327,petrol,automatic,AWD,188063,11.6,41084,251,5,5,suv,white,5,yes,full,Turkey
7746,X7,2022,4.2,342,hybrid,automatic,AWD,37997,6.6,122796,137,5,5,suv,black,1,no,full,Turkey
7747,1 Series,2024,1.6,164,petrol,automatic,FWD,3815,6.2,29703,161,3,4,hatchback,white,0,no,full,USA
7748,5 Series,2024,3.6,295,petrol,automatic,AWD,0,10.1,71581,233,4,5,sedan,black,0,,full,Germany
7749,X5,2020,4.3,326,hybrid,automatic,AWD,38893,7.3,82784,154,5,5,suv,blue,1,no,full,Spain
7750,1 Series,2020,1.7,150,diesel,automatic,RWD,48411,6.3,24651,137,3,5,hatchback,red,2,,full,Italy
7751,5 Series,2015,4.3,347,hybrid,automatic,AWD,120933,6.9,46759,156,4,5,sedan,white,3,yes,full,Germany
7752,3 Series,2011,1.7,229,hybrid,automatic,RWD,161567,5.2,17966,118,4,5,sedan,silver,3,no,none,France
7753,i3,2016,0,182,electric,,RWD,104267,0,30834,0,5,4,hatchback,white,1,yes,none,Netherlands
7754,1 Series,2018,1.8,196,hybrid,automatic,FWD,106639,5.1,23483,122,5,4,hatchback,silver,1,no,full,Italy
7755,3 Series,2023,2.7,275,hybrid,automatic,AWD,0,5.3,50694,112,4,5,sedan,grey,0,no,full,France
7756,3 Series,2021,3.3,317,petrol,automatic,RWD,45501,8.9,47993,198,4,5,sedan,blue,2,no,full,Germany
7757,7 Series,2018,3,236,petrol,automatic,AWD,90394,9.1,77160,208,4,5,sedan,silver,3,no,partial,Italy
7758,X1,2012,2,148,petrol,,AWD,213315,8.7,23358,200,5,5,suv,silver,4,no,full,Netherlands
7759,5 Series,2017,3.1,301,hybrid,automatic,RWD,92963,5.5,52357,128,4,5,sedan,black,4,no,full,France
7760,X5,2015,3.2,322,petrol,automatic,AWD,97967,10.7,51358,233,5,5,suv,black,4,no,none,Spain
7761,X5,2024,3.5,335,hybrid,automatic,AWD,0,5.8,89469,113,5,5,suv,red,0,no,full,France
7762,X3,2011,2.1,202,diesel,automatic,RWD,292698,6.4,26937,147,5,5,suv,grey,5,no,full,USA
7763,3 Series,2010,1.9,190,hybrid,automatic,RWD,203578,4.2,17277,82,4,5,sedan,white,3,yes,full,UK
7764,i4,2017,0,332,electric,automatic,RWD,126888,0,60687,0,4,5,coupe,black,2,no,partial,Italy
7765,1 Series,2018,1.5,210,petrol,automatic,FWD,104713,7.4,21812,167,5,4,hatchback,black,3,no,full,Spain
7766,5 Series,2014,3.6,267,hybrid,automatic,AWD,146568,5.8,44087,126,4,5,sedan,white,1,no,full,UK
7767,1 Series,2014,1.7,153,hybrid,automatic,FWD,128252,4.3,10788,106,5,4,hatchback,white,2,yes,partial,Italy
7768,X3,2017,2.4,244,hybrid,automatic,RWD,112773,4.7,54285,99,5,5,suv,grey,1,no,full,UK
7769,3 Series,2014,2.2,178,hybrid,manual,AWD,97091,4.4,27863,93,4,5,sedan,white,2,,full,USA
7770,1 Series,2023,2.6,248,diesel,automatic,RWD,0,8.4,34379,203,3,5,hatchback,black,0,no,full,France
7771,5 Series,2017,4.1,378,diesel,automatic,RWD,104743,9.4,45666,219,4,5,sedan,white,2,yes,partial,France
7772,3 Series,2006,2,145,diesel,automatic,RWD,162935,6.5,12593,,4,5,sedan,black,4,yes,full,Spain
7773,7 Series,2023,4.5,351,petrol,automatic,RWD,13870,11,112766,235,4,4,sedan,blue,0,no,full,USA
7774,5 Series,2011,4.3,427,hybrid,automatic,AWD,249050,,41178,162,4,5,sedan,grey,3,no,partial,Germany
7775,3 Series,2011,2.7,199,diesel,automatic,RWD,177234,7.3,20859,169,4,5,sedan,silver,,no,full,Germany
7776,X3,2022,2.8,218,diesel,automatic,AWD,14649,8.5,60200,184,5,5,suv,black,1,no,full,Germany
7777,i4,2023,0,457,electric,automatic,RWD,0,0,85546,0,4,5,coupe,white,0,,none,Spain
7778,5 Series,2022,2.8,289,diesel,automatic,RWD,36500,7.6,60243,175,4,5,sedan,black,1,no,full,Italy
7779,X5,2021,4,342,hybrid,automatic,AWD,65040,6.5,93321,145,5,5,suv,red,1,no,full,USA
7780,5 Series,2017,2.7,274,hybrid,automatic,AWD,112159,5.9,49638,118,4,5,sedan,white,1,no,full,UK
7781,X1,2016,1.9,181,diesel,automatic,FWD,99225,6.4,34316,133,5,5,suv,black,1,no,partial,Netherlands
7782,X7,2021,4,350,diesel,automatic,AWD,57178,8.8,109864,191,5,5,suv,red,1,no,partial,Netherlands
7783,X5,2016,4.3,297,hybrid,automatic,AWD,54678,7,67424,147,5,5,suv,white,1,no,partial,Netherlands
7784,3 Series,2016,2.6,237,diesel,automatic,AWD,159160,7.8,28933,163,4,5,sedan,white,3,no,full,UK
7785,Z4,2023,2,152,petrol,automatic,RWD,26209,8.9,66245,193,2,2,convertible,black,1,no,full,UK
7786,X5,2023,3.6,291,petrol,automatic,AWD,12142,10.3,84760,227,5,5,suv,grey,0,no,full,Spain
7787,i3,2019,0,197,electric,,RWD,49569,0,49634,0,5,4,hatchback,blue,2,no,partial,France
7788,X1,2005,1.7,217,diesel,automatic,AWD,212532,5.7,13114,132,5,5,suv,red,2,yes,full,Turkey
7789,i3,2018,0,151,electric,automatic,RWD,53953,0,45076,0,5,4,hatchback,grey,2,no,full,France
7790,X3,2005,2.4,292,hybrid,automatic,RWD,300000,4.9,18850,100,5,5,suv,blue,3,no,partial,Italy
7791,Z4,2022,2.3,163,petrol,automatic,RWD,50121,7.7,66856,173,2,2,convertible,silver,0,no,full,USA
7792,X5,2016,3.4,303,hybrid,automatic,AWD,126311,5.9,50354,118,5,5,suv,grey,1,yes,none,USA
7793,i3,2024,0,194,electric,automatic,RWD,0,0,63618,0,5,4,hatchback,grey,0,no,full,UK
7794,Z4,2014,2.3,280,petrol,manual,RWD,47042,8.7,51340,178,2,2,convertible,black,3,no,partial,UK
7795,3 Series,2008,1.7,210,hybrid,manual,RWD,287936,4.1,10406,98,4,5,sedan,white,5,yes,partial,Netherlands
7796,3 Series,2024,2,235,diesel,automatic,AWD,0,6.9,42870,148,4,5,sedan,white,,no,full,Spain
7797,X7,2005,4,383,hybrid,automatic,AWD,300000,6.9,62765,156,5,5,suv,black,3,no,full,USA
7798,X1,2024,2.1,189,petrol,automatic,FWD,0,7.6,53302,166,5,5,suv,white,0,no,full,Netherlands
7799,Z4,2019,2.7,211,petrol,automatic,RWD,88684,9.2,61939,200,2,2,convertible,silver,2,no,full,Netherlands
7800,1 Series,2021,2.8,250,diesel,automatic,FWD,14678,7.1,30650,156,3,5,hatchback,white,,no,partial,USA
7801,X1,2013,1.8,185,petrol,automatic,AWD,260493,7.9,20858,184,5,5,suv,white,3,no,partial,Germany
7802,i4,2018,0,407,electric,automatic,RWD,96547,0,67603,0,4,5,coupe,silver,4,,full,Netherlands
7803,1 Series,2016,2.5,178,petrol,manual,RWD,98976,8.3,18583,158,3,5,hatchback,blue,3,no,partial,UK
7804,X3,2005,2.4,287,petrol,automatic,AWD,192980,8,30445,182,5,5,suv,blue,4,no,full,Italy
7805,1 Series,2024,1.7,241,petrol,automatic,FWD,0,7.6,33790,163,5,5,hatchback,silver,0,no,partial,Turkey
7806,Z4,2020,2,214,petrol,automatic,RWD,50746,8.1,52520,172,2,2,convertible,silver,1,no,none,USA
7807,Z4,2008,2.9,318,petrol,manual,RWD,248227,8.9,26773,194,2,2,convertible,black,,yes,partial,USA
7808,X5,2022,3.7,305,petrol,automatic,AWD,35720,10.3,92111,222,5,5,suv,black,1,no,full,Italy
7809,3 Series,2007,2,145,diesel,manual,RWD,211123,6.4,12093,134,4,5,sedan,black,2,yes,none,UK
7810,1 Series,2012,2.4,234,petrol,manual,FWD,194760,8.5,11249,199,5,4,hatchback,silver,4,no,full,Germany
7811,3 Series,2019,1.7,220,hybrid,automatic,RWD,97253,4.8,37496,108,4,5,sedan,silver,1,no,full,Germany
7812,X3,2017,2.8,221,hybrid,automatic,RWD,105180,5,42649,115,5,5,suv,grey,2,no,partial,Italy
7813,1 Series,2024,2.5,243,petrol,automatic,FWD,7553,9.2,35842,221,5,5,hatchback,silver,0,no,,Germany
7814,X1,2020,1.7,172,petrol,automatic,AWD,99586,7.8,43718,153,5,5,suv,white,1,no,full,Netherlands
7815,X7,2015,4.3,374,petrol,automatic,AWD,101505,11.5,72223,247,5,5,suv,blue,3,yes,partial,France
7816,X3,2005,3.2,285,petrol,,AWD,272241,10,18806,222,5,5,suv,silver,3,yes,partial,USA
7817,i3,2016,0,182,electric,automatic,RWD,149816,0,40676,0,5,4,hatchback,grey,1,no,full,UK
7818,X5,2012,3.2,294,diesel,automatic,AWD,169277,8.2,44886,181,5,5,suv,grey,4,no,none,Italy
7819,X1,2023,1.7,131,diesel,,AWD,25921,6.2,44154,140,5,5,suv,grey,0,no,full,Netherlands
7820,5 Series,2017,3.2,254,petrol,automatic,RWD,86444,9.3,50382,214,4,5,sedan,silver,1,no,partial,UK
7821,1 Series,2020,2.6,241,diesel,automatic,FWD,70077,7.2,29550,,5,4,hatchback,black,1,no,full,UK
7822,5 Series,2006,2.2,295,petrol,automatic,RWD,279460,8.4,22789,,4,5,sedan,white,2,no,partial,France
7823,X3,2024,3.1,280,hybrid,automatic,RWD,12450,5.2,72384,123,5,5,suv,black,,no,full,UK
7824,X3,2012,3.1,269,diesel,automatic,RWD,264245,6.9,30576,159,5,5,suv,silver,3,yes,full,Spain
7825,1 Series,2023,2.5,252,diesel,automatic,FWD,17682,8,32488,168,5,4,hatchback,silver,1,no,partial,UK
7826,5 Series,2013,4,361,hybrid,automatic,AWD,145384,7,37980,159,4,5,sedan,white,4,yes,partial,USA
7827,1 Series,2023,2,174,hybrid,automatic,FWD,48630,5.2,25160,125,3,4,hatchback,black,0,no,full,Turkey
7828,7 Series,2015,3.9,295,diesel,automatic,RWD,137102,8.8,76481,202,4,4,sedan,black,1,no,partial,Germany
7829,3 Series,2007,3.4,268,hybrid,manual,RWD,285943,5.7,8047,119,4,5,sedan,silver,5,yes,full,Netherlands
7830,X3,2011,2.7,247,diesel,automatic,AWD,103487,7.3,33625,153,5,5,suv,silver,,no,partial,Italy
7831,X5,2018,,357,diesel,automatic,AWD,71894,8.4,59321,202,5,5,suv,black,2,no,none,Spain
7832,Z4,2015,2.3,227,petrol,manual,RWD,166158,8.4,47673,181,2,2,convertible,red,1,no,full,Turkey
7833,X1,2018,2.1,190,hybrid,automatic,FWD,75676,4.2,30073,102,5,5,suv,white,4,yes,partial,Netherlands
7834,X7,2008,3.7,313,petrol,automatic,AWD,284719,10.4,47212,213,5,5,suv,grey,5,no,none,Turkey
7835,X3,2022,2.9,274,diesel,automatic,AWD,19596,7.1,63956,158,5,5,suv,blue,1,no,full,France
7836,3 Series,2012,3,331,petrol,manual,RWD,157890,9.5,23270,195,4,5,sedan,blue,5,no,none,UK
7837,X3,2017,3.1,245,hybrid,automatic,AWD,121994,5.6,47480,135,5,5,suv,grey,3,yes,full,Germany
7838,5 Series,2016,3.8,330,diesel,,AWD,77758,9,48398,200,4,5,sedan,blue,2,yes,partial,Germany
7839,5 Series,2010,3.9,332,diesel,automatic,AWD,128376,9.5,43095,193,4,5,sedan,black,2,no,full,Italy
7840,X1,2008,2.3,209,petrol,automatic,FWD,300000,8.8,16138,173,5,5,suv,white,2,no,none,Italy
7841,X5,2011,3.7,306,diesel,automatic,AWD,194907,9.5,49159,216,5,5,suv,silver,3,no,full,UK
7842,i4,2005,0,366,electric,automatic,RWD,183777,0,25710,0,4,5,coupe,black,5,yes,partial,Turkey
7843,X5,2012,3.9,371,petrol,automatic,AWD,171386,10.9,40638,247,5,5,suv,red,2,yes,none,Spain
7844,3 Series,2007,2.8,266,petrol,manual,RWD,88487,8.9,25873,186,4,5,sedan,white,3,no,partial,UK
7845,X7,2012,3.3,275,hybrid,automatic,AWD,300000,6.3,60397,134,5,5,suv,silver,3,no,none,USA
7846,X7,2017,3.8,358,hybrid,automatic,AWD,88715,6.1,98864,132,5,5,suv,red,2,no,partial,Spain
7847,X3,2020,2.9,187,diesel,,RWD,71489,8,55761,182,5,5,suv,,0,no,full,Germany
7848,3 Series,2021,3.1,235,hybrid,automatic,RWD,16299,6,41571,141,4,5,sedan,black,1,no,full,Spain
7849,7 Series,2013,3.2,260,hybrid,automatic,AWD,181816,,62767,113,4,4,sedan,white,5,no,partial,France
7850,3 Series,2022,2.2,285,petrol,automatic,AWD,18691,8.4,41296,178,4,5,sedan,grey,1,no,full,Italy
7851,3 Series,2013,1.8,158,diesel,automatic,RWD,274168,7.1,18245,164,4,5,sedan,black,2,no,full,Netherlands
7852,5 Series,2005,2.1,216,hybrid,,RWD,235336,4.9,26019,102,4,5,sedan,red,4,no,full,Germany
7853,X1,2022,1.7,198,petrol,automatic,FWD,29226,7.7,46720,167,5,5,suv,blue,1,no,full,Spain
7854,X5,2016,3.3,311,hybrid,automatic,AWD,80632,6.3,77026,150,5,5,suv,blue,3,no,full,UK
7855,3 Series,2019,1.8,150,hybrid,manual,RWD,44985,,30333,103,4,5,sedan,white,1,no,none,Spain
7856,i7,2018,0,505,electric,automatic,RWD,87608,0,123889,0,4,5,sedan,grey,2,yes,full,Spain
7857,3 Series,2016,3.1,304,diesel,manual,AWD,161262,8.4,27141,173,4,5,sedan,white,1,no,full,Spain
7858,Z4,2007,2.3,186,petrol,automatic,RWD,269995,8.4,28476,185,2,2,convertible,silver,3,no,partial,UK
7859,1 Series,2011,1.9,197,petrol,manual,RWD,220889,8.2,12417,176,3,4,hatchback,white,2,no,full,Spain
7860,i7,2008,0,507,electric,automatic,AWD,81204,0,71150,0,4,4,sedan,white,5,yes,none,Turkey
7861,X5,2023,3.2,237,diesel,automatic,AWD,12351,7.8,94994,166,5,5,suv,silver,0,no,full,Germany
7862,X3,2022,2.1,175,hybrid,automatic,AWD,12700,4.8,51161,99,5,5,suv,black,1,no,partial,Spain
7863,i4,2012,0,316,electric,automatic,RWD,145978,0,56770,0,4,5,coupe,red,3,no,full,USA
7864,3 Series,2018,2.8,267,diesel,automatic,AWD,118753,7.3,35476,160,4,5,sedan,black,1,no,full,Turkey
7865,X7,2024,3.6,268,hybrid,automatic,AWD,0,6.3,123133,147,5,5,suv,black,1,no,full,Turkey
7866,1 Series,2009,1.8,179,hybrid,manual,RWD,248341,4.5,2837,98,5,4,hatchback,white,3,yes,full,France
7867,X1,2013,2.5,253,diesel,automatic,AWD,111871,7.7,32372,175,5,5,suv,silver,4,no,full,Netherlands
7868,5 Series,2019,3.1,289,petrol,automatic,AWD,104041,,55350,223,4,5,sedan,silver,3,no,full,Spain
7869,1 Series,2023,1.8,227,diesel,automatic,FWD,0,6.5,33964,154,3,4,hatchback,black,0,,full,Italy
7870,X1,2007,1.8,193,petrol,,FWD,157544,7.9,20454,194,5,5,suv,silver,4,yes,full,Italy
7871,3 Series,2005,3,315,petrol,manual,AWD,203294,9.9,15222,223,4,5,sedan,white,5,yes,full,Italy
7872,X7,2020,3.5,242,hybrid,automatic,AWD,69195,6,103141,120,5,5,suv,grey,1,no,full,Spain
7873,i4,2017,0,421,electric,automatic,AWD,139813,0,70890,0,4,5,coupe,white,2,no,full,Netherlands
7874,5 Series,2013,3.4,260,petrol,automatic,AWD,36860,9.8,41504,193,4,5,sedan,blue,3,yes,partial,Germany
7875,5 Series,2018,2.9,326,petrol,automatic,AWD,79458,8.9,46458,189,4,5,sedan,black,1,no,none,Netherlands
7876,5 Series,2022,3.5,262,petrol,automatic,AWD,53652,9.7,57946,211,4,5,sedan,white,1,no,full,Germany
7877,3 Series,2024,2.1,216,hybrid,automatic,AWD,20360,5.1,46969,115,4,5,sedan,silver,0,no,full,France
7878,3 Series,2005,2.4,245,petrol,manual,AWD,300000,8,9988,170,4,5,sedan,grey,3,yes,,Turkey
7879,5 Series,2024,2.3,224,diesel,automatic,RWD,0,6.9,67272,144,4,5,sedan,silver,1,no,full,Italy
7880,i4,2011,0,380,electric,automatic,RWD,164481,0,58017,0,4,5,coupe,silver,3,no,full,Spain
7881,X5,2024,4.2,402,hybrid,automatic,AWD,0,6.8,97494,150,5,5,suv,black,0,no,full,Germany
7882,X3,2014,2.8,228,hybrid,automatic,RWD,217162,5.2,37195,114,5,5,suv,silver,2,,full,Italy
7883,7 Series,2024,3.4,286,hybrid,automatic,AWD,16257,5.8,104114,132,4,4,sedan,red,0,no,full,Spain
7884,5 Series,2007,4.3,409,diesel,automatic,RWD,244155,8.9,30140,181,4,5,sedan,grey,3,no,full,Turkey
7885,X7,2016,3,235,diesel,automatic,AWD,162295,7.1,99695,157,5,5,suv,silver,1,no,full,USA
7886,5 Series,2018,3.2,342,hybrid,automatic,RWD,86027,5.8,53742,129,4,5,sedan,grey,1,yes,full,Germany
7887,3 Series,2008,3.2,324,diesel,manual,AWD,257477,8.2,16662,189,4,5,sedan,white,2,no,full,Italy
7888,3 Series,2010,,192,hybrid,automatic,RWD,259269,4.4,11275,84,4,5,sedan,black,4,yes,partial,UK
7889,3 Series,2011,2.5,241,petrol,automatic,AWD,151462,8.9,22914,191,4,5,sedan,silver,4,no,full,France
7890,X1,2016,1.7,178,petrol,automatic,FWD,51318,7.8,38408,172,5,5,suv,silver,1,no,partial,USA
7891,5 Series,2015,2.8,202,diesel,automatic,AWD,196228,7.6,42620,168,4,5,sedan,grey,2,no,full,Italy
7892,5 Series,2005,3.9,280,hybrid,automatic,AWD,300000,6.8,19366,143,4,5,sedan,black,2,yes,,France
7893,i4,2008,0,328,electric,automatic,RWD,160506,0,38864,0,4,5,coupe,white,4,no,partial,France
7894,X7,2009,3.5,301,hybrid,automatic,AWD,282478,6.2,70735,133,5,5,suv,white,2,,,Germany
7895,X1,2015,1.9,176,diesel,automatic,FWD,175289,6.6,22556,146,5,5,suv,silver,3,no,partial,Spain
7896,7 Series,2020,4.2,369,diesel,automatic,AWD,41391,9.2,83922,215,4,4,sedan,grey,0,yes,none,UK
7897,X1,2016,2,237,diesel,automatic,FWD,82803,6.5,36834,154,5,5,suv,silver,2,no,partial,France
7898,X3,2018,2.5,210,petrol,automatic,RWD,57715,8.6,44913,187,5,5,suv,red,4,no,partial,Italy
7899,X1,2023,2,159,hybrid,automatic,FWD,24421,3.9,52553,85,5,5,suv,silver,0,no,full,Germany
7900,X1,2021,2,241,diesel,automatic,FWD,59055,6.1,38296,115,5,5,suv,white,1,yes,full,USA
7901,3 Series,2024,2.9,223,hybrid,manual,RWD,0,5.1,49924,115,4,5,sedan,white,0,no,full,USA
7902,5 Series,2016,3.1,306,petrol,automatic,RWD,126588,9.8,48440,215,4,5,sedan,blue,2,no,full,Italy
7903,1 Series,2018,1.5,135,hybrid,automatic,RWD,68162,3.5,21286,93,3,4,hatchback,grey,1,no,full,Germany
7904,X1,2018,2.1,196,hybrid,automatic,AWD,84716,5.2,35172,115,5,5,suv,grey,1,no,full,Spain
7905,3 Series,2019,3.3,313,hybrid,automatic,RWD,80013,5.7,36783,117,4,5,sedan,grey,2,yes,full,UK
7906,i3,2022,0,136,electric,automatic,RWD,11192,0,54350,0,5,4,hatchback,white,1,no,full,Italy
7907,1 Series,2019,2.5,224,diesel,manual,RWD,56202,6.9,26843,144,3,4,hatchback,silver,3,no,full,France
7908,3 Series,2014,3.2,252,hybrid,manual,RWD,172953,6,21060,133,4,5,sedan,grey,2,yes,full,Netherlands
7909,X5,2013,3.3,307,hybrid,automatic,AWD,223811,5.9,47607,131,5,5,suv,grey,5,no,none,France
7910,X5,2020,4.3,387,hybrid,automatic,AWD,36662,7,95386,178,5,5,suv,grey,1,no,full,UK
7911,X1,2020,1.8,202,hybrid,automatic,FWD,77864,4.6,39929,94,5,5,suv,black,0,no,full,Turkey
7912,X5,2018,3.7,332,petrol,automatic,AWD,77855,10.8,81254,237,5,5,suv,black,1,no,full,France
7913,5 Series,2022,4.3,387,diesel,automatic,RWD,25222,10.2,69753,215,4,5,sedan,red,2,no,full,France
7914,3 Series,2023,2.1,189,diesel,automatic,AWD,17984,6.9,46841,145,4,5,sedan,white,0,no,full,Italy
7915,i7,2016,0,449,electric,automatic,AWD,116049,0,118883,0,4,5,sedan,white,1,no,partial,Netherlands
7916,5 Series,2021,3,280,diesel,automatic,AWD,50523,7.1,59068,157,4,5,sedan,black,1,no,full,Germany
7917,7 Series,2017,0,469,electric,automatic,RWD,72849,0,94034,0,4,4,sedan,silver,2,yes,full,Netherlands
7918,X3,2024,2.2,167,petrol,automatic,AWD,0,7.6,69889,148,5,5,suv,blue,0,no,full,Germany
7919,3 Series,2011,2.8,259,petrol,manual,RWD,160376,10.1,20524,224,4,5,sedan,silver,,yes,partial,Netherlands
7920,i7,2021,0,528,electric,automatic,AWD,50788,0,166266,0,4,4,sedan,red,1,no,partial,UK
7921,i7,2021,0,424,electric,automatic,RWD,33365,0,197665,0,4,4,sedan,white,1,no,full,UK
7922,X5,2012,3.3,363,hybrid,automatic,AWD,136511,6.1,51355,140,5,5,suv,black,3,yes,partial,France
7923,5 Series,2008,2.8,217,petrol,automatic,RWD,193888,9.3,24874,208,4,5,sedan,blue,4,no,partial,Turkey
7924,Z4,2017,2.2,240,petrol,automatic,RWD,92360,8.5,55474,170,2,2,convertible,black,1,no,partial,Turkey
7925,X3,2014,3.3,324,hybrid,automatic,RWD,85151,6.4,49332,132,5,5,suv,red,1,no,full,UK
7926,X3,2014,3.5,216,hybrid,automatic,RWD,106256,6,41366,125,5,5,suv,red,2,no,full,France
7927,1 Series,2010,1.7,153,hybrid,automatic,RWD,247290,4.5,9287,95,5,5,hatchback,silver,2,no,full,Turkey
7928,Z4,2019,2.6,278,petrol,,RWD,99579,9.5,51611,198,2,2,convertible,white,2,no,partial,France
7929,5 Series,2021,2.4,232,diesel,automatic,AWD,30505,,61333,150,4,5,sedan,black,1,no,full,Spain
7930,5 Series,2014,2.7,269,petrol,automatic,RWD,159028,8.9,42284,212,4,5,sedan,blue,4,no,full,Italy
7931,X1,2014,2.3,201,diesel,automatic,FWD,155302,7.6,30089,177,5,5,suv,silver,1,yes,full,USA
7932,i4,2015,0,375,electric,automatic,AWD,148393,0,56047,0,4,5,coupe,silver,1,no,partial,Netherlands
7933,X7,2022,4.2,415,petrol,automatic,AWD,32338,11.1,139974,258,5,5,suv,white,1,no,full,Netherlands
7934,X3,2019,2.9,249,diesel,automatic,RWD,102286,7.7,53194,163,5,5,suv,black,1,no,full,France
7935,i3,2021,0,177,electric,automatic,RWD,21702,0,62584,0,5,4,hatchback,grey,2,no,full,USA
7936,X1,2014,1.8,170,hybrid,automatic,AWD,120866,4.4,30244,96,5,5,suv,black,,no,full,Netherlands
7937,X3,2022,3.3,299,hybrid,automatic,RWD,40884,6,64100,128,5,5,suv,black,2,no,full,Spain
7938,3 Series,2021,3.5,279,petrol,automatic,AWD,0,10.5,46124,234,4,5,sedan,silver,1,no,full,UK
7939,X5,2016,4.3,328,hybrid,automatic,AWD,167525,6.8,63264,134,5,5,suv,white,2,no,full,Spain
7940,i3,2010,0,189,electric,automatic,RWD,46787,0,33128,0,5,4,hatchback,silver,2,yes,full,UK
7941,X5,2016,3.3,269,hybrid,,AWD,98631,5.9,68073,128,5,5,suv,,2,no,full,Turkey
7942,7 Series,2021,3.6,323,diesel,automatic,AWD,39361,8.1,103925,174,4,5,sedan,black,0,no,full,France
7943,X3,2019,2.6,226,diesel,automatic,AWD,29850,7.5,55024,166,5,5,suv,black,1,no,full,USA
7944,X1,2021,1.5,128,diesel,automatic,AWD,60537,5.7,36702,124,5,5,suv,silver,2,no,partial,France
7945,7 Series,2005,4.7,371,petrol,automatic,AWD,300000,11.6,45827,247,4,4,sedan,black,3,yes,partial,France
7946,i4,2024,0,388,electric,automatic,AWD,0,0,94689,0,4,5,coupe,red,0,no,partial,UK
7947,X7,2023,3.6,350,petrol,automatic,AWD,39093,10,120919,213,5,5,suv,black,1,no,full,Germany
7948,X3,2021,2.1,149,petrol,automatic,RWD,57063,8,57143,,5,5,suv,black,,no,full,Italy
7949,3 Series,2017,2.2,218,diesel,manual,AWD,90005,6.7,29845,143,4,5,sedan,silver,2,yes,full,UK
7950,3 Series,2008,2.9,240,diesel,manual,RWD,117064,7.8,23647,164,4,5,sedan,grey,4,no,full,UK
7951,3 Series,2013,1.6,153,diesel,manual,RWD,143465,5.5,20756,123,4,5,sedan,silver,3,yes,full,Germany
7952,X1,2009,1.5,122,petrol,automatic,FWD,267360,7,16629,154,5,5,suv,white,3,no,full,Spain
7953,7 Series,2021,4.9,359,petrol,automatic,RWD,69684,12,99951,266,4,5,sedan,white,1,no,full,Turkey
7954,X3,2010,3.1,299,hybrid,automatic,RWD,279895,5.4,34773,,5,5,suv,silver,4,,full,Italy
7955,X3,2012,3.4,307,hybrid,automatic,AWD,157441,6.3,42306,141,5,5,suv,blue,4,no,full,Turkey
7956,X1,2014,2,162,hybrid,automatic,FWD,96248,5.1,34478,131,5,5,suv,grey,2,no,full,Netherlands
7957,X1,2020,1.7,162,hybrid,automatic,FWD,99557,4.5,39161,91,5,5,suv,grey,1,no,full,Germany
7958,1 Series,2015,2.5,228,petrol,manual,FWD,195734,8.6,12069,192,5,4,hatchback,,3,no,full,Turkey
7959,X3,2019,2.8,262,petrol,automatic,AWD,61155,9,47709,202,5,5,suv,black,1,no,none,Germany
7960,3 Series,2020,2.9,243,diesel,automatic,AWD,58192,8,37875,170,4,5,sedan,black,1,no,full,Turkey
7961,X3,2023,3.1,292,hybrid,automatic,AWD,22526,6.4,60022,145,5,5,suv,black,0,no,full,Turkey
7962,X1,2009,1.8,171,hybrid,automatic,FWD,183928,,19007,104,5,5,suv,white,5,yes,full,USA
7963,5 Series,2005,2.7,208,diesel,automatic,RWD,300000,7.9,17213,180,4,5,sedan,blue,4,yes,full,UK
7964,X1,2014,2.5,246,diesel,automatic,AWD,139441,7.8,26456,178,5,5,suv,silver,1,yes,none,France
7965,1 Series,2012,1.6,192,petrol,manual,FWD,213486,7,9720,149,3,4,hatchback,black,5,yes,partial,Germany
7966,5 Series,2013,2.5,205,petrol,automatic,AWD,161460,8.2,34560,184,4,5,sedan,black,2,no,partial,Spain
7967,5 Series,2019,3.1,301,hybrid,automatic,RWD,30730,6.3,55958,131,4,5,sedan,white,3,no,full,USA
7968,7 Series,2019,3.4,241,hybrid,automatic,RWD,28210,5.4,93629,130,4,5,sedan,red,2,no,partial,USA
7969,1 Series,2009,2.4,197,diesel,automatic,RWD,186973,6.1,6486,131,3,5,hatchback,red,3,yes,partial,France
7970,7 Series,2021,3.2,272,petrol,automatic,AWD,43211,10.1,97433,256,4,4,sedan,white,1,no,partial,Spain
7971,X5,2018,3.4,307,petrol,automatic,AWD,101857,10,78127,214,5,5,suv,black,1,no,partial,USA
7972,X5,2021,3.7,381,petrol,automatic,AWD,44333,10.3,95729,223,5,5,suv,blue,1,no,full,USA
7973,X5,2008,3.2,344,petrol,automatic,AWD,300000,9.9,39001,209,5,5,suv,black,4,no,partial,Netherlands
7974,i4,2016,0,294,electric,automatic,RWD,174464,0,51060,0,4,5,coupe,black,2,yes,full,Netherlands
7975,3 Series,2021,3.1,302,petrol,automatic,AWD,70392,9.5,38711,218,4,5,sedan,black,1,no,partial,USA
7976,X3,2018,3.2,271,diesel,automatic,AWD,147964,,55330,180,5,5,suv,white,3,no,full,Germany
7977,5 Series,2021,4.1,333,petrol,automatic,RWD,61359,11.1,57370,250,4,5,sedan,white,2,no,partial,France
7978,1 Series,2017,2.6,211,petrol,automatic,FWD,90681,,24245,204,5,5,hatchback,blue,3,no,full,France
7979,i3,2009,0,183,electric,automatic,RWD,183299,0,22812,0,5,4,hatchback,white,3,no,partial,Netherlands
7980,i3,2023,0,192,electric,automatic,RWD,22901,0,61446,0,5,4,hatchback,silver,1,no,full,Spain
7981,i4,2024,0,365,electric,automatic,AWD,34351,0,109346,0,4,5,coupe,,0,no,full,USA
7982,i3,2013,0,161,electric,automatic,RWD,204144,0,23770,0,5,4,hatchback,black,2,yes,full,Germany
7983,3 Series,2018,3.5,345,diesel,automatic,RWD,122557,9.3,32723,206,4,5,sedan,white,2,yes,full,Spain
7984,3 Series,2022,2.1,246,petrol,automatic,RWD,51370,7.3,36185,176,4,5,sedan,black,1,yes,partial,Germany
7985,1 Series,2017,2.6,240,petrol,automatic,FWD,124179,8.2,19495,166,5,4,hatchback,black,1,no,full,Turkey
7986,5 Series,2020,2.6,172,diesel,automatic,AWD,73575,7.4,54638,155,4,5,sedan,silver,1,no,full,France
7987,3 Series,2016,2.7,215,petrol,manual,RWD,169416,8.6,18914,187,4,5,sedan,white,1,yes,none,Netherlands
7988,X1,2022,2.1,195,petrol,automatic,FWD,46344,8.1,46911,175,5,5,suv,silver,0,no,full,USA
7989,3 Series,2022,2.1,187,diesel,automatic,AWD,31499,7.2,40201,141,4,5,sedan,black,1,no,full,Italy
7990,X7,2023,4,334,petrol,automatic,AWD,25677,10.6,130974,223,5,5,suv,grey,0,no,full,USA
7991,X3,2014,2.7,333,hybrid,automatic,RWD,153259,5.7,42294,118,5,5,suv,black,4,no,partial,Spain
7992,X3,2018,2.3,266,hybrid,automatic,RWD,100435,5.3,44336,112,5,5,suv,silver,2,yes,partial,UK
7993,1 Series,2014,2.5,337,diesel,automatic,FWD,169671,7.7,23433,172,3,5,hatchback,grey,2,no,partial,Germany
7994,3 Series,2015,2.8,281,diesel,manual,AWD,124057,7.6,34301,163,4,5,sedan,white,1,no,full,Spain
7995,X5,2014,3.9,319,petrol,automatic,AWD,240604,10.2,60795,210,5,5,suv,grey,1,no,full,UK
7996,3 Series,2021,1.7,207,petrol,automatic,RWD,34121,6.7,41674,142,4,5,sedan,silver,0,no,full,Netherlands
7997,3 Series,2022,3.2,289,hybrid,automatic,AWD,31357,6.7,47329,134,4,5,sedan,grey,1,no,full,USA
7998,3 Series,2019,2.1,223,petrol,automatic,AWD,4529,7.9,41193,180,4,5,sedan,black,1,no,partial,USA
7999,Z4,2017,2.9,236,petrol,automatic,RWD,132541,9.7,58163,222,2,2,convertible,silver,2,no,full,Italy
8000,7 Series,2021,0,478,electric,automatic,AWD,69497,0,136143,0,4,5,sedan,white,0,no,full,UK
8001,i4,2016,0,326,electric,automatic,AWD,76649,0,50917,0,4,5,coupe,black,1,yes,partial,Spain
8002,5 Series,2016,4.4,371,hybrid,automatic,AWD,139175,6.9,52213,144,4,5,sedan,white,2,no,full,UK
8003,i3,2020,0,180,electric,automatic,RWD,36718,0,51689,0,5,4,hatchback,silver,0,no,partial,USA
8004,5 Series,2017,2.8,239,diesel,automatic,AWD,124135,7.1,44881,158,4,5,sedan,grey,2,no,partial,UK
8005,5 Series,2012,3.8,310,diesel,automatic,AWD,218821,9.1,29835,189,4,5,sedan,silver,2,yes,partial,Netherlands
8006,X5,2006,3.3,203,hybrid,automatic,AWD,183353,6,27855,126,5,5,suv,black,5,no,none,Spain
8007,X1,2009,2.2,194,hybrid,automatic,FWD,280373,4.6,14883,108,5,5,suv,black,3,yes,partial,Spain
8008,3 Series,2014,2,177,petrol,automatic,RWD,131880,7.9,25912,171,4,5,sedan,silver,,no,full,France
8009,X7,2011,3.6,324,petrol,automatic,AWD,238776,10.4,72378,259,5,5,suv,silver,3,no,partial,Italy
8010,X3,2016,3.2,275,petrol,automatic,RWD,112587,9.3,48692,192,5,5,suv,silver,3,no,full,USA
8011,5 Series,2017,2.2,215,petrol,automatic,AWD,57158,8.1,52346,159,4,5,sedan,black,1,no,full,Italy
8012,X1,2008,2.1,168,hybrid,automatic,FWD,300000,4.7,12225,96,5,5,suv,silver,2,no,partial,Italy
8013,5 Series,2011,2.5,234,diesel,automatic,AWD,212477,7.4,31334,143,4,5,sedan,silver,3,yes,full,Germany
8014,5 Series,2024,2.1,182,petrol,automatic,RWD,0,7.5,59574,153,4,5,sedan,red,0,no,full,France
8015,i4,2018,0,326,electric,automatic,AWD,132031,0,72893,0,4,5,coupe,silver,1,no,full,USA
8016,1 Series,2022,2.8,264,diesel,automatic,RWD,21974,8,23903,182,3,4,hatchback,white,1,no,none,Turkey
8017,Z4,2010,2.7,200,petrol,manual,RWD,204162,8.3,31597,187,2,2,convertible,silver,2,yes,partial,USA
8018,3 Series,2013,2.9,302,diesel,automatic,AWD,156278,7.7,26130,167,4,5,sedan,white,2,yes,,Turkey
8019,5 Series,2006,2.9,274,petrol,automatic,RWD,300000,8.8,19233,188,4,5,sedan,black,4,no,partial,UK
8020,3 Series,2021,2.5,238,petrol,automatic,RWD,59016,9.2,41500,179,4,5,sedan,white,1,no,full,Germany
8021,7 Series,2024,0,436,electric,automatic,AWD,0,0,137099,0,4,4,sedan,silver,0,no,partial,Germany
8022,Z4,2021,2.7,251,petrol,automatic,RWD,45074,8.3,58920,180,2,2,convertible,silver,1,no,partial,Turkey
8023,i7,2024,0,329,electric,automatic,AWD,0,0,180575,0,4,4,sedan,black,0,no,partial,France
8024,7 Series,2011,3.8,240,petrol,automatic,AWD,208287,9.5,45863,208,4,5,sedan,black,5,yes,partial,Turkey
8025,5 Series,2008,3.9,366,petrol,automatic,AWD,155175,10.3,34511,218,4,5,sedan,red,4,no,none,Germany
8026,1 Series,2012,1.8,197,petrol,manual,FWD,262394,7.9,8774,186,3,5,hatchback,white,5,no,partial,Spain
8027,3 Series,2023,2.9,270,hybrid,automatic,RWD,5963,5.7,51601,107,4,5,sedan,silver,0,no,full,UK
8028,Z4,2022,2.4,207,petrol,automatic,RWD,27352,7.4,69219,154,2,2,convertible,blue,1,no,full,Italy
8029,X1,2008,1.5,182,hybrid,automatic,AWD,262325,4.2,16757,107,5,5,suv,red,5,no,partial,Spain
8030,1 Series,2020,2.9,289,petrol,automatic,RWD,65034,9.2,28133,204,3,4,hatchback,blue,1,no,full,Turkey
8031,3 Series,2005,2.8,269,hybrid,automatic,AWD,259963,5.3,13650,105,4,5,sedan,blue,2,yes,partial,Netherlands
8032,7 Series,2018,4.9,391,diesel,automatic,RWD,125514,10,68451,221,4,4,sedan,white,4,yes,partial,Spain
8033,1 Series,2013,2,265,diesel,manual,FWD,253456,7.6,14240,172,5,5,hatchback,black,3,no,full,USA
8034,7 Series,2007,0,442,electric,automatic,AWD,300000,0,58175,0,4,5,sedan,white,4,no,partial,UK
8035,1 Series,2014,1.9,170,hybrid,manual,FWD,156288,4.1,16276,90,3,5,hatchback,white,1,no,full,Italy
8036,5 Series,2022,3,274,petrol,automatic,RWD,26665,9.9,67001,217,4,5,sedan,red,1,no,full,Netherlands
8037,Z4,2023,2.5,269,petrol,automatic,RWD,4993,8.4,71691,177,2,2,convertible,black,0,no,full,Spain
8038,i3,2018,0,197,electric,automatic,RWD,83957,,43386,0,5,4,hatchback,silver,1,no,partial,UK
8039,3 Series,2014,2.8,287,hybrid,manual,AWD,202893,5.9,23658,122,4,5,sedan,white,1,no,partial,Spain
8040,i7,2013,0,488,electric,automatic,RWD,137172,0,105023,0,4,4,sedan,silver,2,yes,full,UK
8041,5 Series,2009,2.2,213,petrol,automatic,RWD,149924,7.3,24287,169,4,5,sedan,blue,4,no,none,France
8042,X3,2011,2.9,271,hybrid,automatic,RWD,215763,5.9,26666,141,5,5,suv,white,3,yes,partial,Turkey
8043,X3,2019,2.7,236,hybrid,automatic,RWD,68875,5.5,48447,118,5,5,suv,white,1,no,partial,Turkey
8044,i4,2005,0,455,electric,automatic,AWD,300000,0,41862,0,4,5,coupe,red,2,no,partial,Italy
8045,i4,2020,0,390,electric,automatic,RWD,42832,0,91339,0,4,5,coupe,silver,,no,full,USA
8046,3 Series,2009,2.3,238,petrol,automatic,RWD,206386,8.8,16394,,4,5,sedan,white,5,yes,partial,Turkey
8047,X1,2007,1.7,168,diesel,automatic,FWD,156397,6,18580,126,5,5,suv,white,4,no,full,Germany
8048,Z4,2012,2.6,259,petrol,automatic,RWD,186604,8.3,44887,173,2,2,convertible,black,3,no,partial,Germany
8049,5 Series,2015,2.4,233,petrol,automatic,RWD,115746,7.7,42360,169,4,5,sedan,red,1,no,full,Italy
8050,1 Series,2019,1.6,162,petrol,manual,RWD,135896,7.2,17116,166,5,5,hatchback,grey,1,no,full,Netherlands
8051,3 Series,2016,2.1,236,petrol,manual,AWD,117883,7.9,28235,165,4,5,sedan,,2,yes,full,Netherlands
8052,1 Series,2022,2.4,212,petrol,automatic,RWD,24246,8.6,29677,173,3,5,hatchback,black,1,no,full,Spain
8053,5 Series,2013,4.3,353,petrol,automatic,RWD,112025,10.6,40251,238,4,5,sedan,black,5,yes,full,Italy
8054,X1,2013,2.1,208,petrol,automatic,AWD,184141,8.2,27143,181,5,5,suv,black,2,no,none,Germany
8055,3 Series,2013,3.2,299,petrol,manual,RWD,195310,8.3,22017,194,4,5,sedan,silver,4,yes,partial,Germany
8056,Z4,2017,2.8,280,petrol,automatic,RWD,117450,8.8,49402,199,2,2,convertible,black,2,no,none,UK
8057,X3,2009,2.2,198,diesel,automatic,RWD,147773,6.9,30743,144,5,5,suv,silver,2,yes,full,UK
8058,5 Series,2019,3.8,284,diesel,automatic,RWD,25802,9.3,46742,207,4,5,sedan,blue,2,yes,full,France
8059,X1,2022,2.3,245,diesel,automatic,FWD,34499,6,46785,122,5,5,suv,silver,1,no,full,Turkey
8060,Z4,2011,2,209,petrol,automatic,RWD,280131,8.2,26218,182,2,2,convertible,black,4,yes,partial,Germany
8061,5 Series,2012,3.4,347,diesel,automatic,AWD,38977,7.9,35703,162,4,5,sedan,black,4,yes,partial,Turkey
8062,5 Series,2017,3.1,194,diesel,automatic,RWD,107179,7.9,46095,176,4,5,sedan,black,2,no,full,USA
8063,3 Series,2020,3.2,251,diesel,manual,RWD,37405,8.3,40337,188,4,5,sedan,black,2,no,full,Netherlands
8064,3 Series,2008,2.4,187,petrol,manual,AWD,221474,8.3,15963,,4,5,sedan,silver,3,no,partial,Spain
8065,1 Series,2012,2.8,313,diesel,manual,RWD,147097,8.1,16373,163,3,5,hatchback,black,5,no,,Italy
8066,1 Series,2024,2.9,245,petrol,automatic,RWD,13840,9.5,36061,203,3,4,hatchback,white,1,no,partial,Germany
8067,i4,2023,0,406,electric,automatic,AWD,34330,0,93419,0,4,5,coupe,black,1,no,full,France
8068,3 Series,2019,3.5,367,petrol,automatic,AWD,68714,10.2,37789,215,4,5,sedan,silver,1,no,partial,Netherlands
8069,3 Series,2024,2.4,252,diesel,automatic,RWD,0,7.2,47850,170,4,5,sedan,blue,0,no,full,USA
8070,X5,2014,3.2,276,hybrid,automatic,AWD,175225,6.4,60855,134,5,5,suv,black,,no,partial,USA
8071,5 Series,2024,4.2,306,petrol,automatic,AWD,3768,11.2,72710,260,4,5,sedan,white,0,no,full,UK
8072,3 Series,2013,2.8,246,petrol,automatic,AWD,190551,9.6,18096,186,4,5,sedan,silver,4,yes,partial,Netherlands
8073,5 Series,2023,4.1,369,diesel,automatic,AWD,23888,9.6,66895,205,4,5,sedan,white,0,no,full,Germany
8074,X7,2022,3.4,263,hybrid,automatic,AWD,29679,5.8,118448,118,5,5,suv,silver,1,no,full,Netherlands
8075,1 Series,2009,2.4,228,diesel,manual,RWD,58644,6.3,15036,140,3,4,hatchback,black,3,no,none,France
8076,X5,2008,3.1,280,petrol,automatic,AWD,300000,9.5,32081,198,5,5,suv,blue,3,yes,partial,Germany
8077,i3,2018,0,121,electric,automatic,RWD,80298,0,41239,0,5,4,hatchback,black,4,no,full,USA
8078,X5,2019,,301,diesel,automatic,AWD,111077,9.1,63829,202,5,5,suv,black,3,no,full,Turkey
8079,X7,2021,3.8,324,hybrid,automatic,AWD,46501,6.7,112834,160,5,5,suv,grey,1,no,full,UK
8080,1 Series,2012,2,196,hybrid,automatic,FWD,151102,4.2,16110,111,5,4,hatchback,white,4,no,full,UK
8081,5 Series,2005,2.2,235,diesel,automatic,RWD,290417,7.5,18827,172,4,5,sedan,black,3,yes,full,UK
8082,X1,2012,1.8,223,diesel,automatic,AWD,163343,6.4,27652,139,5,5,suv,white,5,no,partial,Netherlands
8083,X5,2010,4.2,358,petrol,automatic,AWD,228833,11.3,45658,267,5,5,suv,silver,,yes,partial,Germany
8084,5 Series,2024,4,257,hybrid,automatic,RWD,0,6.4,70101,131,4,5,sedan,black,0,no,full,USA
8085,X7,2023,3.5,259,diesel,automatic,AWD,5283,8.6,133320,178,5,5,suv,black,0,no,full,Italy
8086,7 Series,2005,4.9,427,hybrid,automatic,RWD,163307,7.3,53769,168,4,4,sedan,silver,4,yes,full,USA
8087,X5,2014,4.2,391,diesel,automatic,AWD,150503,9.4,65475,197,5,5,suv,grey,2,no,full,Spain
8088,X3,2018,2,246,petrol,automatic,RWD,162668,7.9,42405,174,5,5,suv,black,4,no,full,UK
8089,i3,2022,0,214,electric,automatic,RWD,570,0,55532,0,5,4,hatchback,white,1,no,partial,USA
8090,3 Series,2011,2.9,237,hybrid,automatic,AWD,143464,5.8,16917,115,4,5,sedan,black,,yes,partial,Turkey
8091,X7,2012,4.2,321,diesel,automatic,AWD,261178,9.6,58801,211,5,5,suv,white,3,yes,full,Turkey
8092,X1,2014,1.7,202,petrol,automatic,AWD,199531,7.6,23656,161,5,5,suv,black,3,yes,full,Netherlands
8093,3 Series,2005,2.3,250,hybrid,manual,RWD,293624,4.5,13948,108,4,5,sedan,,3,yes,full,France
8094,1 Series,2016,1.5,176,hybrid,manual,RWD,85132,4.1,21340,99,5,4,hatchback,grey,3,no,full,UK
8095,X3,2023,3.1,222,hybrid,automatic,RWD,8294,5.7,66382,129,5,5,suv,silver,0,no,full,USA
8096,1 Series,2016,2.7,245,hybrid,manual,FWD,104073,5.3,22038,126,3,5,hatchback,black,4,no,partial,France
8097,i3,2007,0,175,electric,automatic,RWD,185521,0,19824,0,5,4,hatchback,black,4,yes,full,Netherlands
8098,X7,2007,4.3,409,diesel,automatic,AWD,269551,9.4,57927,202,5,5,suv,red,3,no,partial,Spain
8099,X1,2017,2,163,hybrid,automatic,AWD,102558,5.6,32591,126,5,5,suv,black,3,no,full,Turkey
8100,i4,2019,0,367,electric,automatic,RWD,67305,0,73078,0,4,5,coupe,white,2,no,partial,Netherlands
8101,X3,2023,2.7,212,diesel,automatic,AWD,8067,6.4,66251,141,5,5,suv,silver,1,no,full,Italy
8102,3 Series,2024,2.3,231,petrol,automatic,AWD,0,7.2,43268,162,4,5,sedan,white,1,no,full,Turkey
8103,X1,2022,2.3,181,diesel,automatic,FWD,12327,6.5,45905,142,5,5,suv,white,2,no,full,Netherlands
8104,Z4,2010,2.5,254,petrol,automatic,RWD,262186,8.3,30327,173,2,2,convertible,blue,4,yes,partial,France
8105,Z4,2009,2.2,243,petrol,automatic,RWD,233905,8.2,32204,171,2,2,convertible,black,4,no,full,France
8106,X1,2022,1.6,130,diesel,automatic,FWD,20948,5.8,42165,123,5,5,suv,black,1,no,full,Spain
8107,X3,2009,2.4,263,hybrid,automatic,AWD,300000,4.8,24010,115,5,5,suv,grey,5,no,none,UK
8108,1 Series,2009,2.1,210,diesel,automatic,RWD,63716,7.9,15919,186,3,5,hatchback,red,,yes,full,Turkey
8109,5 Series,2005,4.1,349,petrol,automatic,RWD,300000,11.1,22458,252,4,5,sedan,silver,4,no,full,Netherlands
8110,X1,2024,2.2,275,hybrid,automatic,FWD,0,5.3,51824,105,5,5,suv,grey,1,no,partial,USA
8111,X7,2015,3.1,281,hybrid,automatic,AWD,166619,5.9,87075,125,5,5,suv,red,,no,partial,USA
8112,i4,2019,0,326,electric,automatic,RWD,36758,0,69991,0,4,5,coupe,blue,2,no,partial,Turkey
8113,X5,2012,3.2,320,hybrid,automatic,AWD,135323,6.5,43429,135,5,5,suv,black,3,yes,partial,USA
8114,i7,2017,0,384,electric,automatic,RWD,98995,0,118441,0,4,5,sedan,silver,3,no,partial,Turkey
8115,X3,2019,3,309,diesel,automatic,AWD,111199,8.1,52892,183,5,5,suv,black,3,no,full,Italy
8116,7 Series,2021,3.4,285,petrol,automatic,RWD,42109,10.7,104372,223,4,5,sedan,white,1,no,full,France
8117,Z4,2013,2.8,284,petrol,automatic,RWD,129741,9.1,46884,209,2,2,convertible,white,3,no,full,Spain
8118,X7,2014,4.1,346,hybrid,automatic,AWD,96540,6.6,81973,160,5,5,suv,white,2,yes,full,France
8119,3 Series,2023,2.7,275,hybrid,automatic,RWD,7109,5.6,46210,129,4,5,sedan,blue,0,no,full,France
8120,i4,2020,0,439,electric,automatic,RWD,30009,,78373,0,4,5,coupe,silver,0,yes,full,France
8121,1 Series,2009,2.1,184,hybrid,manual,RWD,260615,5.3,6637,114,3,4,hatchback,red,2,no,full,USA
8122,X7,2017,4.2,327,diesel,automatic,AWD,102753,10.6,94521,252,5,5,suv,black,2,no,full,Italy
8123,5 Series,2023,2.8,181,hybrid,automatic,AWD,28085,4.9,59307,95,4,5,sedan,grey,1,no,partial,Italy
8124,7 Series,2018,3.6,290,petrol,automatic,RWD,154031,9.6,76219,195,4,5,sedan,grey,2,yes,partial,Netherlands
8125,X7,2015,3.6,272,petrol,automatic,AWD,169993,9.6,75261,213,5,5,suv,silver,2,yes,full,USA
8126,X5,2021,3.8,353,diesel,automatic,AWD,37820,9.6,79639,216,5,5,suv,black,2,no,full,Spain
8127,7 Series,2005,0,306,electric,automatic,AWD,300000,0,45072,0,4,5,sedan,silver,3,no,partial,UK
8128,X7,2023,4,280,diesel,automatic,AWD,35078,9.5,129484,189,5,5,suv,red,0,no,full,USA
8129,X3,2014,2.1,207,hybrid,automatic,AWD,96230,4.5,40643,103,5,5,suv,black,,no,full,Italy
8130,7 Series,2021,3.6,342,diesel,automatic,AWD,63531,8,103629,184,4,5,sedan,red,0,no,full,Italy
8131,X1,2013,2.4,233,hybrid,automatic,AWD,207557,4.9,25045,105,5,5,suv,grey,3,no,partial,Turkey
8132,i3,2011,0,193,electric,automatic,RWD,196968,0,25162,0,5,4,hatchback,black,2,no,partial,Spain
8133,X3,2017,2.3,244,diesel,automatic,AWD,198404,6.9,39702,150,5,5,suv,white,2,no,partial,Netherlands
8134,X1,2017,1.6,190,diesel,automatic,FWD,117713,6.2,35913,165,5,5,suv,blue,3,no,full,Germany
8135,X1,2007,2,214,petrol,automatic,AWD,189851,8.5,19737,182,5,5,suv,blue,3,yes,full,Germany
8136,X5,2024,3.3,283,petrol,automatic,AWD,0,9.9,99053,210,5,5,suv,black,0,no,full,France
8137,1 Series,2020,2.6,259,petrol,automatic,RWD,53594,8.8,30729,198,5,5,hatchback,black,0,no,full,Germany
8138,1 Series,2015,2,247,diesel,automatic,FWD,181792,7.5,13992,162,3,5,hatchback,white,3,yes,partial,Turkey
8139,X3,2016,3.5,282,diesel,automatic,RWD,138308,8,38098,188,5,5,suv,grey,2,no,none,Netherlands
8140,5 Series,2017,2.4,241,diesel,automatic,AWD,136428,7.1,45561,153,4,5,sedan,red,2,yes,full,UK
8141,5 Series,2013,2.4,265,petrol,automatic,RWD,131701,8.1,37193,163,4,5,sedan,white,3,yes,full,Germany
8142,5 Series,2006,3.5,328,hybrid,automatic,AWD,133887,6.1,33442,155,4,5,sedan,black,4,no,full,Netherlands
8143,3 Series,2019,2.6,205,diesel,automatic,AWD,84874,6.1,24962,128,4,5,sedan,black,,yes,none,Turkey
8144,3 Series,2012,3.2,288,diesel,automatic,AWD,179270,8,24365,167,4,5,sedan,blue,2,no,partial,Netherlands
8145,X3,2016,2,233,diesel,automatic,RWD,50195,6.2,48869,154,5,5,suv,silver,2,no,full,Netherlands
8146,7 Series,2013,3.3,270,hybrid,automatic,AWD,114029,5.9,54758,,4,5,sedan,red,2,yes,none,France
8147,X7,2006,3.4,265,diesel,automatic,AWD,286420,8.5,57300,199,5,5,suv,black,4,no,partial,Germany
8148,1 Series,2016,2.4,251,hybrid,automatic,RWD,109215,5.4,19851,113,5,5,hatchback,white,1,yes,full,UK
8149,X3,2021,2.9,268,diesel,automatic,RWD,40150,8.2,61380,170,5,5,suv,black,1,no,partial,UK
8150,i7,2020,0,535,electric,automatic,RWD,71960,0,177960,0,4,4,sedan,silver,1,no,full,Italy
8151,X5,2024,3.1,315,diesel,automatic,AWD,8197,7.5,84107,157,5,5,suv,silver,1,no,full,Turkey
8152,i3,2018,0,162,electric,automatic,RWD,73987,0,48558,0,5,4,hatchback,silver,1,no,full,France
8153,X5,2013,3.5,277,petrol,automatic,AWD,172161,,53903,221,5,5,suv,white,3,no,full,Netherlands
8154,i4,2024,0,341,electric,automatic,AWD,0,0,96419,0,4,5,coupe,grey,1,no,full,France
8155,X3,2013,2.7,240,diesel,automatic,RWD,107994,7.5,38439,177,5,5,suv,white,5,yes,full,UK
8156,i3,2017,0,175,electric,automatic,RWD,93181,0,45568,0,5,4,hatchback,black,2,no,full,Germany
8157,X1,2015,2.4,202,petrol,automatic,AWD,118731,9.8,34912,213,5,5,suv,black,3,no,full,UK
8158,5 Series,2021,4.3,424,hybrid,automatic,AWD,42339,6.4,64011,147,4,5,sedan,silver,1,no,full,UK
8159,X3,2024,2.5,248,hybrid,automatic,AWD,4206,5.5,61823,118,5,5,suv,black,0,no,none,UK
8160,X1,2010,1.8,182,diesel,automatic,AWD,127461,7,26821,157,5,5,suv,black,4,no,full,Turkey
8161,X1,2017,2.3,180,petrol,automatic,FWD,105082,8.4,39322,178,5,5,suv,black,2,no,full,Germany
8162,X7,2022,3.2,309,hybrid,automatic,AWD,33488,6.1,105174,147,5,5,suv,black,2,yes,full,Netherlands
8163,X7,2023,4.3,390,diesel,automatic,AWD,5448,9.5,132107,195,5,5,suv,black,0,no,full,Spain
8164,i3,2006,0,200,electric,automatic,RWD,190469,0,23033,0,5,4,hatchback,black,,no,full,UK
8165,i3,2014,0,210,electric,automatic,RWD,134623,0,32026,0,5,4,hatchback,blue,3,yes,full,Germany
8166,i7,2008,0,551,electric,automatic,RWD,106002,0,88373,0,4,4,sedan,white,2,,partial,Spain
8167,X1,2010,1.8,172,hybrid,automatic,AWD,158771,4,18873,83,5,5,suv,black,3,no,partial,Spain
8168,X3,2016,2.6,203,diesel,automatic,AWD,164324,7.9,34608,178,5,5,suv,black,2,yes,partial,Germany
8169,X5,2023,4.1,349,diesel,automatic,AWD,4325,9,103926,197,5,5,suv,silver,0,no,full,UK
8170,i4,2010,0,425,electric,automatic,AWD,249742,0,49754,0,4,5,coupe,silver,3,no,partial,USA
8171,X1,2021,2.1,174,petrol,automatic,AWD,55184,8,43795,182,5,5,suv,white,1,no,full,USA
8172,5 Series,2023,3.1,291,hybrid,automatic,AWD,4640,5.4,64814,99,4,5,sedan,black,1,no,full,Turkey
8173,1 Series,2017,2.5,227,diesel,automatic,FWD,49008,7.6,22567,160,3,4,hatchback,silver,3,no,partial,USA
8174,X1,2021,1.6,192,diesel,automatic,FWD,65066,6.2,40685,127,5,5,suv,white,2,no,full,USA
8175,X7,2017,4.3,322,petrol,automatic,AWD,40444,11.5,98144,263,5,5,suv,black,1,no,partial,UK
8176,i4,2009,0,442,electric,automatic,RWD,154020,0,40570,0,4,5,coupe,white,4,yes,partial,Spain
8177,Z4,2015,2.8,218,petrol,manual,RWD,100711,8.5,44561,175,2,2,convertible,black,2,yes,partial,UK
8178,X3,2022,2.4,229,hybrid,automatic,AWD,0,5,62798,107,5,5,suv,white,1,no,full,UK
8179,Z4,2017,2.2,202,petrol,,RWD,89641,8.3,54122,173,2,2,convertible,white,2,no,full,France
8180,3 Series,2024,2.1,214,diesel,automatic,AWD,0,6.6,45748,134,4,5,sedan,white,,no,full,Netherlands
8181,3 Series,2019,3.2,283,hybrid,automatic,RWD,40884,5.5,36429,108,4,5,sedan,silver,3,yes,partial,Italy
8182,X3,2010,2.8,186,diesel,automatic,RWD,157990,7.8,26201,160,5,5,suv,black,3,yes,partial,Turkey
8183,Z4,2012,2.4,220,petrol,automatic,RWD,225352,9.4,33677,225,2,2,convertible,white,2,yes,full,Turkey
8184,7 Series,2016,4.2,335,petrol,automatic,AWD,124336,10.9,80993,246,4,5,sedan,blue,1,no,full,Turkey
8185,i3,2010,0,186,electric,automatic,RWD,176084,0,24773,0,5,4,hatchback,grey,3,yes,partial,USA
8186,7 Series,2013,3.5,348,hybrid,automatic,AWD,114837,6.2,64354,,4,5,sedan,silver,3,yes,partial,Netherlands
8187,1 Series,2020,2.6,230,diesel,automatic,RWD,51333,7.5,28627,168,3,4,hatchback,grey,1,no,full,France
8188,X1,2019,1.6,227,petrol,automatic,FWD,77734,7.2,41972,156,5,5,suv,white,2,no,full,France
8189,5 Series,2018,3,228,hybrid,automatic,RWD,124669,5.4,50006,115,4,5,sedan,blue,2,no,partial,Germany
8190,5 Series,2018,4,355,diesel,automatic,RWD,111960,9.6,51089,209,4,5,sedan,black,2,yes,full,France
8191,X5,2015,3.2,262,petrol,automatic,AWD,137803,9.3,63826,216,5,5,suv,red,1,no,full,Spain
8192,1 Series,2020,2.5,268,petrol,automatic,FWD,76016,8.8,28402,,5,4,hatchback,black,1,no,full,Germany
8193,X3,2014,2.3,181,hybrid,automatic,RWD,87814,4.5,43936,89,5,5,suv,white,2,no,full,Germany
8194,i4,2018,0,353,electric,automatic,AWD,107782,0,63238,,4,5,coupe,silver,4,no,full,Italy
8195,X7,2007,3.6,340,hybrid,automatic,AWD,201862,6.5,67600,135,5,5,suv,black,2,no,partial,Italy
8196,3 Series,2021,1.9,213,hybrid,automatic,AWD,58560,4.3,38002,79,4,5,sedan,black,1,no,full,Spain
8197,i7,2018,0,516,electric,automatic,AWD,119448,0,139210,0,4,5,sedan,silver,2,no,partial,Italy
8198,Z4,2018,2.8,206,petrol,automatic,RWD,121809,9,59839,191,2,2,convertible,red,1,no,,Germany
8199,X3,2022,2.3,305,hybrid,automatic,AWD,58706,5.1,55674,95,5,5,suv,white,1,no,full,Turkey
8200,X7,2018,3.6,338,diesel,automatic,AWD,110557,9.5,83240,216,5,5,suv,silver,4,yes,full,France
8201,5 Series,2014,3.9,323,hybrid,automatic,AWD,135091,6.5,39116,121,4,5,sedan,grey,1,yes,full,Netherlands
8202,Z4,2016,2.4,267,petrol,automatic,RWD,112052,8.6,43005,189,2,2,convertible,white,1,yes,partial,Italy
8203,5 Series,2010,3.7,364,hybrid,automatic,AWD,264430,6.3,33404,148,4,5,sedan,blue,4,no,full,Turkey
8204,1 Series,2018,2.2,217,hybrid,automatic,RWD,95735,5.3,26436,117,3,4,hatchback,grey,2,no,full,Italy
8205,X1,2009,1.8,200,petrol,automatic,FWD,64713,7.7,27531,174,5,5,suv,black,4,yes,full,Italy
8206,Z4,2023,2.9,209,petrol,automatic,RWD,21452,9,67791,195,2,2,convertible,black,0,no,full,Spain
8207,7 Series,2013,0,408,electric,automatic,RWD,171742,0,58847,0,4,5,sedan,black,3,no,none,Turkey
8208,1 Series,2019,2.4,185,hybrid,automatic,FWD,48960,4.7,25470,107,3,4,hatchback,grey,1,no,,Netherlands
8209,X3,2020,3.2,227,petrol,automatic,AWD,90496,9.1,51577,197,5,5,suv,black,2,no,partial,UK
8210,1 Series,2015,2.5,268,hybrid,,FWD,115071,4.8,22003,,3,4,hatchback,grey,1,no,partial,Germany
8211,5 Series,2015,4,331,petrol,automatic,RWD,111331,10.4,42276,218,4,5,sedan,grey,2,no,partial,Netherlands
8212,X3,2011,2.4,244,hybrid,automatic,RWD,225833,5.4,25853,102,5,5,suv,white,3,yes,partial,Turkey
8213,X5,2008,4,332,petrol,automatic,AWD,300000,10.8,40514,236,5,5,suv,black,3,yes,full,Netherlands
8214,1 Series,2020,2.6,266,petrol,automatic,RWD,77275,9.1,25002,205,5,5,hatchback,silver,1,no,full,USA
8215,7 Series,2019,4.6,361,hybrid,automatic,AWD,88346,7.1,68574,147,4,4,sedan,grey,4,yes,partial,Turkey
8216,5 Series,2021,2.5,248,hybrid,automatic,AWD,40225,4.7,50211,104,4,5,sedan,black,1,yes,full,USA
8217,X7,2023,3.2,273,diesel,automatic,AWD,21202,8.2,131067,187,5,5,suv,blue,0,no,full,Italy
8218,X7,2022,4.1,364,hybrid,automatic,AWD,45951,6.3,121637,136,5,5,suv,black,1,no,full,Germany
8219,3 Series,2005,3.5,278,hybrid,automatic,AWD,300000,6,8566,141,4,5,sedan,blue,2,no,partial,UK
8220,5 Series,2021,4.1,335,petrol,automatic,AWD,53056,11.4,71103,274,4,5,sedan,black,1,no,full,Netherlands
8221,i3,2011,0,147,electric,automatic,RWD,157795,0,25350,0,5,4,hatchback,black,3,no,partial,Germany
8222,5 Series,2020,2.4,215,diesel,automatic,AWD,71546,6.8,44809,145,4,5,sedan,grey,2,yes,full,Spain
8223,3 Series,2008,2.2,277,hybrid,automatic,AWD,300000,5,12343,107,4,5,sedan,red,4,no,none,Germany
8224,X1,2013,1.8,224,diesel,automatic,FWD,199374,6.7,25576,157,5,5,suv,white,5,no,partial,Germany
8225,i4,2015,0,158,electric,automatic,RWD,78719,0,50884,0,4,5,coupe,black,1,no,partial,Spain
8226,5 Series,2024,3.6,352,diesel,automatic,AWD,0,8,64338,158,4,5,sedan,black,,no,full,Italy
8227,i7,2021,0,404,electric,automatic,AWD,30888,0,176166,0,4,5,sedan,white,1,no,full,France
8228,7 Series,2009,4.5,391,hybrid,automatic,AWD,268365,7,49100,158,4,5,sedan,,3,no,partial,Spain
8229,5 Series,2010,3.5,272,diesel,automatic,RWD,171637,7.7,34295,190,4,5,sedan,silver,2,no,partial,UK
8230,1 Series,2017,1.7,218,diesel,automatic,FWD,104469,6.2,23744,126,3,5,hatchback,black,3,no,full,Germany
8231,5 Series,2011,3.9,358,petrol,automatic,AWD,114303,,44602,236,4,5,sedan,white,3,no,full,France
8232,X1,2021,1.8,235,diesel,automatic,AWD,56787,6.7,47806,160,5,5,suv,grey,1,no,full,Spain
8233,i7,2021,0,409,electric,automatic,RWD,39928,0,186836,0,4,5,sedan,black,1,,full,France
8234,X7,2019,3.8,324,hybrid,automatic,AWD,56493,6.2,110492,140,5,5,suv,grey,3,,full,France
8235,Z4,2016,2.1,200,petrol,automatic,RWD,120098,7.9,43928,168,2,2,convertible,grey,4,,partial,France
8236,3 Series,2022,2.8,241,diesel,automatic,RWD,39343,7.7,40996,170,4,5,sedan,black,0,no,full,Spain
8237,i7,2018,0,424,electric,automatic,RWD,67690,0,147590,0,4,5,sedan,white,1,no,,USA
8238,X5,2016,4.2,329,hybrid,automatic,AWD,129371,6.8,56709,157,5,5,suv,silver,1,no,none,France
8239,3 Series,2007,1.8,182,hybrid,manual,RWD,243721,4.1,12620,75,4,5,sedan,silver,4,yes,,UK
8240,X1,2022,2.4,274,petrol,automatic,FWD,33723,8.4,51582,177,5,5,suv,silver,,no,full,Spain
8241,3 Series,2020,1.6,180,hybrid,automatic,AWD,87058,4.1,31456,87,4,5,sedan,red,1,no,full,Spain
8242,X3,2005,3.1,209,petrol,automatic,RWD,300000,8.4,16945,188,5,5,suv,silver,4,no,full,France
8243,5 Series,2005,3.3,323,hybrid,automatic,AWD,300000,5.8,17790,118,4,5,sedan,white,2,yes,partial,Italy
8244,X5,2012,4.1,335,petrol,automatic,AWD,214216,10.3,38597,228,5,5,suv,silver,2,yes,none,France
8245,5 Series,2010,4.1,331,hybrid,automatic,AWD,298699,6.6,25878,130,4,5,sedan,black,3,yes,partial,France
8246,X5,2013,3.5,363,hybrid,automatic,AWD,178908,6.2,57321,139,5,5,suv,red,2,no,partial,Germany
8247,X1,2012,1.7,184,hybrid,automatic,FWD,206336,4.3,22046,97,5,5,suv,black,2,yes,partial,Spain
8248,3 Series,2007,2.9,296,petrol,manual,AWD,257764,9,15524,200,4,5,sedan,silver,2,no,none,France
8249,1 Series,2018,1.9,159,hybrid,automatic,FWD,48487,4.1,20686,97,3,5,hatchback,black,1,no,partial,Spain
8250,7 Series,2016,0,339,electric,automatic,RWD,81110,0,85584,0,4,4,sedan,black,2,no,partial,Germany
8251,5 Series,2022,3.3,256,petrol,,RWD,0,9.3,62840,222,4,5,sedan,black,1,no,full,Germany
8252,7 Series,2020,0,346,electric,automatic,RWD,59928,0,113566,0,4,5,sedan,silver,1,no,full,France
8253,Z4,2024,2.2,227,petrol,automatic,RWD,0,8,69643,171,2,2,convertible,silver,0,no,full,Spain
8254,3 Series,2008,1.9,204,hybrid,automatic,AWD,300000,4.6,12333,98,4,5,sedan,silver,2,no,partial,USA
8255,X3,2019,,171,petrol,automatic,RWD,61248,8.9,47110,202,5,5,suv,white,3,no,full,Spain
8256,1 Series,2019,2,210,hybrid,automatic,RWD,142118,4.5,19779,90,5,4,hatchback,silver,1,yes,partial,Netherlands
8257,7 Series,2005,4.9,398,diesel,automatic,AWD,207411,11.1,59023,244,4,5,sedan,white,4,no,partial,Germany
8258,5 Series,2015,3.6,314,hybrid,automatic,AWD,202340,5.9,43218,121,4,5,sedan,black,1,no,full,Germany
8259,1 Series,2015,2.7,176,petrol,manual,RWD,160976,8.8,15986,199,5,5,hatchback,white,2,no,full,France
8260,X3,2024,2.7,249,diesel,automatic,AWD,0,6.8,70509,150,5,5,suv,white,1,no,full,France
8261,X3,2020,2.7,212,petrol,automatic,AWD,43328,7.2,59694,158,5,5,suv,silver,1,no,full,Netherlands
8262,X3,2009,2.7,253,hybrid,automatic,RWD,131438,5.2,34676,103,5,5,suv,blue,3,yes,full,Netherlands
8263,3 Series,2018,3.2,271,petrol,automatic,AWD,61878,9.9,40085,210,4,5,sedan,black,1,no,full,Spain
8264,3 Series,2021,,253,petrol,automatic,RWD,65059,8.7,44591,,4,5,sedan,silver,1,no,full,Italy
8265,5 Series,2008,,253,hybrid,automatic,RWD,96874,5.1,37996,112,4,5,sedan,black,2,no,partial,Italy
8266,i3,2007,0,146,electric,automatic,RWD,289942,0,9819,0,5,4,hatchback,silver,3,yes,none,Turkey
8267,Z4,2013,2.2,196,petrol,automatic,RWD,174295,7.7,38449,171,2,2,convertible,white,3,no,partial,Italy
8268,5 Series,2021,2,145,hybrid,automatic,RWD,35987,4.1,46403,63,4,5,sedan,grey,2,yes,full,USA
8269,5 Series,2012,2.2,247,diesel,automatic,AWD,215990,7.1,26943,160,4,5,sedan,red,3,yes,partial,Turkey
8270,X7,2018,3.6,361,petrol,automatic,AWD,139222,10.2,93693,223,5,5,suv,white,1,no,partial,Italy
8271,X5,2018,3.2,303,petrol,automatic,AWD,33681,9.2,67517,208,5,5,suv,white,1,no,partial,Italy
8272,i3,2018,,183,electric,automatic,RWD,64179,0,37801,0,5,4,hatchback,blue,2,yes,partial,UK
8273,X7,2012,3.9,308,petrol,automatic,AWD,175720,11,70901,247,5,5,suv,grey,3,yes,full,Spain
8274,X7,2008,4.2,370,petrol,automatic,AWD,189807,10.8,77109,246,5,5,suv,grey,3,no,partial,UK
8275,X3,2014,3.1,226,diesel,automatic,RWD,127351,8.5,35816,190,5,5,suv,black,2,yes,partial,Germany
8276,X7,2013,4.1,459,hybrid,automatic,AWD,231711,6.8,74879,142,5,5,suv,black,4,no,partial,Turkey
8277,X5,2006,3.7,356,hybrid,automatic,AWD,300000,7.1,36157,176,5,5,suv,blue,3,,full,Spain
8278,i7,2023,0,555,electric,automatic,RWD,16531,0,191789,0,4,5,sedan,white,0,no,full,Netherlands
8279,X3,2007,3.2,312,hybrid,automatic,AWD,275283,5.9,24989,137,5,5,suv,black,3,no,partial,Netherlands
8280,5 Series,2019,3.8,273,petrol,automatic,RWD,101659,10.7,53411,250,4,5,sedan,blue,2,no,partial,UK
8281,5 Series,2012,3,271,hybrid,automatic,AWD,188688,5.5,35920,122,4,5,sedan,grey,3,no,partial,USA
8282,3 Series,2020,2.9,201,hybrid,automatic,AWD,43770,4.9,35909,113,4,5,sedan,black,0,no,partial,Spain
8283,i7,2019,0,644,electric,automatic,AWD,85929,0,158929,0,4,4,sedan,white,4,no,full,Spain
8284,5 Series,2012,3.6,267,hybrid,automatic,AWD,107891,5.8,43025,130,4,5,sedan,black,4,no,full,UK
8285,i4,2017,0,372,electric,,RWD,131980,0,55278,0,4,5,coupe,blue,3,no,none,Italy
8286,i4,2016,0,259,electric,automatic,AWD,139682,0,59777,0,4,5,coupe,black,1,no,full,Italy
8287,5 Series,2010,2.5,230,petrol,automatic,RWD,210989,8.1,23506,189,4,5,sedan,red,3,yes,none,Netherlands
8288,3 Series,2023,2.4,184,diesel,automatic,AWD,18927,6.8,37005,140,4,5,sedan,silver,0,no,none,Italy
8289,X1,2022,1.8,164,diesel,automatic,AWD,28967,5.6,41151,132,5,5,suv,blue,1,no,partial,Netherlands
8290,5 Series,2019,2.6,237,petrol,automatic,AWD,59906,8.3,43688,181,4,5,sedan,blue,3,no,partial,Italy
8291,X3,2022,3.2,230,hybrid,automatic,AWD,41931,5.7,61569,134,5,5,suv,grey,0,no,full,Netherlands
8292,7 Series,2010,5,412,diesel,automatic,AWD,102939,10.7,73825,233,4,5,sedan,black,2,no,partial,Germany
8293,5 Series,2022,2.7,176,hybrid,automatic,AWD,31202,4.9,46498,109,4,5,sedan,black,2,yes,full,France
8294,X5,2021,4.4,373,hybrid,automatic,AWD,88912,7,59410,152,5,5,suv,black,2,yes,none,Turkey
8295,7 Series,2012,3.2,213,hybrid,automatic,RWD,119764,5.7,60084,134,4,5,sedan,white,3,yes,full,Netherlands
8296,5 Series,2012,3.7,264,diesel,automatic,RWD,221536,8.6,30450,182,4,5,sedan,white,2,yes,partial,USA
8297,5 Series,2023,4,299,diesel,automatic,AWD,9751,9.1,66690,211,4,5,sedan,white,0,no,partial,Italy
8298,X3,2014,2.8,252,hybrid,automatic,RWD,179481,5,43394,99,5,5,suv,grey,1,no,full,Germany
8299,3 Series,2017,1.7,210,petrol,automatic,RWD,97018,8.2,26676,175,4,5,sedan,black,4,no,,USA
8300,X5,2016,3.9,352,hybrid,automatic,AWD,91228,6.3,74796,122,5,5,suv,black,1,no,full,France
8301,X5,2012,4,299,petrol,automatic,AWD,123125,11.1,48159,242,5,5,suv,black,3,yes,partial,USA
8302,X3,2008,3,273,petrol,automatic,RWD,288374,9.3,26765,208,5,5,suv,silver,2,yes,full,Italy
8303,3 Series,2019,2,256,diesel,automatic,RWD,56591,6.1,40944,132,4,5,sedan,black,3,no,full,Germany
8304,1 Series,2018,2,208,petrol,automatic,FWD,80787,7.8,22600,164,5,4,hatchback,grey,2,no,full,Turkey
8305,X3,2020,2.8,313,hybrid,automatic,RWD,16462,6.1,64664,143,5,5,suv,black,1,no,full,USA
8306,X3,2021,3.3,321,diesel,automatic,RWD,45767,8.3,64485,173,5,5,suv,silver,1,no,partial,France
8307,5 Series,2017,3.6,362,petrol,automatic,AWD,137030,10.3,46278,226,4,5,sedan,red,1,,partial,Italy
8308,i3,2014,0,171,electric,,RWD,130481,0,38524,0,5,4,hatchback,white,2,no,full,Turkey
8309,3 Series,2009,1.6,141,petrol,manual,RWD,171380,6.1,17378,136,4,5,sedan,grey,3,no,partial,Germany
8310,i3,2007,0,169,electric,automatic,RWD,300000,0,19804,0,5,4,hatchback,red,5,no,full,UK
8311,X1,2014,1.8,136,petrol,automatic,FWD,185527,6.1,16474,137,5,5,suv,white,3,yes,partial,France
8312,Z4,2005,2.4,216,petrol,,RWD,193746,8.3,28204,186,2,2,convertible,silver,5,yes,full,Germany
8313,5 Series,2007,,149,hybrid,automatic,RWD,300000,4.4,16690,110,4,5,sedan,white,3,yes,full,Turkey
8314,7 Series,2021,4.6,372,hybrid,automatic,RWD,28341,7.2,107358,165,4,4,sedan,silver,1,no,full,USA
8315,Z4,2012,2.9,225,petrol,manual,RWD,120313,8.7,37882,185,2,2,convertible,blue,2,yes,partial,Spain
8316,X1,2020,2.2,194,hybrid,automatic,AWD,25106,5,42896,113,5,5,suv,black,1,no,full,USA
8317,3 Series,2015,2.8,219,hybrid,automatic,AWD,174784,5.3,22230,123,4,5,sedan,white,3,no,partial,Turkey
8318,Z4,2022,2.3,238,petrol,automatic,RWD,28238,8.1,69971,181,2,2,convertible,white,1,no,full,France
8319,1 Series,2023,1.9,140,hybrid,automatic,FWD,24025,5.1,28545,89,5,5,hatchback,black,0,no,full,Spain
8320,5 Series,2019,3.5,323,hybrid,automatic,AWD,82358,5.8,60407,136,4,5,sedan,black,,no,full,Netherlands
8321,3 Series,2009,2.4,213,diesel,automatic,RWD,137492,8.2,24368,178,4,5,sedan,white,3,no,full,Italy
8322,i4,2009,0,290,electric,automatic,AWD,192322,0,33104,0,4,5,coupe,white,4,yes,full,Germany
8323,X7,2021,3.3,289,diesel,automatic,AWD,42837,7.9,113857,185,5,5,suv,white,2,no,full,Turkey
8324,X1,2007,1.7,199,petrol,automatic,FWD,256899,7.1,19443,171,5,5,suv,grey,3,no,full,Spain
8325,3 Series,2016,2.2,196,petrol,automatic,RWD,66805,9.2,31937,209,4,5,sedan,white,1,yes,full,USA
8326,X3,2013,3.2,262,petrol,automatic,AWD,80658,8.6,47807,178,5,5,suv,silver,4,no,full,Germany
8327,5 Series,2012,3.2,229,hybrid,automatic,RWD,91633,6.1,40508,137,4,5,sedan,red,3,no,full,France
8328,Z4,2023,2.8,224,petrol,automatic,RWD,6227,8.9,70694,215,2,2,convertible,black,1,no,full,USA
8329,3 Series,2015,2.1,172,petrol,manual,RWD,107483,8,27993,163,4,5,sedan,white,3,no,full,Germany
8330,1 Series,2013,2.7,188,petrol,manual,FWD,107745,8,17065,169,5,5,hatchback,grey,2,no,partial,Spain
8331,3 Series,2019,2.4,270,hybrid,automatic,AWD,87379,4.8,33619,107,4,5,sedan,white,1,no,none,USA
8332,Z4,2024,2.9,290,petrol,automatic,RWD,10935,9,66659,186,2,2,convertible,white,0,no,partial,France
8333,1 Series,2020,2.1,202,diesel,automatic,RWD,62987,6.8,18993,154,3,4,hatchback,black,1,yes,partial,Turkey
8334,3 Series,2007,3.1,291,diesel,manual,AWD,152607,8.2,20021,183,4,5,sedan,grey,3,yes,full,France
8335,5 Series,2019,3.5,308,diesel,automatic,AWD,100890,7.5,61733,164,4,5,sedan,black,1,no,full,UK
8336,X5,2016,4.1,345,hybrid,automatic,AWD,90796,7.4,54206,180,5,5,suv,black,3,yes,partial,Spain
8337,X3,2020,3.5,278,diesel,automatic,RWD,33833,8.8,53973,199,5,5,suv,black,1,no,partial,France
8338,5 Series,2012,2,194,hybrid,automatic,RWD,139073,4.6,31779,104,4,5,sedan,blue,4,no,none,Germany
8339,Z4,2009,2,216,petrol,automatic,RWD,239061,7.3,33304,165,2,2,convertible,black,3,no,full,Turkey
8340,7 Series,2013,3.8,275,petrol,automatic,AWD,159420,10.7,63729,215,4,4,sedan,white,4,yes,full,Germany
8341,5 Series,2019,2.9,230,hybrid,automatic,RWD,56112,5.2,60978,117,4,5,sedan,red,2,no,full,Germany
8342,1 Series,2010,2,203,hybrid,manual,RWD,117813,4.7,17171,114,5,5,hatchback,black,4,no,full,Germany
8343,3 Series,2014,1.7,146,hybrid,manual,RWD,147556,4.4,17112,103,4,5,sedan,white,4,yes,none,USA
8344,3 Series,2015,1.9,222,petrol,automatic,RWD,78094,7.6,33147,159,4,5,sedan,blue,4,no,full,USA
8345,3 Series,2022,2,234,petrol,automatic,RWD,21185,7.6,41962,154,4,5,sedan,black,0,no,partial,Turkey
8346,X1,2020,1.6,165,diesel,automatic,FWD,17033,5.3,44429,120,5,5,suv,black,1,no,full,Germany
8347,X5,2021,3.7,291,diesel,automatic,AWD,28710,8.8,74183,198,5,5,suv,white,1,yes,full,Turkey
8348,Z4,2011,2.7,309,petrol,manual,RWD,188419,9.4,38300,205,2,2,convertible,blue,4,no,partial,Turkey
8349,7 Series,2021,0,508,electric,automatic,RWD,13461,0,127727,0,4,4,sedan,silver,1,no,full,Italy
8350,3 Series,2007,3.4,278,hybrid,manual,RWD,224658,6,16116,128,4,5,sedan,white,2,no,partial,Spain
8351,Z4,2013,2.2,243,petrol,automatic,RWD,148196,7.9,37266,173,2,2,convertible,blue,4,yes,,Netherlands
8352,Z4,2006,2.7,299,petrol,automatic,RWD,300000,10,25930,219,2,2,convertible,white,2,yes,partial,USA
8353,7 Series,2011,3.2,309,diesel,automatic,RWD,183034,8.3,57738,174,4,5,sedan,black,2,yes,,Italy
8354,5 Series,2009,3.3,356,petrol,automatic,AWD,170575,9.9,41546,227,4,5,sedan,white,2,no,partial,Germany
8355,i4,2020,0,444,electric,automatic,AWD,36786,0,92586,0,4,5,coupe,white,1,no,full,France
8356,1 Series,2019,2.8,248,diesel,automatic,FWD,50281,7.2,29346,172,3,4,hatchback,silver,1,no,partial,France
8357,X3,2019,2.6,260,petrol,automatic,AWD,47262,9.2,50033,224,5,5,suv,blue,1,yes,full,USA
8358,X3,2018,3,207,hybrid,automatic,RWD,26606,5.5,47265,128,5,5,suv,black,2,no,partial,Germany
8359,7 Series,2011,0,338,electric,automatic,RWD,209618,0,57274,0,4,5,sedan,silver,2,no,none,France
8360,5 Series,2018,2.3,192,petrol,automatic,RWD,91977,7,51840,141,4,5,sedan,white,1,no,full,Italy
8361,1 Series,2020,2.1,211,diesel,automatic,RWD,78587,6.7,24866,152,3,4,hatchback,black,0,no,full,Italy
8362,i7,2019,0,670,electric,automatic,RWD,86961,0,165921,0,4,4,sedan,silver,2,no,partial,Germany
8363,3 Series,2012,2.7,269,hybrid,manual,AWD,234985,5.6,23886,134,4,5,sedan,white,,no,full,Spain
8364,X1,2016,2.3,224,petrol,automatic,FWD,147133,8.4,31729,181,5,5,suv,white,,no,full,Italy
8365,3 Series,2009,1.9,202,petrol,automatic,AWD,300000,7.7,9283,153,4,5,sedan,white,3,no,partial,Italy
8366,5 Series,2012,2.3,191,hybrid,automatic,RWD,191273,4.9,32751,129,4,5,sedan,white,2,no,full,Germany
8367,1 Series,2014,2.1,179,hybrid,manual,RWD,160444,4.6,13570,108,3,4,hatchback,blue,4,no,,Italy
8368,X1,2024,2.4,198,hybrid,automatic,FWD,7252,4.9,47379,90,5,5,suv,silver,0,no,full,Turkey
8369,3 Series,2021,2.7,218,petrol,automatic,AWD,55105,9.3,39800,192,4,5,sedan,red,1,no,full,France
8370,Z4,2014,2.6,243,petrol,automatic,RWD,218134,8.5,42090,171,2,2,convertible,silver,3,no,full,UK
8371,7 Series,2013,0,360,electric,automatic,AWD,171102,0,76613,0,4,5,sedan,white,3,no,partial,France
8372,3 Series,2024,3.3,309,hybrid,manual,RWD,0,6.5,52796,150,4,5,sedan,silver,0,no,full,UK
8373,5 Series,2019,2.5,253,hybrid,automatic,RWD,73083,5.7,47450,121,4,5,sedan,white,2,no,none,USA
8374,1 Series,2020,,218,petrol,automatic,RWD,43538,8.6,26696,175,3,5,hatchback,red,1,no,full,UK
8375,X1,2024,2.5,258,petrol,automatic,AWD,6092,8.8,57472,200,5,5,suv,white,0,no,full,USA
8376,3 Series,2018,1.7,134,petrol,automatic,AWD,83614,6.2,23800,156,4,5,sedan,white,2,no,none,Italy
8377,X5,2014,3.7,309,petrol,automatic,AWD,114763,10.6,61134,224,5,5,suv,black,1,no,partial,Netherlands
8378,7 Series,2011,4.8,416,hybrid,automatic,AWD,168333,,72063,155,4,5,sedan,blue,2,no,full,Turkey
8379,3 Series,2022,3,346,hybrid,automatic,RWD,22056,5.3,45404,109,4,5,sedan,white,0,no,partial,Italy
8380,1 Series,2020,1.7,201,diesel,automatic,RWD,34907,6.6,27430,133,5,5,hatchback,white,1,no,full,Germany
8381,Z4,2013,2.4,219,petrol,manual,RWD,78589,8.1,46027,193,2,2,convertible,white,4,no,partial,UK
8382,3 Series,2021,2.8,268,diesel,,RWD,31112,8.2,49723,179,4,5,sedan,grey,0,no,full,UK
8383,3 Series,2018,3.2,256,petrol,automatic,RWD,72838,8.8,32503,185,4,5,sedan,white,1,no,partial,Turkey
8384,X1,2009,1.7,212,diesel,automatic,FWD,268677,6.2,18506,133,5,5,suv,white,4,yes,partial,Italy
8385,X1,2022,2,186,petrol,automatic,AWD,8151,7.3,51022,157,5,5,suv,black,0,no,full,USA
8386,X3,2010,2.2,230,diesel,automatic,AWD,300000,6.7,29887,,5,5,suv,black,,no,partial,USA
8387,X5,2009,3.1,255,petrol,automatic,AWD,300000,9.6,39867,199,5,5,suv,black,3,no,full,Turkey
8388,7 Series,2019,5,463,diesel,automatic,AWD,96897,10.9,78052,247,4,5,sedan,grey,1,no,none,Spain
8389,i3,2022,0,170,electric,automatic,RWD,24682,0,58966,0,5,4,hatchback,black,1,no,full,Spain
8390,1 Series,2018,2.1,181,petrol,automatic,FWD,105572,7.8,20295,183,5,5,hatchback,white,4,no,full,Italy
8391,X5,2021,4.3,402,hybrid,automatic,AWD,76780,6.6,82715,152,5,5,suv,black,1,no,full,Italy
8392,X3,2016,2.1,212,diesel,automatic,AWD,159264,6.4,30588,137,5,5,suv,black,2,yes,none,Turkey
8393,X3,2008,2.8,253,petrol,automatic,AWD,230477,9.3,29017,197,5,5,suv,white,3,no,partial,Turkey
8394,5 Series,2022,4,333,diesel,automatic,RWD,32637,9.2,66979,190,4,5,sedan,,1,no,full,Spain
8395,7 Series,2021,3.3,274,petrol,,AWD,21850,9.1,99437,193,4,5,sedan,blue,2,no,full,Spain
8396,5 Series,2008,4,355,petrol,automatic,AWD,212416,10.7,31428,231,4,5,sedan,silver,5,no,none,UK
8397,X1,2012,,251,petrol,automatic,AWD,118439,9.2,29033,202,5,5,suv,red,2,yes,partial,Germany
8398,X5,2009,3.2,285,diesel,automatic,AWD,198009,8.8,36024,182,5,5,suv,white,4,yes,none,Netherlands
8399,5 Series,2016,3.5,294,petrol,automatic,AWD,189531,10.5,41834,229,4,5,sedan,white,1,no,partial,UK
8400,3 Series,2020,2.1,203,hybrid,automatic,RWD,109415,4.9,35058,127,4,5,sedan,white,1,no,full,Germany
8401,7 Series,2019,3.7,354,petrol,automatic,AWD,105854,9.4,95981,200,4,4,sedan,blue,2,no,partial,Netherlands
8402,5 Series,2020,3.4,291,petrol,automatic,RWD,56231,9.4,59211,204,4,5,sedan,black,1,no,partial,Germany
8403,X5,2021,3.1,294,hybrid,automatic,AWD,69068,6.1,72105,137,5,5,suv,blue,0,yes,full,UK
8404,X3,2014,2.4,207,petrol,automatic,RWD,151573,8,41021,175,5,5,suv,silver,2,no,full,Italy
8405,3 Series,2016,1.7,146,diesel,manual,RWD,118333,6.6,25316,146,4,5,sedan,black,3,no,full,Italy
8406,5 Series,2006,2.8,246,diesel,automatic,RWD,300000,7.3,18836,150,4,5,sedan,blue,5,yes,partial,Spain
8407,X5,2015,3.5,341,hybrid,automatic,AWD,83812,6.2,75253,125,5,5,suv,,1,no,partial,USA
8408,5 Series,2018,3,271,petrol,automatic,RWD,68766,,47928,207,4,5,sedan,white,1,yes,partial,UK
8409,i7,2019,0,460,electric,automatic,RWD,51169,0,186972,0,4,4,sedan,silver,1,no,full,USA
8410,X1,2014,2.2,240,diesel,automatic,AWD,162286,7.5,29014,159,5,5,suv,white,2,no,none,Germany
8411,5 Series,2010,3.2,209,diesel,automatic,RWD,215686,9,33865,192,4,5,sedan,silver,3,no,full,USA
8412,7 Series,2017,4.4,333,hybrid,automatic,AWD,98165,7.1,93230,165,4,5,sedan,silver,2,yes,full,Germany
8413,i3,2024,0,199,electric,automatic,RWD,0,0,75150,0,5,4,hatchback,black,1,no,full,UK
8414,5 Series,2012,2.9,319,hybrid,automatic,RWD,179639,5.5,41372,111,4,5,sedan,black,2,no,full,Italy
8415,X5,2014,3.9,344,hybrid,automatic,AWD,111837,5.9,62026,121,5,5,suv,silver,2,no,none,France
8416,X1,2012,1.5,126,petrol,automatic,FWD,234518,5.7,14661,129,5,5,suv,blue,4,no,partial,Germany
8417,X7,2018,3.3,259,petrol,automatic,AWD,106293,9,95359,206,5,5,suv,black,1,no,partial,Netherlands
8418,1 Series,2017,2.5,218,petrol,automatic,FWD,113305,8.5,18681,199,5,5,hatchback,blue,1,no,partial,Germany
8419,5 Series,2014,3.8,371,petrol,automatic,RWD,208787,10.2,50966,,4,5,sedan,blue,2,no,full,Turkey
8420,X5,2008,3.2,285,petrol,automatic,AWD,195758,9.7,50922,,5,5,suv,red,3,no,full,Netherlands
8421,5 Series,2017,2.9,279,hybrid,automatic,AWD,129608,6.2,53505,129,4,5,sedan,blue,2,no,full,Netherlands
8422,i7,2019,0,446,electric,automatic,RWD,101330,0,103865,0,4,4,sedan,black,2,yes,none,Spain
8423,X3,2018,2.3,246,hybrid,automatic,AWD,79127,4.9,47862,101,5,5,suv,silver,3,no,partial,Germany
8424,5 Series,2005,2.7,231,petrol,automatic,AWD,158703,8.8,27187,208,4,5,sedan,white,4,no,full,Spain
8425,X5,2020,3.4,285,hybrid,automatic,AWD,25367,5.4,78126,126,5,5,suv,black,1,no,full,Turkey
8426,7 Series,2011,3.4,279,diesel,automatic,AWD,195717,8.5,46558,196,4,4,sedan,black,5,yes,partial,Turkey
8427,7 Series,2021,0,446,electric,automatic,AWD,39419,0,131339,0,4,4,sedan,,0,no,full,Italy
8428,Z4,2017,2,229,petrol,,RWD,127272,7.4,58638,166,2,2,convertible,red,3,no,full,Netherlands
8429,1 Series,2017,2.9,210,diesel,automatic,FWD,163457,7.8,16328,175,5,5,hatchback,black,3,yes,full,USA
8430,5 Series,2021,3.6,362,diesel,automatic,RWD,38821,8.4,63396,181,4,5,sedan,silver,0,no,full,Italy
8431,1 Series,2020,2.6,248,diesel,automatic,RWD,67909,7.7,29025,164,3,4,hatchback,white,1,no,full,USA
8432,5 Series,2009,2.1,221,petrol,automatic,RWD,203164,8.4,27772,174,4,5,sedan,black,3,yes,full,USA
8433,X7,2023,3.8,329,diesel,automatic,AWD,10467,9,123272,205,5,5,suv,black,0,no,partial,Netherlands
8434,X7,2024,3.3,262,petrol,automatic,AWD,0,10.3,130776,216,5,5,suv,red,0,no,full,Spain
8435,X7,2017,3.6,355,diesel,automatic,AWD,89992,8.1,96462,173,5,5,suv,white,3,no,partial,France
8436,5 Series,2020,4.4,349,diesel,automatic,AWD,67844,9.3,62616,218,4,5,sedan,silver,1,no,full,Netherlands
8437,X7,2011,,284,diesel,automatic,AWD,268369,8.1,67082,187,5,5,suv,silver,3,no,partial,France
8438,5 Series,2017,2.5,167,petrol,automatic,RWD,33390,,52442,209,4,5,sedan,grey,1,no,full,UK
8439,Z4,2015,2.3,169,petrol,manual,RWD,198929,7.9,37808,171,2,2,convertible,white,2,yes,full,Netherlands
8440,5 Series,2018,3.2,294,petrol,automatic,AWD,94160,9.6,48659,207,4,5,sedan,white,2,yes,full,USA
8441,X1,2023,1.7,208,petrol,automatic,FWD,0,8.1,52350,169,5,5,suv,white,0,no,full,Italy
8442,X5,2016,3.2,277,hybrid,automatic,AWD,106017,5.9,69858,139,5,5,suv,blue,1,no,partial,Germany
8443,5 Series,2021,4,355,hybrid,automatic,RWD,44986,6.8,57824,140,4,5,sedan,white,2,no,full,Spain
8444,X5,2007,3.3,277,hybrid,automatic,AWD,157357,6.2,35311,129,5,5,suv,white,3,yes,partial,Turkey
8445,5 Series,2015,3.8,314,hybrid,automatic,RWD,151802,6.4,38091,141,4,5,sedan,blue,3,yes,full,France
8446,X3,2019,2.4,198,diesel,automatic,RWD,88237,6.6,54356,140,5,5,suv,white,1,no,full,Netherlands
8447,7 Series,2022,4.5,370,petrol,automatic,AWD,31332,11.6,103821,270,4,5,sedan,black,2,no,partial,Germany
8448,X7,2016,3.6,302,petrol,automatic,AWD,152877,10,80607,214,5,5,suv,black,1,no,partial,Turkey
8449,3 Series,2014,3,251,hybrid,manual,AWD,146340,6.4,25489,131,4,5,sedan,white,2,no,full,France
8450,X7,2021,3.2,265,hybrid,automatic,AWD,46972,5.6,111700,126,5,5,suv,red,1,yes,full,UK
8451,X3,2006,2.3,265,petrol,automatic,RWD,262337,7.9,22120,174,5,5,suv,white,5,no,none,Netherlands
8452,X3,2020,2.9,261,diesel,automatic,RWD,37339,7.4,62608,,5,5,suv,white,1,no,full,Italy
8453,X3,2020,3.2,244,petrol,automatic,AWD,74396,9.7,61458,216,5,5,suv,red,2,no,full,Germany
8454,X3,2010,3.4,282,petrol,automatic,AWD,88776,9.2,35412,195,5,5,suv,black,5,yes,full,Italy
8455,i4,2013,0,374,electric,automatic,RWD,257022,0,42282,0,4,5,coupe,grey,3,no,partial,France
8456,1 Series,2024,1.8,193,hybrid,,FWD,14842,4.3,28919,104,5,4,hatchback,white,1,no,full,France
8457,1 Series,2022,3,280,petrol,automatic,RWD,38165,10,33802,232,5,5,hatchback,,1,no,full,Italy
8458,3 Series,2021,2.7,263,diesel,automatic,AWD,60878,7.3,38189,168,4,5,sedan,white,1,no,full,Turkey
8459,i3,2020,0,174,electric,automatic,RWD,47411,0,55090,0,5,4,hatchback,white,1,no,full,Spain
8460,X5,2024,3.4,312,hybrid,,AWD,23389,6.3,98834,128,5,5,suv,silver,0,no,full,USA
8461,5 Series,2005,3.2,314,diesel,automatic,RWD,300000,7,19619,143,4,5,sedan,black,2,yes,none,Turkey
8462,5 Series,2017,2.9,290,hybrid,automatic,RWD,160910,5.8,44617,122,4,5,sedan,white,1,no,full,Turkey
8463,i4,2013,0,379,electric,automatic,RWD,128252,0,44695,0,4,5,coupe,black,3,yes,partial,Italy
8464,i4,2019,0,349,electric,automatic,RWD,100566,0,68504,0,4,5,coupe,silver,1,yes,partial,UK
8465,X7,2023,3.3,312,hybrid,automatic,AWD,4448,6.3,135542,143,5,5,suv,black,0,no,full,Spain
8466,X7,2013,4,366,petrol,automatic,AWD,190757,11.2,65701,259,5,5,suv,silver,4,yes,full,Turkey
8467,3 Series,2016,1.7,205,hybrid,automatic,RWD,123908,4,32495,93,4,5,sedan,silver,1,no,full,Netherlands
8468,X3,2015,3,311,petrol,automatic,AWD,68565,9.8,43425,220,5,5,suv,red,4,no,partial,Turkey
8469,7 Series,2011,0,401,electric,automatic,RWD,187597,0,53850,0,4,4,sedan,silver,3,yes,partial,France
8470,X5,2009,3.3,298,diesel,automatic,AWD,300000,8.5,39579,190,5,5,suv,black,3,no,full,Netherlands
8471,X5,2023,4.2,348,petrol,automatic,AWD,3150,10.6,84129,237,5,5,suv,black,0,no,partial,Netherlands
8472,5 Series,2005,3.9,324,hybrid,automatic,AWD,300000,7.2,17278,146,4,5,sedan,black,3,yes,none,UK
8473,X5,2008,,340,diesel,automatic,AWD,211724,9.2,48987,213,5,5,suv,blue,2,no,full,Turkey
8474,1 Series,2012,1.9,150,petrol,automatic,RWD,188649,7.6,10325,164,3,4,hatchback,white,2,no,partial,Netherlands
8475,5 Series,2016,2.4,210,hybrid,automatic,AWD,104598,5.5,37898,120,4,5,sedan,black,3,no,none,Italy
8476,i4,2007,0,374,electric,automatic,RWD,300000,0,32749,0,4,5,coupe,blue,5,no,full,USA
8477,1 Series,2019,2.3,230,hybrid,manual,RWD,94783,5,24028,100,5,4,hatchback,red,2,no,full,Netherlands
8478,3 Series,2008,3.2,259,petrol,manual,RWD,283138,9.6,11716,212,4,5,sedan,black,4,no,none,Netherlands
8479,X3,2023,2.6,172,hybrid,automatic,RWD,4428,4.9,59265,110,5,5,suv,grey,1,no,full,France
8480,5 Series,2022,3.4,355,petrol,automatic,RWD,41506,10.4,72176,217,4,5,sedan,red,0,no,full,Germany
8481,3 Series,2012,3.3,332,hybrid,automatic,RWD,230220,5.6,25887,131,4,5,sedan,grey,3,no,partial,Netherlands
8482,i3,2012,0,158,electric,automatic,RWD,90753,0,28582,0,5,4,hatchback,silver,4,yes,full,Spain
8483,X1,2009,1.9,240,hybrid,automatic,AWD,149179,4.5,25223,79,5,5,suv,grey,3,no,,UK
8484,3 Series,2022,2,145,petrol,manual,AWD,46801,7.4,30110,157,4,5,sedan,black,2,yes,partial,Germany
8485,X7,2021,4,383,hybrid,automatic,AWD,61437,6.5,117818,147,5,5,suv,white,0,no,,Turkey
8486,Z4,2005,2.7,218,petrol,automatic,RWD,137951,8.9,34661,205,2,2,convertible,black,2,no,full,USA
8487,i3,2023,0,137,electric,automatic,RWD,10343,0,62861,0,5,4,hatchback,silver,0,no,full,Germany
8488,X3,2016,2.8,294,hybrid,automatic,RWD,86545,5.9,48538,131,5,5,suv,black,2,no,full,Turkey
8489,1 Series,2024,2.2,179,diesel,automatic,FWD,0,6.7,32527,175,3,4,hatchback,grey,0,no,full,Spain
8490,5 Series,2023,4.1,304,hybrid,automatic,RWD,22944,6.8,64253,153,4,5,sedan,blue,0,no,full,Spain
8491,3 Series,2012,1.8,189,hybrid,automatic,RWD,62249,4.4,22730,105,4,5,sedan,white,3,yes,partial,France
8492,i4,2010,0,502,electric,automatic,AWD,212802,0,48105,0,4,5,coupe,blue,4,no,full,USA
8493,5 Series,2021,2.4,219,petrol,automatic,RWD,53118,8.1,55401,166,4,5,sedan,black,1,no,full,Spain
8494,Z4,2023,2.6,216,petrol,automatic,RWD,7970,8.9,60360,184,2,2,convertible,blue,0,yes,full,UK
8495,X1,2017,,207,petrol,automatic,AWD,62362,8.2,32957,175,5,5,suv,black,4,yes,partial,France
8496,5 Series,2022,3.1,334,hybrid,automatic,AWD,12440,6.2,64770,145,4,5,sedan,black,0,no,full,Turkey
8497,1 Series,2008,,192,diesel,manual,FWD,235670,6.9,2857,156,5,4,hatchback,grey,5,yes,none,Turkey
8498,7 Series,2017,0,457,electric,automatic,RWD,64107,0,111487,0,4,5,sedan,black,2,no,full,USA
8499,3 Series,2024,1.7,186,diesel,automatic,RWD,1612,5.9,40789,147,4,5,sedan,grey,0,no,partial,Netherlands
8500,3 Series,2012,3.3,358,diesel,automatic,RWD,267996,8.5,24049,177,4,5,sedan,silver,3,yes,partial,Netherlands
8501,5 Series,2018,3.6,334,hybrid,automatic,RWD,63219,5.8,59900,129,4,5,sedan,white,3,,full,Germany
8502,7 Series,2022,3.6,317,petrol,automatic,AWD,3240,10.3,108774,220,4,4,sedan,grey,2,no,full,USA
8503,3 Series,2011,2.8,215,hybrid,manual,RWD,290293,5.2,15254,121,4,5,sedan,red,4,no,none,Italy
8504,X3,2013,3,275,hybrid,automatic,RWD,165263,6.1,44365,127,5,5,suv,,2,no,partial,USA
8505,1 Series,2006,2.2,238,diesel,manual,FWD,237410,6.9,11198,142,3,4,hatchback,white,3,no,full,Netherlands
8506,7 Series,2016,3.9,310,petrol,automatic,RWD,140392,10.5,86765,246,4,4,sedan,white,2,no,full,Spain
8507,X7,2023,3.1,227,hybrid,automatic,AWD,21155,5.8,122067,134,5,5,suv,red,0,no,full,Netherlands
8508,X5,2011,3.8,266,hybrid,automatic,AWD,242991,6.4,34447,141,5,5,suv,grey,3,yes,none,Turkey
8509,i4,2024,0,392,electric,automatic,AWD,0,0,85573,0,4,5,coupe,blue,0,no,full,Turkey
8510,Z4,2021,2.4,223,petrol,automatic,RWD,44556,8.5,63627,212,2,2,convertible,red,1,no,full,France
8511,5 Series,2013,4.1,332,hybrid,automatic,RWD,206380,7.1,34668,159,4,5,sedan,blue,2,yes,full,UK
8512,X3,2015,3.2,273,petrol,automatic,AWD,48845,9.5,53186,209,5,5,suv,black,1,no,full,Spain
8513,X5,2012,3.2,345,petrol,automatic,AWD,130897,9.6,40186,214,5,5,suv,grey,3,yes,none,Turkey
8514,i7,2024,0,391,electric,automatic,AWD,12320,0,198136,0,4,5,sedan,black,1,no,full,Spain
8515,1 Series,2024,2.4,200,hybrid,automatic,RWD,0,4.8,29477,98,3,5,hatchback,blue,0,no,partial,Italy
8516,X3,2023,2.2,256,diesel,automatic,AWD,11283,6.5,59493,124,5,5,suv,white,0,no,full,Italy
8517,X1,2015,1.7,170,hybrid,automatic,AWD,63229,4.6,31915,99,5,5,suv,grey,2,yes,full,France
8518,1 Series,2011,2.6,221,hybrid,automatic,RWD,227547,5.6,9709,141,5,5,hatchback,black,2,yes,full,France
8519,X1,2017,1.5,176,hybrid,automatic,AWD,110838,3.7,34686,77,5,5,suv,red,2,no,partial,Netherlands
8520,3 Series,2022,3.2,281,petrol,automatic,RWD,24951,9,45690,199,4,5,sedan,red,0,no,full,Turkey
8521,5 Series,2005,4,374,hybrid,automatic,AWD,225732,7.2,34372,156,4,5,sedan,,,no,full,Germany
8522,3 Series,2007,2.6,239,diesel,automatic,AWD,228728,7.5,10444,166,4,5,sedan,black,3,yes,partial,Italy
8523,5 Series,2009,2.8,374,diesel,automatic,RWD,174695,8.7,40617,186,4,5,sedan,grey,3,no,full,USA
8524,3 Series,2024,3.2,291,petrol,automatic,RWD,4839,9.2,43211,207,4,5,sedan,white,0,no,partial,UK
8525,3 Series,2013,1.8,189,diesel,automatic,AWD,127808,6.9,21698,141,4,5,sedan,grey,5,no,partial,UK
8526,i3,2013,0,197,electric,automatic,RWD,177156,0,24444,0,5,4,hatchback,silver,3,yes,,Netherlands
8527,3 Series,2006,3.4,260,petrol,manual,RWD,300000,9.3,15652,199,4,5,sedan,black,4,no,,Turkey
8528,X3,2008,2.8,301,petrol,automatic,AWD,234179,9.8,24918,234,5,5,suv,black,4,yes,none,USA
8529,i3,2024,0,199,electric,automatic,RWD,17412,0,62123,0,5,4,hatchback,silver,0,no,full,Spain
8530,i4,2014,0,397,electric,automatic,RWD,136870,0,50198,0,4,5,coupe,black,2,yes,full,Turkey
8531,X3,2021,2.2,219,petrol,automatic,RWD,44385,9.9,56402,215,5,5,suv,white,1,no,full,Spain
8532,5 Series,2006,3.8,334,diesel,automatic,AWD,300000,8.8,19634,191,4,5,sedan,white,4,yes,none,Spain
8533,Z4,2005,2.8,246,petrol,manual,RWD,227194,9.6,20639,212,2,2,convertible,red,5,yes,partial,Germany
8534,i3,2023,0,182,electric,automatic,RWD,5220,0,66299,0,5,4,hatchback,blue,0,no,full,Germany
8535,5 Series,2018,4,328,petrol,automatic,AWD,103908,10.3,50539,209,4,5,sedan,red,4,no,partial,UK
8536,Z4,2024,2.4,261,petrol,automatic,RWD,0,8.5,72305,198,2,2,convertible,grey,1,no,,Spain
8537,X1,2019,1.5,163,petrol,automatic,FWD,97255,7,38941,148,5,5,suv,white,2,no,full,USA
8538,7 Series,2021,4.8,427,petrol,automatic,AWD,46257,11.7,118773,251,4,5,sedan,silver,1,no,full,UK
8539,X3,2016,2.6,233,petrol,automatic,AWD,129983,7.5,43683,164,5,5,suv,silver,2,no,full,Netherlands
8540,i7,2015,0,405,electric,automatic,RWD,156684,0,115009,0,4,4,sedan,white,2,no,partial,Germany
8541,X1,2020,1.9,140,diesel,automatic,FWD,59410,5.8,38002,129,5,5,suv,white,0,no,full,Netherlands
8542,1 Series,2019,1.9,222,hybrid,automatic,FWD,137730,4.2,21878,96,5,4,hatchback,blue,1,no,partial,Germany
8543,5 Series,2015,4,325,petrol,automatic,AWD,127626,10,48531,208,4,5,sedan,white,3,no,full,Spain
8544,X1,2022,2.3,271,petrol,automatic,FWD,11618,7.8,43766,164,5,5,suv,silver,2,no,partial,Italy
8545,1 Series,2007,1.7,205,hybrid,manual,FWD,300000,4.4,3138,91,3,5,hatchback,silver,2,yes,partial,Spain
8546,i7,2015,0,508,electric,automatic,AWD,183246,0,117590,0,4,4,sedan,black,3,yes,full,Spain
8547,X1,2016,2.3,219,diesel,automatic,AWD,168583,7.3,30780,151,5,5,suv,silver,3,no,full,Turkey
8548,X1,2009,2.3,241,diesel,automatic,AWD,239125,7,18366,150,5,5,suv,blue,2,no,none,Italy
8549,X7,2024,4.1,297,hybrid,automatic,AWD,23839,6,126813,128,5,5,suv,,0,no,full,Spain
8550,X3,2014,2.7,318,hybrid,automatic,RWD,124225,5.4,39521,110,5,5,suv,white,3,no,partial,Germany
8551,X5,2015,3.5,228,hybrid,automatic,AWD,221232,6.1,50581,139,5,5,suv,blue,1,no,partial,France
8552,1 Series,2019,2.8,221,petrol,automatic,FWD,66275,8.1,24899,172,3,5,hatchback,black,1,no,none,USA
8553,3 Series,2009,2.1,179,petrol,automatic,RWD,126894,8.5,20319,192,4,5,sedan,grey,4,no,full,UK
8554,3 Series,2011,2.5,218,petrol,manual,AWD,188136,9,19491,196,4,5,sedan,white,4,yes,partial,Italy
8555,5 Series,2020,2.7,257,diesel,automatic,AWD,52674,7.6,56921,163,4,5,sedan,black,1,,full,Spain
8556,3 Series,2009,1.8,203,hybrid,manual,AWD,259550,4.4,16814,99,4,5,sedan,grey,2,no,full,USA
8557,i3,2019,0,160,electric,automatic,RWD,115398,0,40627,0,5,4,hatchback,grey,4,no,partial,Turkey
8558,5 Series,2014,2.4,229,diesel,automatic,RWD,213272,6.9,40812,151,4,5,sedan,black,2,no,full,Germany
8559,1 Series,2014,2.6,204,diesel,manual,FWD,130146,6.8,19347,147,3,4,hatchback,red,,no,full,France
8560,X5,2023,3.6,299,petrol,automatic,AWD,26933,10.2,81386,217,5,5,suv,white,0,no,none,Germany
8561,3 Series,2016,3.2,334,diesel,automatic,AWD,159276,8.8,28470,189,4,5,sedan,blue,3,yes,full,Italy
8562,7 Series,2017,0,419,electric,automatic,AWD,88177,0,98601,0,4,4,sedan,white,2,no,full,Spain
8563,1 Series,2008,2.3,167,hybrid,automatic,RWD,151857,4.9,9550,116,5,5,hatchback,black,2,yes,partial,Spain
8564,5 Series,2020,3.7,348,petrol,automatic,RWD,50106,10.2,55671,210,4,5,sedan,black,1,no,full,Spain
8565,5 Series,2019,3.3,327,diesel,automatic,RWD,70695,8.8,55515,195,4,5,sedan,white,3,no,full,Spain
8566,3 Series,2022,3.4,287,diesel,automatic,AWD,31825,8,39221,173,4,5,sedan,grey,1,no,partial,Italy
8567,Z4,2020,2.1,149,petrol,automatic,RWD,16119,8.4,64365,,2,2,convertible,grey,1,no,full,Spain
8568,X5,2011,3.4,353,hybrid,automatic,AWD,139176,6.2,58101,149,5,5,suv,white,2,no,partial,USA
8569,i3,2024,0,214,electric,automatic,RWD,0,0,64175,0,5,4,hatchback,white,1,no,full,France
8570,X3,2021,3.2,234,petrol,automatic,RWD,71325,9.6,61739,226,5,5,suv,silver,1,no,full,Spain
8571,X5,2008,3.9,295,petrol,automatic,AWD,70451,10.1,47253,225,5,5,suv,blue,4,no,partial,Turkey
8572,3 Series,2005,2.4,255,diesel,manual,RWD,241148,6.7,11271,144,4,5,sedan,grey,3,yes,partial,USA
8573,X1,2011,2.3,193,petrol,automatic,AWD,296301,8.4,20784,177,5,5,suv,silver,4,no,partial,Netherlands
8574,X5,2018,4,366,diesel,automatic,AWD,111046,8.8,65467,189,5,5,suv,black,2,no,partial,Turkey
8575,i4,2017,0,303,electric,automatic,RWD,96902,0,59757,0,4,5,coupe,grey,3,no,full,USA
8576,3 Series,2024,1.6,204,petrol,automatic,AWD,19345,7,49417,156,4,5,sedan,silver,0,no,full,UK
8577,X3,2022,2.2,199,petrol,automatic,AWD,15929,8.5,58612,198,5,5,suv,black,1,no,full,Spain
8578,X3,2024,3,269,diesel,automatic,AWD,0,8.3,71067,188,5,5,suv,red,0,no,full,Spain
8579,X7,2020,3,266,diesel,automatic,AWD,40501,8.1,109535,192,5,5,suv,red,1,no,full,Italy
8580,X1,2023,1.9,172,hybrid,automatic,AWD,22241,3.9,47110,89,5,5,suv,white,1,no,full,Spain
8581,i3,2014,0,186,electric,automatic,RWD,156535,0,27080,0,5,4,hatchback,white,2,no,none,Italy
8582,5 Series,2019,3.2,319,diesel,automatic,RWD,66446,8.7,60034,,4,5,sedan,white,1,no,full,France
8583,5 Series,2014,3.4,248,diesel,automatic,RWD,138433,8.3,41556,186,4,5,sedan,grey,2,no,full,Netherlands
8584,Z4,2022,2.9,300,petrol,automatic,RWD,45354,9.5,64671,198,2,2,convertible,grey,0,no,partial,UK
8585,X1,2021,1.7,206,petrol,automatic,AWD,44747,7.1,44946,157,5,5,suv,grey,1,no,full,USA
8586,7 Series,2015,4.2,356,diesel,automatic,RWD,209576,8.9,75225,187,4,4,sedan,grey,1,no,partial,Italy
8587,7 Series,2005,0,505,electric,automatic,RWD,300000,0,53171,0,4,4,sedan,black,3,no,partial,Italy
8588,3 Series,2017,2.7,292,diesel,manual,AWD,156843,7.2,29369,166,4,5,sedan,black,1,yes,partial,Italy
8589,1 Series,2005,1.8,166,petrol,automatic,FWD,300000,7.9,2640,186,3,4,hatchback,black,4,yes,partial,Italy
8590,X5,2017,3.3,235,hybrid,automatic,AWD,81865,6,57313,145,5,5,suv,silver,2,yes,full,Spain
8591,5 Series,2018,3.8,282,diesel,automatic,RWD,74169,8.8,59720,187,4,5,sedan,black,1,no,full,USA
8592,X3,2020,2.6,190,diesel,automatic,AWD,64875,7,52003,157,5,5,suv,silver,0,no,partial,Italy
8593,X3,2022,2.1,283,petrol,automatic,AWD,47908,9.1,61173,182,5,5,suv,grey,2,no,full,France
8594,3 Series,2019,,296,hybrid,automatic,AWD,58228,5.6,38583,122,4,5,sedan,black,2,no,full,Italy
8595,1 Series,2015,2.4,305,petrol,manual,RWD,69330,9,24120,190,5,5,hatchback,black,3,yes,full,USA
8596,X7,2019,4.4,460,petrol,automatic,AWD,82821,11.5,101314,255,5,5,suv,white,2,yes,full,Italy
8597,5 Series,2018,3.7,372,hybrid,automatic,AWD,138330,6.8,45254,151,4,5,sedan,white,2,no,partial,Spain
8598,1 Series,2017,2.7,232,petrol,automatic,FWD,95308,8.3,20965,186,3,4,hatchback,white,2,no,full,Spain
8599,3 Series,2020,3.1,226,diesel,automatic,RWD,57387,8,40395,161,4,5,sedan,black,1,no,full,Spain
8600,5 Series,2007,2.1,252,diesel,automatic,AWD,300000,6.8,26763,124,4,5,sedan,silver,4,no,full,Spain
8601,1 Series,2021,1.8,196,petrol,automatic,FWD,38057,7.6,26031,170,5,5,hatchback,white,2,yes,full,Germany
8602,1 Series,2014,2.3,175,hybrid,automatic,FWD,128352,4.9,14598,97,3,5,hatchback,silver,1,no,full,Spain
8603,X1,2013,2.1,247,diesel,automatic,AWD,161245,7.3,25328,172,5,5,suv,black,3,no,partial,USA
8604,5 Series,2016,4.1,399,hybrid,automatic,RWD,111674,7,48844,171,4,5,sedan,white,1,no,full,Italy
8605,X3,2009,2.5,251,petrol,automatic,RWD,247394,8.7,27373,199,5,5,suv,blue,3,no,full,USA
8606,7 Series,2021,3.4,317,diesel,automatic,AWD,47151,8.7,92535,190,4,4,sedan,white,2,no,full,Turkey
8607,3 Series,2015,3.2,291,diesel,automatic,RWD,136644,7.7,28298,161,4,5,sedan,white,1,no,full,Italy
8608,3 Series,2024,1.8,164,hybrid,automatic,AWD,0,4.5,40030,101,4,5,sedan,white,1,no,full,Turkey
8609,7 Series,2023,3.7,343,hybrid,automatic,RWD,6173,6.2,122967,136,4,4,sedan,black,0,no,full,UK
8610,3 Series,2006,3.2,305,hybrid,manual,AWD,197553,5.7,16608,110,4,5,sedan,silver,3,yes,partial,UK
8611,5 Series,2018,3.2,242,diesel,automatic,RWD,99784,7.3,49247,161,4,5,sedan,white,1,no,partial,Netherlands
8612,i3,2017,0,195,electric,automatic,RWD,114041,0,36603,0,5,4,hatchback,blue,2,no,full,Spain
8613,i7,2023,0,366,electric,automatic,AWD,23018,0,174245,0,4,4,sedan,blue,0,no,full,France
8614,X7,2022,3.3,313,diesel,automatic,AWD,48757,8.8,105692,200,5,5,suv,black,1,yes,full,Netherlands
8615,Z4,2015,2.9,310,petrol,automatic,RWD,127836,9.2,55064,192,2,2,convertible,black,2,no,full,Italy
8616,X3,2017,3.5,334,petrol,automatic,RWD,134018,9.7,47097,221,5,5,suv,white,1,no,partial,Germany
8617,3 Series,2005,2.2,213,hybrid,manual,RWD,152328,4.7,16077,114,4,5,sedan,blue,4,yes,full,USA
8618,X1,2005,1.6,127,petrol,automatic,FWD,300000,6.7,6044,,5,5,suv,white,4,no,full,Spain
8619,X3,2009,2.7,209,hybrid,automatic,AWD,300000,5.4,16513,130,5,5,suv,red,,yes,full,Turkey
8620,3 Series,2021,3,282,petrol,automatic,AWD,45072,9.3,34324,202,4,5,sedan,blue,2,yes,,France
8621,1 Series,2016,2.6,247,petrol,automatic,RWD,155917,7.9,17244,180,5,4,hatchback,white,1,yes,full,Spain
8622,X3,2018,3.1,303,petrol,automatic,AWD,41089,9.4,50776,209,5,5,suv,blue,1,yes,full,UK
8623,X7,2022,3.3,289,hybrid,automatic,AWD,27389,5.9,115271,142,5,5,suv,red,1,no,partial,Germany
8624,7 Series,2020,4.2,352,diesel,automatic,RWD,24049,9.2,96667,221,4,4,sedan,black,0,no,full,Turkey
8625,5 Series,2014,2.9,322,petrol,automatic,AWD,102440,9.7,47281,220,4,5,sedan,red,1,no,full,France
8626,Z4,2023,3,263,petrol,automatic,RWD,5778,9.4,77988,195,2,2,convertible,black,1,no,full,Netherlands
8627,i3,2024,0,231,electric,automatic,RWD,14556,0,62612,0,5,4,hatchback,silver,1,no,full,UK
8628,7 Series,2020,0,399,electric,automatic,AWD,50741,0,108341,0,4,4,sedan,white,2,yes,full,UK
8629,X5,2022,,310,petrol,automatic,AWD,16361,10.4,91478,239,5,5,suv,grey,2,no,full,UK
8630,X7,2016,3.7,309,hybrid,automatic,AWD,126078,6.2,82470,126,5,5,suv,red,1,no,partial,Turkey
8631,i3,2020,0,170,electric,automatic,RWD,56983,0,50848,0,5,4,hatchback,blue,1,no,full,Italy
8632,3 Series,2021,,254,hybrid,automatic,AWD,46108,5.3,41526,125,4,5,sedan,black,0,no,full,Turkey
8633,5 Series,2006,3.3,329,hybrid,automatic,AWD,230755,5.7,24599,143,4,5,sedan,blue,5,no,partial,Turkey
8634,Z4,2006,2.3,179,petrol,automatic,RWD,196757,7.9,25430,173,2,2,convertible,black,3,yes,partial,UK
8635,i4,2008,0,426,electric,automatic,RWD,194112,0,38936,0,4,5,coupe,white,3,yes,partial,Spain
8636,i7,2021,0,386,electric,automatic,RWD,46997,0,156752,0,4,5,sedan,white,1,yes,full,UK
8637,X7,2018,3.6,346,hybrid,automatic,AWD,110603,7,106689,138,5,5,suv,black,4,no,partial,Germany
8638,i4,2015,0,360,electric,automatic,RWD,19503,0,67099,0,4,5,coupe,black,4,no,full,Germany
8639,7 Series,2017,3.2,280,petrol,automatic,AWD,85884,9.3,87369,197,4,4,sedan,red,2,no,full,France
8640,X1,2015,1.7,167,petrol,automatic,AWD,120598,7.2,32286,141,5,5,suv,black,1,no,partial,USA
8641,X7,2022,3.7,348,hybrid,automatic,AWD,28696,6.4,133988,136,5,5,suv,grey,1,no,full,Germany
8642,X5,2020,4,334,hybrid,automatic,AWD,78190,6.6,77307,140,5,5,suv,white,1,no,,Netherlands
8643,X1,2018,2,149,hybrid,automatic,FWD,75717,4.8,40983,117,5,5,suv,blue,1,no,full,Germany
8644,X1,2021,2.1,242,diesel,automatic,AWD,29679,7.4,51052,150,5,5,suv,white,1,no,full,Germany
8645,5 Series,2024,2.8,289,hybrid,automatic,AWD,0,,65486,115,4,5,sedan,black,0,no,full,Spain
8646,X5,2017,4.2,318,hybrid,automatic,AWD,104396,5.9,59826,127,5,5,suv,black,3,yes,partial,UK
8647,5 Series,2014,3.7,287,hybrid,automatic,RWD,211149,6.5,35682,156,4,5,sedan,grey,1,yes,partial,Turkey
8648,X7,2021,4.1,295,petrol,automatic,AWD,16670,10.1,113643,230,5,5,suv,silver,1,no,full,Netherlands
8649,3 Series,2014,1.6,171,diesel,manual,RWD,171491,5.6,25714,118,4,5,sedan,silver,2,no,full,USA
8650,5 Series,2010,4.4,398,diesel,automatic,AWD,130334,10,42739,235,4,5,sedan,blue,,no,partial,Germany
8651,X7,2009,3.4,320,hybrid,automatic,AWD,300000,6.2,49726,144,5,5,suv,grey,2,yes,full,France
8652,i3,2020,,193,electric,automatic,RWD,43394,0,51301,0,5,4,hatchback,black,1,no,full,Netherlands
8653,1 Series,2009,2.7,214,diesel,automatic,RWD,275161,7.7,8902,179,5,5,hatchback,silver,5,no,full,UK
8654,3 Series,2024,2.6,240,petrol,automatic,AWD,0,8.8,45802,200,4,5,sedan,black,0,no,full,Italy
8655,i7,2018,0,554,electric,automatic,RWD,108330,0,145775,0,4,5,sedan,red,4,no,partial,Germany
8656,1 Series,2018,2.2,255,diesel,manual,RWD,87134,7.6,23674,157,5,5,hatchback,black,1,no,partial,UK
8657,7 Series,2024,4.6,454,petrol,automatic,RWD,0,11.1,114473,250,4,5,sedan,silver,,no,full,Netherlands
8658,1 Series,2011,1.5,141,petrol,automatic,FWD,174450,6.9,8461,164,3,5,hatchback,black,4,yes,full,USA
8659,3 Series,2017,2.1,217,hybrid,automatic,RWD,134197,4.3,29902,98,4,5,sedan,silver,2,no,partial,Spain
8660,5 Series,2013,3.2,244,petrol,automatic,RWD,188123,9.8,34274,200,4,5,sedan,silver,2,no,none,Spain
8661,1 Series,2019,2,265,hybrid,automatic,RWD,83626,4.2,27313,93,5,5,hatchback,white,1,no,full,Netherlands
8662,X7,2008,4.3,317,hybrid,automatic,AWD,256186,6.5,66408,135,5,5,suv,silver,2,no,full,Italy
8663,X5,2008,3.2,310,hybrid,automatic,AWD,270119,6,48172,134,5,5,suv,white,2,no,full,Spain
8664,Z4,2015,2.1,205,petrol,manual,RWD,102644,8.7,55335,,2,2,convertible,blue,2,no,full,Germany
8665,3 Series,2023,2.4,284,diesel,automatic,AWD,19399,6.7,48588,151,4,5,sedan,blue,0,no,full,France
8666,1 Series,2010,2.1,213,petrol,manual,FWD,273427,8,3878,175,3,4,hatchback,white,2,no,partial,Spain
8667,X3,2022,3,212,petrol,automatic,RWD,19045,8.9,58512,198,5,5,suv,black,1,no,full,USA
8668,5 Series,2010,3.5,312,hybrid,automatic,RWD,212134,6.3,25942,126,4,5,sedan,grey,3,no,none,Spain
8669,X3,2009,3,310,diesel,automatic,RWD,199512,,35327,165,5,5,suv,black,3,no,partial,Germany
8670,X1,2024,1.7,193,diesel,automatic,FWD,0,5.8,48675,121,5,5,suv,black,0,no,partial,France
8671,5 Series,2020,3.3,275,petrol,automatic,RWD,37906,9.3,57191,185,4,5,sedan,white,1,no,full,Italy
8672,i4,2005,0,431,electric,automatic,AWD,206032,0,33545,0,4,5,coupe,silver,4,yes,partial,France
8673,5 Series,2012,3.2,217,hybrid,automatic,RWD,245401,4.9,25334,106,4,5,sedan,blue,4,no,partial,Spain
8674,7 Series,2017,,307,diesel,automatic,AWD,113320,9.1,82500,200,4,5,sedan,white,1,no,partial,Germany
8675,X3,2022,2.4,264,hybrid,automatic,AWD,41592,5.5,53961,118,5,5,suv,silver,1,,partial,Spain
8676,i4,2022,0,284,electric,automatic,AWD,27123,0,89387,0,4,5,coupe,white,0,no,full,Spain
8677,7 Series,2008,3.4,270,hybrid,automatic,RWD,248514,6.2,49007,135,4,5,sedan,white,4,no,partial,UK
8678,7 Series,2015,4.3,346,diesel,automatic,RWD,148783,10,79855,221,4,4,sedan,black,4,no,full,USA
8679,X5,2011,3.9,368,petrol,automatic,AWD,233565,11.1,56733,231,5,5,suv,silver,3,,partial,Germany
8680,X3,2020,2.3,223,hybrid,automatic,AWD,61757,4.3,60944,103,5,5,suv,black,1,no,full,USA
8681,X1,2024,2.2,243,hybrid,automatic,AWD,0,5.1,50048,116,5,5,suv,grey,0,no,full,Turkey
8682,1 Series,2019,2.3,199,petrol,manual,FWD,89169,8.2,20999,175,5,4,hatchback,red,3,yes,full,France
8683,X7,2017,3.5,346,diesel,automatic,AWD,90652,9.4,82363,207,5,5,suv,white,3,yes,full,Spain
8684,X7,2020,3.7,337,diesel,,AWD,66662,8.6,123107,191,5,5,suv,black,0,no,full,France
8685,i7,2009,0,427,electric,automatic,RWD,270633,0,95513,0,4,4,sedan,black,4,no,partial,UK
8686,3 Series,2019,1.7,268,petrol,automatic,AWD,76870,7.9,40196,152,4,5,sedan,white,1,no,full,Germany
8687,5 Series,2016,2.4,163,hybrid,automatic,AWD,136050,4.9,37807,93,4,5,sedan,silver,2,no,full,Turkey
8688,7 Series,2011,4.6,322,diesel,automatic,RWD,93788,10.2,59492,226,4,5,sedan,grey,3,yes,full,Spain
8689,1 Series,2021,2.1,184,petrol,automatic,FWD,25024,7.9,27513,175,3,4,hatchback,silver,1,no,full,France
8690,7 Series,2023,0,493,electric,automatic,RWD,24272,0,137047,0,4,5,sedan,black,0,no,full,Spain
8691,1 Series,2014,1.9,225,diesel,manual,FWD,183770,5.7,14357,110,3,5,hatchback,black,2,no,partial,UK
8692,Z4,2019,2.3,213,petrol,automatic,RWD,46125,8.2,57807,183,2,2,convertible,blue,1,no,partial,France
8693,X5,2015,3.7,297,diesel,automatic,AWD,100291,8.5,49715,183,5,5,suv,black,3,yes,none,USA
8694,5 Series,2010,3.7,331,hybrid,automatic,RWD,292407,6.6,30309,155,4,5,sedan,grey,3,yes,full,Germany
8695,1 Series,2018,2.1,222,petrol,automatic,RWD,92753,7.9,24914,167,3,4,hatchback,black,2,no,partial,France
8696,Z4,2012,2.7,199,petrol,manual,RWD,143666,8.4,36320,190,2,2,convertible,silver,4,no,none,Spain
8697,5 Series,2015,4.4,384,diesel,automatic,RWD,187117,9.2,47345,204,4,5,sedan,white,2,no,full,USA
8698,5 Series,2013,3.9,276,petrol,automatic,RWD,139208,11,38831,256,4,5,sedan,silver,2,,full,UK
8699,1 Series,2017,2.1,180,diesel,,RWD,119996,6.4,20150,144,3,4,hatchback,silver,1,no,partial,Germany
8700,X3,2022,2.4,171,petrol,automatic,AWD,27492,8.6,62877,189,5,5,suv,red,2,no,full,Netherlands
8701,3 Series,2023,2.2,262,diesel,automatic,AWD,30180,6.7,43011,154,4,5,sedan,white,1,no,partial,USA
8702,X1,2013,2.4,230,hybrid,automatic,AWD,131436,4.4,31433,106,5,5,suv,black,2,no,full,Netherlands
8703,X3,2016,2.7,195,petrol,automatic,AWD,91801,9.1,45246,197,5,5,suv,silver,3,no,full,Germany
8704,3 Series,2023,2.3,270,diesel,automatic,AWD,8239,6.7,42342,148,4,5,sedan,black,0,no,partial,Spain
8705,X5,2018,4.1,343,hybrid,automatic,AWD,132044,7,61841,141,5,5,suv,silver,2,yes,partial,Spain
8706,X3,2021,3.2,265,hybrid,automatic,AWD,21161,5.9,70296,141,5,5,suv,white,0,no,full,Netherlands
8707,X5,2016,3.4,282,hybrid,automatic,AWD,52818,6.4,53198,132,5,5,suv,white,2,yes,partial,Turkey
8708,3 Series,2023,2.3,178,petrol,automatic,AWD,4702,8.3,42544,176,4,5,sedan,black,0,no,full,Germany
8709,1 Series,2006,2.1,260,petrol,manual,RWD,235719,9,7129,189,5,4,hatchback,white,3,yes,none,Spain
8710,1 Series,2021,2.5,200,diesel,automatic,RWD,29693,7.4,27553,161,5,5,hatchback,grey,0,no,full,UK
8711,X3,2019,2.9,259,hybrid,automatic,RWD,110569,5.9,49726,141,5,5,suv,red,2,no,partial,UK
8712,7 Series,2015,0,449,electric,automatic,RWD,76350,0,74095,0,4,4,sedan,silver,3,yes,full,Germany
8713,i7,2017,0,355,electric,automatic,AWD,141543,0,123206,0,4,5,sedan,silver,1,no,partial,Spain
8714,5 Series,2011,4.3,332,petrol,automatic,RWD,294016,10.1,26405,219,4,5,sedan,white,5,yes,partial,Turkey
8715,5 Series,2024,2.6,254,petrol,automatic,AWD,3869,8.8,65584,210,4,5,sedan,blue,0,no,full,Germany
8716,X5,2010,3.7,308,petrol,automatic,AWD,124992,10.6,43472,241,5,5,suv,grey,4,yes,partial,Turkey
8717,X1,2015,2.3,226,petrol,automatic,FWD,52193,7.2,35832,143,5,5,suv,blue,3,no,partial,USA
8718,5 Series,2007,2.1,253,hybrid,automatic,RWD,171785,4.5,27635,96,4,5,sedan,white,2,no,partial,Netherlands
8719,X7,2022,3.2,275,petrol,automatic,AWD,42402,9.1,114668,196,5,5,suv,white,1,no,full,Germany
8720,Z4,2018,2.1,200,petrol,automatic,RWD,106702,8.2,50095,181,2,2,convertible,red,1,no,full,Turkey
8721,X3,2015,3.1,282,hybrid,automatic,RWD,101157,5.7,40173,127,5,5,suv,red,4,no,none,Germany
8722,i3,2018,0,202,electric,automatic,RWD,83662,0,43329,0,5,4,hatchback,silver,2,no,full,Netherlands
8723,X3,2019,2.6,245,hybrid,automatic,RWD,52199,4.7,55182,95,5,5,suv,blue,2,no,partial,Netherlands
8724,X1,2023,2.4,230,petrol,automatic,FWD,28602,9.4,47438,225,5,5,suv,silver,0,no,full,France
8725,7 Series,2023,3,237,petrol,automatic,AWD,31251,8.1,104852,179,4,4,sedan,white,0,no,full,Turkey
8726,X3,2024,2.7,288,diesel,automatic,AWD,2336,7.7,65719,185,5,5,suv,white,1,no,full,Germany
8727,X5,2021,3,291,diesel,automatic,AWD,62920,8.2,85491,193,5,5,suv,silver,1,no,full,Germany
8728,5 Series,2010,2.5,190,diesel,automatic,AWD,216046,7,23993,145,4,5,sedan,grey,2,yes,partial,Spain
8729,1 Series,2024,2.5,203,hybrid,automatic,RWD,0,5.1,35103,102,5,5,hatchback,blue,0,no,full,France
8730,3 Series,2021,3.5,323,diesel,automatic,RWD,49033,8.3,48308,177,4,5,sedan,black,2,no,full,USA
8731,X1,2021,2.1,208,hybrid,automatic,FWD,63355,5.4,38690,120,5,5,suv,black,1,no,partial,Netherlands
8732,X7,2015,3.1,258,diesel,automatic,AWD,128606,8.2,93908,200,5,5,suv,grey,1,no,partial,Germany
8733,3 Series,2015,1.7,180,petrol,manual,RWD,155419,7.9,26537,173,4,5,sedan,blue,1,no,full,France
8734,3 Series,2009,2.6,248,hybrid,automatic,RWD,186375,5.2,22053,120,4,5,sedan,black,3,no,full,Turkey
8735,7 Series,2011,0,439,electric,automatic,AWD,120303,0,65911,0,4,4,sedan,grey,3,no,partial,Spain
8736,1 Series,2022,1.7,191,petrol,automatic,FWD,20496,6.9,32372,158,5,4,hatchback,grey,1,no,full,Netherlands
8737,X1,2020,2.4,224,diesel,automatic,FWD,74515,6.8,42057,159,5,5,suv,black,1,no,full,UK
8738,X3,2020,3,255,petrol,automatic,AWD,71244,9.7,56753,216,5,5,suv,silver,1,no,full,Turkey
8739,3 Series,2020,2.8,202,petrol,automatic,RWD,76698,8,35985,178,4,5,sedan,black,0,no,partial,UK
8740,i4,2023,0,339,electric,automatic,AWD,0,0,85651,0,4,5,coupe,red,0,no,partial,Netherlands
8741,7 Series,2019,4.7,446,diesel,automatic,AWD,107585,10.7,105754,230,4,4,sedan,black,2,no,full,Italy
8742,X5,2023,4.2,299,petrol,automatic,AWD,35692,10.8,92132,242,5,5,suv,black,0,no,,France
8743,3 Series,2020,3.3,292,hybrid,automatic,AWD,62504,6.9,43879,145,4,5,sedan,black,1,no,full,Germany
8744,X7,2023,3.9,327,diesel,automatic,AWD,0,9,128500,199,5,5,suv,blue,1,no,full,Spain
8745,X3,2021,2.9,300,diesel,automatic,RWD,76851,8.5,67884,189,5,5,suv,black,1,no,full,USA
8746,3 Series,2020,1.7,215,petrol,manual,AWD,65402,7.2,30951,155,4,5,sedan,black,1,yes,full,Italy
8747,1 Series,2009,1.6,209,petrol,automatic,FWD,300000,7,6806,148,3,4,hatchback,white,3,yes,partial,France
8748,i4,2010,0,376,electric,automatic,RWD,205194,0,49705,0,4,5,coupe,grey,2,no,full,France
8749,3 Series,2018,3.2,238,diesel,automatic,RWD,73486,7.8,33351,173,4,5,sedan,black,1,no,partial,UK
8750,5 Series,2020,2.7,214,petrol,automatic,RWD,33523,8.8,55076,185,4,5,sedan,white,2,no,full,USA
8751,i3,2021,0,204,electric,automatic,RWD,63484,0,58397,0,5,4,hatchback,black,2,no,full,Netherlands
8752,1 Series,2021,2,246,hybrid,automatic,RWD,39717,4.3,31968,81,3,5,hatchback,,1,no,full,Italy
8753,Z4,2023,2.9,268,petrol,automatic,RWD,15364,9.2,73394,191,2,2,convertible,black,0,no,full,France
8754,X3,2016,2.2,155,hybrid,automatic,AWD,139026,4.9,32162,91,5,5,suv,white,1,no,none,Turkey
8755,3 Series,2022,2.5,196,diesel,automatic,RWD,35854,7.3,40591,165,4,5,sedan,black,1,no,partial,UK
8756,5 Series,2007,4.4,364,petrol,automatic,RWD,232487,11.8,30075,260,4,5,sedan,,3,no,partial,USA
8757,3 Series,2009,2.6,257,petrol,manual,RWD,176576,8.6,20598,198,4,5,sedan,silver,3,no,partial,Germany
8758,X1,2013,1.8,150,petrol,automatic,AWD,131682,7.3,27678,159,5,5,suv,white,4,no,full,Netherlands
8759,1 Series,2008,2.1,185,petrol,manual,RWD,298844,7.8,6245,173,3,4,hatchback,black,3,no,partial,Netherlands
8760,3 Series,2016,2.1,288,petrol,automatic,RWD,93840,8.4,24394,183,4,5,sedan,red,3,yes,partial,Turkey
8761,7 Series,2014,3.5,283,hybrid,,AWD,120828,6,75442,136,4,5,sedan,,3,no,full,France
8762,X5,2024,3.5,312,petrol,,AWD,0,9.7,95618,206,5,5,suv,white,0,no,full,Netherlands
8763,5 Series,2006,2.8,294,diesel,automatic,AWD,300000,8.1,25370,182,4,5,sedan,blue,2,no,full,Spain
8764,X1,2013,2.1,164,petrol,automatic,FWD,218863,9,20108,209,5,5,suv,black,3,no,none,Netherlands
8765,3 Series,2013,1.8,197,diesel,automatic,AWD,175850,6.1,21052,126,4,5,sedan,silver,2,no,full,France
8766,5 Series,2015,4.2,347,petrol,automatic,RWD,168738,10.5,35011,235,4,5,sedan,black,1,yes,partial,USA
8767,3 Series,2021,3.3,297,diesel,automatic,AWD,47592,9.1,36309,202,4,5,sedan,black,1,yes,,UK
8768,i7,2024,0,531,electric,automatic,RWD,0,,209567,0,4,5,sedan,black,0,no,partial,Netherlands
8769,X1,2024,1.8,136,diesel,automatic,AWD,17081,5.8,47652,134,5,5,suv,blue,0,,partial,Netherlands
8770,i7,2007,0,412,electric,automatic,RWD,300000,0,81870,0,4,4,sedan,,2,yes,full,Italy
8771,7 Series,2023,4.7,393,petrol,automatic,AWD,23626,12.2,106763,268,4,4,sedan,white,0,no,partial,Turkey
8772,5 Series,2015,4.2,339,petrol,automatic,RWD,172894,10.4,46022,237,4,5,sedan,blue,1,no,full,UK
8773,X3,2008,3.3,311,diesel,automatic,AWD,300000,8.2,24523,191,5,5,suv,blue,3,yes,full,France
8774,i3,2017,0,195,electric,automatic,RWD,92508,0,40608,0,5,4,hatchback,white,2,no,full,Spain
8775,X1,2017,1.6,139,hybrid,automatic,AWD,93231,4.5,33822,85,5,5,suv,red,1,no,full,Spain
8776,X3,2006,2.3,177,petrol,automatic,RWD,194431,8.2,20069,164,5,5,suv,,3,yes,partial,Italy
8777,X5,2022,4,303,hybrid,automatic,AWD,41161,6.9,88701,159,5,5,suv,blue,1,no,full,Turkey
8778,X7,2020,3.7,319,hybrid,automatic,AWD,70180,6.8,118099,153,5,5,suv,white,1,no,full,Germany
8779,X5,2018,3.1,299,petrol,automatic,AWD,103968,9,69255,183,5,5,suv,white,1,no,full,Italy
8780,3 Series,2022,3.1,342,hybrid,automatic,RWD,27884,,44618,120,4,5,sedan,black,1,no,full,Italy
8781,X3,2023,3.4,319,diesel,automatic,RWD,15673,8.2,68935,176,5,5,suv,red,0,no,full,Turkey
8782,i3,2023,0,193,electric,automatic,RWD,23752,0,50372,0,5,4,hatchback,black,0,yes,full,Turkey
8783,3 Series,2020,2.1,214,petrol,automatic,RWD,81518,8.3,37154,183,4,5,sedan,red,1,no,partial,Netherlands
8784,X7,2013,4,315,diesel,automatic,AWD,162259,8.7,82154,186,5,5,suv,black,4,no,partial,Italy
8785,X5,2015,4.1,332,diesel,automatic,AWD,164420,9.8,61559,221,5,5,suv,white,2,no,partial,Italy
8786,X3,2015,2.5,177,hybrid,automatic,RWD,94469,5.1,42692,104,5,5,suv,white,2,yes,full,UK
8787,X3,2022,2.8,206,hybrid,automatic,RWD,43127,5.8,47154,122,5,5,suv,red,2,no,none,Italy
8788,X5,2021,3.7,363,hybrid,automatic,AWD,38218,6.7,90153,162,5,5,suv,red,0,no,full,Turkey
8789,X7,2020,3.6,280,hybrid,automatic,AWD,58633,5.5,116116,116,5,5,suv,white,2,no,full,Italy
8790,5 Series,2012,2.8,181,diesel,automatic,AWD,161456,7.3,37457,169,4,5,sedan,white,3,no,full,France
8791,i3,2010,0,162,electric,automatic,RWD,268467,0,16637,0,5,4,hatchback,white,5,no,partial,Turkey
8792,3 Series,2015,,229,diesel,automatic,AWD,159723,7,21286,153,4,5,sedan,silver,2,yes,partial,Germany
8793,Z4,2015,2.1,204,petrol,automatic,RWD,55065,8.3,59674,168,2,2,convertible,black,1,no,full,Germany
8794,5 Series,2023,3.9,342,petrol,automatic,AWD,28365,10.1,71663,221,4,5,sedan,white,1,no,full,USA
8795,X3,2014,2.2,154,diesel,automatic,AWD,153572,6.7,28490,140,5,5,suv,silver,1,yes,none,UK
8796,3 Series,2009,2.1,173,hybrid,manual,AWD,206587,4.8,14972,106,4,5,sedan,black,5,no,partial,UK
8797,5 Series,2024,2.3,226,diesel,automatic,AWD,20018,6.8,55512,136,4,5,sedan,white,1,yes,full,Germany
8798,5 Series,2008,3.8,286,diesel,automatic,RWD,197797,9.2,28387,205,4,5,sedan,silver,2,yes,,UK
8799,X7,2022,3.9,372,hybrid,automatic,AWD,12585,6.4,113120,145,5,5,suv,black,1,no,full,France
8800,1 Series,2013,1.8,197,diesel,,RWD,122591,7.1,15938,160,5,4,hatchback,black,4,no,full,France
8801,X5,2016,3.5,250,petrol,automatic,AWD,99162,10.1,57437,222,5,5,suv,white,4,yes,full,Turkey
8802,X1,2017,1.6,128,hybrid,automatic,AWD,116538,3.9,28019,84,5,5,suv,blue,1,no,none,France
8803,5 Series,2016,2.6,262,diesel,automatic,RWD,147229,7.7,47903,188,4,5,sedan,grey,2,no,partial,France
8804,1 Series,2022,2.6,233,diesel,automatic,RWD,47569,7.5,32250,155,3,4,hatchback,silver,0,no,,Netherlands
8805,Z4,2011,2.9,199,petrol,automatic,RWD,160039,9.3,32769,203,2,2,convertible,blue,3,yes,partial,Netherlands
8806,1 Series,2019,2.1,206,petrol,automatic,RWD,61220,8.4,30180,180,5,5,hatchback,black,1,no,full,Germany
8807,3 Series,2024,2.3,287,diesel,automatic,AWD,0,6.8,52291,161,4,5,sedan,grey,0,no,full,UK
8808,5 Series,2024,2.6,245,diesel,automatic,AWD,8135,6.7,65853,146,4,5,sedan,black,1,no,full,Germany
8809,Z4,2019,2.5,211,petrol,automatic,RWD,61244,7.9,52033,175,2,2,convertible,white,2,yes,full,Italy
8810,1 Series,2023,2,209,hybrid,automatic,FWD,20775,5,30423,85,5,4,hatchback,black,1,no,full,USA
8811,1 Series,2014,2,230,petrol,automatic,FWD,98812,8.1,21847,172,3,5,hatchback,black,2,no,full,Germany
8812,X7,2021,4.3,408,petrol,automatic,AWD,41581,10.1,106399,216,5,5,suv,silver,2,no,partial,France
8813,3 Series,2011,2.6,264,hybrid,manual,AWD,202153,5.4,16293,121,4,5,sedan,black,5,yes,partial,Spain
8814,X5,2016,4.3,370,diesel,automatic,AWD,78006,9,68996,191,5,5,suv,black,3,no,partial,Germany
8815,X1,2021,1.7,153,diesel,automatic,FWD,26693,5.6,38014,124,5,5,suv,grey,1,yes,full,Italy
8816,7 Series,2023,4.4,313,hybrid,automatic,AWD,11125,7,112080,153,4,4,sedan,grey,0,no,partial,France
8817,5 Series,2021,3.8,310,hybrid,automatic,AWD,36762,6.5,56206,145,4,5,sedan,black,1,no,partial,France
8818,X1,2022,2.2,177,petrol,automatic,AWD,5386,8.7,42710,192,5,5,suv,white,2,no,partial,Spain
8819,3 Series,2022,3.3,338,hybrid,automatic,AWD,12641,6.1,49550,138,4,5,sedan,silver,1,no,full,Italy
8820,X3,2012,2.3,254,hybrid,,RWD,235400,5.4,30586,123,5,5,suv,red,5,no,full,Italy
8821,X5,2024,3.6,325,diesel,automatic,AWD,16994,8.3,96103,176,5,5,suv,blue,0,no,full,Netherlands
8822,X5,2008,3.2,296,diesel,automatic,AWD,300000,7.8,34456,174,5,5,suv,grey,2,no,partial,Turkey
8823,Z4,2015,2.3,240,petrol,automatic,RWD,206903,8.1,43490,160,2,2,convertible,black,2,no,partial,Spain
8824,X5,2021,4.2,335,hybrid,automatic,AWD,78712,7,85699,150,5,5,suv,white,1,no,partial,Netherlands
8825,1 Series,2021,3,306,diesel,,RWD,48521,8.2,28573,188,3,4,hatchback,silver,2,,full,Netherlands
8826,7 Series,2007,3.2,278,diesel,automatic,RWD,233279,8.5,48149,197,4,4,sedan,blue,4,yes,partial,Italy
8827,3 Series,2007,2.4,279,hybrid,manual,RWD,171927,5,23094,106,4,5,sedan,black,3,no,full,Turkey
8828,1 Series,2010,2.3,180,hybrid,automatic,RWD,178516,5,10120,92,5,5,hatchback,blue,2,no,full,Italy
8829,X1,2020,2.4,232,diesel,automatic,FWD,69064,6.7,44978,147,5,5,suv,white,1,no,full,Spain
8830,X1,2020,2.3,249,hybrid,automatic,FWD,42388,5.5,45923,128,5,5,suv,blue,0,no,full,Spain
8831,7 Series,2016,4.1,334,petrol,automatic,RWD,150270,11.5,85315,258,4,5,sedan,white,4,no,partial,Germany
8832,5 Series,2023,2.3,181,diesel,automatic,AWD,27159,6.6,63744,136,4,5,sedan,,1,no,full,Germany
8833,X5,2020,3.5,338,hybrid,automatic,AWD,103547,6.3,75172,116,5,5,suv,white,0,no,full,France
8834,3 Series,2008,2.3,254,hybrid,,RWD,173321,6,21344,133,4,5,sedan,black,2,no,full,France
8835,i3,2023,0,182,electric,automatic,RWD,13045,0,55464,0,5,4,hatchback,silver,0,no,full,France
8836,X7,2017,3.7,342,hybrid,automatic,AWD,81745,5.8,99572,140,5,5,suv,,4,no,full,Netherlands
8837,i3,2016,0,168,electric,automatic,RWD,177994,0,36936,0,5,4,hatchback,grey,2,no,full,Spain
8838,X3,2011,2.9,240,petrol,automatic,AWD,77161,8.8,34994,195,5,5,suv,black,5,yes,partial,Germany
8839,X3,2023,3,190,hybrid,automatic,AWD,35934,5.4,62749,114,5,5,suv,silver,0,no,full,Italy
8840,X1,2016,2.4,163,petrol,automatic,FWD,161965,9.2,26747,193,5,5,suv,black,2,no,,USA
8841,5 Series,2024,4,317,petrol,automatic,AWD,0,9.9,78848,207,4,5,sedan,silver,0,no,full,UK
8842,5 Series,2013,4,313,petrol,automatic,AWD,206301,10.1,36845,223,4,5,sedan,silver,3,no,full,Spain
8843,3 Series,2008,2.3,200,hybrid,automatic,AWD,238463,5,14681,112,4,5,sedan,red,4,yes,partial,Italy
8844,X5,2015,4.3,374,petrol,automatic,AWD,156600,11.3,67124,247,5,5,suv,black,1,no,full,UK
8845,i4,2011,0,482,electric,automatic,AWD,172036,0,47839,0,4,5,coupe,silver,5,no,partial,USA
8846,3 Series,2015,2.1,172,petrol,automatic,AWD,128308,9,27417,209,4,5,sedan,silver,1,no,full,France
8847,X1,2009,2.4,163,hybrid,automatic,FWD,270615,5.5,18066,108,5,5,suv,black,3,no,full,Italy
8848,1 Series,2018,1.6,156,hybrid,automatic,RWD,128437,4.5,17234,112,3,5,hatchback,red,2,no,full,Germany
8849,1 Series,2015,2.5,243,diesel,manual,FWD,138483,7.3,17400,158,3,4,hatchback,black,3,no,partial,Italy
8850,1 Series,2018,1.8,200,hybrid,automatic,FWD,134106,4.7,21863,101,5,5,hatchback,black,3,no,full,Turkey
8851,5 Series,2010,3.2,292,hybrid,automatic,RWD,300000,6,29374,132,4,5,sedan,silver,2,no,full,UK
8852,3 Series,2017,2.8,301,petrol,automatic,AWD,89350,9,32182,215,4,5,sedan,black,1,yes,partial,France
8853,X5,2021,3.1,316,petrol,automatic,AWD,71107,8.6,70201,181,5,5,suv,grey,1,no,partial,Turkey
8854,3 Series,2019,3,239,hybrid,automatic,AWD,78637,5.1,37293,126,4,5,sedan,black,2,no,full,Italy
8855,3 Series,2009,3.5,312,diesel,automatic,AWD,163534,9.2,23289,213,4,5,sedan,silver,3,no,partial,Italy
8856,3 Series,2024,2.5,193,hybrid,automatic,AWD,7829,5.9,38310,122,4,5,sedan,red,0,yes,full,Germany
8857,5 Series,2023,3.1,236,hybrid,automatic,RWD,7656,5.8,64368,122,4,5,sedan,blue,0,no,partial,UK
8858,1 Series,2024,2.9,276,hybrid,manual,FWD,0,5.6,38593,114,5,5,hatchback,black,0,no,partial,Netherlands
8859,X5,2013,3.1,330,diesel,automatic,AWD,197503,8.5,52611,203,5,5,suv,grey,4,,full,Spain
8860,5 Series,2020,2.6,248,hybrid,automatic,RWD,57845,5.6,58160,124,4,5,sedan,black,1,no,full,Netherlands
8861,Z4,2011,3,286,petrol,automatic,RWD,61767,9.2,36385,198,2,2,convertible,white,5,yes,,Italy
8862,1 Series,2019,2.9,285,petrol,automatic,RWD,76209,10.2,24111,228,3,5,hatchback,silver,1,yes,partial,Turkey
8863,1 Series,2019,2.1,216,petrol,manual,FWD,19865,8.4,25364,164,5,5,hatchback,silver,4,no,full,France
8864,i4,2013,0,501,electric,automatic,AWD,166872,,43952,0,4,5,coupe,black,2,yes,none,Italy
8865,7 Series,2015,3.6,337,hybrid,automatic,RWD,124120,6.4,82929,136,4,5,sedan,,1,no,full,France
8866,i7,2019,0,458,electric,automatic,AWD,88204,0,140553,0,4,4,sedan,,2,no,partial,Turkey
8867,X3,2006,2.6,290,petrol,automatic,AWD,237569,8,27865,183,5,5,suv,red,3,yes,full,France
8868,5 Series,2007,4,348,hybrid,automatic,AWD,210367,6.7,28476,137,4,5,sedan,silver,5,yes,none,USA
8869,i3,2016,0,208,electric,automatic,RWD,68044,0,41087,0,5,4,hatchback,white,3,no,partial,Italy
8870,X7,2018,3.2,280,diesel,automatic,AWD,128118,7.1,94983,143,5,5,suv,black,1,no,partial,Italy
8871,1 Series,2018,1.5,158,petrol,automatic,FWD,103085,6.6,16932,154,3,4,hatchback,white,3,yes,full,Spain
8872,Z4,2010,2.9,286,petrol,manual,RWD,228626,9.8,28565,229,2,2,convertible,blue,,yes,none,France
8873,i4,2021,0,452,electric,automatic,AWD,26930,0,88969,0,4,5,coupe,red,1,no,full,UK
8874,3 Series,2007,3.1,285,hybrid,automatic,RWD,264630,5.6,12133,121,4,5,sedan,silver,4,yes,partial,Netherlands
8875,1 Series,2007,2.4,241,petrol,automatic,RWD,122851,8.6,13809,177,5,5,hatchback,grey,2,yes,,France
8876,5 Series,2019,3.6,283,diesel,automatic,RWD,59997,9.3,56044,199,4,5,sedan,red,1,no,full,France
8877,i4,2024,0,349,electric,automatic,AWD,8262,0,96147,0,4,5,coupe,grey,0,no,partial,Italy
8878,X1,2007,1.6,165,petrol,automatic,AWD,208723,6.6,12439,158,5,5,suv,grey,4,yes,full,UK
8879,i4,2013,0,298,electric,automatic,AWD,198513,0,52427,0,4,5,coupe,black,3,no,full,Germany
8880,Z4,2011,2.6,184,petrol,automatic,RWD,130640,8.4,33250,168,2,2,convertible,silver,3,yes,full,Spain
8881,X1,2021,1.5,175,petrol,automatic,AWD,67097,6.3,43917,137,5,5,suv,white,1,no,full,Netherlands
8882,Z4,2017,2.8,264,petrol,automatic,RWD,83212,9.2,55182,191,2,2,convertible,silver,1,no,full,Turkey
8883,X3,2022,2.9,264,diesel,automatic,RWD,13942,7.9,60021,170,5,5,suv,black,1,no,full,Spain
8884,X7,2019,3.4,278,petrol,automatic,AWD,130889,9.6,100070,226,5,5,suv,silver,3,,full,Spain
8885,X1,2017,2.1,210,hybrid,automatic,FWD,93671,4.9,35959,119,5,5,suv,blue,2,no,none,USA
8886,X3,2021,3.1,263,hybrid,automatic,RWD,25882,5.7,59042,123,5,5,suv,black,1,no,full,France
8887,3 Series,2021,2.2,211,diesel,automatic,AWD,43425,7.1,39587,165,4,5,sedan,white,1,,full,USA
8888,i4,2014,0,371,electric,automatic,AWD,197701,0,53455,0,4,5,coupe,silver,4,no,full,Italy
8889,3 Series,2022,3,284,diesel,automatic,RWD,24103,8.5,51230,168,4,5,sedan,silver,2,no,full,Netherlands
8890,X5,2023,4.2,324,diesel,automatic,AWD,24094,10,77705,225,5,5,suv,black,1,yes,full,France
8891,X1,2016,1.8,196,petrol,automatic,AWD,133243,7.5,26555,156,5,5,suv,black,2,yes,full,Italy
8892,5 Series,2020,4.3,391,hybrid,automatic,AWD,76726,7.6,67210,174,4,5,sedan,black,1,no,full,USA
8893,X1,2023,1.6,186,hybrid,automatic,FWD,44802,4.5,48797,90,5,5,suv,silver,0,no,full,Netherlands
8894,X3,2022,3,293,petrol,automatic,RWD,0,9.8,59009,206,5,5,suv,white,2,no,partial,France
8895,X5,2022,3.5,335,petrol,automatic,AWD,32520,9.7,91894,220,5,5,suv,white,2,no,full,Netherlands
8896,X5,2023,3.1,262,diesel,automatic,AWD,40653,8.3,85674,187,5,5,suv,grey,0,no,partial,Germany
8897,1 Series,2023,2.7,211,petrol,automatic,FWD,30969,8.7,29991,195,5,4,hatchback,white,0,no,full,Netherlands
8898,7 Series,2013,0,414,electric,automatic,RWD,124042,0,72885,0,4,4,sedan,silver,,no,partial,Italy
8899,X3,2021,3.4,324,diesel,automatic,RWD,77955,8.6,56775,190,5,5,suv,silver,1,yes,full,USA
8900,X5,2014,4.4,365,diesel,automatic,AWD,184171,9.9,56662,224,5,5,suv,black,4,yes,full,France
8901,i7,2019,0,603,electric,automatic,RWD,91103,0,156479,0,4,5,sedan,black,1,no,full,Turkey
8902,X1,2006,2.1,217,petrol,automatic,AWD,233709,7.6,19143,174,5,5,suv,black,4,no,full,Turkey
8903,X7,2009,3.9,319,hybrid,automatic,AWD,300000,6.6,55005,132,5,5,suv,white,5,no,none,USA
8904,1 Series,2005,2.9,204,petrol,manual,FWD,197953,8.6,4444,179,3,4,hatchback,silver,4,yes,none,UK
8905,X3,2019,2.2,154,hybrid,automatic,AWD,60930,4.5,38524,,5,5,suv,black,3,yes,none,Italy
8906,1 Series,2022,2,169,hybrid,automatic,FWD,65219,4.9,24068,107,5,5,hatchback,grey,0,no,,Spain
8907,X1,2024,1.7,230,hybrid,automatic,AWD,24809,5.1,47214,117,5,5,suv,black,1,no,full,France
8908,X3,2019,3.4,260,petrol,automatic,RWD,100514,9.9,48857,224,5,5,suv,silver,2,no,partial,USA
8909,Z4,2017,2.2,228,petrol,automatic,RWD,96499,8.8,60754,201,2,2,convertible,white,2,no,full,Netherlands
8910,5 Series,2019,2.4,202,diesel,automatic,AWD,93255,6.8,50946,,4,5,sedan,silver,2,no,partial,USA
8911,X5,2022,3.6,308,petrol,automatic,AWD,23146,10.6,93242,240,5,5,suv,black,1,no,full,Netherlands
8912,i3,2015,0,135,electric,automatic,RWD,128549,0,30683,0,5,4,hatchback,,1,no,partial,USA
8913,X5,2012,3.5,325,diesel,automatic,AWD,184505,8.2,47924,175,5,5,suv,white,2,yes,full,Germany
8914,X5,2017,3.9,336,petrol,automatic,AWD,47827,10.5,76313,221,5,5,suv,white,1,no,full,Germany
8915,1 Series,2013,1.6,136,hybrid,manual,RWD,115971,4.4,15038,86,3,5,hatchback,black,3,,full,USA
8916,X1,2020,2.3,198,petrol,automatic,FWD,79075,8.5,41225,179,5,5,suv,white,0,no,full,Spain
8917,X3,2020,2.6,263,hybrid,automatic,RWD,50122,5.8,63534,130,5,5,suv,red,1,no,full,UK
8918,5 Series,2022,4.1,355,hybrid,,AWD,7218,6.6,64379,129,4,5,sedan,black,1,no,full,Turkey
8919,X7,2024,3.9,322,hybrid,automatic,AWD,5905,6.9,127141,136,5,5,suv,black,0,no,full,Italy
8920,1 Series,2022,2.5,205,hybrid,manual,FWD,17755,4.9,29567,98,5,4,hatchback,white,2,no,full,USA
8921,3 Series,2013,2.4,248,diesel,automatic,AWD,176074,7.5,22900,168,4,5,sedan,black,3,no,partial,Italy
8922,3 Series,2015,2.4,278,petrol,automatic,RWD,153994,7.6,28739,,4,5,sedan,blue,4,yes,partial,UK
8923,X1,2007,1.8,190,hybrid,,AWD,184188,5,16862,98,5,5,suv,white,5,yes,partial,Spain
8924,1 Series,2022,1.8,143,diesel,automatic,FWD,17935,6.1,29065,139,5,5,hatchback,grey,1,no,full,France
8925,X5,2021,3.3,316,diesel,automatic,AWD,37386,8.2,78315,181,5,5,suv,silver,1,yes,full,USA
8926,X1,2011,1.6,214,petrol,automatic,AWD,143927,7.6,24813,161,5,5,suv,white,3,no,partial,Turkey
8927,X5,2017,4,333,diesel,automatic,AWD,130024,9.8,69622,215,5,5,suv,black,4,no,full,Spain
8928,1 Series,2010,2.5,198,hybrid,automatic,RWD,205037,5.2,8226,130,5,5,hatchback,black,4,yes,full,Turkey
8929,X5,2014,3.1,348,hybrid,automatic,AWD,168631,6.1,73128,119,5,5,suv,black,2,no,full,Germany
8930,1 Series,2016,2,260,petrol,automatic,FWD,73545,8.1,22512,170,5,4,hatchback,black,4,,partial,Turkey
8931,5 Series,2015,3.2,280,hybrid,automatic,AWD,127959,5.5,41699,132,4,5,sedan,black,1,no,none,Netherlands
8932,X3,2018,2.5,237,diesel,automatic,AWD,117226,7.2,47718,151,5,5,suv,black,2,no,none,UK
8933,i4,2013,0,258,electric,automatic,RWD,220931,0,42669,0,4,5,coupe,silver,3,no,partial,Spain
8934,5 Series,2012,3.4,272,petrol,automatic,AWD,160601,8.9,32250,,4,5,sedan,silver,3,yes,full,France
8935,1 Series,2014,2.1,180,hybrid,automatic,RWD,135822,4.8,13374,112,3,5,hatchback,silver,1,yes,full,Netherlands
8936,X5,2019,3.3,266,diesel,automatic,AWD,84124,8.3,67669,176,5,5,suv,,2,no,partial,Italy
8937,X5,2023,3.7,345,diesel,automatic,AWD,31786,8.3,72811,175,5,5,suv,black,1,no,none,Spain
8938,5 Series,2006,4,324,hybrid,automatic,AWD,300000,6.1,27033,139,4,5,sedan,black,5,no,partial,Germany
8939,X5,2012,4.2,369,diesel,automatic,AWD,207582,10.2,44824,216,5,5,suv,grey,3,yes,none,Netherlands
8940,X3,2005,2.5,239,hybrid,automatic,AWD,300000,5.3,17580,103,5,5,suv,white,2,yes,none,France
8941,i4,2018,0,466,electric,automatic,AWD,52311,0,73365,0,4,5,coupe,white,2,no,full,USA
8942,X1,2020,2.1,221,hybrid,automatic,FWD,53416,4.8,44058,110,5,5,suv,white,1,no,full,USA
8943,i7,2014,0,634,electric,automatic,AWD,171418,0,132475,0,4,5,sedan,black,1,no,partial,France
8944,3 Series,2011,2.4,212,diesel,manual,RWD,215706,7,15896,149,4,5,sedan,grey,3,,partial,Italy
8945,1 Series,2009,1.9,217,diesel,manual,FWD,176059,6.9,12507,156,3,5,hatchback,white,3,yes,full,UK
8946,X5,2024,4,402,hybrid,automatic,AWD,16421,7.2,102267,168,5,5,suv,silver,1,no,full,USA
8947,X5,2012,3.4,257,petrol,automatic,AWD,226579,9.1,48067,208,5,5,suv,black,3,no,full,France
8948,3 Series,2005,2,172,hybrid,automatic,AWD,299537,4.1,3840,101,4,5,sedan,blue,4,no,partial,France
8949,i3,2022,0,186,electric,automatic,RWD,29388,0,60473,0,5,4,hatchback,white,1,no,full,USA
8950,3 Series,2015,3.4,350,diesel,automatic,AWD,140597,8.4,31735,188,4,5,sedan,silver,3,yes,full,Italy
8951,1 Series,2019,2.9,301,hybrid,manual,RWD,63366,6.2,23726,130,3,4,hatchback,white,1,no,none,France
8952,5 Series,2018,4.1,411,diesel,automatic,RWD,88722,9.7,50542,200,4,5,sedan,silver,4,no,none,Italy
8953,X3,2020,2.6,237,diesel,automatic,RWD,64704,7,52560,152,5,5,suv,silver,1,no,partial,UK
8954,1 Series,2022,1.9,140,petrol,automatic,FWD,22183,8.6,25599,197,5,4,hatchback,black,0,no,full,France
8955,Z4,2013,2.5,314,petrol,automatic,RWD,136480,8.3,43154,,2,2,convertible,red,2,yes,full,France
8956,X5,2016,3.4,332,diesel,automatic,AWD,120369,8.2,54487,185,5,5,suv,silver,1,no,none,Italy
8957,5 Series,2019,2.7,207,hybrid,automatic,RWD,92874,5.3,44167,105,4,5,sedan,black,,no,none,France
8958,X3,2013,3.4,311,diesel,automatic,AWD,163311,8.4,31498,180,5,5,suv,white,4,no,none,Turkey
8959,X3,2021,2.2,238,petrol,automatic,RWD,27073,7.9,61550,181,5,5,suv,silver,1,no,partial,Germany
8960,X3,2010,2,240,petrol,automatic,RWD,101814,8.4,42968,181,5,5,suv,black,3,no,full,France
8961,X5,2021,3.5,297,diesel,automatic,AWD,31856,8.6,87408,191,5,5,suv,grey,0,no,partial,France
8962,Z4,2024,2.6,270,petrol,automatic,RWD,16747,8.8,78318,197,2,2,convertible,red,1,no,full,UK
8963,i7,2022,0,395,electric,automatic,RWD,50908,0,152993,0,4,5,sedan,blue,2,no,partial,Netherlands
8964,3 Series,2018,2.9,260,petrol,automatic,AWD,103818,9.4,34443,200,4,5,sedan,silver,3,no,full,Turkey
8965,X3,2018,2,165,petrol,automatic,RWD,96593,6.5,34714,138,5,5,suv,silver,3,yes,partial,Turkey
8966,i4,2017,0,281,electric,automatic,AWD,96164,0,63893,0,4,5,coupe,black,3,no,full,France
8967,X5,2022,3.9,322,hybrid,automatic,AWD,14619,7.1,87085,170,5,5,suv,grey,1,no,partial,UK
8968,5 Series,2020,2,145,petrol,automatic,AWD,70604,7.3,52900,179,4,5,sedan,black,0,no,full,Spain
8969,7 Series,2022,0,423,electric,automatic,RWD,31344,0,128997,0,4,4,sedan,silver,1,,full,UK
8970,Z4,2021,2.3,229,petrol,automatic,RWD,72651,8.9,58976,206,2,2,convertible,black,1,no,partial,Turkey
8971,X7,2005,3.1,246,hybrid,automatic,AWD,300000,5.7,44432,128,5,5,suv,black,3,yes,full,Turkey
8972,i7,2022,0,518,electric,automatic,RWD,5769,0,182334,0,4,4,sedan,silver,0,yes,full,Italy
8973,X3,2012,2.3,249,petrol,automatic,RWD,163435,8.4,31648,192,5,5,suv,blue,4,yes,full,Turkey
8974,X5,2022,3.5,296,diesel,automatic,AWD,45412,9.1,75841,209,5,5,suv,black,1,no,partial,Turkey
8975,Z4,2015,2.3,202,petrol,automatic,RWD,112442,8.8,46915,191,2,2,convertible,white,1,no,partial,Italy
8976,i3,2014,0,154,electric,automatic,RWD,215776,0,26504,0,5,4,hatchback,red,3,no,full,Germany
8977,X1,2008,2.1,225,hybrid,automatic,AWD,207372,5,21521,107,5,5,suv,silver,3,no,partial,UK
8978,i7,2021,0,487,electric,,RWD,86478,,169311,0,4,5,sedan,grey,2,no,full,France
8979,i3,2022,0,175,electric,automatic,RWD,42540,0,57700,0,5,4,hatchback,white,2,no,full,Germany
8980,i4,2020,0,338,electric,automatic,AWD,63909,0,80816,0,4,5,coupe,silver,1,no,full,Turkey
8981,X3,2008,2.5,238,diesel,automatic,AWD,177767,7,22900,167,5,5,suv,blue,,yes,none,Netherlands
8982,X1,2021,1.6,191,diesel,automatic,FWD,91485,5.9,40957,130,5,5,suv,white,0,no,full,France
8983,X1,2007,2.1,176,petrol,automatic,AWD,264857,7.6,11539,152,5,5,suv,black,4,no,none,France
8984,X5,2012,4.2,339,petrol,automatic,AWD,139126,10.3,45485,222,5,5,suv,grey,2,,partial,Italy
8985,X1,2016,2.1,176,petrol,automatic,FWD,32724,8.5,40821,184,5,5,suv,grey,2,no,full,France
8986,X3,2023,2.4,270,hybrid,automatic,RWD,33827,5.8,65511,129,5,5,suv,black,0,no,full,Germany
8987,7 Series,2019,0,579,electric,automatic,RWD,87461,0,93610,0,4,4,sedan,black,2,yes,partial,France
8988,X1,2005,1.5,122,hybrid,automatic,AWD,300000,3.8,4320,92,5,5,suv,grey,,yes,partial,Turkey
8989,5 Series,2015,2.4,163,diesel,automatic,RWD,175817,7.4,43855,166,4,5,sedan,grey,2,no,full,Germany
8990,7 Series,2008,4.9,423,diesel,automatic,AWD,198116,10.8,54268,248,4,5,sedan,white,4,yes,partial,Turkey
8991,5 Series,2021,2.1,206,hybrid,automatic,RWD,64000,5.1,53735,102,4,5,sedan,black,1,no,full,Spain
8992,3 Series,2024,2.4,277,diesel,automatic,AWD,0,7.6,45910,160,4,5,sedan,red,0,no,full,Italy
8993,X7,2017,3.6,367,diesel,automatic,AWD,136835,9,83880,204,5,5,suv,white,1,no,none,Italy
8994,i3,2015,0,202,electric,automatic,RWD,151127,0,26015,0,5,4,hatchback,silver,2,yes,none,Turkey
8995,X7,2021,3.7,340,hybrid,automatic,AWD,59536,6.2,115282,132,5,5,suv,black,0,no,full,USA
8996,X1,2018,2.3,264,diesel,automatic,AWD,78529,7.8,36526,174,5,5,suv,black,1,yes,full,Turkey
8997,X7,2016,4.2,358,hybrid,automatic,AWD,34047,7.1,108319,154,5,5,suv,white,1,no,full,Netherlands
8998,X3,2016,3.3,246,hybrid,automatic,AWD,135624,6.4,45040,136,5,5,suv,grey,4,no,full,France
8999,X1,2017,1.8,183,petrol,automatic,AWD,90649,7.7,37441,163,5,5,suv,blue,4,no,full,Netherlands
9000,5 Series,2015,3.9,301,petrol,automatic,RWD,187315,10.6,45434,236,4,5,sedan,black,1,no,full,UK
9001,X1,2010,2.4,209,diesel,automatic,FWD,239684,6.9,15125,154,5,5,suv,blue,3,yes,none,UK
9002,i7,2017,0,576,electric,automatic,AWD,90789,0,126995,0,4,5,sedan,white,4,yes,partial,Netherlands
9003,7 Series,2014,0,416,electric,automatic,AWD,83863,0,75366,0,4,5,sedan,,2,yes,full,USA
9004,3 Series,2007,2.6,298,hybrid,manual,AWD,285636,5.3,14088,110,4,5,sedan,black,4,no,partial,France
9005,X1,2022,1.6,205,diesel,automatic,FWD,27886,6.2,44160,130,5,5,suv,black,1,no,full,Turkey
9006,X3,2024,2.4,238,petrol,automatic,RWD,18968,8.5,65420,190,5,5,suv,white,1,no,full,Spain
9007,i4,2005,,300,electric,automatic,RWD,300000,0,37358,0,4,5,coupe,black,3,no,full,Netherlands
9008,7 Series,2010,4.2,292,diesel,automatic,RWD,206884,9.6,61017,210,4,4,sedan,blue,5,no,full,France
9009,i7,2015,0,569,electric,automatic,RWD,167088,0,117612,0,4,5,sedan,black,1,no,none,USA
9010,5 Series,2013,4.3,360,hybrid,automatic,AWD,186618,6.1,41527,146,4,5,sedan,white,2,no,none,France
9011,3 Series,2016,2,185,petrol,manual,AWD,174388,,30413,175,4,5,sedan,black,2,no,full,Germany
9012,X3,2023,2.8,251,petrol,automatic,RWD,13774,9.5,63070,198,5,5,suv,black,0,no,full,Netherlands
9013,3 Series,2023,2.1,298,hybrid,automatic,RWD,23216,5.4,37115,105,4,5,sedan,white,0,yes,partial,Spain
9014,X1,2007,1.7,172,hybrid,automatic,AWD,275521,5,10190,105,5,5,suv,red,3,yes,full,USA
9015,Z4,2008,2.2,203,petrol,automatic,RWD,300000,7.9,19431,176,2,2,convertible,silver,3,yes,partial,Turkey
9016,5 Series,2008,3.6,323,diesel,automatic,AWD,300000,8.2,17625,178,4,5,sedan,red,4,yes,none,Spain
9017,3 Series,2018,1.6,179,petrol,automatic,AWD,19802,7.6,35469,164,4,5,sedan,black,2,no,partial,France
9018,1 Series,2019,2.8,283,diesel,automatic,RWD,32772,7.9,22497,181,5,4,hatchback,black,2,yes,partial,Turkey
9019,3 Series,2024,2.9,256,hybrid,automatic,RWD,3760,5.6,43388,,4,5,sedan,white,0,no,full,Turkey
9020,1 Series,2013,2.3,216,petrol,manual,FWD,147038,8.8,14195,182,5,5,hatchback,white,4,no,none,Spain
9021,X3,2010,3.3,336,petrol,automatic,RWD,261068,10.3,25916,220,5,5,suv,white,3,yes,partial,Netherlands
9022,5 Series,2018,3.5,368,diesel,automatic,RWD,93425,9,48025,188,4,5,sedan,silver,3,no,none,Italy
9023,7 Series,2006,4.8,398,petrol,automatic,RWD,300000,12.4,46639,261,4,5,sedan,white,2,yes,partial,Spain
9024,1 Series,2020,2.8,237,diesel,automatic,FWD,52860,8.2,28780,173,5,5,hatchback,blue,1,no,full,Spain
9025,1 Series,2022,2.5,257,diesel,automatic,FWD,26777,7.6,33943,167,3,5,hatchback,black,0,no,full,France
9026,X1,2022,1.6,163,petrol,automatic,AWD,29196,7.3,44272,174,5,5,suv,grey,0,no,full,USA
9027,3 Series,2020,2.7,320,petrol,automatic,RWD,80989,9.4,47876,209,4,5,sedan,blue,,no,full,UK
9028,i7,2022,0,512,electric,automatic,AWD,18441,0,165456,0,4,4,sedan,white,,yes,full,USA
9029,X3,2022,2.1,208,petrol,automatic,AWD,43186,8,62326,161,5,5,suv,black,1,no,partial,Germany
9030,3 Series,2014,2.8,226,hybrid,automatic,AWD,57362,4.9,30069,90,4,5,sedan,silver,1,yes,full,UK
9031,X5,2014,3.8,301,hybrid,automatic,AWD,177289,6.1,49587,137,5,5,suv,blue,1,,partial,UK
9032,3 Series,2005,2.1,230,hybrid,automatic,AWD,197507,4.3,10557,101,4,5,sedan,white,3,yes,partial,Spain
9033,X7,2017,3.6,314,diesel,,AWD,99248,8.9,90245,223,5,5,suv,silver,3,no,full,Turkey
9034,3 Series,2021,1.8,239,diesel,automatic,RWD,30509,6.8,43584,154,4,5,sedan,silver,1,no,full,UK
9035,1 Series,2020,2.5,195,hybrid,automatic,RWD,25809,4.7,31497,97,5,4,hatchback,blue,1,no,full,Netherlands
9036,3 Series,2023,2.4,177,petrol,automatic,RWD,24236,8.3,40790,188,4,5,sedan,white,0,no,full,Turkey
9037,X3,2006,2.3,207,diesel,automatic,AWD,223836,6.8,23969,149,5,5,suv,black,3,yes,full,Turkey
9038,Z4,2018,2.5,238,petrol,automatic,RWD,115870,8.6,52185,186,2,2,convertible,blue,3,no,partial,France
9039,X7,2023,3.4,303,petrol,automatic,AWD,10637,10,112087,219,5,5,suv,white,0,no,full,Turkey
9040,X3,2019,2.1,209,diesel,automatic,AWD,65026,6.4,60269,138,5,5,suv,white,1,no,full,Netherlands
9041,3 Series,2021,3,251,petrol,automatic,RWD,40959,7.9,41137,164,4,5,sedan,black,1,no,full,Spain
9042,3 Series,2006,1.8,229,diesel,automatic,AWD,288319,6.8,9995,140,4,5,sedan,black,5,yes,partial,Spain
9043,5 Series,2012,4.3,345,petrol,automatic,RWD,125579,10.8,35169,232,4,5,sedan,silver,4,yes,partial,Netherlands
9044,X7,2020,3.7,367,hybrid,automatic,AWD,63387,6.2,121224,146,5,5,suv,grey,1,no,partial,Germany
9045,X1,2017,1.9,271,hybrid,automatic,AWD,102945,4.9,34850,100,5,5,suv,white,4,no,full,Italy
9046,X7,2022,3.5,293,petrol,automatic,AWD,26367,10.4,106404,237,5,5,suv,silver,0,no,partial,Turkey
9047,3 Series,2007,2.4,188,diesel,manual,RWD,256258,7.2,14615,138,4,5,sedan,grey,4,no,full,USA
9048,1 Series,2018,2.9,256,diesel,automatic,RWD,70410,7.5,22383,162,5,4,hatchback,black,4,no,partial,Netherlands
9049,i3,2020,0,177,electric,automatic,RWD,25992,0,52056,0,5,4,hatchback,red,1,,full,Netherlands
9050,7 Series,2020,4.7,411,petrol,automatic,AWD,105260,11.7,103587,267,4,4,sedan,white,2,no,full,Spain
9051,3 Series,2016,3,327,petrol,automatic,RWD,48344,9.2,40205,190,4,5,sedan,black,3,no,full,Netherlands
9052,X3,2022,3.5,273,diesel,automatic,RWD,55876,8.2,68454,181,5,5,suv,silver,1,no,full,France
9053,3 Series,2009,2.5,254,hybrid,manual,AWD,300000,5.8,12740,125,4,5,sedan,white,5,no,partial,Italy
9054,X3,2016,3.5,304,petrol,automatic,AWD,53961,10.5,48814,227,5,5,suv,white,1,no,partial,Netherlands
9055,X1,2024,2,156,diesel,automatic,AWD,0,6.3,53085,135,5,5,suv,white,0,no,full,Germany
9056,1 Series,2018,2,191,hybrid,automatic,RWD,76280,4.9,23706,105,5,4,hatchback,blue,1,no,full,Turkey
9057,X1,2018,1.7,174,hybrid,automatic,FWD,83421,4.9,33633,122,5,5,suv,grey,1,no,full,Turkey
9058,7 Series,2024,0,401,electric,automatic,AWD,0,0,137335,0,4,5,sedan,black,0,no,full,Turkey
9059,X3,2007,3.4,323,diesel,automatic,RWD,300000,8.1,26133,159,5,5,suv,black,4,no,none,UK
9060,7 Series,2013,4.2,386,hybrid,automatic,RWD,259462,6.3,68292,133,4,4,sedan,white,4,no,partial,Italy
9061,X3,2005,2.5,215,diesel,automatic,RWD,257430,7.6,24040,170,5,5,suv,black,3,no,partial,USA
9062,X1,2024,1.7,131,petrol,automatic,AWD,0,8.2,48146,159,5,5,suv,black,0,no,partial,UK
9063,X3,2021,3.1,302,hybrid,automatic,RWD,52068,5.1,64617,94,5,5,suv,silver,2,no,full,Germany
9064,X5,2018,,318,petrol,automatic,AWD,90139,10.8,76911,251,5,5,suv,white,2,no,full,USA
9065,1 Series,2010,2.8,235,hybrid,manual,FWD,246161,5.2,12414,112,3,5,hatchback,white,2,no,partial,Germany
9066,X7,2023,4.3,354,diesel,automatic,AWD,0,9.8,133301,218,5,5,suv,blue,0,no,full,UK
9067,X5,2022,3.5,220,hybrid,automatic,AWD,0,5.8,79362,132,5,5,suv,black,1,no,partial,Germany
9068,X3,2012,,282,petrol,automatic,AWD,196025,7.9,26596,166,5,5,suv,black,3,no,none,France
9069,X5,2009,4.3,345,diesel,automatic,AWD,220333,9.7,46771,210,5,5,suv,red,2,yes,full,Italy
9070,5 Series,2024,4.2,329,petrol,automatic,RWD,0,10.5,70986,240,4,5,sedan,black,1,no,full,Netherlands
9071,X1,2010,1.7,219,diesel,automatic,FWD,300000,6.6,13230,156,5,5,suv,black,2,no,partial,Netherlands
9072,1 Series,2017,3,311,diesel,automatic,FWD,71468,8.7,27631,206,3,4,hatchback,silver,1,no,partial,Netherlands
9073,X1,2023,1.7,174,diesel,,FWD,9059,5.8,44748,131,5,5,suv,black,0,no,full,Spain
9074,X3,2022,3.3,287,diesel,automatic,RWD,35608,8.2,52348,177,5,5,suv,black,2,,full,Spain
9075,X3,2010,2.5,233,petrol,automatic,AWD,208330,9.2,27282,217,5,5,suv,white,5,yes,partial,Italy
9076,3 Series,2018,1.9,261,petrol,automatic,AWD,99884,8.1,33548,179,4,5,sedan,white,2,no,full,USA
9077,X1,2011,2.4,247,diesel,automatic,FWD,196253,,26286,152,5,5,suv,red,3,yes,full,Spain
9078,X1,2018,2.4,233,hybrid,,FWD,79356,4.9,33875,105,5,5,suv,black,1,yes,none,France
9079,X7,2017,3.6,305,diesel,automatic,AWD,60256,8.8,106362,188,5,5,suv,white,3,no,full,USA
9080,1 Series,2021,2.5,213,petrol,automatic,FWD,35453,7.9,27528,179,5,5,hatchback,silver,2,no,full,France
9081,3 Series,2014,2.9,268,diesel,manual,AWD,173077,8,31016,175,4,5,sedan,white,1,no,partial,Germany
9082,X1,2017,1.7,195,hybrid,automatic,AWD,52902,4.6,32508,109,5,5,suv,black,,yes,partial,Germany
9083,i7,2011,0,372,electric,automatic,AWD,218774,0,89798,0,4,4,sedan,white,2,no,partial,Spain
9084,3 Series,2020,2.4,230,diesel,automatic,AWD,44028,6.6,41018,147,4,5,sedan,white,1,no,full,Spain
9085,X3,2022,2.7,267,petrol,automatic,RWD,29131,9.3,58228,198,5,5,suv,silver,2,no,full,Spain
9086,1 Series,2017,2.9,319,diesel,automatic,FWD,117270,8.1,25304,177,3,5,hatchback,white,1,no,partial,Germany
9087,3 Series,2019,3.1,306,diesel,automatic,AWD,49261,8.3,36930,190,4,5,sedan,silver,1,yes,full,UK
9088,X1,2019,2.3,276,diesel,automatic,FWD,102179,7.6,33688,175,5,5,suv,white,2,yes,full,Turkey
9089,X1,2014,2.3,158,hybrid,automatic,FWD,175977,5.3,24258,122,5,5,suv,silver,1,yes,full,Italy
9090,3 Series,2019,2.7,254,diesel,automatic,AWD,62729,7,44050,152,4,5,sedan,red,1,no,full,UK
9091,X7,2014,4.1,363,petrol,automatic,AWD,99832,10.9,91124,230,5,5,suv,silver,3,no,full,Germany
9092,Z4,2021,2.6,211,petrol,automatic,RWD,40818,8.7,52324,204,2,2,convertible,black,1,yes,partial,Spain
9093,3 Series,2022,2.8,229,petrol,automatic,AWD,32350,9.1,43428,202,4,5,sedan,silver,,no,full,Turkey
9094,X5,2019,3.7,322,diesel,automatic,AWD,101265,9.1,69934,206,5,5,suv,blue,2,no,none,USA
9095,1 Series,2024,2.5,234,hybrid,automatic,FWD,28340,5,30741,119,3,4,hatchback,white,1,no,full,Turkey
9096,3 Series,2024,2.5,271,diesel,automatic,RWD,11608,8,54035,177,4,5,sedan,blue,1,no,full,Germany
9097,5 Series,2020,3.2,286,diesel,automatic,RWD,68634,9,61849,191,4,5,sedan,silver,1,no,full,UK
9098,i7,2018,0,447,electric,automatic,AWD,58321,0,127282,0,4,5,sedan,white,2,no,partial,France
9099,i7,2022,0,453,electric,automatic,RWD,17372,0,182322,0,4,5,sedan,black,1,no,full,UK
9100,Z4,2017,2.4,217,petrol,automatic,RWD,119759,8,46495,175,2,2,convertible,silver,1,yes,partial,Italy
9101,X3,2011,3.4,238,hybrid,automatic,AWD,110201,5.9,34461,125,5,5,suv,black,2,no,,Italy
9102,i4,2014,0,297,electric,automatic,AWD,122512,,52845,0,4,5,coupe,white,1,no,partial,Netherlands
9103,X3,2021,,213,diesel,automatic,RWD,54502,7.6,61824,164,5,5,suv,black,1,no,full,Netherlands
9104,7 Series,2015,3.8,310,diesel,automatic,AWD,177224,9.6,79045,216,4,4,sedan,white,2,no,full,Germany
9105,i3,2009,0,230,electric,automatic,RWD,255699,0,24540,0,5,4,hatchback,white,3,no,partial,France
9106,X1,2018,2.3,239,petrol,automatic,AWD,149222,8.2,36957,191,5,5,suv,grey,4,no,full,Netherlands
9107,X3,2016,2.3,158,diesel,automatic,AWD,137337,5.9,41128,116,5,5,suv,white,,no,full,Italy
9108,5 Series,2017,4,380,hybrid,automatic,AWD,85976,6.3,46185,118,4,5,sedan,black,3,yes,full,Spain
9109,X3,2024,2.4,193,diesel,automatic,RWD,0,7.4,72293,,5,5,suv,blue,0,no,full,Germany
9110,Z4,2021,2,218,petrol,automatic,RWD,43196,8.4,62570,192,2,2,convertible,blue,1,no,full,USA
9111,X5,2021,4.2,294,diesel,automatic,AWD,31468,9.1,87234,197,5,5,suv,blue,1,no,full,France
9112,1 Series,2010,,171,petrol,automatic,FWD,224639,8.7,9272,193,3,5,hatchback,white,3,no,full,Italy
9113,3 Series,2017,2.7,234,petrol,manual,RWD,128119,,32631,211,4,5,sedan,blue,1,no,full,Netherlands
9114,Z4,2018,2.5,266,petrol,automatic,RWD,115595,,50547,,2,2,convertible,black,1,no,partial,France
9115,i4,2019,0,275,electric,automatic,AWD,86441,0,65663,0,4,5,coupe,blue,1,no,full,Turkey
9116,i7,2011,0,593,electric,automatic,RWD,185424,0,121553,0,4,4,sedan,black,4,no,partial,Netherlands
9117,i7,2018,0,611,electric,automatic,AWD,93074,0,136481,0,4,5,sedan,black,1,no,partial,Turkey
9118,3 Series,2022,2.8,222,diesel,automatic,AWD,26674,7.2,42939,148,4,5,sedan,black,0,no,full,Spain
9119,3 Series,2020,2.3,172,hybrid,automatic,AWD,51968,4.6,31753,87,4,5,sedan,black,1,no,partial,France
9120,1 Series,2015,2.6,269,petrol,manual,FWD,122212,8.7,19762,196,5,5,hatchback,black,3,,partial,USA
9121,3 Series,2024,2.9,266,hybrid,automatic,AWD,0,5.6,46591,124,4,5,sedan,white,0,no,full,UK
9122,X1,2016,1.8,138,hybrid,automatic,AWD,109528,4,28605,101,5,5,suv,,4,no,partial,Italy
9123,5 Series,2008,2.9,261,hybrid,automatic,AWD,163042,5.2,27934,120,4,5,sedan,silver,3,no,partial,Italy
9124,X3,2006,2.2,217,diesel,automatic,RWD,300000,6.8,21411,159,5,5,suv,black,4,no,none,USA
9125,i3,2022,0,199,electric,automatic,RWD,15051,0,63060,0,5,4,hatchback,silver,1,no,full,Spain
9126,X3,2019,2.9,239,petrol,automatic,AWD,83307,9.3,50747,197,5,5,suv,black,2,no,full,Italy
9127,3 Series,2016,2.1,185,petrol,automatic,AWD,112589,8.6,28746,198,4,5,sedan,black,2,no,full,UK
9128,i3,2016,0,171,electric,automatic,RWD,111516,0,39672,0,5,4,hatchback,grey,2,,full,USA
9129,Z4,2017,2.7,302,petrol,automatic,RWD,149461,7.6,52685,163,2,2,convertible,,4,no,full,USA
9130,X7,2022,3.6,269,diesel,automatic,AWD,18494,8.5,117205,184,5,5,suv,black,0,no,full,France
9131,X5,2005,3.1,239,petrol,automatic,AWD,177007,9.4,31308,201,5,5,suv,grey,5,yes,full,UK
9132,X5,2020,3.2,302,petrol,automatic,AWD,42872,9.9,78439,212,5,5,suv,white,1,no,full,France
9133,X1,2023,2.1,273,hybrid,automatic,AWD,21952,4.8,48350,102,5,5,suv,silver,0,no,full,USA
9134,X7,2010,3.5,333,hybrid,automatic,AWD,201585,6,70420,131,5,5,suv,white,4,no,partial,Germany
9135,3 Series,2009,2.5,263,diesel,manual,RWD,189526,7.1,19545,152,4,5,sedan,black,4,yes,full,Turkey
9136,5 Series,2011,4,323,diesel,automatic,RWD,156694,8.9,35527,191,4,5,sedan,black,4,yes,full,USA
9137,X7,2021,3.6,374,hybrid,automatic,AWD,72572,6.1,107814,131,5,5,suv,black,1,yes,full,Spain
9138,5 Series,2005,3.4,323,petrol,automatic,AWD,246675,11.1,25000,246,4,5,sedan,grey,2,no,full,Spain
9139,X1,2010,2.5,270,diesel,automatic,AWD,300000,7.5,19211,164,5,5,suv,silver,5,yes,full,Netherlands
9140,1 Series,2005,2,173,hybrid,manual,FWD,227559,4.4,4112,108,3,5,hatchback,black,3,yes,full,Turkey
9141,X5,2017,3.5,325,petrol,automatic,AWD,60656,10.7,79303,237,5,5,suv,silver,1,no,full,Spain
9142,X1,2019,,185,hybrid,automatic,FWD,51792,4.3,34462,94,5,5,suv,white,1,no,partial,Turkey
9143,X7,2024,3.5,308,diesel,,AWD,0,8.5,129799,195,5,5,suv,black,0,no,,USA
9144,1 Series,2013,,190,hybrid,,FWD,224552,4.7,12574,105,3,5,hatchback,black,3,no,full,Spain
9145,X3,2017,2.6,212,petrol,automatic,RWD,50082,8.1,49425,153,5,5,suv,white,2,no,full,USA
9146,X7,2021,3.5,269,hybrid,automatic,AWD,50732,5.8,108623,133,5,5,suv,black,1,no,full,Italy
9147,Z4,2017,2,145,petrol,automatic,RWD,130932,8.3,40412,188,2,2,convertible,white,1,yes,none,UK
9148,X1,2015,1.8,153,diesel,automatic,AWD,163213,6.4,25097,135,5,5,suv,black,3,no,partial,France
9149,X5,2018,3.2,257,diesel,automatic,AWD,67383,8.3,73752,186,5,5,suv,silver,2,no,partial,UK
9150,X3,2011,2.1,319,petrol,automatic,AWD,127846,8.7,32429,194,5,5,suv,silver,3,no,none,Turkey
9151,X5,2019,3.7,407,hybrid,automatic,AWD,50477,6.6,63386,142,5,5,suv,black,1,yes,partial,Turkey
9152,5 Series,2022,4.3,355,petrol,automatic,RWD,29961,12.2,76494,279,4,5,sedan,black,1,no,full,Netherlands
9153,X3,2023,2.1,195,diesel,automatic,AWD,7334,6.6,59548,150,5,5,suv,red,0,no,partial,UK
9154,X3,2011,2.4,237,hybrid,automatic,RWD,182277,5.5,30701,136,5,5,suv,grey,5,no,partial,UK
9155,X1,2016,1.8,136,diesel,automatic,AWD,177010,5.9,28691,142,5,5,suv,blue,4,no,full,Germany
9156,X5,2019,4.1,308,petrol,automatic,AWD,64817,10.4,67952,230,5,5,suv,black,3,no,partial,Netherlands
9157,1 Series,2005,2.1,213,diesel,manual,RWD,300000,6.7,2640,149,3,5,hatchback,blue,5,yes,full,Netherlands
9158,i7,2009,0,314,electric,automatic,RWD,211785,0,71725,0,4,5,sedan,white,3,yes,partial,Spain
9159,X3,2012,2.1,229,hybrid,automatic,AWD,181422,4.8,32929,94,5,5,suv,black,2,yes,full,Netherlands
9160,X3,2016,2.7,200,petrol,automatic,AWD,97084,8.9,39207,197,5,5,suv,grey,1,yes,partial,Spain
9161,X1,2023,,207,hybrid,automatic,FWD,23020,5.2,46793,101,5,5,suv,black,0,no,full,Turkey
9162,Z4,2021,2.1,154,petrol,automatic,RWD,13807,8.7,68047,178,2,2,convertible,white,1,no,full,France
9163,5 Series,2023,2.9,299,diesel,automatic,AWD,25780,8.2,73421,169,4,5,sedan,silver,0,no,full,USA
9164,1 Series,2017,2,155,diesel,manual,FWD,122924,6.7,13966,162,5,5,hatchback,blue,2,yes,partial,Turkey
9165,3 Series,2005,2.7,275,hybrid,automatic,RWD,280666,5.6,13365,113,4,5,sedan,silver,3,yes,partial,Spain
9166,1 Series,2022,1.8,213,petrol,manual,FWD,45149,7.8,27691,183,3,5,hatchback,black,1,no,full,Turkey
9167,X5,2011,3.9,343,hybrid,automatic,AWD,189201,6.8,55810,145,5,5,suv,white,2,no,,Germany
9168,1 Series,2018,2.7,274,diesel,automatic,RWD,145221,7.2,19332,154,3,4,hatchback,red,1,no,partial,Turkey
9169,7 Series,2017,3.6,356,diesel,automatic,RWD,115567,9.2,93627,215,4,5,sedan,white,4,no,full,USA
9170,3 Series,2017,2,223,petrol,automatic,AWD,84887,8.4,29028,165,4,5,sedan,grey,,no,none,UK
9171,7 Series,2020,3.3,272,hybrid,automatic,AWD,67390,6.3,102304,139,4,4,sedan,,1,no,full,Italy
9172,5 Series,2016,3.4,299,diesel,automatic,RWD,140348,8.2,52509,186,4,5,sedan,black,3,no,full,Netherlands
9173,3 Series,2013,2,191,petrol,automatic,RWD,272428,8.7,12796,180,4,5,sedan,black,3,,none,Italy
9174,5 Series,2009,2.7,178,hybrid,automatic,RWD,202722,4.8,29061,90,4,5,sedan,black,3,no,full,USA
9175,i4,2016,,335,electric,automatic,AWD,143714,0,64104,0,4,5,coupe,blue,2,no,full,Italy
9176,X5,2020,3.5,279,petrol,automatic,AWD,37456,10.5,84110,239,5,5,suv,silver,1,no,partial,Germany
9177,i4,2012,0,282,electric,,RWD,213633,0,39034,0,4,5,coupe,black,5,yes,full,Germany
9178,i7,2008,0,479,electric,automatic,RWD,264760,0,83231,0,4,4,sedan,blue,2,yes,partial,Germany
9179,3 Series,2018,3.5,275,diesel,automatic,AWD,155240,8.5,30593,187,4,5,sedan,black,3,yes,partial,Italy
9180,X1,2021,2.4,217,petrol,automatic,FWD,27848,8.2,46457,177,5,5,suv,silver,1,no,full,Germany
9181,X5,2017,3.5,337,petrol,automatic,AWD,112938,10.2,76752,207,5,5,suv,white,1,no,full,Spain
9182,X1,2022,2.4,245,hybrid,automatic,AWD,26835,5.3,50675,126,5,5,suv,white,1,no,full,Italy
9183,X3,2016,3.5,268,diesel,automatic,RWD,70207,8.8,43039,205,5,5,suv,white,1,no,partial,France
9184,5 Series,2016,3,301,hybrid,automatic,AWD,63999,5.9,48390,135,4,5,sedan,black,3,no,full,Spain
9185,7 Series,2013,3.4,313,diesel,automatic,AWD,144257,8.5,67770,199,4,4,sedan,grey,2,no,none,Netherlands
9186,X3,2016,2.6,276,petrol,automatic,RWD,116587,9,43602,207,5,5,suv,silver,1,yes,full,Netherlands
9187,5 Series,2019,3.3,276,diesel,automatic,RWD,31669,8,56025,171,4,5,sedan,white,2,no,partial,Netherlands
9188,7 Series,2016,4.9,424,diesel,automatic,AWD,112986,10.6,87107,221,4,5,sedan,white,3,no,full,USA
9189,5 Series,2017,2.6,238,diesel,automatic,RWD,91119,7.5,38880,168,4,5,sedan,black,2,no,none,Italy
9190,Z4,2018,2.2,213,petrol,automatic,RWD,56768,8,61379,181,2,2,convertible,blue,1,no,partial,UK
9191,X5,2018,4.3,328,hybrid,automatic,AWD,68505,7.4,76891,173,5,5,suv,,1,no,partial,Spain
9192,X3,2022,2.6,265,petrol,automatic,RWD,26980,8.2,66817,189,5,5,suv,grey,1,no,full,USA
9193,1 Series,2024,2.6,206,diesel,,RWD,0,6.9,34060,153,3,5,hatchback,silver,0,no,partial,Netherlands
9194,1 Series,2010,2,189,diesel,automatic,RWD,219188,6.4,6834,141,5,4,hatchback,black,3,no,partial,Italy
9195,7 Series,2013,,447,diesel,automatic,AWD,249802,9.2,66520,199,4,5,sedan,white,,yes,partial,USA
9196,X7,2014,3.8,300,hybrid,automatic,AWD,119480,6.2,94962,123,5,5,suv,white,2,no,full,Spain
9197,1 Series,2020,,170,petrol,automatic,RWD,51830,6.6,26344,133,5,5,hatchback,silver,1,no,full,Germany
9198,i4,2009,0,253,electric,automatic,RWD,204621,0,36072,0,4,5,coupe,silver,5,yes,full,USA
9199,X3,2006,2,217,diesel,automatic,AWD,287990,5.8,20789,126,5,5,suv,black,3,yes,full,France
9200,X1,2008,1.9,195,diesel,automatic,AWD,231413,6.1,11829,131,5,5,suv,black,3,yes,partial,Turkey
9201,5 Series,2009,2.8,201,petrol,automatic,AWD,300000,9.7,18208,209,4,5,sedan,white,3,yes,full,UK
9202,1 Series,2019,2.8,305,diesel,automatic,FWD,94747,7.8,24130,168,5,4,hatchback,white,2,no,partial,Turkey
9203,i3,2017,0,214,electric,automatic,RWD,145120,0,32538,0,5,4,hatchback,black,3,no,partial,Spain
9204,X1,2012,1.6,165,diesel,automatic,FWD,130384,5.3,23099,123,5,5,suv,red,2,yes,full,France
9205,X3,2024,2.3,240,hybrid,automatic,RWD,0,4.8,63019,117,5,5,suv,grey,1,,full,Netherlands
9206,5 Series,2019,,322,hybrid,automatic,AWD,84265,6.7,51836,151,4,5,sedan,white,4,no,partial,Italy
9207,5 Series,2023,2.8,301,diesel,automatic,AWD,15403,8.3,59281,184,4,5,sedan,red,0,no,partial,UK
9208,1 Series,2011,2.3,186,hybrid,automatic,RWD,300000,5.3,5263,,3,4,hatchback,white,2,no,partial,UK
9209,5 Series,2024,2.2,273,diesel,automatic,AWD,0,6.7,62007,,4,5,sedan,blue,1,no,partial,Netherlands
9210,i3,2023,0,130,electric,automatic,RWD,31001,0,63883,0,5,4,hatchback,black,0,no,full,Germany
9211,3 Series,2012,2.2,243,petrol,manual,AWD,217084,8.9,17267,195,4,5,sedan,black,5,yes,partial,Germany
9212,3 Series,2013,2.5,259,hybrid,manual,RWD,145831,5.5,21992,107,4,5,sedan,black,2,yes,none,Germany
9213,X3,2005,2.1,216,petrol,automatic,AWD,187434,7.8,23063,166,5,5,suv,silver,3,no,partial,Turkey
9214,5 Series,2005,2.9,263,diesel,automatic,RWD,300000,7.4,20409,162,4,5,sedan,silver,4,no,full,UK
9215,X5,2006,3.2,299,petrol,automatic,AWD,269712,9.7,37260,228,5,5,suv,grey,2,yes,partial,Italy
9216,i7,2009,0,377,electric,automatic,AWD,300000,0,67422,0,4,5,sedan,white,3,yes,partial,USA
9217,i7,2024,0,331,electric,automatic,RWD,8343,0,175707,0,4,4,sedan,black,1,no,full,USA
9218,X5,2023,3.3,283,diesel,automatic,AWD,13713,8.4,83138,183,5,5,suv,black,1,no,full,Netherlands
9219,3 Series,2006,2.4,265,hybrid,manual,AWD,300000,5,13526,110,4,5,sedan,blue,2,yes,partial,France
9220,i3,2010,0,172,electric,automatic,RWD,237081,0,22872,0,5,4,hatchback,black,4,no,full,USA
9221,3 Series,2021,2,243,hybrid,,AWD,46176,5.1,42311,100,4,5,sedan,white,1,no,partial,Germany
9222,3 Series,2024,1.9,224,diesel,automatic,AWD,15798,6.9,46652,149,4,5,sedan,black,0,no,full,UK
9223,X3,2023,3.4,326,petrol,automatic,RWD,18272,10.5,70751,249,5,5,suv,blue,1,no,full,UK
9224,7 Series,2018,4.9,374,diesel,automatic,RWD,107296,10.7,71330,240,4,4,sedan,silver,1,yes,partial,Turkey
9225,1 Series,2008,2.4,240,hybrid,automatic,RWD,300000,5.8,4587,125,3,5,hatchback,white,5,yes,full,Spain
9226,X7,2009,4.4,410,diesel,automatic,AWD,289054,9.6,58298,227,5,5,suv,white,3,yes,partial,France
9227,X1,2024,2.4,224,petrol,automatic,FWD,0,7.6,53379,154,5,5,suv,grey,0,no,full,UK
9228,5 Series,2010,2.3,206,diesel,automatic,AWD,226747,7,24853,146,4,5,sedan,black,4,yes,partial,Turkey
9229,i3,2024,0,163,electric,automatic,RWD,8342,0,50004,0,5,4,hatchback,black,1,yes,partial,Germany
9230,X3,2007,2.7,268,hybrid,automatic,RWD,221079,5.6,25881,,5,5,suv,black,4,no,partial,Netherlands
9231,X3,2019,2.2,176,hybrid,automatic,AWD,109118,5.3,37492,108,5,5,suv,black,3,yes,full,Turkey
9232,X7,2016,3.3,238,diesel,automatic,AWD,145023,8.2,87530,188,5,5,suv,red,1,no,full,Netherlands
9233,i4,2023,0,325,electric,automatic,RWD,15037,0,91200,0,4,5,coupe,black,0,no,full,UK
9234,5 Series,2024,3.2,309,hybrid,automatic,RWD,1287,6,67738,123,4,5,sedan,white,0,no,full,France
9235,5 Series,2021,2.5,324,diesel,automatic,RWD,20488,6.3,71886,130,4,5,sedan,silver,1,no,full,USA
9236,Z4,2023,3,240,petrol,automatic,RWD,6909,8.8,73189,191,2,2,convertible,black,1,no,full,Spain
9237,X1,2020,2.4,269,petrol,automatic,FWD,112981,8.5,45352,175,5,5,suv,silver,1,no,full,Netherlands
9238,X5,2006,3.9,331,hybrid,automatic,AWD,230187,6.2,32223,143,5,5,suv,white,4,yes,partial,Turkey
9239,3 Series,2013,3.2,284,diesel,automatic,AWD,166932,,23045,192,4,5,sedan,white,,no,partial,UK
9240,i4,2022,0,571,electric,automatic,AWD,410,0,79726,0,4,5,coupe,white,,yes,partial,Spain
9241,X1,2013,,170,hybrid,automatic,AWD,170947,,17878,108,5,5,suv,black,5,yes,none,Turkey
9242,Z4,2005,2.6,248,petrol,manual,RWD,194217,9,22038,197,2,2,convertible,grey,5,yes,partial,USA
9243,X3,2024,3,317,diesel,automatic,AWD,0,8.1,68248,179,5,5,suv,white,0,no,full,Spain
9244,i7,2018,0,537,electric,automatic,RWD,52383,0,136440,0,4,4,sedan,grey,1,no,full,Turkey
9245,Z4,2018,3,253,petrol,automatic,RWD,59206,9.3,60717,211,2,2,convertible,black,4,no,full,Germany
9246,X1,2006,1.9,204,petrol,automatic,AWD,300000,7.1,11525,135,5,5,suv,black,2,no,partial,France
9247,i7,2009,0,495,electric,automatic,RWD,264670,0,86819,0,4,4,sedan,black,2,no,partial,Turkey
9248,X5,2024,3.7,338,petrol,automatic,AWD,4133,11,92267,236,5,5,suv,blue,1,no,full,Italy
9249,5 Series,2016,4.3,403,petrol,automatic,AWD,178542,11.7,49232,267,4,5,sedan,silver,1,no,full,USA
9250,5 Series,2020,2,145,diesel,automatic,AWD,54110,7.3,57817,161,4,5,sedan,black,1,no,full,Germany
9251,X1,2007,1.7,214,diesel,automatic,FWD,256872,,11825,,5,5,suv,red,3,no,none,USA
9252,3 Series,2016,3.4,305,hybrid,automatic,RWD,63825,6,30356,138,4,5,sedan,black,4,yes,full,Italy
9253,1 Series,2009,2.1,215,petrol,automatic,FWD,91095,8.6,17019,182,5,5,hatchback,red,3,no,full,Turkey
9254,X5,2020,3.9,385,hybrid,automatic,AWD,34479,6,83237,142,5,5,suv,blue,1,no,full,Netherlands
9255,1 Series,2014,1.7,206,hybrid,manual,RWD,117555,4.5,17742,92,3,4,hatchback,red,2,yes,full,USA
9256,X7,2018,4.1,363,diesel,automatic,AWD,96251,9.8,111742,220,5,5,suv,red,4,no,full,UK
9257,3 Series,2024,3,345,petrol,automatic,AWD,9487,9.4,52173,205,4,5,sedan,grey,0,no,full,France
9258,X7,2017,4.1,356,petrol,automatic,AWD,146487,10.4,106287,234,5,5,suv,black,3,no,,France
9259,X3,2007,,322,hybrid,automatic,RWD,190302,5.8,32450,139,5,5,suv,silver,2,no,partial,Germany
9260,i7,2011,,431,electric,automatic,AWD,182546,0,108111,0,4,5,sedan,grey,3,no,partial,Germany
9261,Z4,2023,2.8,297,petrol,automatic,RWD,15992,10.1,69713,222,2,2,convertible,blue,0,no,full,Italy
9262,7 Series,2009,3.5,363,petrol,,RWD,292893,10,63243,211,4,5,sedan,red,3,no,full,UK
9263,5 Series,2024,4.3,385,petrol,automatic,AWD,10699,11.3,69513,247,4,5,sedan,white,0,no,full,USA
9264,i4,2010,0,259,electric,automatic,RWD,186683,0,37831,0,4,5,coupe,black,4,yes,full,Germany
9265,3 Series,2012,3.3,324,diesel,manual,RWD,156232,7.2,24355,158,4,5,sedan,silver,5,yes,full,UK
9266,5 Series,2021,3.6,260,diesel,automatic,AWD,35433,8.9,64253,201,4,5,sedan,silver,1,no,full,Germany
9267,i3,2021,0,124,electric,automatic,RWD,19172,0,54830,0,5,4,hatchback,black,2,no,full,France
9268,i4,2019,0,228,electric,automatic,AWD,125074,0,68071,0,4,5,coupe,silver,1,no,full,Germany
9269,X3,2013,3,346,petrol,,RWD,199075,9.9,37765,230,5,5,suv,grey,3,yes,partial,USA
9270,X1,2011,1.5,122,diesel,automatic,FWD,194074,5.6,17256,120,5,5,suv,white,3,no,partial,Turkey
9271,X3,2006,2.7,227,diesel,automatic,AWD,239367,7.1,23923,162,5,5,suv,white,,yes,full,Netherlands
9272,X5,2022,3.8,342,petrol,automatic,AWD,8144,9.6,85051,217,5,5,suv,grey,1,no,partial,Spain
9273,X3,2008,3,296,petrol,automatic,RWD,205159,,29016,198,5,5,suv,black,2,no,partial,France
9274,5 Series,2011,,220,hybrid,automatic,AWD,196102,4.5,35138,114,4,5,sedan,red,2,no,full,Spain
9275,X7,2022,3.1,293,diesel,automatic,AWD,34403,8.8,106616,205,5,5,suv,grey,0,no,partial,Italy
9276,X3,2020,2.2,215,hybrid,automatic,RWD,68436,4.6,61420,94,5,5,suv,blue,1,no,full,USA
9277,X1,2024,1.6,127,petrol,automatic,FWD,0,7.2,41946,145,5,5,suv,black,0,no,partial,USA
9278,X5,2014,3.2,306,diesel,automatic,AWD,101146,7.4,63658,162,5,5,suv,white,4,no,full,Germany
9279,X7,2024,3.5,293,hybrid,automatic,AWD,22633,5.7,134483,122,5,5,suv,grey,0,no,full,Spain
9280,X1,2023,1.8,203,petrol,automatic,FWD,19826,8.1,47392,171,5,5,suv,silver,0,no,full,USA
9281,X3,2009,3.3,289,diesel,automatic,RWD,107322,8.3,41476,187,5,5,suv,black,3,no,full,Germany
9282,5 Series,2020,3.5,315,diesel,automatic,RWD,58784,8.5,59000,180,4,5,sedan,white,1,no,full,USA
9283,5 Series,2013,4.2,336,petrol,automatic,AWD,62097,10.9,48092,243,4,5,sedan,red,5,no,partial,Germany
9284,X1,2020,1.9,164,petrol,automatic,FWD,44589,8,35229,194,5,5,suv,grey,0,yes,,USA
9285,X3,2017,2.1,221,petrol,automatic,RWD,126716,8.2,53460,179,5,5,suv,silver,1,no,full,Italy
9286,i7,2020,0,477,electric,automatic,RWD,71949,,163257,0,4,5,sedan,,1,no,full,Spain
9287,3 Series,2010,3,231,petrol,manual,AWD,176408,9.6,22873,207,4,5,sedan,silver,3,no,partial,Germany
9288,1 Series,2024,2.7,275,petrol,,RWD,0,10.1,32432,228,3,5,hatchback,white,0,no,partial,Spain
9289,X1,2019,2,218,petrol,automatic,AWD,43092,7.8,42402,177,5,5,suv,silver,4,no,partial,France
9290,X5,2017,3.5,285,hybrid,automatic,AWD,132828,6.3,62849,137,5,5,suv,black,1,no,partial,UK
9291,5 Series,2020,2.6,269,petrol,automatic,RWD,60858,9.6,49959,211,4,5,sedan,black,2,yes,full,Italy
9292,X3,2013,3.3,260,diesel,automatic,RWD,213317,8.2,31496,186,5,5,suv,silver,4,no,none,Netherlands
9293,X1,2010,1.5,187,diesel,automatic,FWD,245007,6.2,16797,124,5,5,suv,blue,3,no,partial,Germany
9294,i3,2018,0,170,electric,automatic,RWD,63430,0,43975,0,5,4,hatchback,silver,1,no,full,UK
9295,i7,2010,0,585,electric,automatic,RWD,177298,0,128714,0,4,5,sedan,silver,3,no,full,Germany
9296,X3,2018,3.3,349,hybrid,automatic,RWD,67640,,62862,137,5,5,suv,grey,3,no,full,Italy
9297,X3,2015,2.5,308,diesel,automatic,RWD,70991,7.2,53952,166,5,5,suv,white,2,no,full,USA
9298,1 Series,2012,2.1,184,hybrid,automatic,FWD,246543,4.6,9439,106,5,5,hatchback,black,2,yes,full,UK
9299,X7,2014,3.9,325,petrol,automatic,AWD,143144,10.9,68166,227,5,5,suv,white,2,yes,partial,Turkey
9300,3 Series,2018,2.5,288,hybrid,automatic,AWD,106389,4.6,35292,90,4,5,sedan,blue,3,yes,full,USA
9301,7 Series,2021,0,420,electric,automatic,RWD,44771,0,112297,0,4,4,sedan,red,0,no,full,Spain
9302,3 Series,2014,1.8,201,diesel,automatic,AWD,86288,6,26880,120,4,5,sedan,white,4,no,full,Spain
9303,X3,2016,2.8,264,diesel,automatic,RWD,95631,8.4,41556,175,5,5,suv,white,2,no,,Turkey
9304,3 Series,2022,,241,petrol,automatic,AWD,36699,8.4,38932,197,4,5,sedan,grey,1,yes,full,USA
9305,X1,2020,2.1,272,hybrid,automatic,AWD,56782,4.8,43198,94,5,5,suv,black,1,no,full,USA
9306,5 Series,2009,3.4,323,hybrid,automatic,RWD,227853,6.7,26348,149,4,5,sedan,grey,4,no,none,Spain
9307,X3,2019,3.1,242,diesel,automatic,RWD,68213,8.4,56206,195,5,5,suv,white,3,no,full,Germany
9308,X3,2008,2.6,247,diesel,automatic,AWD,181150,7.7,26467,161,5,5,suv,black,3,yes,partial,Italy
9309,1 Series,2022,1.9,168,petrol,automatic,RWD,31856,7.5,28547,178,3,4,hatchback,black,2,no,full,USA
9310,X5,2022,3.6,325,hybrid,automatic,AWD,19268,6.9,87317,154,5,5,suv,,1,no,full,Turkey
9311,X1,2021,1.9,177,diesel,automatic,FWD,26231,6,39045,139,5,5,suv,black,1,no,partial,UK
9312,1 Series,2011,2.2,233,hybrid,automatic,RWD,217343,4.7,13718,119,3,5,hatchback,black,5,,partial,Italy
9313,i4,2021,0,349,electric,automatic,AWD,21340,0,91655,0,4,5,coupe,,1,no,full,France
9314,5 Series,2022,2.5,236,diesel,automatic,RWD,31729,7.6,66478,153,4,5,sedan,silver,1,no,full,USA
9315,i3,2007,0,172,electric,automatic,RWD,274440,0,15361,,5,4,hatchback,white,3,yes,full,France
9316,X3,2023,2.9,249,hybrid,automatic,RWD,0,6.3,62799,144,5,5,suv,black,1,no,partial,USA
9317,i7,2014,0,398,electric,automatic,RWD,154474,0,110694,0,4,4,sedan,black,2,no,partial,France
9318,X1,2022,1.9,188,hybrid,automatic,FWD,9471,5.1,43064,118,5,5,suv,blue,1,no,partial,Turkey
9319,1 Series,2009,2.5,264,hybrid,manual,RWD,300000,5.8,5431,123,3,4,hatchback,white,4,yes,partial,Germany
9320,i4,2024,0,386,electric,automatic,RWD,28906,0,86966,0,4,5,coupe,white,1,no,full,Italy
9321,X1,2018,1.8,213,diesel,automatic,AWD,91626,5.8,32413,126,5,5,suv,white,1,no,partial,Italy
9322,1 Series,2023,2.9,246,petrol,automatic,FWD,18422,9.2,32243,200,3,4,hatchback,silver,0,no,full,UK
9323,X3,2017,2.7,283,hybrid,automatic,RWD,111635,5.5,54784,119,5,5,suv,blue,2,no,full,USA
9324,X7,2006,3.2,296,hybrid,automatic,AWD,280976,5.6,62533,129,5,5,suv,white,,no,partial,Germany
9325,5 Series,2015,2.4,253,diesel,automatic,RWD,183216,7.8,34699,169,4,5,sedan,white,3,yes,full,Turkey
9326,1 Series,2021,2.2,195,petrol,automatic,FWD,49728,8.1,23568,171,3,5,hatchback,grey,2,no,full,Spain
9327,X5,2015,3.8,255,petrol,automatic,AWD,119649,10,55282,225,5,5,suv,,,yes,full,Turkey
9328,X7,2012,4.3,335,petrol,automatic,AWD,158819,10.3,67127,211,5,5,suv,silver,4,yes,partial,Turkey
9329,X5,2006,4.3,386,petrol,automatic,AWD,300000,12.5,31405,271,5,5,suv,black,4,yes,full,UK
9330,X3,2014,3.4,301,hybrid,automatic,RWD,194868,6.1,44050,130,5,5,suv,grey,1,no,partial,Netherlands
9331,3 Series,2019,3,227,hybrid,automatic,AWD,57728,5.7,40524,117,4,5,sedan,red,1,no,full,Germany
9332,3 Series,2022,2.3,201,hybrid,automatic,RWD,22393,5.5,41012,134,4,5,sedan,grey,1,no,full,Netherlands
9333,5 Series,2019,2.1,222,diesel,automatic,RWD,78870,6.8,49267,143,4,5,sedan,silver,3,no,partial,UK
9334,X5,2014,3.7,322,diesel,automatic,AWD,135110,9.2,59626,207,5,5,suv,black,3,no,partial,Spain
9335,7 Series,2006,0,318,electric,automatic,RWD,259494,0,60139,0,4,4,sedan,silver,4,no,full,Italy
9336,5 Series,2021,3.6,233,petrol,automatic,RWD,45524,10.5,52792,247,4,5,sedan,red,1,no,partial,Netherlands
9337,X1,2018,2.1,226,petrol,automatic,FWD,58427,7.7,44577,170,5,5,suv,red,2,no,full,USA
9338,X3,2023,2.2,229,hybrid,automatic,AWD,17114,5.1,63722,112,5,5,suv,silver,0,no,full,UK
9339,X1,2005,2.5,190,hybrid,automatic,AWD,286617,4.7,11330,99,5,5,suv,red,2,yes,partial,Spain
9340,3 Series,2006,3,284,petrol,manual,AWD,300000,9.5,8445,212,4,5,sedan,silver,4,yes,none,Netherlands
9341,X1,2022,1.6,214,hybrid,automatic,FWD,12223,4.1,50590,97,5,5,suv,black,1,no,full,UK
9342,5 Series,2016,4.1,426,diesel,automatic,RWD,109552,,57988,215,4,5,sedan,blue,1,no,full,France
9343,3 Series,2011,2.6,272,diesel,automatic,AWD,129385,6.7,25484,143,4,5,sedan,red,2,no,partial,France
9344,X3,2012,3,210,hybrid,automatic,RWD,175897,5.6,36695,104,5,5,suv,grey,2,no,full,Netherlands
9345,X1,2021,1.7,153,diesel,automatic,FWD,53440,6.8,40837,162,5,5,suv,grey,2,no,full,Turkey
9346,i7,2021,0,470,electric,automatic,RWD,28714,0,188658,0,4,4,sedan,black,0,no,full,France
9347,3 Series,2024,2.7,249,diesel,automatic,RWD,1173,7.7,48799,178,4,5,sedan,red,0,no,full,Germany
9348,5 Series,2019,3.9,292,diesel,automatic,RWD,68971,9.4,57934,191,4,5,sedan,black,2,no,full,Turkey
9349,i3,2005,0,152,electric,automatic,RWD,196764,,17140,0,5,4,hatchback,white,4,yes,partial,Netherlands
9350,i7,2015,0,357,electric,automatic,RWD,191873,0,90518,0,4,5,sedan,red,3,yes,partial,France
9351,7 Series,2013,0,333,electric,automatic,AWD,233446,0,69779,0,4,4,sedan,silver,2,no,partial,France
9352,5 Series,2016,4.1,315,petrol,automatic,RWD,118756,,46321,243,4,5,sedan,white,2,no,partial,UK
9353,3 Series,2021,,282,petrol,automatic,RWD,36313,7.7,44855,170,4,5,sedan,grey,0,no,full,Netherlands
9354,X1,2007,1.8,186,hybrid,automatic,FWD,300000,4.8,12011,113,5,5,suv,silver,5,no,partial,USA
9355,i7,2018,0,466,electric,automatic,RWD,106810,0,143924,0,4,5,sedan,black,2,no,full,Italy
9356,X5,2022,3.9,321,petrol,automatic,AWD,30137,11.3,81883,,5,5,suv,silver,2,no,,France
9357,5 Series,2020,4.3,319,diesel,automatic,RWD,23302,10,57709,212,4,5,sedan,black,1,no,full,Spain
9358,i4,2005,0,304,electric,automatic,AWD,221851,0,33607,0,4,5,coupe,black,5,no,partial,Italy
9359,X3,2023,2.3,206,diesel,automatic,RWD,19192,6.8,68774,158,5,5,suv,blue,0,no,full,Italy
9360,5 Series,2017,4.4,398,petrol,automatic,RWD,124617,11.2,53677,236,4,5,sedan,red,1,no,full,France
9361,1 Series,2013,2.5,179,hybrid,automatic,FWD,137741,4.9,13679,101,3,5,hatchback,silver,5,no,full,Netherlands
9362,X1,2019,1.6,187,petrol,automatic,FWD,88098,6.6,32992,147,5,5,suv,black,3,no,partial,Italy
9363,X3,2024,2.6,212,petrol,automatic,RWD,0,8.7,71090,199,5,5,suv,white,0,no,full,USA
9364,X3,2012,2.8,209,hybrid,automatic,AWD,211418,5.4,31932,118,5,5,suv,black,4,no,full,Italy
9365,5 Series,2022,2.7,322,hybrid,automatic,RWD,39344,5.3,60049,115,4,5,sedan,silver,1,no,full,Turkey
9366,7 Series,2005,4.1,366,hybrid,automatic,RWD,300000,6.8,43564,151,4,5,sedan,blue,2,yes,partial,Germany
9367,3 Series,2021,2.1,158,petrol,manual,RWD,35920,7.7,38874,166,4,5,sedan,red,1,no,,USA
9368,Z4,2020,2.5,243,petrol,automatic,RWD,37554,7.5,57070,161,2,2,convertible,black,1,no,partial,Italy
9369,X1,2020,1.6,182,petrol,automatic,FWD,60033,8.1,33614,164,5,5,suv,silver,0,no,none,Turkey
9370,i4,2016,0,492,electric,automatic,RWD,160451,0,61311,0,4,5,coupe,black,3,no,partial,Italy
9371,7 Series,2022,3.1,267,diesel,automatic,AWD,31354,8,107757,168,4,5,sedan,white,1,no,full,UK
9372,i4,2018,0,370,electric,automatic,AWD,90622,0,62495,0,4,5,coupe,white,4,no,full,Turkey
9373,X1,2022,1.7,144,hybrid,automatic,FWD,29909,4.8,42545,109,5,5,suv,black,0,no,full,Turkey
9374,7 Series,2023,3.7,330,petrol,automatic,RWD,13067,9.2,99336,207,4,5,sedan,black,1,yes,full,UK
9375,7 Series,2016,0,504,electric,automatic,AWD,113871,0,88123,0,4,4,sedan,red,1,no,partial,Spain
9376,X5,2017,3.6,311,diesel,automatic,AWD,66117,8.4,69562,194,5,5,suv,black,1,yes,full,UK
9377,X1,2019,1.6,127,petrol,automatic,AWD,99080,7.1,27637,164,5,5,suv,blue,2,no,none,USA
9378,X5,2016,4.4,352,petrol,automatic,AWD,124322,11.4,71680,247,5,5,suv,silver,2,no,full,Spain
9379,X3,2023,3.3,271,diesel,automatic,AWD,25130,8,59125,166,5,5,suv,white,0,no,partial,Spain
9380,X1,2012,2.1,270,hybrid,automatic,FWD,117679,5,27804,106,5,5,suv,black,5,yes,partial,Germany
9381,3 Series,2019,1.9,201,diesel,automatic,AWD,68241,5.5,32150,127,4,5,sedan,black,3,no,partial,France
9382,3 Series,2024,3.5,270,petrol,automatic,AWD,2677,10.4,45947,217,4,5,sedan,silver,0,no,partial,Netherlands
9383,X7,2020,3.9,402,diesel,automatic,AWD,12966,9.9,121418,207,5,5,suv,,2,no,full,Italy
9384,3 Series,2021,2.3,158,hybrid,automatic,RWD,38945,5.2,34815,110,4,5,sedan,blue,2,no,full,Spain
9385,1 Series,2024,1.6,167,diesel,automatic,RWD,6261,5.7,31192,138,3,5,hatchback,grey,0,no,full,USA
9386,X3,2017,3.3,308,hybrid,automatic,AWD,65246,5.7,42496,122,5,5,suv,grey,3,yes,none,Turkey
9387,i4,2014,0,321,electric,automatic,AWD,137627,0,55427,0,4,5,coupe,grey,1,no,full,Netherlands
9388,5 Series,2024,3.7,377,diesel,automatic,AWD,0,8.3,73025,169,4,5,sedan,silver,0,no,full,UK
9389,X7,2010,3.3,329,hybrid,automatic,AWD,200218,6.7,68913,135,5,5,suv,black,5,no,full,Italy
9390,i4,2015,0,461,electric,automatic,AWD,185764,0,53088,0,4,5,coupe,black,3,yes,full,Netherlands
9391,i4,2018,0,236,electric,automatic,AWD,107187,0,57636,0,4,5,coupe,red,,no,full,Italy
9392,X3,2020,2.4,207,hybrid,automatic,RWD,75280,5,52023,111,5,5,suv,white,2,no,full,France
9393,3 Series,2023,2.6,179,hybrid,automatic,RWD,16715,4.9,47393,118,4,5,sedan,silver,0,no,full,UK
9394,3 Series,2016,3.2,278,hybrid,automatic,RWD,86083,6.1,30224,138,4,5,sedan,red,3,no,none,Turkey
9395,7 Series,2021,3.6,271,petrol,automatic,RWD,49212,9.8,104915,238,4,5,sedan,blue,0,no,full,USA
9396,Z4,2021,2.2,226,petrol,automatic,RWD,27973,7.9,65229,163,2,2,convertible,black,1,no,full,USA
9397,X5,2008,3.4,289,diesel,automatic,AWD,167382,8.5,45700,194,5,5,suv,grey,2,no,full,Turkey
9398,3 Series,2011,3.2,320,petrol,manual,RWD,245079,10,15491,214,4,5,sedan,black,3,yes,none,France
9399,5 Series,2017,3.3,266,petrol,automatic,RWD,99471,10.2,41290,238,4,5,sedan,white,1,yes,partial,Spain
9400,5 Series,2014,3,256,hybrid,automatic,AWD,94442,6.2,42491,143,4,5,sedan,white,2,no,full,Turkey
9401,X3,2019,3.1,260,petrol,automatic,AWD,53066,,50580,199,5,5,suv,blue,3,yes,full,France
9402,i3,2009,0,151,electric,automatic,RWD,171694,0,25720,0,5,4,hatchback,silver,3,yes,full,UK
9403,3 Series,2021,2.5,319,diesel,automatic,RWD,54539,7.4,44076,155,4,5,sedan,blue,1,no,full,Spain
9404,X5,2023,3.9,339,hybrid,automatic,AWD,23464,6.9,95939,165,5,5,suv,silver,0,no,full,USA
9405,X1,2023,2.4,201,petrol,,AWD,11999,8.4,48076,188,5,5,suv,grey,0,no,full,Germany
9406,X1,2013,2.1,239,diesel,automatic,AWD,179534,7.7,24768,180,5,5,suv,white,2,no,full,Italy
9407,7 Series,2016,3.6,311,petrol,automatic,RWD,126352,10.6,91526,240,4,5,sedan,silver,3,no,full,UK
9408,3 Series,2009,3.1,221,hybrid,automatic,RWD,162612,5.2,18544,109,4,5,sedan,grey,2,no,,USA
9409,X7,2018,3.8,311,petrol,automatic,AWD,66396,10.5,101841,214,5,5,suv,black,2,no,full,Spain
9410,3 Series,2022,2.1,163,hybrid,automatic,RWD,33310,5.4,37967,125,4,5,sedan,silver,,no,full,Turkey
9411,X5,2017,3.4,352,petrol,automatic,AWD,154270,9,64556,188,5,5,suv,blue,2,no,partial,France
9412,5 Series,2023,2.3,195,hybrid,automatic,RWD,8989,4.6,56641,89,4,5,sedan,silver,1,no,full,Spain
9413,3 Series,2016,2.2,218,diesel,automatic,AWD,133004,7,32199,153,4,5,sedan,white,1,no,full,USA
9414,Z4,2023,2,229,petrol,automatic,RWD,13882,6.8,80018,150,2,2,convertible,silver,0,no,full,Germany
9415,X5,2012,3.2,300,diesel,automatic,AWD,104444,8.4,58447,170,5,5,suv,black,3,no,partial,France
9416,X7,2018,4.3,370,hybrid,automatic,AWD,43339,7.2,94868,172,5,5,suv,red,2,no,partial,France
9417,X3,2022,2.4,181,hybrid,automatic,AWD,21895,5.1,63417,109,5,5,suv,silver,0,no,partial,UK
9418,X5,2014,3.1,236,hybrid,automatic,AWD,161513,5.8,49951,144,5,5,suv,red,2,yes,partial,Germany
9419,i4,2012,0,192,electric,automatic,AWD,223374,0,41907,0,4,5,coupe,white,2,no,full,Netherlands
9420,1 Series,2013,2.1,200,petrol,automatic,FWD,151798,7.6,14802,168,5,4,hatchback,red,3,no,partial,Spain
9421,5 Series,2015,3.6,319,petrol,automatic,RWD,177776,10.3,44573,234,4,5,sedan,grey,2,no,full,Germany
9422,1 Series,2017,2.6,259,diesel,automatic,RWD,82438,7,28549,143,3,5,hatchback,silver,1,no,full,UK
9423,Z4,2021,2.8,235,petrol,automatic,RWD,44002,9,65702,209,2,2,convertible,silver,1,no,full,Netherlands
9424,7 Series,2023,3.7,327,diesel,automatic,RWD,24762,8,115029,180,4,5,sedan,black,0,no,full,Germany
9425,X3,2006,2,184,petrol,automatic,AWD,300000,8.4,16003,193,5,5,suv,silver,4,yes,none,USA
9426,i7,2020,0,516,electric,automatic,RWD,38747,0,178171,0,4,4,sedan,grey,0,no,partial,UK
9427,5 Series,2024,4.3,322,petrol,automatic,AWD,0,11.4,65926,253,4,5,sedan,white,0,no,partial,UK
9428,7 Series,2021,4.2,300,diesel,automatic,RWD,34882,9.3,116083,195,4,5,sedan,,1,no,full,Netherlands
9429,X7,2006,3.4,329,diesel,automatic,AWD,233160,8,62675,174,5,5,suv,red,4,no,full,Netherlands
9430,X3,2007,2.3,228,petrol,automatic,AWD,300000,9,21370,194,5,5,suv,white,3,yes,partial,Netherlands
9431,3 Series,2010,3,316,petrol,manual,RWD,180583,9.3,26931,199,4,5,sedan,silver,5,no,full,Netherlands
9432,X3,2015,3,264,hybrid,automatic,AWD,131086,5.8,34160,127,5,5,suv,black,2,yes,none,Spain
9433,3 Series,2019,2.6,249,petrol,automatic,AWD,69968,9.6,41916,216,4,5,sedan,white,2,no,full,Netherlands
9434,X3,2024,2.9,234,diesel,automatic,AWD,0,8.2,65349,175,5,5,suv,white,1,no,full,Spain
9435,5 Series,2020,2.8,275,hybrid,automatic,RWD,52417,5.5,51590,121,4,5,sedan,white,0,no,partial,France
9436,i3,2015,0,176,electric,automatic,RWD,109059,0,35185,0,5,4,hatchback,white,1,yes,partial,UK
9437,Z4,2016,2.1,160,petrol,manual,RWD,197670,8,44551,172,2,2,convertible,white,1,no,full,Netherlands
9438,X3,2022,2.9,323,hybrid,automatic,RWD,32299,5.4,59127,120,5,5,suv,grey,0,no,partial,France
9439,3 Series,2010,2.7,260,petrol,automatic,AWD,300000,8.3,16486,181,4,5,sedan,black,4,no,none,Netherlands
9440,5 Series,2015,3.1,247,petrol,automatic,AWD,183214,9.9,36141,223,4,5,sedan,blue,1,no,partial,USA
9441,7 Series,2008,3,245,hybrid,automatic,RWD,130321,5.5,49988,120,4,5,sedan,black,3,no,none,Turkey
9442,X1,2016,2.3,179,petrol,automatic,FWD,89606,,34867,155,5,5,suv,black,4,no,partial,Germany
9443,5 Series,2020,3.4,287,hybrid,automatic,RWD,52709,6.1,60098,127,4,5,sedan,silver,1,no,partial,Germany
9444,5 Series,2022,4.3,346,diesel,automatic,AWD,36017,10,64363,208,4,5,sedan,black,1,no,full,Netherlands
9445,3 Series,2019,2.3,236,hybrid,automatic,AWD,59297,5.1,32781,81,4,5,sedan,black,3,no,partial,Germany
9446,5 Series,2020,2.8,248,hybrid,automatic,RWD,72006,5.5,61396,113,4,5,sedan,blue,1,no,full,France
9447,5 Series,2021,3.7,301,hybrid,automatic,RWD,7603,5.8,64758,120,4,5,sedan,blue,0,no,full,Spain
9448,Z4,2017,2.4,238,petrol,automatic,RWD,86173,,56026,174,2,2,convertible,white,2,no,full,USA
9449,X3,2018,2.1,155,diesel,automatic,RWD,101250,6.5,39255,130,5,5,suv,blue,1,yes,partial,Spain
9450,X3,2023,3.5,272,petrol,automatic,AWD,0,9.9,74622,232,5,5,suv,white,1,no,full,UK
9451,X3,2015,3.4,316,hybrid,automatic,RWD,89598,6.4,44866,135,5,5,suv,blue,2,yes,partial,France
9452,i3,2016,0,164,electric,automatic,RWD,127341,0,38833,0,5,4,hatchback,white,3,no,full,France
9453,X3,2009,2.7,254,diesel,automatic,RWD,227769,7.9,25870,177,5,5,suv,red,3,yes,none,USA
9454,X1,2011,2.4,277,hybrid,automatic,AWD,109281,5.5,27037,119,5,5,suv,,3,no,none,Netherlands
9455,3 Series,2020,1.6,188,petrol,automatic,RWD,82393,7.3,36533,162,4,5,sedan,silver,1,no,full,USA
9456,X1,2021,2.4,207,petrol,automatic,FWD,13582,8.2,48262,161,5,5,suv,black,1,no,partial,Germany
9457,3 Series,2016,3.1,311,hybrid,automatic,RWD,159372,5.8,28445,124,4,5,sedan,white,3,yes,full,Italy
9458,X5,2017,3,225,petrol,automatic,AWD,95214,8.8,69424,193,5,5,suv,black,1,no,partial,Italy
9459,3 Series,2016,1.7,150,diesel,automatic,RWD,46349,6,29581,130,4,5,sedan,grey,3,no,partial,Spain
9460,Z4,2020,2.9,269,petrol,automatic,RWD,97329,10.1,56744,236,2,2,convertible,silver,1,yes,full,Spain
9461,5 Series,2022,3.9,262,diesel,automatic,AWD,17179,8,58951,174,4,5,sedan,blue,1,no,partial,UK
9462,X3,2020,2.3,228,petrol,automatic,AWD,61045,9,56682,189,5,5,suv,black,2,no,full,Turkey
9463,Z4,2023,2.3,253,petrol,automatic,RWD,43013,8.3,55748,185,2,2,convertible,black,0,yes,full,Spain
9464,1 Series,2006,3,338,diesel,manual,FWD,113056,,15982,171,3,4,hatchback,,2,yes,full,Italy
9465,X5,2024,3.2,232,diesel,automatic,AWD,12647,7.3,90674,165,5,5,suv,black,0,no,full,Turkey
9466,3 Series,2020,2.6,221,petrol,automatic,RWD,43939,8.6,41397,186,4,5,sedan,black,1,no,full,UK
9467,3 Series,2017,1.8,241,hybrid,automatic,AWD,53199,4.8,35928,116,4,5,sedan,black,4,no,full,France
9468,5 Series,2013,4.1,378,diesel,automatic,AWD,201835,8.6,43309,183,4,5,sedan,white,3,no,full,Germany
9469,i3,2011,0,168,electric,automatic,RWD,175396,0,21275,0,5,4,hatchback,red,5,no,none,Netherlands
9470,X5,2022,3.5,266,petrol,automatic,AWD,57081,8.6,89309,198,5,5,suv,black,1,no,full,USA
9471,X5,2017,3.4,319,diesel,automatic,AWD,118632,8.8,60484,201,5,5,suv,blue,1,no,none,UK
9472,X1,2013,2.1,206,diesel,automatic,AWD,196991,7.1,29679,146,5,5,suv,blue,4,no,full,France
9473,5 Series,2010,2.7,226,diesel,automatic,RWD,152855,7.2,35937,164,4,5,sedan,black,2,no,,France
9474,3 Series,2006,1.7,260,petrol,automatic,AWD,141034,7.8,22120,175,4,5,sedan,white,3,no,full,UK
9475,i4,2010,0,394,electric,automatic,RWD,195831,0,43670,0,4,5,coupe,silver,4,yes,full,UK
9476,3 Series,2020,2.8,306,hybrid,automatic,RWD,59264,6.5,37148,132,4,5,sedan,black,1,yes,full,Italy
9477,X1,2017,2.4,194,petrol,automatic,AWD,134659,7.6,34602,176,5,5,suv,black,2,no,full,Spain
9478,i7,2020,0,320,electric,automatic,RWD,21415,0,168414,0,4,4,sedan,,1,no,full,France
9479,X3,2007,2.2,193,petrol,automatic,RWD,110990,7.6,29444,168,5,5,suv,blue,3,no,partial,Netherlands
9480,i7,2010,0,263,electric,automatic,RWD,266883,0,90840,0,4,4,sedan,black,3,no,full,Spain
9481,i7,2018,0,423,electric,automatic,AWD,64224,0,140808,0,4,4,sedan,black,1,no,full,Italy
9482,i4,2008,0,303,electric,automatic,AWD,300000,0,31458,0,4,5,coupe,white,4,yes,full,UK
9483,3 Series,2012,3.5,318,hybrid,automatic,AWD,208156,6.4,21515,155,4,5,sedan,grey,3,no,none,Turkey
9484,i7,2024,0,520,electric,automatic,RWD,23781,0,166199,0,4,5,sedan,blue,1,yes,full,France
9485,X7,2020,4.1,323,hybrid,automatic,AWD,54972,6.7,119357,153,5,5,suv,silver,1,no,full,France
9486,i3,2012,0,169,electric,automatic,RWD,176018,0,27858,0,5,4,hatchback,white,4,no,partial,France
9487,X1,2008,2,176,hybrid,automatic,AWD,281542,4.1,10910,107,5,5,suv,grey,5,yes,partial,Spain
9488,Z4,2012,2.4,231,petrol,automatic,RWD,190478,8.8,38759,,2,2,convertible,white,4,no,partial,UK
9489,X3,2014,3.3,268,petrol,automatic,RWD,35236,10.6,47576,232,5,5,suv,white,3,no,partial,Spain
9490,5 Series,2017,,196,petrol,automatic,AWD,142681,7.9,36839,,4,5,sedan,black,1,yes,full,Italy
9491,1 Series,2011,2.6,200,hybrid,manual,RWD,204544,4.7,8046,106,3,4,hatchback,black,5,yes,partial,Germany
9492,X3,2017,2.6,264,petrol,automatic,RWD,71735,8.5,51934,173,5,5,suv,blue,2,no,full,Spain
9493,X3,2016,3.3,343,petrol,automatic,AWD,104849,9.4,48264,208,5,5,suv,white,1,yes,full,UK
9494,X3,2018,3.3,316,petrol,automatic,AWD,82796,10.2,46594,233,5,5,suv,black,1,,none,France
9495,X7,2015,4.1,308,hybrid,automatic,AWD,93143,6.3,84639,130,5,5,suv,black,3,no,partial,France
9496,X3,2021,2.4,238,diesel,automatic,RWD,23925,7.2,56170,160,5,5,suv,silver,0,no,full,Italy
9497,i3,2022,0,150,electric,automatic,RWD,58217,0,52833,0,5,4,hatchback,black,0,no,full,Turkey
9498,1 Series,2007,2.1,226,petrol,manual,RWD,175040,7.6,9250,176,5,4,hatchback,black,2,yes,partial,France
9499,3 Series,2023,3,309,petrol,automatic,RWD,0,9.2,44829,191,4,5,sedan,silver,0,no,full,Italy
9500,3 Series,2020,2.6,218,hybrid,automatic,AWD,42479,4.5,45500,101,4,5,sedan,black,,no,full,Germany
9501,Z4,2018,2.9,221,petrol,automatic,RWD,133652,8.7,49151,195,2,2,convertible,silver,1,yes,full,Spain
9502,3 Series,2008,3,233,petrol,automatic,RWD,300000,8.8,14622,184,4,5,sedan,silver,3,yes,partial,UK
9503,X7,2018,3.7,322,petrol,automatic,AWD,115472,9.9,97967,215,5,5,suv,black,2,no,partial,USA
9504,X3,2024,2.8,239,petrol,automatic,AWD,19056,8.5,71089,168,5,5,suv,blue,0,no,full,France
9505,i7,2015,0,491,electric,automatic,RWD,130703,0,113806,,4,4,sedan,blue,1,no,none,Italy
9506,1 Series,2018,1.6,177,diesel,automatic,FWD,102701,6,20433,122,5,5,hatchback,black,3,no,full,Netherlands
9507,i3,2015,0,144,electric,automatic,RWD,83092,0,35383,0,5,4,hatchback,blue,2,no,partial,USA
9508,X7,2006,3.5,252,petrol,automatic,AWD,300000,10.4,55961,215,5,5,suv,white,3,no,full,UK
9509,X1,2013,1.6,185,diesel,automatic,AWD,209814,5.6,20088,136,5,5,suv,blue,3,yes,partial,Netherlands
9510,1 Series,2015,2.6,270,diesel,,RWD,95190,,20132,152,3,5,hatchback,white,1,no,full,Turkey
9511,i4,2023,0,369,electric,automatic,AWD,1712,0,93662,0,4,5,coupe,grey,1,no,full,Germany
9512,X1,2016,2.2,246,diesel,automatic,FWD,137230,6.8,27869,154,5,5,suv,white,2,no,none,Turkey
9513,5 Series,2012,2.2,210,diesel,automatic,AWD,127078,7,33611,155,4,5,sedan,silver,4,no,full,Italy
9514,5 Series,2019,2.2,191,petrol,automatic,AWD,117446,7.5,45167,162,4,5,sedan,black,,no,partial,France
9515,X7,2020,3.3,302,petrol,automatic,AWD,72803,10,99100,213,5,5,suv,grey,2,no,partial,USA
9516,5 Series,2015,3.8,365,diesel,automatic,AWD,127552,9.3,46624,200,4,5,sedan,grey,4,no,full,Turkey
9517,1 Series,2024,2.3,186,petrol,,RWD,3982,8,32861,187,5,4,hatchback,white,0,no,full,Germany
9518,3 Series,2021,2.7,227,hybrid,automatic,RWD,37472,5.6,43760,126,4,5,sedan,grey,2,no,full,Netherlands
9519,5 Series,2019,2.3,237,petrol,automatic,AWD,88158,8.3,50510,187,4,5,sedan,black,1,no,full,Spain
9520,5 Series,2009,2.8,196,hybrid,automatic,AWD,159887,5.9,26394,132,4,5,sedan,blue,5,no,partial,UK
9521,7 Series,2008,3.4,311,petrol,automatic,RWD,181984,9.8,52571,213,4,4,sedan,silver,4,yes,full,France
9522,X1,2024,2,200,hybrid,automatic,FWD,0,4.6,50668,84,5,5,suv,black,0,no,full,Germany
9523,X5,2006,3.8,396,diesel,automatic,AWD,185201,8.9,47895,200,5,5,suv,white,4,no,full,Italy
9524,X3,2021,2.7,247,hybrid,automatic,AWD,43779,5.8,55853,122,5,5,suv,black,1,no,partial,USA
9525,X1,2006,2,196,diesel,automatic,FWD,282213,6.3,11444,139,5,5,suv,black,3,yes,full,USA
9526,i4,2019,0,203,electric,automatic,AWD,100935,0,55106,0,4,5,coupe,white,3,yes,partial,UK
9527,1 Series,2015,1.5,171,petrol,automatic,FWD,228618,6.6,9216,138,3,4,hatchback,silver,3,no,full,Netherlands
9528,i7,2017,0,499,electric,automatic,RWD,170529,0,120205,0,4,5,sedan,black,4,no,full,France
9529,X3,2013,2.3,178,hybrid,automatic,RWD,141846,5.1,38186,114,5,5,suv,silver,3,no,full,France
9530,1 Series,2018,2.8,283,hybrid,automatic,RWD,82904,5.9,24281,130,5,5,hatchback,silver,3,,full,UK
9531,3 Series,2014,3.3,265,diesel,,AWD,102745,7.8,30890,176,4,5,sedan,white,3,no,partial,Germany
9532,i4,2005,0,399,electric,automatic,AWD,300000,0,43499,0,4,5,coupe,black,2,no,full,Germany
9533,X7,2021,3.6,339,petrol,automatic,AWD,48769,10.3,106239,212,5,5,suv,red,1,no,full,Turkey
9534,i3,2014,0,181,electric,automatic,RWD,166402,0,34964,,5,4,hatchback,red,2,yes,full,Germany
9535,3 Series,2013,2,205,petrol,,RWD,107653,8.6,28297,195,4,5,sedan,white,3,no,full,Spain
9536,X3,2017,3,249,petrol,,RWD,65443,9.1,42867,202,5,5,suv,white,3,yes,full,France
9537,3 Series,2019,2.6,270,diesel,automatic,RWD,75022,7.7,35499,197,4,5,sedan,black,3,no,partial,Spain
9538,3 Series,2015,3.1,333,petrol,automatic,RWD,146507,10.5,36615,242,4,5,sedan,white,1,no,full,Germany
9539,Z4,2012,2.8,231,petrol,automatic,RWD,239671,9.2,34365,,2,2,convertible,black,4,no,partial,Turkey
9540,5 Series,2011,3.4,276,petrol,automatic,AWD,178915,9.6,23537,210,4,5,sedan,red,3,yes,none,Turkey
9541,5 Series,2013,2.7,245,hybrid,automatic,AWD,157103,5.4,36140,116,4,5,sedan,white,,no,none,Spain
9542,i4,2013,0,529,electric,automatic,AWD,133516,0,70127,0,4,5,coupe,black,2,no,,France
9543,3 Series,2011,2.7,200,petrol,automatic,RWD,253590,8.5,16279,187,4,5,sedan,silver,4,no,full,UK
9544,X5,2021,4.1,383,diesel,automatic,AWD,41199,,82556,219,5,5,suv,white,0,,full,USA
9545,5 Series,2019,3,285,petrol,automatic,AWD,109423,8.6,47699,187,4,5,sedan,blue,3,no,partial,Netherlands
9546,i4,2018,0,261,electric,automatic,RWD,69857,0,52295,0,4,5,coupe,black,4,yes,full,Spain
9547,X1,2019,2,157,hybrid,automatic,AWD,91906,4.9,35807,101,5,5,suv,white,3,no,full,USA
9548,5 Series,2021,3.5,307,petrol,automatic,AWD,24755,9.6,61072,213,4,5,sedan,silver,0,no,full,Italy
9549,7 Series,2017,4.4,442,diesel,automatic,RWD,134311,9.8,98472,222,4,5,sedan,white,2,no,full,Germany
9550,1 Series,2023,2.2,270,petrol,automatic,RWD,27648,7.6,32687,166,3,4,hatchback,white,0,no,full,Italy
9551,X1,2009,2.3,256,petrol,automatic,AWD,217907,8.2,21662,189,5,5,suv,,3,no,partial,France
9552,1 Series,2012,1.6,193,petrol,manual,FWD,159915,7.8,13670,171,5,5,hatchback,white,2,no,full,Germany
9553,3 Series,2023,1.9,169,petrol,automatic,RWD,16331,6.9,40833,145,4,5,sedan,silver,1,no,full,Turkey
9554,X5,2016,3.6,284,hybrid,automatic,AWD,162525,6.6,62042,138,5,5,suv,grey,2,no,partial,Spain
9555,X1,2011,2.1,213,diesel,automatic,FWD,261761,6.9,18282,154,5,5,suv,grey,4,yes,,Germany
9556,1 Series,2008,1.6,127,hybrid,automatic,RWD,205414,4.4,7650,99,3,4,hatchback,white,2,no,full,UK
9557,3 Series,2013,1.6,127,diesel,manual,RWD,205087,5.9,14959,138,4,5,sedan,red,3,yes,none,Netherlands
9558,3 Series,2009,3,319,hybrid,manual,RWD,110738,6,21364,133,4,5,sedan,white,2,yes,none,Spain
9559,X5,2005,3,262,diesel,automatic,AWD,300000,7.6,34305,165,5,5,suv,silver,4,no,partial,Italy
9560,5 Series,2016,2.9,226,diesel,automatic,RWD,138725,7.6,39374,176,4,5,sedan,,2,yes,full,Netherlands
9561,X3,2017,2.6,283,petrol,automatic,AWD,63673,8.8,44290,204,5,5,suv,white,,yes,partial,USA
9562,X1,2012,2.4,251,diesel,automatic,AWD,148850,7.6,36222,148,5,5,suv,white,2,no,full,Germany
9563,1 Series,2009,2.5,254,petrol,automatic,RWD,284811,10.2,5701,237,3,5,hatchback,black,3,no,partial,Italy
9564,X7,2014,4.3,348,hybrid,automatic,AWD,110166,6.5,103548,139,5,5,suv,silver,2,no,full,Germany
9565,5 Series,2024,3.8,330,hybrid,automatic,RWD,12239,6.4,71886,134,4,5,sedan,white,1,no,full,Netherlands
9566,5 Series,2021,3.5,309,diesel,automatic,AWD,40440,8.9,54725,187,4,5,sedan,white,1,no,full,Spain
9567,5 Series,2008,2.5,242,hybrid,automatic,AWD,255064,5.5,20308,113,4,5,sedan,silver,3,no,partial,Turkey
9568,3 Series,2010,2.8,288,hybrid,automatic,AWD,131260,4.9,30939,93,4,5,sedan,black,3,no,full,Netherlands
9569,Z4,2023,2.3,230,petrol,automatic,RWD,11884,7.8,71069,171,2,2,convertible,white,1,no,,Italy
9570,5 Series,2020,4.1,370,diesel,automatic,RWD,85507,9,57492,190,4,5,sedan,silver,1,yes,full,USA
9571,1 Series,2019,1.7,149,diesel,automatic,RWD,93936,6.2,18248,128,5,5,hatchback,black,1,no,,Italy
9572,i3,2023,0,155,electric,automatic,RWD,4667,0,53828,0,5,4,hatchback,black,0,no,partial,France
9573,X1,2020,1.8,150,petrol,,AWD,33210,7.7,46524,166,5,5,suv,grey,0,no,full,UK
9574,X3,2005,2.5,213,petrol,automatic,AWD,265445,8.6,15875,198,5,5,suv,grey,5,yes,none,Spain
9575,X5,2023,3.5,263,diesel,automatic,AWD,0,7.9,84023,165,5,5,suv,blue,,no,full,Netherlands
9576,7 Series,2024,4.7,324,petrol,automatic,RWD,1167,11,133237,239,4,5,sedan,black,0,no,full,Germany
9577,5 Series,2017,2.2,184,hybrid,automatic,RWD,106834,4.7,48084,106,4,5,sedan,white,1,no,full,Germany
9578,7 Series,2023,4.3,335,petrol,automatic,RWD,25449,10.8,98690,248,4,4,sedan,silver,0,no,none,Turkey
9579,X5,2012,3.5,324,hybrid,automatic,AWD,216222,6.6,47557,132,5,5,suv,white,2,yes,partial,Italy
9580,1 Series,2015,2.7,254,hybrid,automatic,FWD,126863,5.9,18743,121,3,4,hatchback,blue,2,no,partial,Italy
9581,X1,2024,1.7,131,petrol,automatic,AWD,0,7.8,45045,171,5,5,suv,blue,0,,partial,Italy
9582,3 Series,2021,3.2,314,hybrid,automatic,AWD,37520,5.9,43206,142,4,5,sedan,black,1,no,partial,Spain
9583,X7,2011,3.7,324,diesel,automatic,AWD,163158,8.9,67531,193,5,5,suv,black,5,yes,partial,USA
9584,X5,2021,4.1,310,hybrid,automatic,AWD,60753,6.7,85797,139,5,5,suv,black,1,no,full,Spain
9585,3 Series,2020,2.5,264,petrol,automatic,RWD,74532,8.9,41664,190,4,5,sedan,black,0,no,full,USA
9586,3 Series,2020,3.2,218,hybrid,manual,RWD,60786,5.7,36909,125,4,5,sedan,blue,1,no,,Netherlands
9587,X3,2015,2.1,221,petrol,automatic,RWD,116796,7.1,37614,170,5,5,suv,black,1,yes,full,Spain
9588,i7,2021,0,547,electric,automatic,RWD,63398,0,188425,0,4,4,sedan,red,2,no,full,UK
9589,X7,2023,3.1,225,petrol,automatic,AWD,16281,9.8,116733,222,5,5,suv,white,0,no,full,Turkey
9590,X1,2005,1.6,194,diesel,automatic,FWD,294487,6,7093,120,5,5,suv,white,3,no,full,Turkey
9591,i4,2023,0,462,electric,automatic,AWD,8174,0,96438,0,4,5,coupe,black,0,no,full,Spain
9592,i4,2011,0,383,electric,automatic,AWD,163739,0,39860,0,4,5,coupe,white,3,yes,full,Turkey
9593,3 Series,2013,2.8,248,hybrid,automatic,RWD,125966,,19221,130,4,5,sedan,blue,4,yes,none,Spain
9594,3 Series,2018,2.5,193,hybrid,automatic,AWD,162199,4.8,19290,111,4,5,sedan,blue,2,yes,none,France
9595,7 Series,2023,3.1,254,diesel,automatic,AWD,14773,7.8,95471,177,4,4,sedan,white,1,no,partial,Italy
9596,5 Series,2013,2.5,241,diesel,automatic,RWD,26248,7.3,41482,155,4,5,sedan,red,3,no,partial,Netherlands
9597,3 Series,2022,2.4,235,petrol,automatic,RWD,37641,8.6,35046,188,4,5,sedan,black,1,yes,full,France
9598,3 Series,2024,2.4,217,diesel,automatic,RWD,0,6.4,47698,140,4,5,sedan,white,0,no,full,France
9599,5 Series,2023,2.9,285,diesel,automatic,AWD,19280,7.9,72122,196,4,5,sedan,white,,no,full,Netherlands
9600,1 Series,2018,2.1,299,diesel,automatic,FWD,76344,6.3,21993,140,5,4,hatchback,black,1,yes,partial,Spain
9601,Z4,2024,2.1,253,petrol,automatic,RWD,0,7.7,69658,182,2,2,convertible,black,1,no,full,Turkey
9602,5 Series,2017,4.2,399,hybrid,automatic,RWD,139622,6.2,52519,134,4,5,sedan,black,3,no,full,Netherlands
9603,X7,2015,3.7,300,diesel,automatic,AWD,91197,9,92896,195,5,5,suv,silver,1,no,partial,Germany
9604,X5,2020,3.8,315,hybrid,automatic,AWD,69597,6.4,60225,129,5,5,suv,black,0,yes,,France
9605,1 Series,2016,2.7,255,diesel,automatic,FWD,121987,7.9,21267,186,5,5,hatchback,red,2,no,full,Spain
9606,5 Series,2019,4.3,361,hybrid,automatic,RWD,106188,7,44142,157,4,5,sedan,silver,4,yes,partial,Spain
9607,Z4,2011,2.4,188,petrol,,RWD,259452,7.6,27048,177,2,2,convertible,silver,4,yes,full,Germany
9608,1 Series,2013,2.9,286,hybrid,automatic,RWD,200620,6,14999,141,3,5,hatchback,black,2,no,full,Germany
9609,5 Series,2017,3.6,275,petrol,automatic,AWD,131085,9.5,50512,217,4,5,sedan,silver,2,no,full,Italy
9610,X5,2023,3.7,283,petrol,automatic,AWD,13743,10.7,83667,231,5,5,suv,silver,0,no,partial,Italy
9611,X3,2019,2.2,202,hybrid,automatic,AWD,28589,5.6,51264,118,5,5,suv,silver,3,no,partial,Germany
9612,1 Series,2008,1.7,142,hybrid,manual,FWD,300000,4.8,3826,119,5,5,hatchback,blue,5,,none,UK
9613,3 Series,2007,2.4,290,diesel,manual,RWD,300000,7.1,9035,152,4,5,sedan,silver,5,no,partial,Turkey
9614,X7,2024,3.2,243,diesel,automatic,AWD,0,8,136359,189,5,5,suv,white,1,no,full,USA
9615,5 Series,2018,4.3,429,diesel,automatic,RWD,87962,9,50341,201,4,5,sedan,black,2,no,partial,Spain
9616,X3,2019,2.8,242,petrol,automatic,AWD,117897,8.8,44796,207,5,5,suv,grey,1,,partial,Spain
9617,X5,2008,3.3,294,petrol,automatic,AWD,188173,10.2,38700,218,5,5,suv,black,2,yes,full,France
9618,X7,2022,4.3,366,diesel,automatic,AWD,8418,9.7,119599,217,5,5,suv,black,1,no,full,Turkey
9619,5 Series,2020,2.7,290,petrol,automatic,RWD,93184,8.8,48497,204,4,5,sedan,white,1,no,partial,France
9620,1 Series,2010,2.9,245,hybrid,manual,FWD,168272,5.9,13137,124,3,4,hatchback,blue,5,yes,partial,Spain
9621,5 Series,2013,4.2,380,diesel,automatic,AWD,222054,10.1,42682,213,4,5,sedan,silver,5,no,full,Netherlands
9622,3 Series,2014,3.4,354,petrol,manual,RWD,215072,10.2,26624,224,4,5,sedan,white,1,yes,partial,Spain
9623,3 Series,2020,2.3,201,diesel,automatic,AWD,56234,6.8,37969,153,4,5,sedan,white,1,no,full,USA
9624,X1,2010,1.9,165,diesel,automatic,AWD,208179,6.1,20432,144,5,5,suv,black,5,no,full,Spain
9625,X1,2016,2.5,230,diesel,automatic,FWD,146215,7.9,28257,172,5,5,suv,silver,1,yes,partial,Turkey
9626,1 Series,2022,1.8,167,hybrid,automatic,FWD,38814,4.5,29333,87,3,5,hatchback,white,1,no,,Netherlands
9627,Z4,2022,2.6,212,petrol,automatic,RWD,23583,8.6,58205,183,2,2,convertible,white,1,no,partial,USA
9628,X1,2008,1.6,149,hybrid,automatic,FWD,265637,4.4,12125,90,5,5,suv,black,3,yes,full,UK
9629,X1,2014,2.4,165,petrol,automatic,AWD,146454,7.8,28605,151,5,5,suv,black,1,no,partial,USA
9630,X1,2023,,122,diesel,automatic,FWD,16216,6,38454,130,5,5,suv,white,0,yes,full,Italy
9631,X7,2018,3.3,257,diesel,automatic,AWD,103716,8.7,83549,191,5,5,suv,grey,2,yes,partial,Netherlands
9632,i4,2019,0,374,electric,automatic,AWD,89920,0,78999,0,4,5,coupe,red,1,no,full,Netherlands
9633,5 Series,2014,3.6,347,petrol,automatic,RWD,213952,10.4,43091,221,4,5,sedan,blue,1,no,full,USA
9634,5 Series,2018,,259,hybrid,automatic,AWD,102962,6.4,49020,138,4,5,sedan,silver,3,no,partial,Germany
9635,i3,2023,0,230,electric,automatic,RWD,7202,0,68708,0,5,4,hatchback,silver,,no,full,UK
9636,5 Series,2022,3.4,292,diesel,automatic,RWD,17657,8.8,58891,188,4,5,sedan,black,1,yes,full,Netherlands
9637,1 Series,2014,1.8,161,hybrid,manual,FWD,91647,4.2,17032,84,5,5,hatchback,grey,2,yes,full,Germany
9638,5 Series,2014,2.2,210,hybrid,automatic,AWD,146305,4.4,40987,103,4,5,sedan,black,3,no,full,Germany
9639,1 Series,2016,2.6,206,hybrid,manual,FWD,163874,4.4,16232,102,3,4,hatchback,red,1,no,full,USA
9640,X5,2017,3.4,266,petrol,automatic,AWD,131191,9.5,49141,207,5,5,suv,white,3,yes,partial,Netherlands
9641,5 Series,2013,3.7,294,hybrid,automatic,AWD,102197,6.3,44651,133,4,5,sedan,blue,2,no,full,Turkey
9642,X1,2022,1.6,172,hybrid,automatic,FWD,37388,3.7,47006,71,5,5,suv,silver,1,no,full,Italy
9643,1 Series,2020,2.1,181,diesel,manual,FWD,71694,6.8,24748,148,3,4,hatchback,white,2,no,full,USA
9644,3 Series,2018,1.7,150,petrol,automatic,RWD,99244,7.9,28543,184,4,5,sedan,black,3,no,full,UK
9645,X1,2009,2.2,230,hybrid,automatic,AWD,209220,,20536,105,5,5,suv,red,2,no,none,Netherlands
9646,5 Series,2013,2.3,159,hybrid,automatic,RWD,112254,5.2,34192,109,4,5,sedan,black,4,no,partial,Italy
9647,1 Series,2018,2.1,266,hybrid,automatic,RWD,70773,4.9,24232,86,5,5,hatchback,red,2,yes,full,USA
9648,1 Series,2016,1.6,141,hybrid,automatic,FWD,123253,4.4,14373,94,5,4,hatchback,silver,2,no,partial,Italy
9649,1 Series,2018,2.7,241,petrol,automatic,FWD,109471,8.9,17537,207,3,4,hatchback,white,2,no,none,Italy
9650,3 Series,2011,1.7,265,diesel,automatic,RWD,171133,6.6,21615,148,4,5,sedan,white,3,yes,partial,Netherlands
9651,i3,2020,0,163,electric,automatic,RWD,80869,0,54601,0,5,4,hatchback,black,1,no,full,France
9652,X1,2020,2.2,218,diesel,automatic,AWD,27074,6.8,40947,151,5,5,suv,blue,1,no,full,Turkey
9653,X7,2023,4.1,354,petrol,automatic,AWD,3138,10.5,127053,234,5,5,suv,black,1,no,full,Germany
9654,X1,2018,2.2,154,petrol,automatic,AWD,84050,8,35110,165,5,5,suv,black,3,no,,Netherlands
9655,X7,2006,3.4,301,petrol,automatic,AWD,227778,9,58431,196,5,5,suv,black,4,no,full,France
9656,1 Series,2023,2.6,245,diesel,automatic,RWD,13001,8,32864,175,3,5,hatchback,grey,0,no,partial,UK
9657,3 Series,2023,3.4,282,hybrid,automatic,AWD,0,5.8,47251,128,4,5,sedan,white,0,no,full,Germany
9658,5 Series,2010,2.4,245,hybrid,,AWD,224232,5.2,32630,120,4,5,sedan,black,3,no,partial,Netherlands
9659,i4,2021,0,392,electric,automatic,RWD,70350,0,98593,0,4,5,coupe,black,0,no,full,Germany
9660,1 Series,2014,2,223,diesel,manual,RWD,129953,6.1,20691,140,3,5,hatchback,red,1,no,partial,Germany
9661,5 Series,2021,3.8,343,hybrid,automatic,RWD,40667,6.3,56952,136,4,5,sedan,red,1,no,partial,USA
9662,i4,2020,0,527,electric,automatic,RWD,41540,0,73288,0,4,5,coupe,red,1,yes,partial,Italy
9663,X5,2015,3.8,337,hybrid,automatic,AWD,80241,6.2,55296,150,5,5,suv,black,3,yes,partial,UK
9664,1 Series,2024,2,219,hybrid,automatic,FWD,10726,5.2,35186,123,3,5,hatchback,black,1,no,full,Netherlands
9665,X5,2019,3.8,328,petrol,automatic,AWD,32333,9.8,72991,223,5,5,suv,blue,2,no,partial,UK
9666,3 Series,2023,3,288,diesel,manual,RWD,5621,8,49183,182,4,5,sedan,silver,0,no,full,UK
9667,5 Series,2015,2.2,188,petrol,automatic,RWD,120711,7.6,36142,167,4,5,sedan,red,4,yes,full,Italy
9668,X5,2013,3.2,287,hybrid,automatic,AWD,145308,5.8,50653,121,5,5,suv,white,4,yes,partial,Turkey
9669,3 Series,2024,2.7,290,diesel,automatic,RWD,16152,7.7,54029,167,4,5,sedan,grey,0,no,full,Netherlands
9670,3 Series,2019,3.2,279,hybrid,automatic,RWD,74493,6,37873,131,4,5,sedan,black,4,no,full,USA
9671,X7,2008,4.3,375,petrol,automatic,AWD,191542,11.8,61508,254,5,5,suv,black,4,yes,full,USA
9672,Z4,2012,2.5,239,petrol,manual,RWD,219400,7.9,32178,174,2,2,convertible,white,2,no,partial,Turkey
9673,X3,2016,2.1,249,hybrid,automatic,RWD,167981,5.2,42313,109,5,5,suv,black,1,no,partial,USA
9674,i3,2021,0,194,electric,automatic,RWD,46170,0,57690,0,5,4,hatchback,silver,0,no,partial,Spain
9675,X3,2015,2.8,215,diesel,automatic,AWD,109590,7.1,39437,156,5,5,suv,grey,2,yes,full,France
9676,X7,2018,3.9,372,diesel,automatic,AWD,90618,8.4,109572,193,5,5,suv,white,1,no,full,Italy
9677,X1,2018,2.4,231,hybrid,automatic,FWD,89839,4.5,32391,,5,5,suv,black,3,no,none,Germany
9678,X7,2016,3.7,343,diesel,automatic,AWD,118860,8.1,100731,180,5,5,suv,blue,2,no,full,USA
9679,3 Series,2021,,282,diesel,automatic,RWD,30761,7.5,48037,170,4,5,sedan,white,0,no,full,Italy
9680,X5,2023,4.3,331,diesel,automatic,AWD,29992,10.5,101837,238,5,5,suv,white,0,no,full,USA
9681,5 Series,2006,3.5,303,diesel,automatic,RWD,300000,8.5,24628,182,4,5,sedan,white,3,yes,full,Netherlands
9682,3 Series,2024,3,269,petrol,automatic,RWD,0,9.1,52883,204,4,5,sedan,blue,0,no,full,Netherlands
9683,i3,2007,0,195,electric,automatic,RWD,158838,0,24557,0,5,4,hatchback,black,2,,full,Italy
9684,5 Series,2006,2.6,244,hybrid,automatic,RWD,299967,5.1,17088,102,4,5,sedan,grey,3,yes,full,Spain
9685,7 Series,2022,3.3,297,hybrid,automatic,RWD,27395,6.4,105004,123,4,4,sedan,white,2,no,full,Netherlands
9686,X3,2022,2.4,214,hybrid,automatic,AWD,37846,4.7,56161,111,5,5,suv,black,0,no,full,Turkey
9687,3 Series,2023,3.3,259,hybrid,,AWD,7883,6.1,44776,138,4,5,sedan,black,0,no,full,France
9688,1 Series,2019,2.4,221,petrol,automatic,RWD,99502,9.5,18139,214,5,5,hatchback,white,3,yes,partial,UK
9689,X3,2022,2.1,192,diesel,automatic,RWD,11540,6.7,59119,140,5,5,suv,black,1,no,full,Netherlands
9690,X7,2016,3.1,316,diesel,automatic,AWD,108911,8.1,82135,156,5,5,suv,,4,yes,full,Turkey
9691,X3,2010,3.1,274,hybrid,automatic,RWD,168934,5.5,35562,118,5,5,suv,blue,4,yes,full,UK
9692,7 Series,2008,3.5,318,diesel,automatic,AWD,169254,8,58127,179,4,5,sedan,white,5,no,partial,Italy
9693,1 Series,2019,2.9,283,diesel,automatic,RWD,62252,7.7,25085,164,5,4,hatchback,black,3,yes,full,Germany
9694,X5,2018,3.1,296,hybrid,automatic,AWD,41647,,61750,137,5,5,suv,black,4,yes,none,Netherlands
9695,3 Series,2024,1.8,214,petrol,automatic,AWD,0,7.8,44494,166,4,5,sedan,blue,0,no,partial,USA
9696,i4,2024,0,303,electric,automatic,AWD,0,0,104622,0,4,5,coupe,blue,0,no,full,USA
9697,3 Series,2019,1.9,157,diesel,automatic,AWD,93661,6.4,34079,136,4,5,sedan,white,2,no,full,Germany
9698,3 Series,2015,2.6,186,diesel,manual,RWD,102054,6.9,24728,155,4,5,sedan,grey,3,yes,,USA
9699,X5,2011,3.7,282,diesel,automatic,AWD,173071,8.3,54764,176,5,5,suv,grey,4,no,full,France
9700,3 Series,2020,2.7,280,diesel,automatic,AWD,81076,8.2,38754,173,4,5,sedan,white,1,no,full,UK
9701,1 Series,2006,2.6,189,diesel,automatic,RWD,300000,8,4228,186,3,4,hatchback,black,3,yes,none,Netherlands
9702,3 Series,2010,2.9,246,petrol,manual,RWD,183743,9.1,19604,195,4,5,sedan,blue,2,yes,full,Spain
9703,3 Series,2014,2.2,255,diesel,manual,AWD,179861,6.5,31224,149,4,5,sedan,silver,3,no,full,Germany
9704,5 Series,2016,3.5,332,hybrid,automatic,RWD,86701,6.4,42425,153,4,5,sedan,blue,1,no,none,Germany
9705,7 Series,2011,0,443,electric,automatic,AWD,145031,0,65789,0,4,5,sedan,silver,3,yes,partial,France
9706,X5,2019,3.9,330,petrol,automatic,AWD,86269,10.7,82610,235,5,5,suv,silver,2,no,full,USA
9707,X1,2010,2.1,209,hybrid,automatic,AWD,136057,5.1,23762,132,5,5,suv,silver,2,no,none,UK
9708,i3,2016,0,214,electric,automatic,RWD,167374,0,32982,0,5,4,hatchback,black,3,yes,full,USA
9709,3 Series,2008,3,309,diesel,automatic,AWD,271679,,19287,175,4,5,sedan,white,2,no,partial,Spain
9710,X3,2011,3,229,petrol,automatic,RWD,223761,9.4,30286,196,5,5,suv,grey,2,no,none,USA
9711,X1,2006,1.6,144,hybrid,automatic,AWD,272878,4.7,12598,107,5,5,suv,grey,3,yes,full,USA
9712,X3,2017,2.9,276,petrol,automatic,AWD,110447,9.4,38987,210,5,5,suv,black,2,yes,partial,France
9713,5 Series,2015,2.9,224,hybrid,automatic,AWD,220033,5.6,33128,119,4,5,sedan,silver,1,,partial,UK
9714,5 Series,2018,4.2,420,petrol,automatic,RWD,107744,11.1,39592,249,4,5,sedan,white,2,yes,partial,Turkey
9715,3 Series,2024,2.4,237,petrol,,RWD,16852,,44998,,4,5,sedan,silver,0,no,full,Turkey
9716,X1,2012,2.4,272,petrol,automatic,FWD,83880,8,27406,165,5,5,suv,blue,3,yes,partial,Italy
9717,5 Series,2019,3.5,328,petrol,automatic,RWD,66900,10.3,50779,204,4,5,sedan,red,,yes,full,Netherlands
9718,i7,2006,0,453,electric,automatic,RWD,250491,0,80281,0,4,5,sedan,blue,2,no,none,USA
9719,X5,2024,3.5,335,diesel,automatic,AWD,462,9,94592,207,5,5,suv,black,1,no,full,USA
9720,5 Series,2013,2.9,265,diesel,automatic,AWD,132377,7.5,39497,160,4,5,sedan,red,2,no,none,UK
9721,Z4,2012,2.8,272,petrol,automatic,RWD,242590,8.8,39974,185,2,2,convertible,blue,3,no,partial,Spain
9722,X3,2011,3.2,297,diesel,automatic,RWD,253702,7.7,32508,174,5,5,suv,silver,5,no,partial,Germany
9723,3 Series,2019,2.9,251,hybrid,automatic,RWD,51335,5.3,40016,,4,5,sedan,silver,1,no,full,Germany
9724,X3,2017,2.7,254,hybrid,automatic,RWD,17650,5.1,53874,115,5,5,suv,silver,1,no,full,Italy
9725,X5,2018,3.3,213,diesel,automatic,AWD,107366,8,60840,174,5,5,suv,white,1,no,partial,France
9726,i4,2018,0,379,electric,automatic,RWD,113300,0,72006,0,4,5,coupe,red,3,no,full,Spain
9727,1 Series,2014,1.7,179,petrol,automatic,RWD,129986,6.2,15380,136,5,5,hatchback,black,3,no,partial,Turkey
9728,7 Series,2008,4.4,308,hybrid,automatic,RWD,300000,6.6,50923,147,4,4,sedan,grey,3,no,partial,Spain
9729,i4,2024,0,317,electric,automatic,RWD,8182,0,103010,0,4,5,coupe,silver,0,no,full,Spain
9730,i7,2020,0,353,electric,automatic,RWD,63702,0,157997,0,4,4,sedan,silver,2,no,full,France
9731,3 Series,2020,3.4,335,petrol,automatic,AWD,47786,8.6,43860,164,4,5,sedan,black,2,no,full,Germany
9732,1 Series,2021,2.5,235,diesel,automatic,FWD,30361,7.1,28808,156,5,5,hatchback,grey,1,no,full,Italy
9733,7 Series,2011,3.3,281,petrol,automatic,AWD,151676,9.5,72725,208,4,4,sedan,black,4,no,full,Germany
9734,3 Series,2020,1.7,219,petrol,manual,AWD,56065,6,39368,130,4,5,sedan,silver,2,no,full,Italy
9735,i7,2013,0,452,electric,automatic,RWD,133162,0,100387,0,4,5,sedan,blue,4,no,partial,Spain
9736,i3,2022,0,139,electric,automatic,RWD,29654,0,53191,0,5,4,hatchback,black,2,no,full,Italy
9737,X3,2021,2.5,226,hybrid,automatic,RWD,18250,5.1,52762,112,5,5,suv,black,0,no,partial,Italy
9738,X1,2023,2,202,diesel,automatic,FWD,32587,7,48209,146,5,5,suv,black,1,no,full,Germany
9739,X1,2020,1.8,145,diesel,automatic,FWD,67876,6,44010,124,5,5,suv,red,2,no,full,UK
9740,X5,2017,3.7,286,petrol,automatic,AWD,118820,10.6,53312,241,5,5,suv,black,3,yes,partial,Italy
9741,i3,2015,0,186,electric,automatic,RWD,129990,0,39278,0,5,4,hatchback,black,2,no,full,USA
9742,X3,2021,2.6,231,diesel,automatic,RWD,66252,6.8,59918,165,5,5,suv,white,2,no,full,Netherlands
9743,3 Series,2020,2,214,petrol,automatic,AWD,82101,7.7,38614,183,4,5,sedan,white,0,no,full,Spain
9744,X5,2021,4.1,293,diesel,automatic,AWD,53700,10,86534,210,5,5,suv,white,1,no,full,Germany
9745,1 Series,2016,2.7,225,petrol,automatic,RWD,138290,8.9,18232,201,5,4,hatchback,white,1,yes,full,USA
9746,X1,2010,2.4,241,hybrid,automatic,FWD,176702,5.4,20467,106,5,5,suv,blue,4,yes,full,Spain
9747,3 Series,2018,1.8,195,petrol,automatic,AWD,75301,8.6,35365,171,4,5,sedan,grey,2,no,full,Italy
9748,i3,2013,0,160,electric,automatic,RWD,140556,0,30951,0,5,4,hatchback,silver,3,no,partial,Netherlands
9749,7 Series,2017,0,424,electric,automatic,AWD,79069,0,104799,,4,5,sedan,black,3,no,full,France
9750,7 Series,2023,3.9,323,diesel,automatic,AWD,11193,8.9,102684,197,4,4,sedan,blue,0,no,partial,France
9751,X7,2024,4.3,391,hybrid,,AWD,0,7.4,138163,156,5,5,suv,white,1,no,full,Netherlands
9752,Z4,2024,2.8,284,petrol,automatic,RWD,16426,9.1,73780,195,2,2,convertible,grey,1,no,partial,Spain
9753,3 Series,2014,,151,hybrid,manual,RWD,161471,4.5,18405,86,4,5,sedan,silver,3,yes,full,Netherlands
9754,X5,2021,,345,hybrid,automatic,AWD,69668,6.8,86407,178,5,5,suv,blue,1,no,full,UK
9755,7 Series,2020,0,441,electric,automatic,AWD,52690,0,116162,0,4,4,sedan,black,2,no,full,Spain
9756,X5,2017,3.2,276,diesel,automatic,AWD,72811,7.9,62418,173,5,5,suv,white,2,,none,USA
9757,i3,2005,0,208,electric,automatic,RWD,280753,0,17219,0,5,4,hatchback,blue,3,yes,partial,USA
9758,i4,2022,0,255,electric,automatic,AWD,28165,0,82119,0,4,5,coupe,black,1,no,partial,UK
9759,i7,2009,0,362,electric,automatic,RWD,126340,0,106169,0,4,4,sedan,white,3,no,full,Spain
9760,7 Series,2012,3.6,300,hybrid,automatic,AWD,187695,6.6,55073,140,4,4,sedan,silver,5,no,none,Turkey
9761,X7,2014,3.1,295,hybrid,automatic,AWD,141668,6.2,84647,129,5,5,suv,white,4,no,full,USA
9762,i4,2016,0,262,electric,automatic,RWD,129555,0,48671,0,4,5,coupe,blue,1,no,none,USA
9763,X1,2023,2.3,198,petrol,automatic,FWD,21044,8,54166,187,5,5,suv,silver,0,no,full,UK
9764,5 Series,2016,4.1,390,hybrid,automatic,RWD,140300,6.9,50548,150,4,5,sedan,black,1,no,partial,USA
9765,3 Series,2013,2.3,246,hybrid,automatic,AWD,125318,5.4,21943,113,4,5,sedan,blue,4,yes,partial,Netherlands
9766,5 Series,2009,3,244,petrol,automatic,RWD,168719,9.4,28056,198,4,5,sedan,blue,5,yes,partial,USA
9767,i7,2021,0,444,electric,automatic,RWD,42047,0,152909,0,4,4,sedan,white,1,no,full,Turkey
9768,X3,2015,3.2,290,hybrid,automatic,AWD,123572,6.2,41253,148,5,5,suv,grey,1,no,partial,Turkey
9769,X3,2013,2.2,189,petrol,automatic,RWD,164801,8.7,41622,180,5,5,suv,silver,2,no,full,UK
9770,7 Series,2011,0,416,electric,automatic,AWD,231334,0,65317,0,4,4,sedan,black,5,no,partial,Spain
9771,1 Series,2024,1.6,166,diesel,automatic,RWD,0,5.5,30305,110,5,5,hatchback,blue,0,no,partial,USA
9772,X1,2016,1.8,180,diesel,automatic,FWD,120120,5.7,29836,128,5,5,suv,white,4,no,partial,Spain
9773,1 Series,2012,1.6,142,hybrid,manual,RWD,184765,4.7,9778,98,3,5,hatchback,black,5,no,partial,Netherlands
9774,3 Series,2009,2.9,246,hybrid,automatic,RWD,207440,5.9,17552,131,4,5,sedan,white,3,no,full,Italy
9775,5 Series,2013,4.2,358,petrol,automatic,RWD,259513,10.5,37526,234,4,5,sedan,grey,4,no,full,USA
9776,i3,2023,0,167,electric,automatic,RWD,0,0,55881,0,5,4,hatchback,black,0,no,partial,Italy
9777,3 Series,2014,3.2,290,petrol,automatic,RWD,125144,10,29061,226,4,5,sedan,white,1,no,,Netherlands
9778,X3,2013,2.8,267,petrol,automatic,AWD,226273,9.4,29974,200,5,5,suv,red,5,no,partial,Turkey
9779,7 Series,2007,4.7,448,diesel,automatic,RWD,74956,10,81098,213,4,4,sedan,black,3,no,full,USA
9780,X3,2021,3.3,314,hybrid,automatic,RWD,12821,5.7,57499,126,5,5,suv,white,2,no,full,Turkey
9781,5 Series,2014,2.8,256,hybrid,automatic,AWD,193948,5.7,37182,136,4,5,sedan,white,,no,full,Turkey
9782,X3,2019,3,195,diesel,automatic,AWD,53785,8,54532,186,5,5,suv,silver,1,no,full,Italy
9783,5 Series,2019,2.5,205,diesel,automatic,RWD,105029,6.4,40281,133,4,5,sedan,silver,4,yes,full,Turkey
9784,5 Series,2016,2.6,251,diesel,automatic,AWD,119123,7.4,43716,161,4,5,sedan,black,2,yes,,Spain
9785,5 Series,2013,3.6,291,hybrid,automatic,AWD,209382,5.8,36912,116,4,5,sedan,silver,2,no,partial,Germany
9786,3 Series,2019,2.3,198,hybrid,automatic,AWD,88494,5.6,29231,,4,5,sedan,black,1,yes,full,Spain
9787,Z4,2020,2.2,229,petrol,automatic,RWD,54146,8.8,72564,196,2,2,convertible,black,0,no,full,USA
9788,X3,2009,2.5,294,hybrid,automatic,AWD,300000,4.9,21281,103,5,5,suv,black,4,yes,full,Spain
9789,X1,2015,1.6,198,hybrid,automatic,AWD,138815,4.1,33055,79,5,5,suv,grey,2,no,partial,USA
9790,X3,2008,3.1,290,hybrid,automatic,AWD,300000,,20928,116,5,5,suv,blue,3,no,none,Netherlands
9791,X1,2022,2,206,petrol,,AWD,36718,7.8,44594,188,5,5,suv,black,2,no,full,Spain
9792,X3,2006,2.8,236,petrol,automatic,AWD,205731,8,34211,186,5,5,suv,blue,3,no,full,France
9793,5 Series,2024,3.1,308,petrol,automatic,RWD,0,9.4,71893,210,4,5,sedan,red,1,no,full,Spain
9794,X1,2016,2,221,diesel,automatic,FWD,99144,6.8,27452,150,5,5,suv,white,3,yes,partial,Italy
9795,Z4,2017,2.8,238,petrol,automatic,RWD,137393,8.6,40323,182,2,2,convertible,black,1,no,none,Turkey
9796,3 Series,2012,3.1,249,hybrid,automatic,RWD,141919,5.9,20434,143,4,5,sedan,black,2,yes,none,Netherlands
9797,1 Series,2019,2.9,277,petrol,automatic,RWD,34552,8.9,33020,187,3,5,hatchback,silver,1,no,full,Italy
9798,5 Series,2022,3.9,341,petrol,automatic,RWD,23022,10.5,50387,233,4,5,sedan,silver,1,yes,partial,Netherlands
9799,3 Series,2006,1.7,135,petrol,manual,RWD,294196,8.1,6391,180,4,5,sedan,white,2,no,partial,UK
9800,1 Series,2017,2.9,333,hybrid,automatic,FWD,147844,6.2,20724,139,5,4,hatchback,blue,1,no,full,Italy
9801,7 Series,2006,3.9,265,hybrid,automatic,AWD,160253,6.4,46154,149,4,4,sedan,black,3,no,full,Turkey
9802,5 Series,2019,3.5,290,diesel,automatic,RWD,70053,7.8,56276,183,4,5,sedan,silver,3,no,full,UK
9803,3 Series,2016,2.9,289,petrol,automatic,AWD,99395,9.1,32153,200,4,5,sedan,white,4,no,full,UK
9804,X1,2021,1.6,173,diesel,automatic,AWD,86135,6.3,31110,149,5,5,suv,silver,1,no,none,Spain
9805,5 Series,2022,2.5,245,diesel,automatic,RWD,24338,7.1,60392,173,4,5,sedan,black,1,no,full,USA
9806,i4,2012,0,326,electric,automatic,RWD,209182,0,46572,0,4,5,coupe,white,5,no,partial,France
9807,5 Series,2020,3.4,334,hybrid,automatic,AWD,60289,5.7,59643,134,4,5,sedan,black,1,no,full,Spain
9808,3 Series,2024,2.1,196,petrol,manual,AWD,14288,7.5,37492,170,4,5,sedan,black,1,no,partial,France
9809,i4,2016,0,304,electric,automatic,RWD,118682,0,58547,0,4,5,coupe,grey,2,no,full,Italy
9810,i4,2019,0,245,electric,automatic,RWD,90300,0,78951,0,4,5,coupe,silver,1,no,partial,USA
9811,5 Series,2017,3.2,292,petrol,automatic,AWD,131310,9.1,45949,214,4,5,sedan,black,1,yes,full,Germany
9812,X7,2008,4,361,diesel,automatic,AWD,85114,9.1,72512,211,5,5,suv,silver,4,yes,partial,Netherlands
9813,X7,2010,,342,diesel,automatic,AWD,188892,9.4,57374,204,5,5,suv,white,3,yes,partial,Spain
9814,5 Series,2013,3.5,321,hybrid,automatic,RWD,228613,5.5,37202,126,4,5,sedan,black,3,no,full,Italy
9815,X7,2024,4.1,326,diesel,automatic,AWD,0,9.3,142759,201,5,5,suv,silver,0,no,full,USA
9816,X5,2019,3.7,360,petrol,automatic,AWD,97159,10.9,80443,247,5,5,suv,black,1,no,partial,Germany
9817,i3,2019,0,151,electric,automatic,RWD,112425,0,42998,0,5,4,hatchback,white,3,yes,full,Spain
9818,X3,2021,3.3,322,hybrid,automatic,AWD,71207,6.7,67099,137,5,5,suv,black,0,no,full,Netherlands
9819,1 Series,2024,1.7,185,petrol,automatic,RWD,4423,6.8,28054,151,3,5,hatchback,white,0,no,partial,Netherlands
9820,7 Series,2005,4.4,351,petrol,automatic,RWD,233451,11.3,48143,240,4,5,sedan,grey,2,yes,partial,Germany
9821,X7,2006,4,288,diesel,automatic,AWD,155272,9.3,54670,188,5,5,suv,grey,2,yes,full,Netherlands
9822,5 Series,2019,3.9,268,diesel,automatic,RWD,99534,8.8,49643,185,4,5,sedan,red,2,no,full,Spain
9823,X7,2022,3.4,297,hybrid,automatic,AWD,5286,6.5,105908,141,5,5,suv,white,2,no,partial,Turkey
9824,3 Series,2023,3.1,268,petrol,automatic,RWD,22610,9.7,50473,209,4,5,sedan,red,1,no,full,UK
9825,7 Series,2024,4.1,401,petrol,,RWD,0,11.1,94730,238,4,5,sedan,white,1,no,none,Turkey
9826,X1,2010,2.3,271,petrol,automatic,FWD,191414,8.5,21627,184,5,5,suv,red,4,yes,partial,Spain
9827,X3,2019,2.9,247,hybrid,automatic,RWD,93020,5.9,46139,132,5,5,suv,white,3,no,none,Germany
9828,i3,2014,0,235,electric,automatic,RWD,171648,0,29343,0,5,4,hatchback,white,1,yes,full,USA
9829,3 Series,2019,2.1,176,diesel,automatic,RWD,81127,5.9,32694,124,4,5,sedan,blue,1,no,partial,Netherlands
9830,X3,2015,3.4,305,diesel,,AWD,95209,8.8,48911,196,5,5,suv,red,2,no,full,Netherlands
9831,X3,2021,2.4,258,diesel,automatic,AWD,85534,7,57419,173,5,5,suv,white,1,no,full,France
9832,3 Series,2024,3.2,281,petrol,automatic,RWD,0,8.8,56485,175,4,5,sedan,grey,0,no,full,Germany
9833,i4,2016,,383,electric,automatic,RWD,177556,0,59623,0,4,5,coupe,white,3,no,full,USA
9834,3 Series,2015,2.2,268,petrol,manual,AWD,140783,8.2,27549,183,4,5,sedan,grey,4,no,partial,Italy
9835,3 Series,2012,1.8,224,petrol,manual,RWD,171888,7.5,24309,168,4,5,sedan,blue,3,no,full,Spain
9836,Z4,2020,2.4,240,petrol,automatic,RWD,63911,8.6,63168,179,2,2,convertible,white,1,no,partial,France
9837,X3,2019,3.2,304,hybrid,automatic,AWD,104638,6,49625,144,5,5,suv,black,1,no,full,Spain
9838,X3,2020,3,280,diesel,automatic,RWD,42908,8.3,52918,188,5,5,suv,grey,1,yes,full,Italy
9839,i7,2013,0,479,electric,automatic,RWD,133225,0,123387,0,4,4,sedan,blue,2,no,full,UK
9840,i3,2016,0,198,electric,automatic,RWD,97223,0,37115,0,5,4,hatchback,black,1,no,none,Netherlands
9841,X7,2013,3.3,329,diesel,automatic,AWD,57726,8.5,83159,195,5,5,suv,grey,2,no,partial,Italy
9842,5 Series,2011,3.1,214,diesel,automatic,RWD,197049,7.9,29333,175,4,5,sedan,black,2,no,partial,Italy
9843,3 Series,2016,2.8,202,diesel,automatic,RWD,36745,7.9,37280,176,4,5,sedan,silver,1,no,full,Italy
9844,X3,2018,2.2,201,hybrid,automatic,AWD,76504,5.1,54134,117,5,5,suv,white,2,no,full,UK
9845,3 Series,2012,1.8,156,hybrid,automatic,RWD,260337,4.2,14713,83,4,5,sedan,white,4,no,full,UK
9846,i4,2024,0,286,electric,automatic,RWD,0,0,87899,0,4,5,coupe,grey,0,no,partial,Spain
9847,X3,2009,2.9,249,petrol,automatic,AWD,253924,9.2,24900,191,5,5,suv,white,3,no,none,Italy
9848,7 Series,2017,4.4,339,hybrid,automatic,AWD,93595,,92175,136,4,5,sedan,white,2,no,partial,UK
9849,3 Series,2014,2.8,234,hybrid,automatic,RWD,109976,5.5,28404,106,4,5,sedan,blue,1,no,full,Netherlands
9850,i7,2023,0,323,electric,automatic,RWD,569,0,184053,0,4,4,sedan,black,0,no,full,Spain
9851,3 Series,2019,2.9,302,petrol,automatic,AWD,34384,7.9,39466,184,4,5,sedan,red,2,no,full,USA
9852,i7,2014,0,427,electric,automatic,AWD,148281,0,126688,0,4,4,sedan,grey,1,no,partial,Netherlands
9853,1 Series,2022,2.3,207,hybrid,automatic,RWD,31918,5.1,25055,93,3,5,hatchback,black,1,no,none,Netherlands
9854,X5,2023,3.2,288,petrol,automatic,AWD,27786,9.9,88126,222,5,5,suv,grey,0,no,full,Turkey
9855,X5,2012,3.1,260,diesel,automatic,AWD,203092,8.3,43524,201,5,5,suv,black,3,yes,partial,Spain
9856,X3,2013,3.3,259,petrol,automatic,AWD,191058,9.5,31994,209,5,5,suv,white,5,yes,partial,France
9857,X7,2014,4.2,305,diesel,automatic,AWD,92223,9.4,80371,205,5,5,suv,silver,4,yes,full,Italy
9858,X7,2024,4.2,340,diesel,automatic,AWD,0,9.4,136601,198,5,5,suv,silver,0,no,,Spain
9859,X5,2020,3.8,287,petrol,automatic,AWD,30209,9.8,76801,223,5,5,suv,silver,1,yes,full,Italy
9860,i7,2015,0,455,electric,automatic,RWD,116698,0,116231,0,4,5,sedan,white,3,,partial,UK
9861,X5,2017,3.4,271,petrol,automatic,AWD,88793,9.6,62806,202,5,5,suv,silver,3,no,partial,Spain
9862,3 Series,2012,3.5,279,diesel,manual,AWD,145920,8.3,27786,183,4,5,sedan,silver,2,no,partial,UK
9863,i3,2021,0,144,electric,automatic,RWD,80610,0,55661,0,5,4,hatchback,blue,2,no,full,France
9864,3 Series,2011,2,267,hybrid,automatic,AWD,194313,4.6,20208,95,4,5,sedan,white,4,yes,full,USA
9865,X1,2017,2.1,266,diesel,automatic,FWD,90209,6.7,41601,154,5,5,suv,white,4,no,full,Italy
9866,5 Series,2018,2.8,288,petrol,automatic,RWD,101235,8.4,47215,202,4,5,sedan,blue,2,yes,full,Spain
9867,X3,2017,3.4,338,diesel,automatic,AWD,99894,8.8,47013,187,5,5,suv,white,4,no,partial,Turkey
9868,i4,2024,0,329,electric,automatic,AWD,0,0,91429,0,4,5,coupe,red,1,no,full,France
9869,i4,2022,0,391,electric,automatic,RWD,24733,0,85449,0,4,5,coupe,black,1,no,full,UK
9870,1 Series,2018,2.5,213,hybrid,automatic,FWD,61183,4.5,29387,86,5,4,hatchback,black,1,no,full,USA
9871,X5,2012,3.5,273,hybrid,automatic,AWD,227856,5.8,44024,127,5,5,suv,silver,4,no,partial,France
9872,Z4,2020,2,212,petrol,automatic,RWD,68092,7.7,58478,172,2,2,convertible,black,0,no,full,UK
9873,3 Series,2010,2.4,251,diesel,manual,AWD,245227,7.2,16625,177,4,5,sedan,grey,4,yes,partial,Germany
9874,3 Series,2011,2.9,215,petrol,,RWD,300000,,16614,188,4,5,sedan,blue,4,no,partial,Italy
9875,X5,2024,4.3,374,hybrid,automatic,AWD,0,6.7,98976,156,5,5,suv,silver,0,no,full,Italy
9876,1 Series,2013,1.8,215,diesel,automatic,FWD,178521,6.1,12283,129,3,5,hatchback,blue,4,yes,full,USA
9877,3 Series,2007,2.9,296,petrol,automatic,RWD,270247,9,20031,211,4,5,sedan,white,4,no,full,USA
9878,1 Series,2020,1.6,133,petrol,automatic,RWD,25871,6.6,21058,141,3,5,hatchback,black,1,no,none,USA
9879,X3,2020,2.8,229,diesel,automatic,AWD,37108,7.8,59476,168,5,5,suv,white,1,no,full,Netherlands
9880,Z4,2013,2.7,245,petrol,automatic,RWD,281663,9.1,42131,198,2,2,convertible,silver,3,no,full,Germany
9881,X3,2018,2.6,204,diesel,automatic,AWD,128459,7.8,43255,165,5,5,suv,silver,3,no,none,USA
9882,7 Series,2011,3.4,302,hybrid,automatic,AWD,300000,,53293,130,4,5,sedan,blue,2,yes,partial,Spain
9883,5 Series,2008,3,349,hybrid,automatic,AWD,260345,,28207,135,4,5,sedan,black,2,no,partial,Spain
9884,3 Series,2016,1.6,178,hybrid,manual,AWD,139122,4.3,26957,100,4,5,sedan,red,3,no,full,UK
9885,5 Series,2015,3.5,329,petrol,automatic,AWD,90952,10.1,43061,237,4,5,sedan,black,1,no,partial,UK
9886,X5,2017,4.3,380,petrol,automatic,AWD,115787,11.8,63769,247,5,5,suv,grey,2,no,partial,France
9887,X1,2008,2.1,251,diesel,automatic,FWD,239680,7.2,19777,161,5,5,suv,black,3,yes,full,UK
9888,X5,2015,3.1,245,hybrid,automatic,AWD,181414,6.1,66741,135,5,5,suv,black,3,no,full,Netherlands
9889,Z4,2022,2.4,231,petrol,automatic,RWD,22272,7.8,53978,177,2,2,convertible,white,1,yes,full,Spain
9890,3 Series,2017,3.4,299,petrol,automatic,RWD,80929,9.4,33107,210,4,5,sedan,silver,1,yes,full,Spain
9891,X3,2013,2.7,252,petrol,automatic,AWD,89547,9.4,41056,202,5,5,suv,white,3,no,partial,UK
9892,3 Series,2015,1.7,196,petrol,automatic,AWD,143950,8,22813,188,4,5,sedan,black,1,yes,full,Italy
9893,5 Series,2017,3.2,282,hybrid,automatic,RWD,128481,5.8,45059,119,4,5,sedan,white,2,no,full,Turkey
9894,1 Series,2023,1.7,190,diesel,automatic,RWD,16817,5.4,30673,107,3,5,hatchback,silver,0,no,full,Germany
9895,5 Series,2012,2.1,286,diesel,automatic,AWD,128889,7.3,41140,162,4,5,sedan,red,4,,full,USA
9896,1 Series,2018,1.9,197,diesel,manual,RWD,57980,6.5,21059,146,3,5,hatchback,black,,no,full,Turkey
9897,1 Series,2019,2.6,271,petrol,automatic,RWD,59454,8.8,31112,186,5,4,hatchback,blue,2,no,full,France
9898,1 Series,2021,1.5,122,diesel,automatic,RWD,16265,6,25537,126,5,4,hatchback,black,0,no,full,Turkey
9899,X3,2021,2.4,272,petrol,automatic,RWD,44644,8.7,66542,208,5,5,suv,white,1,no,full,UK
9900,1 Series,2018,1.6,184,hybrid,automatic,FWD,69059,4.4,18777,92,5,5,hatchback,blue,2,no,none,Spain
9901,1 Series,2019,2.7,204,hybrid,automatic,RWD,48862,4.9,23497,117,3,4,hatchback,white,,no,partial,Turkey
9902,3 Series,2022,1.9,182,hybrid,automatic,RWD,21893,4.4,41100,103,4,5,sedan,black,2,no,partial,France
9903,3 Series,2016,1.9,172,petrol,manual,AWD,195405,7.4,26897,175,4,5,sedan,grey,1,no,full,France
9904,3 Series,2016,2.6,257,hybrid,manual,RWD,105787,5.6,33622,127,4,5,sedan,,3,no,full,Germany
9905,i7,2014,0,568,electric,automatic,AWD,147564,0,91354,0,4,5,sedan,white,2,yes,none,Spain
9906,X1,2019,2.1,212,diesel,automatic,FWD,70249,7.3,34082,148,5,5,suv,white,3,yes,full,Italy
9907,3 Series,2020,2.9,278,petrol,automatic,RWD,59983,,33350,214,4,5,sedan,white,1,yes,partial,Spain
9908,X5,2014,3.5,348,hybrid,automatic,AWD,164737,6.2,50790,151,5,5,suv,black,2,yes,partial,Spain
9909,X5,2018,3,264,diesel,automatic,AWD,52613,7.6,71105,166,5,5,suv,white,1,no,full,Spain
9910,i7,2019,0,418,electric,automatic,RWD,73980,0,159597,0,4,4,sedan,black,2,no,partial,Italy
9911,3 Series,2012,2.8,269,petrol,manual,AWD,179822,8.8,19479,190,4,5,sedan,blue,4,yes,,USA
9912,3 Series,2021,3.5,300,petrol,automatic,AWD,28409,9.7,34763,216,4,5,sedan,silver,1,yes,partial,Spain
9913,7 Series,2019,3.8,347,diesel,automatic,RWD,87010,9.1,99368,202,4,4,sedan,black,2,no,full,Italy
9914,Z4,2020,2.8,302,petrol,automatic,RWD,72694,8.8,62748,202,2,2,convertible,white,1,no,full,Spain
9915,7 Series,2017,4,334,hybrid,automatic,RWD,122493,,84495,162,4,4,sedan,silver,3,no,full,Germany
9916,1 Series,2024,1.9,216,diesel,automatic,RWD,0,7.1,35652,147,5,4,hatchback,red,1,no,full,Germany
9917,X1,2021,1.8,189,petrol,automatic,AWD,51081,7.4,42065,155,5,5,suv,black,2,no,full,Italy
9918,3 Series,2014,2.8,254,diesel,manual,RWD,38781,7.6,28274,171,4,5,sedan,blue,1,yes,partial,Italy
9919,7 Series,2007,4,318,diesel,automatic,AWD,300000,9.1,48159,227,4,5,sedan,silver,2,yes,full,Turkey
9920,3 Series,2007,2.1,149,diesel,automatic,RWD,281013,7.1,10694,138,4,5,sedan,red,4,yes,partial,Netherlands
9921,3 Series,2016,2.4,301,petrol,automatic,AWD,221844,9.4,26979,206,4,5,sedan,black,3,no,partial,Netherlands
9922,1 Series,2010,2.9,363,diesel,automatic,FWD,173506,8.3,23322,183,5,4,hatchback,grey,3,no,,Germany
9923,5 Series,2019,3.7,325,hybrid,automatic,AWD,66732,6.8,52706,153,4,5,sedan,black,1,no,partial,Spain
9924,X3,2015,2.5,182,petrol,automatic,RWD,273486,7.8,34387,170,5,5,suv,silver,2,no,full,Spain
9925,5 Series,2020,2.4,252,petrol,automatic,AWD,62911,8.6,59558,201,4,5,sedan,black,2,no,full,USA
9926,X5,2020,3.3,253,petrol,automatic,AWD,98918,9.5,72688,205,5,5,suv,black,2,no,partial,UK
9927,1 Series,2006,2.4,257,diesel,automatic,RWD,300000,7.1,4473,151,5,4,hatchback,white,2,no,partial,Turkey
9928,X7,2024,3.8,372,petrol,automatic,AWD,0,10.6,139217,244,5,5,suv,grey,0,no,full,Spain
9929,X1,2019,2.4,244,diesel,automatic,AWD,85405,7.3,40248,165,5,5,suv,white,3,no,partial,Germany
9930,1 Series,2023,2.7,231,petrol,automatic,RWD,21259,8.4,31732,181,5,4,hatchback,black,0,no,full,Italy
9931,Z4,2018,2.3,230,petrol,automatic,RWD,118083,8.8,51786,196,2,2,convertible,black,1,no,partial,Turkey
9932,X3,2021,3.2,334,petrol,automatic,RWD,54057,10.5,65197,230,5,5,suv,white,1,no,,Netherlands
9933,i4,2010,0,379,electric,automatic,AWD,172712,0,47828,0,4,5,coupe,red,4,no,full,France
9934,5 Series,2020,2.5,232,diesel,automatic,RWD,46421,7.7,61067,165,4,5,sedan,red,1,no,full,USA
9935,X3,2023,2.1,180,hybrid,automatic,RWD,13565,4.4,60195,104,5,5,suv,white,0,no,full,Netherlands
9936,X3,2021,2.1,149,diesel,automatic,AWD,42471,7.1,59522,149,5,5,suv,black,0,no,full,Italy
9937,3 Series,2015,1.9,175,petrol,automatic,RWD,118739,7.7,30714,159,4,5,sedan,silver,2,no,full,USA
9938,1 Series,2013,2.8,315,diesel,automatic,FWD,201212,7.5,19706,156,5,5,hatchback,white,4,no,full,Spain
9939,3 Series,2014,3.3,369,petrol,automatic,RWD,100241,10.4,32319,241,4,5,sedan,white,1,no,full,Spain
9940,X5,2012,3,212,diesel,automatic,AWD,300000,7.7,31480,156,5,5,suv,black,3,yes,none,USA
9941,X1,2018,1.7,176,petrol,automatic,AWD,125314,6.5,30391,152,5,5,suv,black,2,yes,partial,USA
9942,i3,2019,0,164,electric,automatic,RWD,63488,0,48078,0,5,4,hatchback,black,1,no,full,Spain
9943,1 Series,2020,2.2,154,diesel,automatic,FWD,75540,6.5,22041,142,5,5,hatchback,black,1,no,full,Spain
9944,X1,2006,2.2,210,petrol,automatic,AWD,300000,7.9,9564,154,5,5,suv,black,,no,partial,UK
9945,X3,2022,3.3,318,petrol,automatic,AWD,47768,10.3,70083,228,5,5,suv,black,1,no,full,France
9946,X1,2012,1.9,220,petrol,automatic,AWD,182910,8.5,27898,167,5,5,suv,blue,3,no,full,USA
9947,5 Series,2018,4.3,357,petrol,automatic,RWD,115339,11,54346,241,4,5,sedan,white,2,no,full,USA
9948,X3,2018,3.4,346,hybrid,automatic,RWD,60538,5.7,50344,120,5,5,suv,black,3,no,partial,Spain
9949,1 Series,2005,2.7,275,diesel,automatic,RWD,300000,7.6,2640,156,5,4,hatchback,black,3,no,partial,Netherlands
9950,i4,2007,0,281,electric,automatic,RWD,290665,0,29848,0,4,5,coupe,grey,2,no,partial,Italy
9951,Z4,2009,2.5,252,petrol,manual,RWD,271649,9.1,33173,193,2,2,convertible,red,2,no,full,Turkey
9952,X7,2008,3.1,305,diesel,automatic,AWD,208399,8.7,71994,198,5,5,suv,white,2,no,full,UK
9953,1 Series,2013,2,154,petrol,manual,FWD,193535,7.9,8937,165,5,5,hatchback,black,3,yes,full,USA
9954,3 Series,2022,3.2,316,diesel,automatic,RWD,38101,8.2,49163,178,4,5,sedan,grey,0,no,full,Germany
9955,7 Series,2009,4.4,329,petrol,automatic,RWD,289190,,50212,270,4,5,sedan,white,3,no,partial,Netherlands
9956,i4,2024,0,574,electric,automatic,AWD,9345,0,106097,0,4,5,coupe,white,0,no,full,UK
9957,5 Series,2008,,282,petrol,automatic,RWD,280234,10.6,23883,219,4,5,sedan,silver,2,no,partial,Italy
9958,3 Series,2018,1.7,156,petrol,automatic,AWD,69484,7.2,30182,161,4,5,sedan,blue,2,yes,full,UK
9959,Z4,2021,2.9,253,petrol,automatic,RWD,67946,8.5,59005,200,2,2,convertible,black,1,no,partial,Spain
9960,X3,2020,2.6,222,petrol,automatic,AWD,103690,8.5,57335,204,5,5,suv,black,1,,full,UK
9961,X7,2016,4.4,362,petrol,automatic,AWD,116350,9.9,101641,219,5,5,suv,white,1,no,partial,USA
9962,1 Series,2023,1.9,223,diesel,automatic,RWD,18962,5.9,29734,128,5,4,hatchback,black,0,no,,France
9963,i4,2010,0,344,electric,automatic,AWD,126289,0,57862,0,4,5,coupe,white,2,no,full,USA
9964,Z4,2012,2.2,199,petrol,automatic,RWD,112800,8.2,33011,176,2,2,convertible,white,4,yes,partial,Spain
9965,5 Series,2012,2.8,284,petrol,automatic,AWD,161551,9.3,38365,193,4,5,sedan,white,3,no,partial,USA
9966,3 Series,2023,2.3,276,diesel,automatic,RWD,3634,6.5,47792,151,4,5,sedan,white,0,no,full,Netherlands
9967,i4,2018,0,261,electric,automatic,AWD,81703,0,61323,,4,5,coupe,white,1,no,full,France
9968,i3,2022,0,205,electric,automatic,RWD,20041,0,59108,0,5,4,hatchback,white,2,no,full,France
9969,i4,2023,0,168,electric,automatic,AWD,26757,0,80952,0,4,5,coupe,black,0,no,full,Turkey
9970,X1,2008,2.2,154,hybrid,automatic,FWD,300000,4.7,11240,102,5,5,suv,white,5,,partial,Turkey
9971,5 Series,2009,2.9,278,petrol,automatic,AWD,227176,9.6,24050,224,4,5,sedan,black,3,yes,partial,France
9972,3 Series,2020,3.4,277,petrol,automatic,RWD,67261,8.8,41519,201,4,5,sedan,silver,1,no,full,France
9973,1 Series,2015,2.4,209,petrol,automatic,FWD,203085,9.1,9722,210,5,4,hatchback,black,4,yes,full,USA
9974,X5,2006,3.9,381,diesel,automatic,AWD,210118,8.9,53279,203,5,5,suv,black,2,no,full,Germany
9975,3 Series,2018,1.6,177,hybrid,automatic,RWD,129481,4.7,24309,106,4,5,sedan,black,1,yes,full,USA
9976,3 Series,2009,3.2,303,hybrid,automatic,RWD,236198,6.1,16037,136,4,5,sedan,silver,4,yes,full,France
9977,X3,2010,2.8,262,diesel,automatic,RWD,234916,7.9,27391,183,5,5,suv,black,3,no,none,Spain
9978,Z4,2019,3,395,petrol,automatic,RWD,55003,8.6,63528,171,2,2,convertible,black,,no,full,Turkey
9979,1 Series,2017,2.5,169,petrol,automatic,FWD,117803,8.2,15906,172,3,5,hatchback,black,2,no,partial,USA
9980,X7,2022,3.3,308,hybrid,automatic,AWD,0,5.7,111351,116,5,5,suv,grey,1,no,partial,France
9981,3 Series,2011,3.5,329,hybrid,automatic,AWD,206940,5.8,21705,113,4,5,sedan,black,3,no,partial,France
9982,i3,2016,,197,electric,automatic,RWD,112198,0,37274,0,5,4,hatchback,black,4,no,full,Spain
9983,X1,2017,2.3,242,hybrid,automatic,AWD,104509,4.4,30395,102,5,5,suv,blue,2,yes,partial,Spain
9984,X7,2007,3.5,284,petrol,automatic,AWD,149078,9.7,68912,209,5,5,suv,black,3,no,partial,Netherlands
9985,Z4,2021,2.7,245,petrol,automatic,RWD,57582,8.9,65837,208,2,2,convertible,blue,1,no,full,Turkey
9986,5 Series,2022,2.7,234,diesel,automatic,RWD,18173,7.2,60684,137,4,5,sedan,white,0,no,partial,Spain
9987,1 Series,2015,1.7,131,hybrid,manual,RWD,97134,4,16574,77,3,5,hatchback,black,1,no,full,Spain
9988,3 Series,2023,2.6,240,diesel,automatic,RWD,0,6.5,46313,141,4,5,sedan,silver,1,no,full,USA
9989,X5,2022,3.5,328,petrol,automatic,AWD,61884,9.8,92375,233,5,5,suv,silver,0,no,full,Turkey
9990,X7,2014,3.3,281,hybrid,automatic,AWD,124718,6,77884,133,5,5,suv,black,1,yes,partial,Netherlands
9991,1 Series,2018,1.6,127,petrol,automatic,FWD,24610,6.7,17725,135,3,4,hatchback,black,3,yes,partial,Germany
9992,7 Series,2015,4.4,392,hybrid,automatic,AWD,130987,7,80042,146,4,4,sedan,black,2,no,full,Spain
9993,Z4,2006,3,237,petrol,manual,RWD,300000,9.1,23978,201,2,2,convertible,black,2,yes,full,Germany
9994,i7,2019,0,549,electric,automatic,RWD,75509,0,166558,0,4,5,sedan,,1,no,,UK
9995,X1,2007,1.6,127,petrol,automatic,AWD,125740,7.5,17181,166,5,5,suv,white,2,no,partial,Spain
9996,X7,2024,3.6,283,petrol,automatic,AWD,0,10.6,121295,227,5,5,suv,black,0,no,full,USA
9997,i4,2023,0,378,electric,automatic,RWD,0,0,89795,0,4,5,coupe,,0,no,full,Italy
9998,1 Series,2009,2.2,208,petrol,automatic,RWD,162898,7.9,10276,164,5,5,hatchback,,4,no,,Italy
9999,X5,2016,3.2,276,diesel,automatic,AWD,120745,7.9,73381,187,5,5,suv,silver,1,no,partial,Germany
10000,X3,2009,2.7,258,petrol,automatic,AWD,245933,9.5,24081,214,5,5,suv,silver,3,yes,partial,Netherlands
