step_0,step_1,step_2,step_3,step_4,step_5,step_6,step_7,step_8,step_9,target
0.8916057849242437,0.005835283845328498,0.9028997535276342,0.37018721745155203,0.1563389244975122,0.472636655710176,0.43183634406212856,0.7708657723280294,0.11919437797456067,0.18813585572312364,0
0.8447636070264081,0.7805325763999079,0.41147697177126874,0.07843520637694135,0.8527465137657649,0.5420896986399837,0.10704622232579508,0.610290495861269,0.9182141352954527,0.25830631709637464,1
0.8505180964110155,0.7872939064989307,0.36567030221725794,0.08927606645258568,0.06496893258686864,0.7132581558884761,0.9315873496295352,0.7702171903255648,0.2913952684725193,0.8856979397557901,1
0.6985021134784815,0.6800911586961123,0.5439537039280403,0.6858203693241439,0.4241973747596378,0.8396379985339038,0.6916072361155711,0.3893327699862178,0.16801968990151994,0.28209704708292915,1
0.6282507730745597,0.7171915038301845,0.2338836754250586,0.5961764828518414,0.3391057561901676,0.6957273640155978,0.7298023610285592,0.4709274960255666,0.4096243999604383,0.884498346382126,1
0.29154359634197446,0.5859819818166917,0.1528597875053297,0.5744281759501183,0.8805072618098437,0.6145435886969298,0.4142818131772351,0.5358219191760174,0.9638550218568298,0.893092965785011,1
0.1045457090001699,0.2720233053044925,0.28594527100911593,0.9901700119505285,0.21478047818259238,0.9723114884252125,0.4787590049515822,0.5816838846605795,0.053413691592617774,0.11225503228220046,0
0.8947292936566034,0.4934445523449338,0.7958994919893587,0.707617173490538,0.571226662259178,0.37518237455539416,0.5472589734299609,0.21902504450521987,0.8310359337264168,0.12658501821836532,1
0.07143308994549591,0.8260607455697329,0.6263752344697838,0.16960181999911228,0.925050470695232,0.7904641946492889,0.6739579250168516,0.7557039026885102,0.43964985540312684,0.4241600386480864,1
0.8527404639984759,0.5026578029347853,0.9146894538711507,0.6194467999309091,0.09738603883548169,0.7117431075395211,0.15214137777951708,0.7556286419803548,0.4849751837368156,0.251935745559994,1
0.8214324549110656,0.7654177463841082,0.8883926549845553,0.03669711886666582,0.23772442050870435,0.3299491773745954,0.9430083957166864,0.2904264368169337,0.7157387839299794,0.6325096931927656,1
0.9571096892504575,0.04412366575297311,0.7114130795044762,0.306208570793047,0.928187527013127,0.8827373166147124,0.5357382507050215,0.6040240778676035,0.3435638028776433,0.8616090761925882,1
0.8764347900806171,0.6497353448674188,0.6331184258265342,0.6055643224750759,0.34161307652295003,0.9638561395912529,0.7104727081712465,0.10896321154780864,0.3232291022952254,0.3492895420117428,1
0.9881894583191311,0.9010801471614927,0.10685082462793394,0.095878060468367,0.5919139492962433,0.38346684369945017,0.7973705223453427,0.05410282048025594,0.20007455592781598,0.630321908895672,0
0.5734032081435458,0.7533715364741744,0.762741972895587,0.8059690409050725,0.4993543539753268,0.022412266001768155,0.5128311173308568,0.9239755922300884,0.346965304148539,0.15040715961740758,1
0.5021269365164307,0.5521434398288998,0.0332316785853467,0.4932180482339664,0.36469281581396196,0.17545623799289745,0.9838789122262372,0.6744793684859534,0.6387102727262235,0.4810363319419392,0
0.06314383360999976,0.7294931984829391,0.6209701115861354,0.9975749859446831,0.5164974174101958,0.1771719677639625,0.15388350281185492,0.046838324352269645,0.40235674327876214,0.39734874088659133,0
0.9690532689096393,0.1122274254320712,0.2080670100582358,0.416135571870923,0.5204866468260151,0.7393543443238584,0.29981267135086054,0.6671660184957975,0.24104832867904136,0.7677667323072396,0
0.997657722929519,0.029229418071645474,0.17639507370098884,0.9935880324402842,0.9958966606028417,0.41647466389910526,0.3133828866765216,0.4688754863785265,0.592522148285418,0.06159843055432612,1
0.38968783678797403,0.4575111982007971,0.3810705558221311,0.15454896203352808,0.6957938681826069,0.2127341358150583,0.7169434578601332,0.025182755087054476,0.42921560559946803,0.15965457101143032,0
0.8579529150246581,0.5922829084564806,0.02350599396391473,0.7818893117318383,0.4841700203024861,0.031991805539077434,0.9355969903465571,0.2573547004678294,0.2082793190904928,0.6222693957454032,0
0.33601102794027327,0.017651010680585277,0.08794114000345243,0.013535135066715331,0.4840350823526476,0.42844123314163707,0.9726000522110021,0.133999875756323,0.2651310302154447,0.14949977219816324,0
0.6486171454056087,0.005546667107485526,0.735793833832788,0.7185870603402064,0.5483459506438865,0.5053838864473789,0.7665183830490253,0.2274821890527159,0.017012717818796652,0.36355139044149154,0
0.02542573149852967,0.7415951205004767,0.07322440338251623,0.7613836166817084,0.26380875787843805,0.7210143414853437,0.17830890104953512,0.9440285414723059,0.414903274506742,0.6947304950810118,0
0.3908036913466214,0.11759753921098948,0.23609940770054483,0.8171533840087545,0.9473435112939844,0.501089646770393,0.8901071056561292,0.6757622638413165,0.6890707766119974,0.1217947640400242,1
0.4917781470945368,0.20840311472243678,0.6067456881513502,0.2772073985139184,0.7080402089781727,0.0481081352756747,0.5095733431599219,0.333576233976307,0.0492367103683089,0.414312645605611,0
0.8748549236932194,0.8844519325143183,0.30632675167840073,0.8137943136163234,0.24950397070814356,0.5113092022885387,0.5688006264733563,0.12630571773578325,0.005280803795331468,0.19190223810000906,0
0.02794690912902753,0.33404757650574657,0.6511532190746884,0.8378796790129975,0.7938888289663827,0.8175457096182409,0.6376873447838858,0.9152614588350622,0.07656758715049383,0.413725306157708,1
0.3925793285027621,0.01400341171324826,0.265049626146575,0.6523338704112559,0.446530927605879,0.7845507067945072,0.6322195550176462,0.32056464221886627,0.306536805184373,0.9614288013229239,0
0.015439542725539268,0.5567052474405428,0.9687566177852676,0.7796215831323797,0.027378639582901654,0.6029711992866539,0.41767652297706614,0.6168839251354992,0.5266182258266489,0.3471361969599165,0
0.9845345944585573,0.3816114710230979,0.38746240866704906,0.11096367780874705,0.21631253871567224,0.7769713224991379,0.011374020692284548,0.4384623399126981,0.969631674555374,0.12758598072543959,0
0.544067597425337,0.17364955385593417,0.3774561628181653,0.8603808340662438,0.901605479362163,0.21753837176289548,0.8611993473239087,0.7661139361175676,0.020320065609437665,0.9922142370174334,1
0.7176944794114766,0.5734602740923688,0.9677972779055147,0.8342521076665012,0.9398048708991809,0.8311702364847726,0.7487822933126537,0.06165487016031157,0.32352119148327685,0.7160058320772954,1
0.49371559819280186,0.6341817260349591,0.09800458885442809,0.8150189598825058,0.8853466677973078,0.745802036537556,0.7516323837192216,0.9885167231427154,0.971267248374585,0.4076652379420238,1
0.32950180126313033,0.5581785312731777,0.7359020646531392,0.9915123441101173,0.17973287069770838,0.7246697215234194,0.9613715504244865,0.8086899691745384,0.5180510914603618,0.4376425787960342,1
0.7883112501610112,0.8268411979565075,0.19335816478683054,0.5858673323176091,0.29801140965570416,0.8774750543788861,0.7953010437560704,0.1196901291108049,0.48700685811409505,0.9059924619933943,1
0.16182564717037073,0.5255240183252868,0.35936984618877044,0.8684378076021604,0.728385191902418,0.091783333843525,0.07044350443526437,0.12168460020468508,0.08020325562846053,0.619582937767403,0
0.20760865176899856,0.5700182000086153,0.751919202148554,0.19007735169394246,0.6697383857744886,0.08211190007873292,0.8972673484127949,0.6435127773828354,0.3850824739747549,0.594210310648083,0
0.9130912637138525,0.2374875703834346,0.2937426806707154,0.8937347357374666,0.8143732607522547,0.08788485605754615,0.6600773469174124,0.41549814810872676,0.8831294292136252,0.6028751871594956,1
0.6705909132506999,0.9343347378706659,0.05022231289034229,0.23879049944672903,0.03137475859807992,0.6833028848494997,0.34070390320695176,0.03993527953089937,0.9804224304458342,0.5453650100845918,0
0.6495475844235531,0.7278292978083629,0.1855599142230432,0.511371407649842,0.8042051651948079,0.7530073233077186,0.19494940300340502,7.14108184338702e-05,0.5779473887997897,0.6023335936755209,1
0.6120703838440299,0.7505551218198926,0.641713166456023,0.4287570950326427,0.605722326347352,0.4924235141763327,0.3607925721690335,0.41559054740704127,0.8246789603769656,0.8940575021470485,1
0.11584886764869828,0.8127459369072003,0.5733008447381602,0.4762405620658633,0.7888954936515499,0.6207662367434513,0.04905837353251841,0.3064449250912781,0.8252657428991819,0.1634185143219441,0
0.11708485462466067,0.9644056273750754,0.59859623013674,0.8653046427350413,0.1785705608122221,0.1693897310236584,0.6171906744431663,0.3136606876831448,0.3588933459541681,0.4102122466953563,0
0.6489058079604383,0.2471294647886465,0.5815377440489125,0.455651343402688,0.7860920435171911,0.8120909302893661,0.007168667964562614,0.8329513677150787,0.4314498331312224,0.7037210820355724,1
0.33774963996822516,0.616985633439646,0.9138395798214596,0.9159222530128607,0.2876945618183615,0.9676034982612911,0.5885800072480107,0.46767024881941244,0.6107982031354214,0.825475528739429,1
0.002026593305130442,0.805245007848112,0.7276430807253467,0.8734909202948635,0.5137792881853095,0.8697719938252148,0.2805822689160524,0.8689436704388875,0.4424281405253164,0.13951930629441467,1
0.07585260466412025,0.2537653151395265,0.3557395456386956,0.6779509194957852,0.2763906663042208,0.29683943716003847,0.17352558159358844,0.25535256988638266,0.17378614140520487,0.8330801021786743,0
0.24544591105746094,0.7452804613617404,0.9498466704976154,0.793223846221982,0.13318693961530792,0.9651815182948953,0.6200334859743224,0.3941998461523857,0.7810106788113901,0.18305691683906156,1
0.6220819723307753,0.6804844083455,0.05344792258239839,0.49145445088106987,0.3892723965074031,0.5783766559807201,0.8574887315904111,0.45930576960414904,0.1824817225842872,0.55956102652096,0
0.7552937818008153,0.44532164017393117,0.060694437949994406,0.5694146184111494,0.18524504758349503,0.256546304076955,0.847759052234452,0.23332014452934624,0.44710214246371327,0.8307288587287256,0
0.38955189351829467,0.5911945067756547,0.4188523690193451,0.9107202501593556,0.12151487323212684,0.6966908759194249,0.31137634316175866,0.7017311083246376,0.533919353308954,0.23504097490158127,0
0.18044322784585376,0.2325532729676234,0.3087942223189287,0.12729111120845737,0.9923534873619818,0.8082272221998614,0.6176121551719779,0.7346976080438131,0.05223173722656649,0.8425451138762339,0
0.6794501498069206,0.6063845814488671,0.24525860550195977,0.6210239276235363,0.9032606542780423,0.12392911309127719,0.333300361928351,0.5570560883313914,0.07651037545943407,0.029330733073256843,0
0.611992344233894,0.43426593714819717,0.9633287712136119,0.8040901020164869,0.5826225519550903,0.9479240930260201,0.5685629770101526,0.48756716042979975,0.11859097038836386,0.10168644228893264,1
0.08206469947371442,0.0758912936936883,0.3634143726600274,0.6908658916377538,0.688822271908023,0.0317742631177691,0.04042846401310607,0.4783076485802855,0.9391967218437711,0.972082877818376,0
0.8146062355214594,0.720681297537728,0.009636767490035059,0.14585954876671559,0.5357234204184383,0.7147287518492339,0.4031492986208728,0.881826474308125,0.16173511474142654,0.9105229603000915,1
0.6556303659815272,0.6530733178904962,0.32470789055839755,0.3506026689285554,0.10540550167386331,0.2815555719001587,0.2601191530814475,0.6965848594410963,0.590308525189421,0.2881489658441927,0
0.7698694027594634,0.5816505689181096,0.33806713193134774,0.15897078884657978,0.5307357636986773,0.028678750914702622,0.8871583809351824,0.767646319593268,0.6184489441396148,0.3558203113502959,1
0.024141925640513873,0.34672111259435745,0.7239463425594769,0.8623989492456898,0.9459017285730108,0.2695581902859552,0.4569140613700249,0.857421155545015,0.06896955543497185,0.6332387111031434,1
0.4673904403940746,0.4741706758135995,0.6336649571291569,0.9462314421645711,0.4668012436499869,0.6138748486418039,0.8723751878938936,0.4133985463656058,0.42538311109832916,0.31357477307500303,1
0.29084151399434943,0.8711854969466305,0.582476357978853,0.6336942635581969,0.2432143035715072,0.6021438190874961,0.10507488003529841,0.1696750559972613,0.5587813177743495,0.4144638516779243,0
0.47504879514121245,0.9505025409895401,0.6970829433364465,0.8582835663806131,0.27357764742335666,0.1302608340740654,0.7712194064803195,0.11868416065536391,0.3682760029461196,0.7913110970695383,1
0.07964436857663426,0.9573709304240168,0.728564595450579,0.7890253908663452,0.7446199019493126,0.09147412642108843,0.42560171433133476,0.8743799540284878,0.19496316649162315,0.7666781414998425,1
0.35080567291567843,0.1351505237473788,0.9210588859613671,0.06467842681913571,0.9214187905939543,0.667485707364152,0.41976513869176235,0.6042419254760846,0.8020974885882938,0.3283925332790891,1
0.44770819588757516,0.26711008783074575,0.6214270163038311,0.746512483978962,0.001342747908943176,0.33605957913834494,0.6375893671646737,0.9069778866555365,0.3297280874978149,0.6977214570778113,0
0.4793997822213969,0.59629393763628,0.36853188374123647,0.2313477491833701,0.33582261082421827,0.979868710661833,0.7441611781032059,0.8173535765993593,0.38499067040042434,0.1688818566504272,1
0.9412207153140076,0.3511185134162833,0.9182573038678893,0.3437640980438641,0.5243972984092182,0.6787136569280781,0.31499569761763,0.7494101072079661,0.7382385688274055,0.9413107361173395,1
0.09550694796989889,0.15206532130362282,0.7211324978810876,0.6731797836147864,0.47875537709872695,0.23280060793247948,0.5234406928072692,0.12881053534237996,0.18450027168480854,0.8893572348234534,0
0.3266982152098781,0.37954045431182304,0.2635598484642119,0.7992841471225919,0.9564293072920217,0.4596593487758305,0.10229574413886044,0.23952410833058013,0.16780803875216943,0.6712190191716226,0
0.867625749482835,0.569436668256841,0.23019163618019634,0.5337334856592455,0.10610570187838508,0.030718655689743635,0.023279169448665815,0.4480792401153896,0.16163989724207461,0.06868694913841611,0
0.4014809216134344,0.803700959407595,0.6998905679537087,0.24755839947784608,0.6402431787744698,0.7607849824034648,0.3286407933746428,0.7998637354163205,0.41419982601969274,0.8528748768836865,1
0.2532324969131534,0.22324024226228434,0.14527409312857176,0.34067244628400783,0.7528875219189958,0.21475568808890821,0.7343270668566628,0.9109971923662256,0.8946930685558543,0.5384745221924299,1
0.8141975290058453,0.3253985128468797,0.8261217422923977,0.9625914463876055,0.44699377806676677,0.7860397789125184,0.20221628889728072,0.22300432635303002,0.47392588310833506,0.341852816538739,1
0.7112716588674676,0.7347583193877458,0.8826982565059209,0.874576234383375,0.9475738618645614,0.36504902842168363,0.11233711516901979,0.7794156434602675,0.7722166779878675,0.8544759057474922,1
0.22334999602651118,0.058252180288969724,0.43081288499403847,0.8846302894671946,0.1612069375754671,0.5360456863209152,0.28238919005161844,0.16699211419322313,0.619253220595212,0.037336105615979,0
0.32833684627309645,0.10242424354662327,0.10841599027549664,0.47706623165748463,0.1379002634874904,0.43556065973578506,0.8981360048123429,0.28444697704497945,0.30034154634154364,0.7748534282249585,0
0.8497767220306814,0.20752716490077983,0.26411562765491325,0.49311754942867403,0.8994485141581472,0.33601109535545404,0.1136648571546508,0.4295965118435239,0.7906232758679265,0.7327211886008415,1
0.918230113843673,0.9605264845059436,0.7712047918404192,0.7821948888852731,0.41165633140916436,0.8461429508919188,0.8662168191862637,0.555603434778001,0.8246353465529092,0.9895265572313567,1
0.9289527886791498,0.22791646716438352,0.8679321494222284,0.19446930385180694,0.3391133910118882,0.616633282875714,0.9990804396295444,0.0377675721091254,0.5891427962731972,0.7304247111954617,1
0.27947316457775406,0.33390106911120787,0.11063831095724741,0.7372721639259466,0.5628707607669002,0.20084421235815908,0.1309182685610374,0.4242445054127173,0.8908926929650351,0.9184457422683951,0
0.15035426185175105,0.9806539446368524,0.20647497427455674,0.06237497461330899,0.9365907160647461,0.17206152928424945,0.7232638931982909,0.5637954981632451,0.3592644976117053,0.029109995379905107,0
0.2736935873308425,0.7181413155331982,0.4835132210446037,0.48168892600126734,0.23028528555788708,0.2578961489052507,0.13913228236352604,0.14447057481054126,0.02537205487302885,0.35107039885812663,0
0.37729188342734343,0.5194742778481768,0.8086453930396346,0.749463185870653,0.9358402887439237,0.36343665686176485,0.3145557367451962,0.395774356555711,0.19490682164632678,0.7283814056887038,1
0.7163410251252614,0.7306757483541201,0.3089948665117572,0.15530553701171457,0.19227800897868852,0.7944291200290591,0.7551746519574493,0.6382623270698016,0.8492751638630256,0.9922397839973199,1
0.8453124368068614,0.8243367360351207,0.20487132268199615,0.5201436813056238,0.1130830397962167,0.17339170225961698,0.6057742264609849,0.7663538536044139,0.15435707070659133,0.3220016668261112,0
0.15316808366259282,0.912230177109789,0.4520789016512531,0.1961713999215977,0.007917167819165072,0.7148236006057023,0.060825684930324364,0.539418082247562,0.3546746872761203,0.8112799829461734,0
0.8352709999038385,0.7055695699591845,0.915545807727978,0.8444025261842512,0.6402469999093365,0.5714168614982679,0.014413706959935935,0.23290824816461553,0.6092012012112304,0.22055698797889034,1
0.25015352883558484,0.5116596757134021,0.4441200435190352,0.15828250262414367,0.018197686088924248,0.16063331083159327,0.7920024689106111,0.6774343102283326,0.52272651941068,0.289381040668915,0
0.7882423434421602,0.043509628106141784,0.8421000770077651,0.010124958028195685,0.3584397984429023,0.30567644797225346,0.6959263790793802,0.6749577139662117,0.7654373586437183,0.6728662662146672,1
0.38398841565648745,0.5209125329199888,0.6733134805297013,0.3250937491862461,0.06273367960914056,0.21115159102326408,0.977454669150985,0.6728725505415966,0.4690033723832149,0.0785273781437017,0
0.9055170301759466,0.2719138076427968,0.302484156031005,0.6974961133645248,0.7936253076417275,0.1477775041468199,0.4814419509484562,0.26758420173506403,0.8709824518487861,0.5487199260990778,1
0.3145730959376094,0.938397335989537,0.8548607479379414,0.28187620595430074,0.0715894053688243,0.26705723060701014,0.3272807972752976,0.26303987832092557,0.4484270697839058,0.18655128968063306,0
0.35007436810721404,0.446823261541746,0.027571270146814153,0.22858590303194115,0.13590751626944075,0.42422170905717527,0.7461768193925947,0.550352640154978,0.2438851086602286,0.22877563552436664,0
0.6726152213774542,0.6298988285659969,0.6372069253324967,0.9461251135370747,0.057355937626203723,0.3733233349661742,0.10344422851465251,0.01668224763429671,0.15170661042388134,0.10724553122151015,0
0.683715932959383,0.08383282419908877,0.1132278440913983,0.6454821170818948,0.3167816856757283,0.3051692695541449,0.6344892190657659,0.04013962324447906,0.57843850156112,0.6975101745801477,0
0.19519806928489458,0.1593366307823686,0.5794693842140228,0.6824842997221664,0.9639911298627375,0.1602665022299974,0.5071172293766405,0.72692957742806,0.41025225164516277,0.259784306841496,0
0.055249984277867537,0.06568382008840645,0.6459611311153286,0.7778082821158567,0.0590263062506009,0.29507814195947624,0.3892344192215089,0.28909544141980303,0.5414771599323338,0.9711924816215578,0
0.21980416754488918,0.4691102062135235,0.6293727885180184,0.8036096602606222,0.6853390554434277,0.3422035172342265,0.41815405731812405,0.8702356559858524,0.4802351937273436,0.13159334157911318,1
0.7253345206758441,0.712991637155043,0.12838120542984444,0.09475642872583612,0.25541887068792435,0.18071049344611123,0.758486941471984,0.5303231274202178,0.4348766775761286,0.13968807736120215,0
0.23896603956812423,0.17823206461759555,0.750219361535304,0.31521837607065806,0.1288897617475938,0.7228537541601876,0.5327258938707239,0.7541097607110002,0.3989837112996515,0.3968732340727976,0
0.8298402730661445,0.6088607836803288,0.20225424360714395,0.8389568288113054,0.7791934358122815,0.9101693088252591,0.8556152899929925,0.14392374006142594,0.8939357228211212,0.7196367108435485,1
0.2908359284615011,0.6003906779161945,0.9285070379667776,0.5890467516992995,0.3136123270484461,0.2155245710197029,0.023604205244720622,0.12662514777796652,0.4577834550548109,0.44575994068963065,0
0.6775275775458723,0.4037659973515386,0.10152363618570948,0.14279008459879383,0.5929897217079199,0.06552763422822705,0.4047417933411822,0.8707627047559179,0.10337949640623822,0.7491164217938527,0
0.5683540318923982,0.9951995074178593,0.28936564377385177,0.5629823216768223,0.13408666416244475,0.1063411931037932,0.8607527305037931,0.7049898196293246,0.7944942177494756,0.06478905260203016,1
0.0760798545114304,0.8655431993430525,0.3545736042818024,0.5911113515663163,0.37001150426845797,0.036635103763579924,0.46446267318094325,0.056527586875458335,0.07229223686530806,0.39640180033334105,0
0.08642922676335762,0.40336338205238087,0.5998711282897373,0.9938081692922958,0.9537604335674995,0.4179233017440068,0.7649546691732526,0.13492011722258868,0.23213812482557972,0.0049501390856768746,0
0.9581596267901853,0.4454191365347492,0.3914774564257514,0.752868746913926,0.5623551393706138,0.11563722244178087,0.7357081255823023,0.1401340680246178,0.8473944725151272,0.4933726973766194,1
0.8531669157719415,0.7041808968602481,0.6710643560561598,0.173660906560683,0.943560269062707,0.45190515679269017,0.1595292696553574,0.23389122173729726,0.35891824842585496,0.6840974553608312,1
0.08521058817545868,0.6345341784053146,0.20222066328526445,0.16193416112561998,0.5501056843288892,0.8610069510651984,0.18182570748550264,0.5329509563087007,0.3190608492952939,0.025471703452684458,0
0.15563256633193545,0.5430868967469613,0.5240825001727485,0.04288098485834879,0.8359260815984134,0.22574849577061684,0.3273659818854848,0.44963649217475654,0.5492729862741478,0.43474776213426947,0
0.3950380239697816,0.6319755988487197,0.618836274191914,0.06430388459100356,0.4930754115635917,0.489765095380024,0.5942414992139949,0.8484662169883188,0.8502699729054635,0.4836343188727982,1
0.3640151685764109,0.9319208046262963,0.6999660495465444,0.05901220356957415,0.09764159034237274,0.2717839827069568,0.2108922674457432,0.9012858301838572,0.32251177709014855,0.8454928143609287,0
0.8022288582958942,0.7527578280013126,0.9551066158981274,0.17826669882124724,0.821198312079148,0.7916964597365094,0.49499414050397994,0.6093338421680019,0.12563644849046895,0.5793785677061746,1
0.33672341406893436,0.781344498491287,0.6038420006494721,0.686169286493122,0.8899451733320033,0.2729534322558629,0.5926436893813568,0.8324627781364496,0.2708399611394522,0.7289963142264834,1
0.4409297779924367,0.3678243744255405,0.8066818290959831,0.5784344256823601,0.2734342801768552,0.9346259767399003,0.4913499122850926,0.31212507052010563,0.11860216128475554,0.8214267717415418,1
0.7187270656808707,0.0875644456563528,0.9822109457094894,0.5407272254769515,0.02005545666662889,0.9315605475649851,0.9719972523300859,0.05218242181089361,0.7907032849113523,0.44027336674548323,1
0.8955117585050536,0.31921560685871575,0.1470951910719568,0.6423210427200181,0.014281751377017815,0.2423479714230209,0.09478933721907201,0.4852151745579125,0.1645786190121975,0.11659268133662448,0
0.7909705789062629,0.2511028502383936,0.4550416868881222,0.6819982360233565,0.3465228730213957,0.27919196712032956,0.43679411229017473,0.18132058668851536,0.5434565037687384,0.20967983616528663,0
0.05813559477722463,0.7384345513452953,0.08551232781296414,0.5457685888365754,0.7451507961147663,0.056686623940197856,0.976852508963684,0.21930236456436136,0.4627413467811977,0.12167478315294589,0
0.3979765618047376,0.30200377469806206,0.9584407761587392,0.955787539684457,0.42737430038127444,0.4492511871677227,0.9148799626529163,0.46471827370773133,0.9513740176267674,0.2715088313427223,1
0.15144693604410553,0.2835916389236033,0.8181202725555179,0.7846690851085307,0.9686808405158276,0.9313696057422749,0.566230694840428,0.12238790776830544,0.3733221129143083,0.8179538860716802,1
0.001297203226726995,0.6672393259801449,0.5791939012680034,0.1537082272028908,0.0322976821559372,0.5008630531767626,0.39103808386194383,0.23519022970928294,0.09479080055823252,0.22006881619394025,0
0.13773660871301485,0.7778696193181079,0.9012632332316939,0.3555127448024388,0.1308930604934203,0.5928364662165432,0.6801330609792033,0.223099657267393,0.13782842303204357,0.7617271575302744,0
0.23991826465549082,0.056850721924855296,0.10742039097185307,0.23911689804931402,0.3966321486277945,0.7687258091282224,0.27756355674839606,0.912953612845336,0.5612565320082473,0.9710580449819358,0
0.8834468454390522,0.5905206614459915,0.6853711268122737,0.7795062255791265,0.9006602907607038,0.7322639418917664,0.6282616873596064,0.3984266964634988,0.4252937578270565,0.041598474738738345,1
0.9785007622498569,0.5764532990441373,0.06321315913991765,0.5051739893222035,0.3326220856868255,0.2645069550084358,0.5968927340928947,0.5014746574589493,0.886321178112387,0.6533096792804537,1
0.1852130393590714,0.7582206305173643,0.5898575084047114,0.9176636126317419,0.22908472832735394,0.45151765628975093,0.19210220738128014,0.70691949573926,0.33559950824397256,0.06891331994589,0
0.855448561695556,0.862550897860887,0.9625961105050619,0.37074945409502014,0.8229033661163159,0.6509062455157882,0.7558671896108177,0.9522795359519026,0.308738557100968,0.0745737451281081,1
0.7083691846702364,0.846413028590952,0.8133664171463936,0.1230245290434906,0.15803873132169644,0.29634950078474875,0.4605182765245196,0.8394285526048372,0.29758364997539455,0.7605175698710536,1
0.721595920312272,0.4107041551571574,0.20193560603462224,0.2402222617216122,0.19831832220511159,0.7219330449844171,0.7164257475966812,0.09347407410536512,0.31064923621049323,0.6888127335108957,0
0.3166727368690203,0.3417637664003652,0.7740447733665861,0.5909664490163696,0.8360301141410746,0.9316805137357703,0.8629326188865286,0.8840192208729706,0.23138397527866217,0.3495974389687252,1
0.6187092759359387,0.42536733628478174,0.4788225723893399,0.8768066897727079,0.2763510281948278,0.05239186774410298,0.5941208728935236,0.4041273268466573,0.08332548517373883,0.8734622137449625,0
0.03731860148798527,0.3611179117870733,0.4263989882527014,0.41459017641871776,0.06823663389733226,0.008163653049099495,0.08351981117613094,0.9515716470089841,0.32581956743220797,0.9623014860174733,0
0.19818979572186946,0.8792904116204086,0.4248073305153818,0.13698499769311634,0.8357931221043929,0.10884199981439346,0.004778306661990972,0.8016153829059912,0.7862029485879675,0.615623642830835,0
0.11784193851820723,0.8212375044253599,0.20053713519396477,0.5785060814174462,0.7413693782718945,0.9732656578330712,0.7364651559940887,0.02026565303730432,0.44471349861809073,0.04689250043576976,0
0.17624399520219813,0.8074469580260171,0.3290649253119189,0.38329063812178255,0.785649974767047,0.7591968973402636,0.7413975008471826,0.603498745139551,0.20548999624508835,0.18536446636572257,0
0.4565291254113447,0.22021688263874672,0.9591043901527881,0.5724096062390104,0.7866846213079416,0.8229416874361444,0.6871154998992666,0.25676641425094304,0.7476938141180418,0.5057080367478208,1
0.7652454465858128,0.625834784097838,0.5688293709870988,0.9121208979232459,0.10454011251331374,0.547330602881335,0.5697987025447798,0.17523712519444334,0.8783168211245959,0.32315627987227435,1
0.07809601289116042,0.6629171541863146,0.7145766251648812,0.46545068485233343,0.9820992586860477,0.8264207332737197,0.601018484226236,0.7186220908961346,0.3546826490592905,0.6609796995010414,1
0.4938256296166361,0.7668011906419188,0.26275140245902606,0.8530029963956522,0.2832419097307889,0.9712036987718963,0.9595609411344205,0.4294267921654985,0.7436459278308866,0.7370365088784887,1
7.264322914357635e-05,0.03214496420987112,0.8762104127856348,0.9422565066152353,0.9390955441869788,0.5118031822788947,0.4220001187568253,0.9432608782062216,0.6007139266400616,0.7578006807025456,1
0.18688684973321523,0.9942994031380721,0.3886918285562564,0.8137204278441909,0.1556407267056612,0.16229668128445374,0.6490650101995415,0.5298180627649303,0.15520735009283293,0.22487407170759643,0
0.5667025530084608,0.5080061973628606,0.6822020684313144,0.1552167759873938,0.33170044063527293,0.8200958734501782,0.05553720172442311,0.08428006252739761,0.5963516936377385,0.15095594791195543,0
0.26946385716902266,0.028215853887651576,0.49239587653763384,0.04015233521492567,0.5493884748476613,0.7761439349352285,0.04211392644445078,0.9168291317868081,0.7194882391869672,0.9738475014129125,0
0.4822039278125062,0.29117298211290843,0.5202674547571374,0.5201978307861413,0.9075020932533767,0.8235903553972441,0.5106950682615978,0.12587553331219736,0.18449526816152761,0.5813153712179353,0
0.022036381808837158,0.41280736258399287,0.7340306018946678,0.4083260400040397,0.7602466137010955,0.42621489593708284,0.1389534327206463,0.9333794157823625,0.1523083682341866,0.14746365416701723,0
0.7592227155806457,0.07198927521068432,0.8426308470247201,0.28160353357443635,0.6806216040402893,0.38872436083466166,0.7551015001408482,0.5244336668696938,0.8781854391842965,0.4257400514408849,1
0.9625712473938849,0.9425699534010312,0.023458718582709093,0.922745019604784,0.6571289619225694,0.3925896327438009,0.05942804773402188,0.364201491233467,0.4380060002463234,0.14119306673816245,0
0.6827633054531708,0.48385690455320174,0.8831689411953242,0.7576740633376955,0.7611144454316363,0.8768455205426391,0.4747623458667487,0.5859708258707296,0.11240468052368979,0.39278026102122165,1
0.7885157698423507,0.3682134341352532,0.9065590023413325,0.3837981973187611,0.692198026318225,0.283347678901967,0.2871209099146589,0.263197705688062,0.537294835647456,0.02168533956530838,0
0.3103047031335199,0.24992687498125588,0.16831675468661,0.5449149616444369,0.7235199135117818,0.8232148081085839,0.19029544701045809,0.9786620043417182,0.8372674795004408,0.5006676370696941,1
0.46423418206044775,0.6146299281875577,0.8933154976530343,0.7443829251158138,0.2783481414151764,0.6465916665018985,0.6406175178983166,0.5259870016288205,0.6436348182873641,0.8872705031055924,1
0.5396544844292672,0.1996631146244493,0.4004383094640056,0.9680946170541336,0.6775976632496448,0.068235068430621,0.42570754377937636,0.37927836001576165,0.4354396283244164,0.3930301106807609,0
0.6069005734544944,0.604959492999663,0.9343098745765658,0.624692104182477,0.12061466970235069,0.4202224882680342,0.5360422779748759,0.39731529833263113,0.8576369836003135,0.9866694601603888,1
0.0698159895695929,0.6580485925438235,0.7410279409549061,0.15808296746549444,0.25155852619733887,0.7160885523091245,0.2819273043958831,0.8636315036191828,0.24818571017457014,0.6539156437527275,0
0.9790661938116043,0.8681342730948696,0.8433826509386296,0.7930377887290262,0.6067691305174691,0.7669140116990341,0.8066214351890325,0.5052965212018112,0.509704298129696,0.284838762843173,1
0.5248346565911632,0.7120936740118999,0.6815588000333078,0.16881784879390982,0.009983329964306842,0.9698612195247179,0.4161296305469798,0.060681041304469385,0.015122598552221866,0.02740106554347388,0
0.5512741257474839,0.5253505541316291,0.6339025086297226,0.47929623558363166,0.3869086222867917,0.8821565921383254,0.22686379225570064,0.6263065729363209,0.03059632080182484,0.37417332502847556,0
0.4353449504401614,0.26570722565894445,0.623735743680314,0.8801396671099307,0.5510875074155862,0.1500796513135757,0.40009097395030313,0.8900824501129988,0.5566919832603807,0.34430482715346356,1
0.7429642444450872,0.506694590289076,0.5276264844015537,0.2052072836737644,0.2739795727372357,0.4555908633362413,0.3648931879934675,0.4185806834836191,0.1837331388480734,0.06191468592564775,0
0.17773593925906062,0.23036378717404749,0.6901948660862338,0.7250174628836121,0.16665964436426706,0.1979606356534639,0.027801139031546795,0.2117786254439139,0.12740128949395935,0.10837645107682004,0
0.5580402163354873,0.05738664180496367,0.06465225293099086,0.7553632050237719,0.7894316750944207,0.4387655572598107,0.09988419800266202,0.3278770202723984,0.4041066226340033,0.09143129511572645,0
0.2061467882023853,0.6066975209957863,0.6323864860336545,0.6543665821043797,0.30868795359004764,0.23633339106499252,0.007625132463564999,0.31231371931095675,0.7888051119994766,0.23673264828107,0
0.4596614236464843,0.8532204731072567,0.031070586988694804,0.8207070161312406,0.7552696601181148,0.7493784110693967,0.2783117290814715,0.14372826629665436,0.6295929370690508,0.9009259900223107,1
0.43167078542851245,0.8159328905310255,0.8228364009881596,0.02340590291505351,0.2587604509927971,0.7761281579826821,0.9938053549735519,0.8638706632722017,0.18684780846449622,0.5235230508218809,1
0.6970710190936547,0.31088285558990514,0.2489619783298228,0.6859426610443957,0.522495567990215,0.2868502583589343,0.18867338418365764,0.9453179200121535,0.14792875794312987,0.6627364183440115,0
0.22339858864078577,0.12074174653164393,0.6972555996179794,0.24125781170878446,0.6717736298451187,0.22633544196216127,0.8895569674900881,0.5636001640060317,0.9766241869962118,0.3281448439465333,0
0.09764748848749927,0.8679562247996564,0.715457838395776,0.02722193842799514,0.5845474847307303,0.6674265122684565,0.12383580571034614,0.5621566548793223,0.5969280524118662,0.4766975870323238,0
0.7337212858551752,0.48485089894738376,0.8991130346739546,0.5945813584998647,0.6197057108469495,0.7475497899387292,0.6412705924511638,0.05570853382255636,0.37652117167102295,0.6171225971042239,1
0.871320879974829,0.5575337778032355,0.7601567182280589,0.5550461322673855,0.23879182338614102,0.5483198679685108,0.5593128806272397,0.019998994532804515,0.054323929304262664,0.7848074564664157,0
0.5634174163903921,0.5269437606862124,0.8565924513785451,0.016318898453544617,0.31539375917258194,0.10369989993488937,0.16862944387471546,0.6828150723746745,0.8867995469472157,0.6815196845492532,0
0.2325761900723724,0.7509700331245831,0.28288019917608964,0.33987331383034514,0.9081892196956008,0.45493444098326086,0.2873759491602994,0.03650335830630147,0.1610727313066892,0.9202120236352899,0
0.3625040089650441,0.5484989652661185,0.029504580568567418,0.3957330198543302,0.8477953544390067,0.3449142681863878,0.05551508799823168,0.2238292780097545,0.5843055318676267,0.2938274193729854,0
0.5360418319277445,0.9497273197976365,0.4101119119966359,0.5194148674933657,0.38432621251405685,0.27654205018188127,0.3622503151675538,0.5616790297326851,0.5928892912700636,0.6757482577960914,1
0.3434282857248372,0.184033451314777,0.24793217039106752,0.5469689131592261,0.9862471107689839,0.2920201791084297,0.9401945739344947,0.9967664734039557,0.13075170081413923,0.7538983298001102,1
0.5353014769503677,0.7113368756865072,0.9796252810445079,0.8882973348227325,0.5261283429212085,0.06306413885584505,0.5870910856347372,0.2082737697177286,0.043724611958311344,0.8181717838344967,1
0.5036969825580425,0.3017942314216502,0.6360193212232733,0.8667131926857724,0.5478692950948617,0.602571790698706,0.12290418707741824,0.15234136513038776,0.7049246668988478,0.1782905252658471,0
0.09502012209412158,0.3733690063094146,0.8491262323361153,0.33898081162713944,0.6214917349488869,0.05155976203106849,0.16529316383222836,0.6375816681962339,0.44036237987336246,0.022414224302485852,0
0.869280805049722,0.6309487251629956,0.8113983005494945,0.8076803669291557,0.6631928620220541,0.9488104733171929,0.1669233133467869,0.818282429264008,0.18383105184344395,0.9561759456743968,1
0.6303189612690083,0.1207042657477756,0.6556325383789436,0.8526574859697097,0.8683381173566493,0.7736410703328187,0.5205000953962137,0.7005689862707168,0.9042821479783374,0.13210214729927616,1
0.590280402365066,0.06456461403287639,0.37647417995292076,0.8651295486570079,0.3596954910176171,0.2243519944757022,0.8527717564961306,0.6163595892426639,0.952355294316268,0.6595941723150323,1
0.14566652416099224,0.14535118330727803,0.991103492166566,0.8106576922815028,0.7626110297152442,0.6830269863811972,0.7289578026230342,0.7078459171993439,0.4367716720800374,0.9363550827741756,1
0.8274174438751661,0.7969313532626611,0.3119565391631415,0.07433622651511695,0.543062350893893,0.48831070916372754,0.03496837141003817,0.8356776382437112,0.607130201414757,0.40419614135115167,0
0.2633840795477205,0.29396314076440966,0.4799738996146057,0.7369621632879044,0.7032764211242418,0.21237219001121244,0.2537804594119377,0.748989699508372,0.6256864378490558,0.8787268184732064,1
0.037441955490276846,0.9915606022315284,0.5394517408142554,0.6955767536451497,0.9665086680931668,0.6638448347237014,0.11031283779177004,0.5272087640984806,0.0640059641143772,0.7713938000343036,1
0.14285133302308406,0.3991666651788064,0.9932524029252686,0.35378495469955795,0.3480871178290069,0.7857071145042211,0.07751741798503153,0.824013644194782,0.6877883089324653,0.9509563054120949,1
0.11373500928229796,0.35717095154749645,0.5170673070121843,0.8124541455472547,0.31467018233099586,0.5886543476349284,0.5783003241178883,0.21596936877343664,0.842606968047943,0.43888681458064427,0
0.8519525480582363,0.4938980813329643,0.6708997365059868,0.6819589851453437,0.9800566488452174,0.32519829585739635,0.2764656137137269,0.06910610272658435,0.7066509512637881,0.18299526302613423,1
0.9774264543319832,0.12014192971765802,0.7249293244610671,0.14820741513838465,0.9459941595821719,0.38228343144567223,0.9367755670118331,0.6743372530544317,0.597448564216394,0.9314687861430212,1
0.9794885824950633,0.800178290893845,0.43145837395506825,0.010728655593384762,0.8674636538306593,0.41773313590199934,0.0006948362210250636,0.4710318987256983,0.8997433675352419,0.44793128996288034,1
0.9354490630324672,0.0590071966347524,0.1383253906549924,0.6797745228644854,0.2252297297031749,0.0015689896538585435,0.4383500792819992,0.6143794302526268,0.6654499805828675,0.33082727567345327,0
0.615078233783378,0.5333603818287077,0.16146927233304242,0.8924511593552545,0.6229956473256443,0.76548932144595,0.6045187461618395,0.6145760512718823,0.11530060592421043,0.4518039246392679,1
0.5316917946261714,0.4858665860853756,0.6871440318021806,0.05968939111912608,0.35605396332945516,0.43657715246710294,0.8082927795313815,0.8968058832422515,0.28969743316072294,0.9686315386775799,1
0.5731126722693236,0.961023679785824,0.39630952879882353,0.3439248987138789,0.9212547575690522,0.12721145104066933,0.6622891317703167,0.4878681699444528,0.9672163180452318,0.8426969480561157,1
0.5085893103225624,0.0026826243638968794,0.45213859938804724,0.16551296298986473,0.8144943916239358,0.6056937790107138,0.893857987721156,0.8161942589818332,0.6956592832118635,0.4125162735603555,1
0.16311304614608568,0.21273506071107973,0.19503143990679184,0.7596319738263905,0.5874036223678967,0.3616890905931386,0.6171948092033223,0.6087551843868428,0.993942743259171,0.2798348474512481,0
0.795511682899838,0.01717382355633945,0.4817282708665277,0.6920009850935687,0.5498253769237073,0.3168905118925729,0.7298697850525149,0.9543462939705344,0.9952255291491268,0.21385729239127638,1
0.06624639952880806,0.9597981338582102,0.22802873910766985,0.0669131418171196,0.44809436754456256,0.3900986363518508,0.5439410554448192,0.058223488708479265,0.3191440604779635,0.3513648877639519,0
0.7297674010515954,0.2750742077001679,0.3337846257489714,0.3477960010658433,0.3233261101695124,0.5018963685990616,0.6709659487798717,0.23607518697039354,0.8536734497156033,0.6574941452866447,0
0.3871133635657894,0.43352793277115187,0.6551347855785475,0.6028152548440692,0.5521026533964529,0.9035799529116496,0.9861592890076569,0.16971037555576618,0.4000652517029867,0.6237237144606448,1
0.8669369073236708,0.9618950463780759,0.20823745245019654,0.23190231920255955,0.940088366398399,0.7215835582114396,0.13400285080628804,0.5051132777418391,0.49409352698013387,0.3539650663042182,1
0.5798280050365562,0.25632035481919624,0.4956919055913108,0.8357054191113247,0.92690570261509,0.6468899801061273,0.5965497588993899,0.7695043891198844,0.23085568733217987,0.146484579539488,1
0.48865648938207995,0.19635384561436742,0.1027588170635424,0.9021454826915214,0.0915869137725912,0.8989801679281597,0.761767575746815,0.144673234840201,0.23324929454611265,0.4830370825076866,0
0.7103325146164228,0.03215462157819271,0.669983278032566,0.9474068462988542,0.8408910432980395,0.750749142646723,0.45919319788532,0.04595814807979037,0.6083693731011418,0.5701823895861534,1
0.36290985691436795,0.23177539952305815,0.6036798842914914,0.07247300035170634,0.333799796437385,0.3369049139516459,0.22372154918923626,0.6777896899257716,0.7073153853214381,0.6455533601497223,0
0.7763987942725687,0.7762693426512314,0.4344404120888895,0.21536637196564345,0.6053387305888447,0.8330934149506329,0.731022231792563,0.6044654730189091,0.3339722387284939,0.13838518765147734,1
0.09402318240154872,0.23305196971562336,0.3627862709836239,0.02949837193947602,0.9582068782969602,0.23864471190596082,0.06391341242526472,0.060719679674218874,0.9774633190093368,0.3135113424300511,0
0.9295886886599756,0.5686462777474209,0.6304953982194782,0.17666488452447116,0.4866662655372539,0.6594025732511133,0.9420827617929587,0.8493177749453121,0.35716021579998414,0.18849411286916085,1
0.17202802945182916,0.09381926024561793,0.7032289250857247,0.9607429598262814,0.022888918137305758,0.13554615993919306,0.4476992791011012,0.19281638445275806,0.07430832433048906,0.4394450237661315,0
0.0378800737677909,0.70484038776713,0.5446858072689834,0.505308863282205,0.2314911892854592,0.32260416763008326,0.30850864504538933,0.8138378207056387,0.8837823961841199,0.5488569116790457,0
0.8809631212635679,0.41336203136726657,0.7238131773697889,0.09309174682258947,0.8739101702076791,0.00906604725284732,0.4954938908899146,0.2116001555010132,0.5665138606524908,0.08768612307519075,0
0.700580792888841,0.07971456937455423,0.2834558763904862,0.8219465003712754,0.8152751491312171,0.2290650595649686,0.1721148934970983,0.6552534970765473,0.7510515026679869,0.6480643426036953,1
0.579567661715492,0.1692497311939246,0.9094683328848991,0.4445724749347334,0.00673317802674156,0.8680068919197492,0.7220180234830167,0.19412613015434543,0.05414968901939177,0.37067538105643383,0
0.3686475117628263,0.6889128031218524,0.6019668613128315,0.477911969024594,0.0814215070972506,0.6223023164317721,0.32429809550527366,0.14066327025721037,0.6417555800706685,0.49124760550634294,0
0.44335202044388033,0.52239554423695,0.8775596730237792,0.8905038204932503,0.5648657554424519,0.3272707633438485,0.05428154541174235,0.2801896929953587,0.0257058461600983,0.4561479473272999,0
0.09606299082231784,0.7952387647300999,0.05757054161782105,0.10213222323838311,0.24274939300032983,0.9424099283258898,0.10354518239984911,0.4806530277041908,0.2823970735099597,0.20777580749265645,0
0.914486153296048,0.4518834916406953,0.3194185450937279,0.43311932494298155,0.274086662585146,0.5094019686813005,0.45126002904793716,0.22429687456207392,0.5849543032545856,0.5578374708434973,0
0.6195264782962362,0.49144457913330064,0.2396742570520114,0.42562895358134345,0.02534006203252903,0.9967249673336199,0.01321058212193782,0.7727414730472214,0.4704563948415108,0.6265188703662015,0
0.00436403869967239,0.07928633285400277,0.8499337328884174,0.741863723686493,0.13843483141689528,0.11578790627727531,0.5436378402997608,0.4643265078947193,0.3401249289203018,0.3102466027772828,0
0.09567573773771043,0.042663543894683076,0.25193081801036277,0.09758519890759076,0.39346528113547086,0.5259369914739119,0.9232701847105733,0.6357520571020623,0.4425762988712939,0.22411996084144192,0
0.9451932068547939,0.24482736977976904,0.28670077624790313,0.3017793663670084,0.09023141665930301,0.44229806587103015,0.6846892529862489,0.9606477362515958,0.1546272772712387,0.5788317419272669,0
0.19199254697928692,0.9960864665886399,0.5484734866762643,0.7890096069238247,0.4249273615945056,0.14355248882237115,0.09061753020935037,0.8742573498384405,0.2762927866353332,0.12454446427569787,0
0.7266200160449533,0.4618027809872568,0.7984343992645307,0.66016315783091,0.7412504062753883,0.46670597774420175,0.37429901755424766,0.21967950513471823,0.5326683470033866,0.9725240318972177,1
0.6918191620896131,0.762630219891021,0.6023224436658242,0.5975306921856205,0.8470681453843701,0.030879409937958457,0.6130570642614335,0.5418940395336607,0.08025442854482412,0.34781202883072104,1
0.2741706310866039,0.03150137133369091,0.7790695330132067,0.823038108537081,0.5170710723764654,0.9011936651982235,0.37014383490900815,0.6604291803479756,0.11290325956241021,0.19080373189223243,0
0.3342865933286031,0.7277109943450545,0.577929459886189,0.19702186533683919,0.4759699684228772,0.4983091687536545,0.40373955592529287,0.41526685037052147,0.5549047648158185,0.8620532320903562,1
0.6975107648313678,0.45008477739994945,0.9113999111718188,0.42699614687815046,0.07109637104211175,0.2008460442150447,0.9229479980760376,0.4958340337798791,0.5945177749679462,0.25499696425776164,1
0.6992772836835736,0.34516092126738107,0.9569272444381731,0.8862605705561301,0.010095313589045918,0.8360247250376692,0.9180655342196273,0.7336548529078332,0.7915743200492128,0.6276990516487669,1
0.43465563636346394,0.3982074878504436,0.43116984942010295,0.220088991613823,0.46536127706372843,0.5970434117716876,0.48069675108357623,0.8072144223865955,0.2609144772160208,0.9603269592208251,1
0.2986334813548577,0.4563131855306489,0.4178752274517684,0.6530876452665026,0.8028050350977178,0.6405793626443352,0.03590561052149899,0.9643973095255287,0.35937486290974363,0.8641822594060472,1
0.07291317490415494,0.9285597446340172,0.6849466306861663,0.09264336055835964,0.6707708703554144,0.27646801510854624,0.17517369394720206,0.5465224632330877,0.1256149903372764,0.13364387168884118,0
0.6588345587295259,0.692876095626544,0.3342638857189981,0.005208728694493403,0.226598219096932,0.8642048870865896,0.44025915835344775,0.4180950663062196,0.5558104138894868,0.24945047991371228,0
0.7118314773495864,0.707464928751096,0.6385398211791803,0.33155045191258803,0.06109121993229527,0.787615163984014,0.36930893643677787,0.7584330585697935,0.6819905963583177,0.55210507450595,1
0.6707431688444936,0.6606678124961306,0.07232229282365288,0.140884156830676,0.5792683076290136,0.766355906132641,0.09018939052521346,0.7101863261389564,0.6724008795181307,0.6983242047363376,1
0.33947225030108985,0.6150899880151137,0.528892232349517,0.08771454013604907,0.5077424935770427,0.937356089828543,0.7059307181646823,0.126460580757493,0.10183562959625814,0.1383974529848685,0
0.7811174238327656,0.22367578461416293,0.38675043163751954,0.3743486964672109,0.8518861845172956,0.33831412801181837,0.12271639890088781,0.3914741423625131,0.23998953690236247,0.9135102220769143,0
0.47359348328175277,0.7626017919089478,0.7071389043206863,0.005951766552253157,0.09123925332689087,0.2692971908284829,0.21319514459875344,0.7174353867382358,0.9204218563714105,0.5657498442002076,0
0.11950579474984868,0.4924864713895276,0.4464998537450239,0.2162858889924818,0.042263348171586834,0.33025392783909135,0.535223666943418,0.007043416404770908,0.04925704757919169,0.804514062277623,0
0.04972124561407998,0.6768243133821958,0.5374825295921566,0.9370541212401015,0.6473676534912964,0.41940921718855806,0.7522667160292271,0.5924231477818049,0.8824328393596635,0.939597194101311,1
0.0899474661692623,0.9569288709018742,0.894377594243357,0.8151578549401519,0.7466149887731037,0.31968999011616617,0.7533061080818212,0.17705903239282927,0.3884600810844008,0.3357922871992831,1
0.5828950609159254,0.431503494953272,0.788657004920563,0.37393972571124334,0.2764158884132707,0.988873654520137,0.9416436707086278,0.0624890378026296,0.3890848736586058,0.19770728506400737,1
0.5287699839025222,0.18753166626635498,0.6393826878646872,0.7991965316312281,0.7137929717293644,0.8534652627476115,0.12306875360526048,0.8714720215022823,0.2993427495967911,0.8536015901046143,1
0.734493192193143,0.6111717262537666,0.4346831401897807,0.14163805524774842,0.050694536971977566,0.3620165973311704,0.14649514455427481,0.9874488029097379,0.7511928740784563,0.6158921645585482,0
0.9352872565956994,0.6835059468473771,0.8873078687591588,0.09094842775447032,0.8977682766590781,0.6088047809712955,0.0030197860975720303,0.8409122560864807,0.42444729765620304,0.25021393289357685,1
0.32854325205512414,0.15382400384540174,0.4339894422656051,0.06771564858939672,0.2746981398941487,0.9530515628472285,0.16718332430910454,0.4397958680110581,0.3002260416052399,0.7634824199072412,0
0.8930637107245318,0.7359910541089817,0.6304165570279623,0.16000847523146422,0.3951209089967418,0.7161417834458875,0.9492109845351133,0.7803719731604366,0.11317581179661496,0.23953354641856772,1
0.08380314897695007,0.7000897143462512,0.0982580936270564,0.391643734596974,0.44137650367005243,0.5336090438528985,0.20531701282545234,0.3665128323621797,0.049434965689056476,0.575470647080467,0
0.49386387090497597,0.25383903668440067,0.1753922654457244,0.3990137627085515,0.42196264880498136,0.8878193535716017,0.5072593793579414,0.9499951543023939,0.4366525142293318,0.8787214740165439,1
0.8270167712942257,0.9662649612558073,0.6320838330305351,0.3182843516431133,0.5873980624101237,0.35074811300345576,0.20347737766014207,0.17002105008680535,0.46219823927946024,0.03460643514419748,0
0.9295095912984406,0.4728063181350016,0.9689209427953804,0.27679070300717235,0.494525484257591,0.39499564032611634,0.870772663264619,0.2980844511742371,0.9270601716344993,0.9453038078854994,1
0.35577757470272087,0.4964415237304832,0.12021145604146266,0.654394920142775,0.09855797890903484,0.4828203114515971,0.20802939374315377,0.8194318152391665,0.002539219694402406,0.5107828447438316,0
0.1942226873637405,0.41235643564800417,0.5828579250219429,0.21354480086803196,0.29895629994753703,0.691806704605583,0.223832876913727,0.5694939732036348,0.0994656782773724,0.5457042924045594,0
0.6328987114666798,0.8557556598053865,0.21549655939590007,0.7800952537963397,0.16691297713845,0.3688578392275129,0.8678614090734773,0.6301295908926559,0.6313691888124504,0.13555801144061563,1
0.4707572710200194,0.6975487731696445,0.3495310584039759,0.13059316107433483,0.09766172859420519,0.4253596218556427,0.7159943661441703,0.7453586783740022,0.8335464444873777,0.293017019610199,0
0.349180767109909,0.5750044167561734,0.4023158932042832,0.7561617466739707,0.08500172365614078,0.30403318203916185,0.632330627137457,0.9496399489462312,0.4153782544096688,0.5087791041253206,0
0.169001194099494,0.36826402324079455,0.7564726225174857,0.12979816695384427,0.33041757255597526,0.45555342083601635,0.7534960643240342,0.9703069635138084,0.6219130951971431,0.4982124013895851,1
0.7545382001361192,0.8217343713023513,0.007923106416570014,0.4771767318743626,0.00838981071015421,0.2783550829844177,0.30231526898335037,0.9910527536277405,0.4140109582401835,0.5339025453870045,0
0.282797430342536,0.08909916326764866,0.25090556610336545,0.6289954658044001,0.9304371991609843,0.9638387984766296,0.40854701911235847,0.7806411577152078,0.39841753515130884,0.06659333208620066,0
0.6033774885923932,0.40678175857134335,0.9122152151085515,0.3096987190223828,0.755679071029818,0.2511948043680782,0.4490134486879691,0.22500113127271937,0.7167570790052009,0.5480789548563291,1
0.6247062374584769,0.16638411490378402,0.49303344574949737,0.6162145509594852,0.6182916871596135,0.6645052558011005,0.20834397248678416,0.8783114425703525,0.04591961644134168,0.0279946669154022,0
0.4791400405194757,0.517171862583986,0.5438801405441493,0.3694229902215892,0.5574490334280482,0.3779902429643458,0.6609530587451781,0.540969787502186,0.9971208015006292,0.48067478414038056,1
0.15244884439750062,0.949492857448622,0.055371128334559705,0.18156096476054995,0.6103730994308821,0.6946018370412729,0.08855545644620966,0.5801672456702447,0.7539752681228631,0.8552858826492251,0
0.9829731848267758,0.15710003830698116,0.20357893704304963,0.34125367220037883,0.2862599686497913,0.2270403663447228,0.8635634837205813,0.05645098910678659,0.28617452020176615,0.32340658821225243,0
0.994448141451239,0.0992559701401724,0.6813169704692535,0.37283116720107534,0.45559868912380175,0.7149166601381416,0.3871240157465716,0.4809099544943045,0.7591745085266665,0.5778207637153469,1
0.6519584209703471,0.2077217833781283,0.13863123467295824,0.445828350177891,0.8948724987216018,0.9870162346784984,0.74014547351259,0.8713250903359134,0.3373922349910847,0.36344897346816274,1
0.7257930993907358,0.6178844013195751,0.8140980153613891,0.859523916781469,0.34324453307814784,0.41330359884487167,0.5536666129483381,0.32127273829949654,0.8188772653024825,0.1477971331324539,1
0.5761978073618128,0.9865030872227329,0.04282403217087416,0.1324318501749694,0.1562770468411433,0.14576287707024682,0.6558083503227468,0.7689322892013056,0.7474054558904899,0.06288702010870895,0
0.07917774847416814,0.24560371000496073,0.945470567951047,0.8827695902263856,0.10165589378461315,0.7709373546575694,0.788525759990737,0.9854891275326109,0.3687694349659715,0.7286780275881222,1
0.07095410591528006,0.05565586414954493,0.10593302383686065,0.037192625344764974,0.4771250041271037,0.4256467295662002,0.028812797548974145,0.5345604593958742,0.7632925644452466,0.8220358567932616,0
0.2515802450890132,0.6848293153545575,0.5364849821281332,0.6822352617063852,0.2924264261470849,0.6112629612348868,0.9679857291430386,0.5776626465312721,0.32430136856865466,0.16194154042341946,1
0.5626228449067792,0.3161820887826803,0.7651135562624599,0.7038232625401276,0.47240031748727773,0.2691008039744266,0.4620224285461769,0.13717931334558298,0.5856390373932329,0.9980343179621611,1
0.9276804765559259,0.1371913614535285,0.17067560160548811,0.9316414498005667,0.4517931796320789,0.45019081698876195,0.2101228520567412,0.14480085935285147,0.3132991500767821,0.5318819870416883,0
0.6241969308267566,0.34570716158017434,0.23292611886700276,0.5674827542253632,0.574915056392537,0.8949031921113425,0.5287760541786181,0.8050485650796692,0.21728546215634603,0.288338112663202,1
0.9141272518324854,0.8434898881681901,0.052612174204878404,0.16912408836206316,0.6244181902591157,0.33072312764607825,0.7938258533752648,0.2994114080386593,0.13506142889697215,0.08754928628264558,0
0.30491169802146756,0.5432118992893492,0.04574907176523968,0.1907482289224376,0.9021638895111358,0.35366670465116856,0.6464347351072757,0.7874788414704132,0.45025803472510695,0.2781608778555983,0
0.13918239629461604,0.5234427194841657,0.16662765845374172,0.9883041540769218,0.9979560745095646,0.7248858241536315,0.9817214143267824,0.17893688114032325,0.47804970915252665,0.5636977706450098,1
0.17774102038463646,0.4416091701742886,0.9159047083227847,0.23998527003843395,0.10455040693713569,0.45243595250685675,0.8413175490076886,0.5273069425652737,0.41320154749741045,0.3496610571550325,0
0.6186811679022561,0.40200436910445914,0.5839111090014775,0.9890823744733122,0.9859497278228884,0.8606398812613227,0.2819427631001802,0.7253895858540529,0.1737324779509275,0.5715272466702689,1
0.1915494063015536,0.14886790816755557,0.3838549305381418,0.9057564143655183,0.7672072599604605,0.31939768068855323,0.43757093495497623,0.5777939621188958,0.9929198209113081,0.10366530168280186,0
0.22256770502822953,0.09901417285645953,0.1486702269802478,0.3648464792925108,0.5484237099908025,0.06867670802463999,0.9424185292000138,0.820598501867568,0.1656062007433884,0.1516401910621521,0
0.7130132219887599,0.0077048834584780845,0.4716628194422996,0.807054523300686,0.593831804143199,0.8861634309031307,0.874695303354302,0.626287593976494,0.25807717063025937,0.3831091916718631,1
0.6876309763484785,0.7542876989308452,0.8665041879661606,0.1607441045527006,0.8150252554089309,0.8788803319822451,0.17448582143479796,0.2673153876604799,0.1214452646589621,0.9301926191856837,1
0.7145783611403671,0.482666728797464,0.7171002136100013,0.479977265777918,0.6323335002769791,0.8462428508541678,0.45812467420547165,0.528779524567431,0.8727216353960147,0.45987170166375,1
0.901839932451237,0.5470320053481698,0.3945528636250579,0.2732292441872096,0.868797688106274,0.44282622052376464,0.18019446515803694,0.6690493859212067,0.6545295799342568,0.5306710348340576,1
0.3440934357377752,0.7519180439705839,0.6396237743052638,0.8245858899764105,0.07799172821332467,0.33318609637575247,0.7030830548084078,0.40805690530726757,0.3202383126765075,0.6798640347033125,1
0.7263322305508252,0.4258414476456778,0.38657931791650046,0.4142279663622017,0.6528786169253545,0.42245595736948305,0.5685387617695732,0.24107081590542356,0.7467668195148411,0.9574518944147485,1
0.5143336737033366,0.5273828425813937,0.09860446801280653,0.058685646307071515,0.9392013717218965,0.8841141588447239,0.6571502617183227,0.11223095095287561,0.37774124491458894,0.9379816167207234,1
0.3764375439597488,0.9578018334123243,0.2091488007653931,0.9925123621465589,0.6335103332445224,0.5446656167066528,0.32084503725995916,0.4425075999452095,0.7216015970691697,0.40516413687660824,1
0.43531896790573144,0.009708463812137302,0.8589377421520936,0.04891779608058966,0.9664687232647311,0.2674556013791548,0.8937843460868768,0.7148776425712199,0.9580118987529229,0.43032174606193907,1
0.9693349916271073,0.48839703931467326,0.9096872891946611,0.8004935202658915,0.4666498190721733,0.09738942034803544,0.34550467082304326,0.2904905989817458,0.0734188045187425,0.6531221039566135,1
0.6653607828894834,0.8334277752032412,0.8627145761479297,0.09873642193711885,0.5462148171015323,0.9134911338796502,0.15492167578010807,0.5663876221917016,0.899641605977386,0.0474481605204623,1
0.8154142968039996,0.28186524385820744,0.8623679393974767,0.7096933255938833,0.8997626132465413,0.20162873905837575,0.04001544563326265,0.5900383740843625,0.8284291098420814,0.574227856149349,1
0.7677510803376192,0.23856532148316945,0.3669589270500939,0.5569486693961008,0.877368050216289,0.5943673226905088,0.3534356868783123,0.8271203128238971,0.05435384275363453,0.1930198802415083,0
0.7589563307193072,0.9528430837592983,0.7418440740447576,0.833955894999848,0.7342275385728574,0.8011761162694581,0.45082168629527397,0.62216546331597,0.9643551915214751,0.4732109722652258,1
0.9684264438238305,0.9963407275378597,0.6108116439873479,0.5891229233971471,0.2385393734923239,0.4641004871662857,0.9651601007773031,0.4530807162278412,0.7761632132114148,0.36046695535487405,1
0.46794691051586135,0.4835230821895271,0.8368378151875102,0.673656337482285,0.5977828833080643,0.3007717265187826,0.2670772366888251,0.14789455569816023,0.1693251234453237,0.07829320728975098,0
0.8288444731788542,0.7142952916131825,0.1719409047221062,0.10285830333711377,0.14008355673961226,0.11003766772575052,0.024585246344896783,0.9977012390931992,0.9924354742600481,0.9351722484647175,1
0.8845058522496687,0.10463621876630558,0.04574890119250752,0.5435471683090162,0.032423387813237725,0.3978170501128052,0.6228017807454035,0.174223050210635,0.7589324036836106,0.48394066603005437,0
0.8608391106897915,0.5124928410623778,0.9652579899668707,0.6140104183947022,0.056354518135981024,0.9697080389546756,0.8951170293092005,0.03519322794486113,0.7962926658917163,0.8197562535517879,1
0.5772693201275277,0.8263408982345202,0.8230404665401664,0.4921575429205768,0.9149811657858985,0.1470061909170196,0.7200267697165105,0.3105642805196466,0.7992174156521956,0.6007112734806204,1
0.9876058164150967,0.6099499742640865,0.6708116631200655,0.9899392733737864,0.09114531404378023,0.8666087204585299,0.659823399957106,0.7263130119450303,0.044851424213729785,0.24304419238166197,1
0.7495899497128934,0.3579259498793078,0.8378399728557127,0.9697144907994036,0.3964722498427501,0.8990823106067475,0.9206494285464654,0.40357806288473563,0.5335391260477195,0.40846568101466096,1
0.2563727131708594,0.0036207346870316126,0.049541676642134935,0.8002354284922076,0.1679423079457042,0.5764558592252302,0.21611193415487284,0.054586571059518696,0.5375746048516544,0.8697769714283363,0
0.44391300083061236,0.5510757175114767,0.385838591550303,0.08771470166807127,0.3636132101600993,0.28214222790517907,0.3683467732143145,0.746594683554616,0.2083508445304616,0.13490790221361337,0
0.41474757740907764,0.5437204568456974,0.3919298995278935,0.08169783920108886,0.6640436931787793,0.8644469464703793,0.7465566049924924,0.9344330746526007,0.6039579081040023,0.09520250514147233,1
0.7099373216096764,0.463870968600006,0.8639109146218095,0.05586429981825769,0.8840220825518913,0.9035382697698574,0.6931770935889041,0.5856090202468759,0.8624038568575946,0.8184684816954622,1
0.9219587218160802,0.5752012352459568,0.8303524125314361,0.406241934417644,0.5167969638625248,0.3791977493626414,0.7253029442498988,0.41874217536194036,0.42276477920136235,0.22884655917985608,1
0.11207806129547992,0.540603690643273,0.348541851900532,0.20471593758057283,0.029721741061470297,0.44799479777585716,0.3413311842964357,0.2999645799929713,0.4053635353708309,0.8351880339377794,0
0.3305020995163346,0.2288850616978948,0.26293242029385777,0.7972796656593161,0.5023598135823472,0.6728686674869596,0.6538846911043227,0.28332780766146526,0.1348353831837803,0.3637751217877575,0
0.28957577305787285,0.07034793641373172,0.04027100806338724,0.7427183158511533,0.22241340398938447,0.8164137500642977,0.7469248822640661,0.42364216789651943,0.23462624211070116,0.12135631185548867,0
0.6312666544993024,0.10813163780799961,0.3918225551172042,0.34192917836652226,0.38458155451404985,0.2766206240082183,0.08769401402912569,0.5729539473479214,0.9577643493524325,0.6121763380542157,0
0.224096656827389,0.41564441505375227,0.3285370519909733,0.5036895908598654,0.750333169781399,0.8013155735596732,0.26365249295849136,0.22989616831317772,0.970130804502092,0.999213239092485,1
0.7853568014000429,0.5461809613412251,0.12992233443911816,0.19098231130094434,0.6568763920931419,0.8248251431505406,0.07925340614879728,0.15102291221830955,0.5093464748812333,0.15876221254008382,0
0.8847464239916067,0.8075014982277636,0.30104234224170656,0.44411087546640426,0.4314727120951616,0.5054042132409095,0.7991270210638021,0.3613631795966341,0.19306365021827554,0.44783079703260276,1
0.27396024995175716,0.0637437861423743,0.719352991529248,0.3551767829803202,0.22506103090460194,0.3055523975467872,0.14761254990464145,0.04157423857775444,0.509371459891897,0.9285946388898771,0
0.40742550266618927,0.8214550755470061,0.1087755133932009,0.11974538146331426,0.9143500684274656,0.7326040401755762,0.8847175886237172,0.722986471401841,0.727196715927867,0.49309609019788914,1
0.45121284572871045,0.6461539649004134,0.20621145062954715,0.08994910328704409,0.6016385646252888,0.49831397795642673,0.4894245994192217,0.20414528481566885,0.013310541339022985,0.6953110536853345,0
0.22012480416359226,0.7126893327935548,0.5584525734003902,0.44289653057292977,0.8300642042602696,0.4583031144805746,0.33559442916757154,0.5472819434446793,0.3734151880328337,0.8535509516233749,1
0.5081708140436704,0.2960173599773078,0.10905245774443262,0.317819849899843,0.025690553211129008,0.6205218254697562,0.05374289060407855,0.4595409588763065,0.1404975869289169,0.006308589951190324,0
0.3250216735784025,0.7652132923419585,0.12278476261394533,0.4808521358597192,0.5110522641529844,0.9785046106764033,0.12349247339738012,0.647815387175816,0.18816753947654785,0.45396228812598227,0
0.28431432450183314,0.8539411028613507,0.28126617598001913,0.5789728560417764,0.15723591244914847,0.1237740754134572,0.26107098503168835,0.8403885768412479,0.7044215069864851,0.18903608494369983,0
0.1514016102881699,0.4300381659551833,0.40001473394364007,0.6126794573763684,0.7371716641491928,0.7630547166347132,0.7166947197653002,0.31227177848349985,0.031920950372589796,0.22061136477536425,0
0.19965821528151917,0.0773699863756192,0.0016026695293190896,0.6740341520897666,0.9504943045744663,0.8485471283654843,0.3954304715910947,0.44749061060036643,0.9537443160150723,0.6532415475685642,1
0.6050768939936911,0.7154951089875368,0.7112802995842231,0.39942033409572764,0.035155663447089314,0.9183716308208753,0.5681825524751415,0.8133192532387074,0.8892399733751338,0.8068246721051701,1
0.4895735659051388,0.389489468034973,0.9988905911694391,0.1120924644065493,0.43905650904596016,0.2437862811590461,0.7755714223947017,0.18546622638864663,0.0814859834756102,0.8623961532710611,0
0.05152460428183958,0.40000066308791027,0.2641565873036317,0.09194238555197232,0.9925871339533661,0.6473961120563672,0.607442308694676,0.06204750336065512,0.23787327386507007,0.8299651756740644,0
0.7153386002261642,0.9754810647173388,0.35293172328781086,0.07343412295015417,0.6613820031977371,0.7506946636708911,0.20594354599919606,0.6844116298592687,0.8845537664603562,0.938165868429386,1
0.31129741230263663,0.062450296641073155,0.6975139026586579,0.3696454233622197,0.6072412248902843,0.46585700964784116,0.5654407025279603,0.835411913234417,0.5872996064727141,0.26317949131506013,0
0.8763749180036287,0.8694492751955409,0.9821052713580561,0.21133223770225562,0.37259450923444826,0.7747166920731641,0.3846109101641122,0.18957025287199591,0.7314920747843923,0.38577384895357614,1
0.5261906974179698,0.14434885680977483,0.9136525571671288,0.6833383255218626,0.4623615097000382,0.37363878789809013,0.11380583489365736,0.6057602092240055,0.21419510051366464,0.9124277233536213,0
0.29005533819917595,0.9160209188709707,0.6337634618428732,0.733318451649592,0.7050629997036286,0.24927447294418148,0.45865793052363457,0.5088208698841312,0.5012819064247006,0.2666105419832412,1
0.49634288374479874,0.4186944104143343,0.3979426888217127,0.8200424693631924,0.8345928713933257,0.20480436134563373,0.31102314580251245,0.63110826999104,0.29860197684282386,0.11957176905831413,0
0.8024468211844904,0.72939527547837,0.5629418408106227,0.5330720929690941,0.17577137070667603,0.3346891443563116,0.5038817858994762,0.40296657850279516,0.450442084640428,0.9078409421036789,1
0.28025690896963984,0.1330672196221595,0.642767511104325,0.16979606311331785,0.5456109432284657,0.16486226999827247,0.838753901461261,0.08199478999832954,0.49559923322946986,0.483714810942785,0
0.977457165037102,0.0832823279974656,0.0311887404445631,0.6990025932816232,0.3764821659974785,0.30341747245728634,0.7063311840719324,0.5808840018303426,0.14646131992928868,0.5133835378240127,0
0.05887284588568231,0.7192349533469218,0.4871672261293527,0.8507704516737042,0.5152154091577172,0.08613391702899253,0.47050934271387945,0.5224509175253622,0.19307401623249643,0.3046280240673307,0
0.25528442038695953,0.4393102449069547,0.4182347851329691,0.2409829435408316,0.3377096703738778,0.6595950124757319,0.2074911539574329,0.2247052009211472,0.15126676207340073,0.6863578451120262,0
0.7006095627300372,0.7513221414734994,0.3775993449005316,0.8954239455105988,0.5567282283094388,0.9602118359987887,0.7133750991823653,0.4104059810141538,0.33144760776003446,0.7355728313685801,1
0.12953363124431527,0.6031314284638672,0.985393141382119,0.3844707378622818,0.5173490939555805,0.5137288860957148,0.04062129033669426,0.5304862661577879,0.738029137925305,0.7302414279437921,1
0.24606063159721847,0.4373657876123246,0.5866194555753427,0.61279983418991,0.5305982943086235,0.18648960333101305,0.8694653363786765,0.14966238364225581,0.005315427243390736,0.32965922596921815,0
0.9535643094333923,0.9982970883312713,0.9786238817126922,0.3715978069634175,0.33241696757937356,0.4524785777172794,0.12290262166163757,0.5101776924113895,0.1484352875314089,0.4251728233403348,1
0.3580842109860537,0.5432491642102817,0.6239148286598335,0.8989636106933874,0.1721922958659936,0.49991799852918817,0.22680320402916854,0.10121546154316097,0.3862500997272512,0.37100613470027466,0
0.5669155590402727,0.15389613325272233,0.9971604625069824,0.33973217875964534,0.1877888405339312,0.40260480953337996,0.46332248409275234,0.9215530572455838,0.08539031272851039,0.3806880995599501,0
0.3428101545873655,0.41031743246520547,0.31566208710881727,0.8305752232385077,0.16405678852767858,0.9599265674266053,0.5121268633251894,0.4368021171564245,0.02624803456571345,0.6597624220725609,0
0.3655287287444968,0.41450741515539224,0.5029576685155203,0.6998591701534234,0.7118712811217031,0.1683251599639103,0.520900498869136,0.057947968450466125,0.646624255487749,0.10032857975964748,0
0.7714691704106823,0.05578353109572354,0.18716920508586488,0.7268509919443059,0.9823429519772358,0.5430427145532296,0.6369864196781483,0.15941307039725472,0.33182626313031294,0.664911982234041,1
0.4016115254927818,0.28718549540437144,0.6407889267734325,0.8274312799087304,0.20746082032698432,0.45981722463345953,0.32321855265067834,0.06133867557519457,0.3048887292080751,0.8978623446728936,0
0.1477641368478062,0.6654163957550273,0.4768781656722977,0.8163676971275863,0.7989038037269156,0.36615323185345106,0.3524698288937156,0.3688224688081646,0.9786836814080682,0.7476617960462901,1
0.35553306607959234,0.21720907266022982,0.2928243453622005,0.9258781114019159,0.5048145089165754,0.9913768990451884,0.4224301447266734,0.2983427319722959,0.15369859509965433,0.4795931820252596,0
0.5156700901652269,0.322042346803179,0.9366210279982805,0.0006025815426228265,0.541682433874751,0.7018772383200537,0.294957956996847,0.9903208704308227,0.12611688828856582,0.02284642542132098,0
0.21691519771348422,0.41703012352183266,0.08150939294452397,0.9052454978959581,0.25031549300282707,0.9417880217124184,0.28968179112889303,0.9985123797324881,0.8960508226193846,0.7341822563076803,1
0.4601597001738832,0.46489410473305937,0.40189075806670915,0.9531437252240812,0.6536662322268895,0.273994433613294,0.9426028101786972,0.5161689462976873,0.5071075114359264,0.3584132965778397,1
0.03731182519789267,0.9741327486861009,0.5040462097689755,0.21829892202721468,0.9709886222608652,0.32612646355108366,0.4644596558537287,0.2029067854176525,0.3941766147585146,0.05410068998937667,0
0.36798219455040404,0.6900132435029411,0.012422012053297293,0.358760485689661,0.8350078634527017,0.5615557038399827,0.9122568493395032,0.013113025530831934,0.10190793815008847,0.4406977737889137,0
0.9640837855360781,0.7410332166527172,0.8981298359153014,0.48827255674149483,0.44104044326554237,0.6195461369315147,0.590568425440311,0.6721217522085545,0.2952767200019649,0.2238068968693745,1
0.15105229085775207,0.8601833200214427,0.5170357461771593,0.756828748824544,0.12630275310982342,0.039442748415428164,0.9904264416991805,0.2687894788242783,0.7315161170208438,0.6656948650588228,1
0.9020343427811222,0.04246841440768134,0.09380994267177889,0.49020443245999346,0.46504290276334936,0.4213645201452775,0.49644216023175247,0.8821608454934747,0.21544978786555702,0.6185754690586601,0
0.4065648697096622,0.03398246393328952,0.954526502329356,0.07641479192822642,0.5394937599626662,0.6521959632401219,0.38179498026189007,0.1249785708120682,0.8920937654265443,0.19688619566649523,0
0.9261258383154882,0.39393835774552577,0.24018626122181053,0.06796373516278542,0.5427530887148972,0.2156348980657764,0.5029459732555412,0.5846645611712331,0.3825750684980346,0.9887472363113224,0
0.09979302364961928,0.46788713356280176,0.7944891763722367,0.7730665018901283,0.9209546793182969,0.8358123857867673,0.44043181758484284,0.4467007412026338,0.24259294901090522,0.22445571899923455,1
0.48266717124163183,0.8411162635751869,0.37704082093186353,0.9671435680195044,0.3844067442213914,0.4601976219264168,0.3121188891997918,0.8189678794192006,0.40144071854536956,0.6732249931594394,1
0.01871051638047172,0.5859109285254326,0.12191592599353074,0.08054447649827734,0.5733054247421002,0.8969134292616727,0.1264218369115142,0.8886052715562227,0.8151970631483423,0.079542468992292,0
0.7802305781266643,0.4249234612700029,0.34811501572565584,0.7568047490072616,0.6212786616537342,0.4374892325547689,0.9121443199376441,0.3290099297009538,0.7449758073221283,0.8060646760225395,1
0.2755185550075048,0.45750139338185347,0.4218128422379648,0.19422676563019348,0.12538041767131025,0.7152611315609844,0.7456490789249787,0.9331018771785051,0.6857784100030393,0.40937255722960597,0
0.9909340627628003,0.05066408989240756,0.7431755785596043,0.7045801027028488,0.8895779223386205,0.0006367698272885525,0.18868764847330455,0.6623457367481197,0.44585092723351716,0.44592689610504355,1
0.8417864425214736,0.4589643779318714,0.04742626966292629,0.10230268746610305,0.4795990481461546,0.8403633116239032,0.6773894212340885,0.7027534596777122,0.3279200317191757,0.33840192091413146,0
0.04893185363158803,0.6706332595490517,0.07977354920823077,0.36064803146062263,0.35592782930763867,0.5969989259977133,0.8793289026131106,0.10030561677583916,0.4164340290296509,0.7571121815327505,0
0.7045346710494944,0.1056583417673791,0.8114193683889661,0.7991364878496079,0.09620618737003395,0.47252731513518764,0.12012705932943724,0.8030626956952117,0.31804720612719584,0.18009265770406202,0
0.5290174666543828,0.6403365945226656,0.09383671980697239,0.6024489910195178,0.8668348899954929,0.5634273071092336,0.98460990624052,0.30883659059533686,0.6224642342859835,0.35214321807073656,1
0.6687466051806297,0.7371534980592819,0.8306207668671771,0.567795251078215,0.14600371792304578,0.7630052216042328,0.679616224172817,0.12626101245076748,0.2965653956263662,0.30933333346864866,1
0.0110213866910146,0.4872968755184065,0.18766030947899048,0.1954472516538701,0.33309921629513406,0.7571852989922983,0.478535137645401,0.9288631945269212,0.45029118885332076,0.9206359812593718,0
0.9123308123531806,0.7479345615986873,0.02968683719471521,0.2112314619281892,0.8386854535366,0.6928540700556637,0.12447237918474918,0.6980316376862274,0.10562683455436306,0.37285796614962796,0
0.4539499529783507,0.6373847951165623,0.8689644452687961,0.66639836053691,0.7961086605994087,0.5305761278293044,0.9181609708219242,0.726582164033602,0.455513222819917,0.15938253382900602,1
0.8969407939417849,0.3951513925815886,0.4660992233868364,0.43051189027979786,0.808211768610477,0.4226377577012922,0.7549626030290295,0.8140235016825556,0.08545323528064341,0.8390976202017975,1
0.5577877267706504,0.5535849100752763,0.8987623792093983,0.8165270617802978,0.6161657537171226,0.5005174237206997,0.2293732217951593,0.19641880605298434,0.2994813087653292,0.4339850851600583,1
0.9254543782676612,0.31746564032948243,0.003088131915233494,0.016559117441535043,0.24228523625054943,0.6250711796210637,0.10031636358409979,0.2079579818592936,0.23030238892301336,0.4605014740350484,0
0.1576491116745854,0.1632466892515998,0.4547678068211043,0.3811763655162618,0.5337673326111931,0.42443594040187793,0.9771323257907677,0.7256055165172541,0.7850485272038948,0.2004483197824296,0
0.5846007674795296,0.23280343729783703,0.16864681821035432,0.3629691040668874,0.7734647211994394,0.18957884212618814,0.6379583918201845,0.31773698765588,0.8788960911354856,0.9396518302367688,1
0.8460598921885862,0.44985347284716204,0.6551040393987303,0.8612504701000792,0.6386425481215063,0.7721080841261877,0.35315305163874966,0.8515131159673051,0.3683894497948317,0.705637793627004,1
0.39530525311409037,0.33175325066326566,0.6685655227643283,0.1908196084793401,0.23816787640657844,0.09055343160268425,0.44624143671230254,0.7258727247200222,0.29415959118549195,0.2582263442465894,0
0.38396192919018257,0.4695342488161254,0.2723070989706792,0.9680592674973378,0.3873632282634414,0.6904825094823103,0.9847777107115668,0.8066318471321662,0.5150890701906449,0.662016707191705,1
0.16409026382350522,0.14347248067924878,0.7876813379830008,0.2245646957344487,0.8651702802895261,0.7738521152712791,0.8251128556541918,0.9607617789135876,0.351679129173879,0.9785573558279043,1
0.9191153025267885,0.4907218522867537,0.7529976804573683,0.9745773461837476,0.45439309534384364,0.023946206668378767,0.8268925529562792,0.7566834463422203,0.548042343303917,0.17416561069873215,1
0.22518764517097056,0.4918676981021882,0.8062907860533299,0.5182978100103441,0.7068062606465484,0.07164802505320811,0.2124273743568923,0.29934308471430005,0.8324423284225505,0.1439770498700872,0
0.7944553170570121,0.15905313415000366,0.6392654919298651,0.8834104321804465,0.0602627623098313,0.8642618246350431,0.2749458150055789,0.7009206708246584,0.5297461299775644,0.028121505021524218,0
0.6141139730907038,0.515299830294712,0.50519639952158,0.9894909137730821,0.9669148484407206,0.03054478144038053,0.5313012520793241,0.41873256882570487,0.29392255061373795,0.18963496207380826,1
0.7485620471717367,0.5635162806108699,0.6923574891377579,0.2449122762346757,0.8163180250468516,0.9213125448682097,0.6093940829915436,0.3183855177041516,0.4064821504035505,0.4917491912836246,1
0.16445319833665495,0.45550659824529394,0.523588834477852,0.14704357307541716,0.6343598391547008,0.1979136609015688,0.2546115754384891,0.9929772320372678,0.9202069194734569,0.14832502311154672,0
0.597167013485919,0.4237373292383355,0.47242433646309945,0.6519390947326481,0.9495531199092444,0.5628894031795171,0.7860115943121924,0.002984094956493877,0.09722625020354336,0.0007809495821404777,0
0.7708740232347358,0.3512973661639843,0.37829125037478406,0.37270145332692284,0.1627235808846641,0.5382314974031819,0.19134013559859464,0.39158752841617195,0.580796971071928,0.580212205740844,0
0.6339928414590249,0.9357267970866033,0.16642250260609037,0.6544006289113294,0.19246638202774236,0.209291002501377,0.9948426529721155,0.6570081760504446,0.9843249910231856,0.4223526909454324,1
0.24182653312196745,0.643655937143031,0.7889873437047408,0.1464278825262587,0.30505605104776634,0.3648261852665494,0.7254098480906505,0.804263252274357,0.6319568019136884,0.07775451571215408,0
0.6423931113046786,0.729183445012298,0.9094306584093345,0.5566004628541334,0.7101491835158378,0.46254647808673155,0.8172974613899702,0.9310900895079293,0.5342920957852803,0.9190103244654483,1
0.9143366444684383,0.7870197100590555,0.8066832406887892,0.2258845542645248,0.028388743713977482,0.8339654092046808,0.8530519969245425,0.49916245324241926,0.25481479065500334,0.9806539936758085,1
0.5593488123479207,0.8856400421410414,0.6957244713500287,0.9290243090098991,0.571832269831765,0.516495957609839,0.6950399050838163,0.942897594633569,0.09200052967213868,0.8887999463660902,1
0.9185589970598533,0.9376796615212364,0.82230489113556,0.5926660674192759,0.5260427590322554,0.09331697976407172,0.020659478054127267,0.9661855326843526,0.719788124983251,0.8024141346625373,1
0.5442246045997507,0.426558125878692,0.6762871063188202,0.8649766030218791,0.350087239857207,0.7397041496364916,0.8230505009346276,0.09201992782739477,0.06264708397202479,0.5934766901097547,1
0.5994650203179366,0.2482437860620299,0.08897540412326133,0.11373113448135586,0.9346860436145413,0.7799583265174652,0.8626939129331259,0.13699975080487925,0.16399185523343573,0.8652740971623917,0
0.5217746846186077,0.22995653461060606,0.6545064958601814,0.503672415033113,0.48136186527208646,0.02195387823323791,0.5460055614386844,0.6672786552144081,0.7317528428847112,0.9137659175923887,1
0.9921607247156632,0.6261389781493827,0.29188204469307766,0.3376410044153084,0.6714807479288687,0.5996427198525468,0.8539474159741114,0.032656195700234814,0.46980826313927027,0.6353285659784572,1
0.9029308994301382,0.41294235925064615,0.6587967116495523,0.7183058876373344,0.1555837743789259,0.4168332044504942,0.45336971785489355,0.2808060992397815,0.729435902445721,0.3967823488198845,1
0.12507449200487408,0.481718469264133,0.34884761427905886,0.023949029377861364,0.38080199568236284,0.739319669581427,0.9217866966656532,0.010591708849043702,0.016878188655550574,0.0837932177465962,0
0.580318067545231,0.5737941799313457,0.9197083065014265,0.21359268425201228,0.5592235411833223,0.663084154884028,0.3793917300545071,0.6919472513017475,0.2901324250163325,0.4743579106671797,1
0.2611551871227311,0.6521752815684102,0.3712629259143495,0.6595150569817655,0.9211720587869798,0.13809412159293,0.020390291103834057,0.1611087653401233,0.4482750921073858,0.39280258497204834,0
0.7318708364465618,0.5038731327133955,0.5927308112561057,0.23412582257198722,0.311957753712769,0.6261852250679151,0.4713735016296349,0.19926644728674658,0.49130991822144476,0.23700385778121635,0
0.5843257177122991,0.5942497199859004,0.500820198183749,0.7421213017195942,0.07914119070397962,0.8348864605420241,0.9400064097213456,0.5249400107205315,0.1396583501769546,0.7495788768792194,1
0.9259742611283525,0.8044208351452039,0.7836331501344538,0.02848009889607872,0.514886356147175,0.0907350429350422,0.7904613726967389,0.22633869927503403,0.040254934348237126,0.44989985249177333,0
0.8322528266159902,0.04618284713143461,0.05633385764130483,0.8690474907038738,0.08456559464961955,0.5762513411242676,0.8257940464412536,0.7990302989040946,0.2894661308298394,0.5177638169204843,0
0.5350892852151405,0.6845437607700658,0.9360210384249706,0.24200656310297852,0.9645617642706886,0.7805676389153298,0.1618964697003954,0.5891013070719938,0.9233804139545054,0.08383862236492268,1
0.09752541675395032,0.37538699335781645,0.9703160720949079,0.008481044451317254,0.897895735225137,0.5801770925308147,0.4756431830271215,0.9406628160332916,0.26445037318783193,0.35193807996635973,0
0.469610844965758,0.7791128542598589,0.7006634931041779,0.6828771101006108,0.7475780989035435,0.7091871716266137,0.24587241609552946,0.1824595871541682,0.671520924727458,0.19331864394876463,1
0.07181646007470321,0.9405479498486958,0.5782380499256243,0.5886211631611202,0.8035835246352175,0.321797325399076,0.3458022898508143,0.2548360779567366,0.426541247843646,0.2694075386919397,0
0.7283337585901785,0.7987507345046428,0.6582836318921625,0.31258928882609127,0.6659950300063128,0.09646242295074825,0.19618455818553193,0.942953316904486,0.6431893104547651,0.9873046312598248,1
0.8590697708637721,0.13062370385805677,0.3011604767440581,0.6557967224802528,0.6036362316747481,0.8492920604712342,0.49336798503360635,0.5656443003662187,0.31465190666523213,0.9412657579786139,1
0.6162910479520056,0.47974420545784324,0.620131454049176,0.36651329612427686,0.7869911580560104,0.7497670131015964,0.5228507525064114,0.12140823982246196,0.07456950189519151,0.9041532691449334,1
0.30420704914013985,0.05828116287881646,0.9049594914547976,0.0838090777777859,0.53191530565971,0.4470240637571622,0.7503922123668799,0.2799385436430796,0.8533713916879345,0.43111154576948274,0
0.3813826198379501,0.7944106194299346,0.7515130239744529,0.6260695074035703,0.5869442515530268,0.13198722762057646,0.5675875323951374,0.15015487406010786,0.7079731903846579,0.31813222514629236,1
0.9628755996526132,0.3305731657049369,0.17026743019632307,0.7369945270645617,0.08420448450286777,0.051655293924750434,0.006979477108023491,0.0205392350211846,0.7042458957421689,0.09819141092677941,0
0.10169706592156924,0.2688855067880025,0.8590095790530258,0.2596176793998495,0.869787866252385,0.9248153173166141,0.9334580466190892,0.8516886969340874,0.7118022538184248,0.33695448717155485,1
0.7958275531406038,0.23064283281975595,0.6141204356105483,0.7973149461590282,0.28206413121860774,0.19576703090233905,0.31459879760558707,0.8781670379953942,0.236208017505809,0.45844449558475175,0
0.6580224941070815,0.5315326572844437,0.08197644990460584,0.6799069852564179,0.1549522454788821,0.48295117450806835,0.9597938104389228,0.7189396547544612,0.3378347220841029,0.18687888707847577,0
0.9529352265530909,0.6655448780023163,0.7328157824641971,0.7853750865524589,0.29449820797901605,0.058570446948457144,0.88713810356748,0.2290869149301309,0.8510098633160404,0.549520618564753,1
0.8152082030034761,0.45726675264892225,0.9270335862041214,0.9548917468931998,0.14513982691193839,0.45468809744151806,0.8274548704356908,0.783737165680566,0.1429159454712432,0.12820569221114408,1
0.07641561493879134,0.21591540492987493,0.9379029417450433,0.10998950041336308,0.4114131962191082,0.3151246388583786,0.7877239522510776,0.2617869220816096,0.51930285680872,0.5050297955502993,0
0.642056053644898,0.27633350910406074,0.8639737664385284,0.8671093934619983,0.3016374531099263,0.6521342212599225,0.31687292387049937,0.7047029488333632,0.1221849007327902,0.006763372927540923,0
0.909073707068555,0.753576597100306,0.8994694220329693,0.9845683310838205,0.8034253451819581,0.7230807482082298,0.9528509543104176,0.8504002327297918,0.8852757286984657,0.6372148526388246,1
0.225287919481577,0.25622362580606517,0.5764039606980867,0.5959782107684942,0.3927490284705031,0.5332440154091467,0.8808100378168269,0.5647734292226579,0.8673955046056366,0.3398767962286562,1
0.6835110411352996,0.5597279032524279,0.6753687920959257,0.9098361247170693,0.3393382134281824,0.2762447924463931,0.9941991536970715,0.08759513302008559,0.5115275806273327,0.9828694677649888,1
0.027175097889103106,0.5749131875252387,0.15313008905236458,0.6491303357554862,0.8163728186498463,0.2474627771623249,0.8047011648833539,0.6898376514318221,0.7353813641970789,0.06665353872424362,0
0.2855417000814414,0.8764512930699226,0.18576768476864414,0.4041596607610598,0.8926195096264327,0.1627768537447256,0.17284350766934475,0.693473177211146,0.9243727561333739,0.35905582307376094,0
0.3709632326017347,0.9435659447536905,0.15035439133235462,0.9517871892721637,0.3818513228595606,0.4311273939627266,0.9768666729509758,0.38546472529121656,0.5030623791092265,0.430849635843754,1
0.8838913580970902,0.27203758955867774,0.814443587768499,0.8492968698013357,0.9340938680905997,0.5722056564995983,0.48799463835671997,0.414779346771737,0.7806921823253893,0.27791403841438733,1
0.06430815726202255,0.05881429764717372,0.5280641438966306,0.5410951021446807,0.7306405014879298,0.509984266412672,0.973824774004987,0.6165338092124304,0.8388571069390076,0.7717206944108256,1
0.4068647663493363,0.9177363775677599,0.32984315711924805,0.3200956004083464,0.7709083330424652,0.0813907817572429,0.8734587857692319,0.2617622496922416,0.47612943147978926,0.07671163986649154,0
0.7398709911937776,0.7646777453096864,0.7907948752356785,0.17711527041464836,0.790956497625987,0.6640046057180631,0.47796919513504044,0.0036243954529305844,0.3775361089149123,0.6519387644278285,1
0.4146512515904086,0.6337058720028479,0.6293856912337141,0.951281446564938,0.9492035188480107,0.6411030787068941,0.8328845388976781,0.4279385037397546,0.932458012642311,0.23474689309922114,1
0.5646273942635611,0.11671848948478902,0.9132910795151651,0.571715508820023,0.7210158850977558,0.765913529377565,0.11233939592187803,0.6032108536186954,0.2590122778400382,0.8114694742550216,1
0.2000831099312036,0.3655145412366786,0.7988641872119049,0.09708147340465789,0.35297878693102647,0.5465547579828419,0.07454970178242892,0.8652064252347031,0.7165497748322522,0.24791881146741657,0
0.47549646430183423,0.024161016551705328,0.4189210355640135,0.6309472080045365,0.5886281785189329,0.8362178853407034,0.8304797625685484,0.2506086430226756,0.17015280370190622,0.45306819187151337,0
0.2989178066556679,0.09463102140015578,0.3398024542194915,0.3562258769318948,0.5791429824632905,0.5718221231305376,0.4352450086965036,0.5087530326012716,0.27586294303070713,0.7810263381084984,0
0.6369800582480855,0.9357614972985334,0.36682954514701827,0.6349541345638178,0.656940846240115,0.01649081600804736,0.4186544281385216,0.45224443733964925,0.48360454460126445,0.46974834383669717,1
0.5446396389980129,0.03022368349198623,0.9101496555801224,0.6574244635018214,0.32010078112858653,0.056943644338597665,0.593070547561238,0.6375959899799255,0.17499929861189567,0.30181459296773927,0
0.26455313601431185,0.09339959546685228,0.5120459299525735,0.30178858864856084,0.6257529305930583,0.9445096042703754,0.5423599334073219,0.7932123404695692,0.8889787802450121,0.22406697759716976,1
0.9727776714417286,0.2844979592237641,0.771650541894583,0.6442753054966702,0.814184019034169,0.4633155474096279,0.3344669022560792,0.2622008355403752,0.8517067347247168,0.0273514335274625,1
0.8479507736833514,0.28662161536543296,0.7773117445475666,0.6416539585277734,0.7321807992818795,0.1515260436324135,0.22840435494784517,0.3859836542572366,0.2657236804810639,0.5534678058865989,0
0.671036266385666,0.9890777629846852,0.6008047224986329,0.8771434419635714,0.9645184620435898,0.16664425106631586,0.5198348628108613,0.24515899075000736,0.8684834906275667,0.49341098872359246,1
0.3492610266111348,0.5729550545417614,0.3638899460968896,0.9775905353278336,0.5120263159686904,0.31038090520077743,0.5756715510732792,0.4843965271102093,0.015519312247919137,0.3507486901077538,0
0.06027079104376454,0.6765198702072817,0.7310133115790152,0.6332937169057792,0.6485421883338606,0.5795450293729794,0.04241155107889372,0.13807410503088335,0.5918276165863409,0.1499940843781833,0
0.2565361387414864,0.10254806161378216,0.09786227195577857,0.791697173297243,0.3941969075495082,0.7417181103424925,0.281437999416456,0.06961437601200504,0.058366644575450266,0.4965324634412248,0
0.8690139424808545,0.5470971331192488,0.24799470145058766,0.3452079945746236,0.38347779245022107,0.6060463655717455,0.3426477002796223,0.3886364053746799,0.4964548449327376,0.28430625071685167,0
0.373887767821668,0.4891113763477978,0.4005827495751788,0.4141327302262833,0.5022519499335776,0.3862488419707948,0.9898080716021616,0.34889287143835734,0.5815453603205504,0.445679255330492,0
0.5990145043373976,0.27472867298893167,0.49163411521555567,0.9480523311238745,0.9259691939483404,0.914841960947471,0.8717736754205236,0.8913906500226215,0.5597028401317715,0.4793479391065988,1
0.7544541969407251,0.7568688802272977,0.22712785991019457,0.32597668085560716,0.7311330838462214,0.5899516229883677,0.5270324997193024,0.6257913604984952,0.623749532257449,0.9556442389737719,1
0.5406027610645967,0.08341832582263298,0.862837440263633,0.10705692438811931,0.37016910200316966,0.7808951020539064,0.3495782508660281,0.5196794061597615,0.33708277938042264,0.3305688610021065,0
0.5258451857882568,0.7109586092723589,0.42386703625488686,0.8660764140321121,0.8263722641188275,0.5681097323965966,0.968291205855482,0.9179540220939885,0.47343426868025906,0.707198396890779,1
0.9321023571735676,0.2601422499443846,0.18778458328519254,0.7164378707404412,0.8476362750397726,0.5439826537438652,0.3899955218045089,0.9712053932182638,0.968016776011497,0.06071841778680964,1
0.7082199208349803,0.9392587039243767,0.8911272100452314,0.49537420911661567,0.14644271567515266,0.9232383753607452,0.18701789659236978,0.9539309384253294,0.18000082944648244,0.7993473320304526,1
0.5023267704828712,0.6687502830718425,0.0227170932758467,0.6672280433676911,0.050860973530544196,0.2052770448847855,0.0792192705333572,0.10266805992038841,0.48499739594112556,0.14644509729860644,0
0.2807613269395821,0.6145177450890505,0.9992384226323565,0.07664239398568828,0.961005181919563,0.4060995618488482,0.15531983599531807,0.2549946739142126,0.5389671047443012,0.4894648693442659,0
0.9442940376311407,0.08318701835969133,0.8377140933987592,0.6267944947207049,0.8075050314327952,0.5162140924011209,0.776984341299804,0.8307255634424192,0.444462677003712,0.2438523505690421,1
0.4790198839315032,0.8831011294102766,0.28434379766367124,0.5312201865215445,0.10267005812046026,0.9379186360397078,0.85088353421218,0.9938036792826361,0.24214293016586963,0.05167580258772675,1
0.9628406289977417,0.11359220444167895,0.2676653246098837,0.3365247316114217,0.7409322404870519,0.2014929145776594,0.34539343063167305,0.9335260492024448,0.8970007465197798,0.3683943530695224,1
0.8273075823895835,0.2058541000236096,0.395953593610316,0.028335472339573786,0.43554649792563527,0.7715604341180654,0.3122804969273034,0.2667283415923901,0.07492575410603197,0.7967934669263691,0
0.2043127467746102,0.984288962966164,0.8700590085801285,0.8321255706714348,0.21717055343278302,0.2800309558711097,0.19178199306088128,0.6620803417540759,0.712010683674758,0.5867347949876333,1
0.48699238040182646,0.6429466606170928,0.4699989636143269,0.01793569457669353,0.25664964567400295,0.6388585023707815,0.8719912417346408,0.13657124670527898,0.14149288151549322,0.6379031599134103,0
0.6047731099784619,0.08925911500887962,0.47421895254790436,0.874931468793201,0.6748023134693028,0.5907335278259837,0.8102979773359666,0.550195653640436,0.4393245342038167,0.09036297288619166,1
0.6041714968011269,0.025293891066789698,0.4715485501030149,0.22160611722627332,0.8215765494152244,0.985433863760388,0.280115958435741,0.3921987846594607,0.6872690181814272,0.4091706908108874,0
0.6413787138660806,0.854682885783527,0.995145360100952,0.9364516733290904,0.5476541481246688,0.24293619436363412,0.9123069959203782,0.9362294750345725,0.2913602177426763,0.01090434095956927,1
0.42325666307291465,0.10268010082547663,0.08761558934581859,0.6204316986940596,0.42987176009764905,0.46447390444383607,0.7598116451204531,0.3973703821192053,0.5113777426519369,0.28294787888310413,0
0.2268085833608544,0.26052521468330114,0.6477564862111047,0.9240657865253562,0.14642798025527126,0.6828092012198684,0.7640069846135455,0.8948059244899261,0.24295484686709634,0.02272130599798272,0
0.46132141723210784,0.7775844782338355,0.8735402364816311,0.3288468981834235,0.3524717236797895,0.15787765731618608,0.7768237000149751,0.9855729689084826,0.8063917635322644,0.9882642275246556,1
0.07615665377911174,0.36818313426012483,0.180379697302259,0.226189503586383,0.8480387242019747,0.4475884607772178,0.6147384927896257,0.004280890066040266,0.19605211343136109,0.9466495446124811,0
0.0542109990797256,0.75897800091341,0.600687788200977,0.598089238874173,0.6526204978173148,0.5871796343227568,0.822928566733551,0.6715384881641262,0.06825626937860707,0.8901282962309451,1
0.23812344250065876,0.034069273101212216,0.28472811642431806,0.5353993920791235,0.9612585036597514,0.08798721000011389,0.9412087536063537,0.8637454628862433,0.26113186380771314,0.023624191303024178,0
0.7025332070029146,0.8626275720098352,0.22700179070836968,0.25490825298318476,0.00026656404157088254,0.6402504434040948,0.020686207982203886,0.36675150242564025,0.17669644014458918,0.8090504139263982,0
0.45268129523423806,0.8169721186798669,0.5839604609174737,0.765788609448154,0.5720168329482512,0.7920710761549766,0.40979747243837183,0.9342130927847206,0.7940069220988171,0.2593311533711187,1
0.9371069641931454,0.9534151612068171,0.8894923299822832,0.03499918266794344,0.1350472768807195,0.33448770056286026,0.6663885786036656,0.4687186167612727,0.7341196832510104,0.8032510043072052,1
0.30940454310359566,0.64365011636622,0.8443311854463548,0.3239697369223763,0.769740757862978,0.7309813320973289,0.20951815438143562,0.2563989428435707,0.4479557301694941,0.3013009199889708,0
0.48283475306486356,0.8859422459089192,0.2336783183278911,0.6098496251202375,0.23308743149423972,0.5674344137687457,0.2569494165157158,0.3185144917162961,0.20855008504611572,0.39080966579851817,0
0.025660153535155494,0.7555249987864634,0.6140828275042759,0.3622386596976406,0.08392965337456704,0.7562340850769693,0.32293858292046196,0.7029824007656718,0.6214401593248996,0.1337597901349855,0
0.48501287017894223,0.9968951538152185,0.24652984186702553,0.591971888302277,0.19420719596251812,0.5701814833855577,0.9446389190632555,0.18657513461173003,0.5214025491225616,0.05257688611444977,0
0.9849653753593106,0.18571401822552913,0.6616623916647961,0.008487879518103147,0.19472292371321176,0.6544388327243821,0.3904324408574512,0.05342805143898055,0.8757588919837356,0.12735565181169506,0
0.30752336938562186,0.05395180650365472,0.9287445865071688,0.23018385033389976,0.4993955126035423,0.5321526511298099,0.9489739707436906,0.3523655715277134,0.3286464974670319,0.5510893417592817,0
0.08065629430162946,0.13697097134868486,0.1993004205177611,0.8482078600232857,0.3085332100384126,0.06376238069023676,0.08079061742681215,0.6302412596832394,0.6755763293364995,0.16715983500509735,0
0.5750964695351358,0.5042011937201832,0.708858064423015,0.6027307065942825,0.40795347400781834,0.4116500002577491,0.9014974945197678,0.8763283092316156,0.20336167853445442,0.5353670590733508,1
0.2977755182605154,0.9868516407767502,0.5027044119683539,0.2164176553728765,0.4097873122407638,0.837709879264723,0.7451010692860994,0.49876916098694046,0.02217739994410417,0.18151106458423016,0
0.16498370429466047,0.39878367709665563,0.7587829744488335,0.23663950931886335,0.41824135434927867,0.30514384016225937,0.03008707668124455,0.9398829173321201,0.0942004468675246,0.06187804782460782,0
0.9076213716713979,0.14056303597219888,0.6106639128635264,0.8299342329025449,0.7728990577959282,0.5674812440001551,0.6291880915438398,0.7319213787772619,0.44979209998797987,0.8105166846791578,1
0.8307980399916115,0.32251731513719295,0.4290742800050106,0.7041960612993594,0.4148991147252087,0.8182852421481975,0.20042225741555542,0.07725587803613776,0.8677474097901755,0.1453605146176845,0
0.6010053170569098,0.8133879438052978,0.6884686448651284,0.7707050459492005,0.2957375281170067,0.36005150203030933,0.500817326436578,0.29395991160624935,0.7601211717488855,0.6234692937284876,1
0.20668556492214252,0.9492700622209554,0.454076169391071,0.24376126249465857,0.9957091295011442,0.8914187792799652,0.20928875250307222,0.8499422855001977,0.5354138808543416,0.9848048934526259,1
0.420164683684239,0.06559569600005388,0.6000928293849007,0.11905516347565925,0.5073459770513012,0.46226171577464537,0.23369784680775152,0.4466220990303238,0.9237175247231113,0.078669908919075,0
0.12493036272570646,0.3693948609380664,0.5943122046893539,0.702536196038066,0.22790272659763644,0.3053880304392045,0.06351547117812595,0.6987499277336681,0.38036977132834937,0.057546030338277654,0
0.9504448209876005,0.03698216497665552,0.42606705350232676,0.6658903912456245,0.5307429361263336,0.2979061184110847,0.09401292447731613,0.28750869518802424,0.5056308662028475,0.8415106069783771,0
0.3233293392346491,0.12749403865611408,0.14971095850719562,0.8049784679076504,0.6443699368407838,0.044165366560313224,0.22270501419970956,0.46392978803429763,0.7317881767105975,0.09145338511719692,0
0.38985941703762816,0.7039870040332684,0.6652813034337643,0.5736272248530747,0.7249415861752142,0.09155456078255353,0.41180267034738216,0.5640196504955125,0.8165660816125027,0.04788264904615569,0
0.4003211161010849,0.604316592677365,0.9124519695523235,0.2145689245782515,0.4203373644928844,0.6551416752079926,0.3624723991725942,0.9917591185448645,0.1444940882193082,0.8620332294453006,1
0.01379150402689544,0.9993020593563384,0.6046821112190985,0.12528734237327133,0.8049885631451598,0.35500648313911454,0.9431635214279628,0.7397894561057644,0.736008038497889,0.5193987844077249,1
0.0765845292949282,0.27762167449110364,0.2807810966486922,0.22973534854459554,0.30722015193071595,0.4169294999292149,0.23662071418525976,0.600511579886909,0.16467714012382928,0.967762462587011,0
0.013377912186828933,0.6856418344528626,0.8689744225980005,0.7733194654407726,0.2752255787002833,0.2227742913346582,0.738446361600404,0.9813103067753459,0.8898889059453962,0.22084568491991885,1
0.6880191993939172,0.2872945781117068,0.3641017416913671,0.8052790191788295,0.45526617844883766,0.293654141536589,0.028853177490232085,0.43335127734239043,0.5899215805894491,0.3021441062872323,0
0.7830340191861708,0.9222599368431478,0.8377822634470122,0.6885054066018044,0.5634913388162249,0.8026499204907351,0.44690947586809127,0.38455720200247967,0.5030702729521652,0.0662300630596766,1
0.12945972421924512,0.623564721113952,0.3192137292044729,0.07985020260577647,0.9664713193501266,0.26423533200274174,0.9999678596606072,0.15964644633516845,0.630516049864369,0.23215469327621185,0
0.08625544222132764,0.9222959803890225,0.4458093038273476,0.43624621879589465,0.8948233740162986,0.49393419235489044,0.14587968225510728,0.08541911740648245,0.6799298769476593,0.13464507859238972,0
0.2747427334355981,0.9109506305998827,0.08402693224232716,0.3264587167220674,0.25818494474732423,0.8678764560632111,0.08493791486424895,0.24219206490971468,0.44455483656306094,0.8586217503502204,0
0.7610672988784457,0.9123277478347759,0.050869219610771954,0.17546750449661963,0.02199289974824159,0.17609831856928881,0.6841080113502972,0.7638758313775977,0.31314006555848917,0.2575148909571259,0
0.9132821656568004,0.5914722201642441,0.42112398565570697,0.9213466095114251,0.6754373782352515,0.380603826533082,0.5613749195683561,0.2943376278065145,0.9711501464581522,0.34751455098087636,1
0.5734046963745657,0.3339036277879526,0.8820810812202541,0.024295281991110196,0.6494604191718107,0.8515197549845906,0.4140506972576231,0.034789321049145006,0.008997408603744206,0.018331713001135785,0
0.72524553983217,0.5508006146679585,0.1781922204132731,0.2761166426496199,0.04015838491344259,0.4673276706847691,0.7824551695286451,0.5070521927991561,0.9083328737890428,0.7365128876347606,1
0.9712611969822023,0.08353605853794832,0.363273779348923,0.9933967804285815,0.7962934413049043,0.9336436744551202,0.841079205020145,0.5347705304144741,0.38699172278961236,0.5679382298027361,1
6.147618054364035e-05,0.2926259885090645,0.8874685706125148,0.14681362235686757,0.7459045542544224,0.23375641032828365,0.9182929449347331,0.46138833606039864,0.6383907486774222,0.018196712746620047,0
0.24250967693637082,0.42719452382982037,0.39272300994467324,0.20619460123927658,0.36356976938747665,0.1481382916926932,0.2655212268843823,0.3721881923645578,0.35948897920016776,0.8910072288673943,0
0.7645188301991985,0.7325439439596548,0.5140103547631117,0.0027685993121148167,0.8041627541202818,0.3389979270782978,0.34376126368712034,0.866693080324487,0.8948330359886534,0.182411931611278,1
0.8363041784824891,0.5935336480823626,0.6486674370948244,0.5043082145462929,0.6887191211902337,0.5547007856047697,0.35110700621656776,0.914497742662297,0.06219694101934492,0.6576743753894443,1
0.8712214783215817,0.9134689917124426,0.7696622834651254,0.8159311115566291,0.5469383822574714,0.7492303550519862,0.052066247114476494,0.7053293247751472,0.621876968608433,0.9685344997490405,1
0.7516524440823459,0.008306454727253998,0.41792939998941836,0.5369268190399855,0.07102213430574478,0.6840852961464263,0.2637953050933656,0.7146074332237362,0.06316878354332955,0.7803114581526217,0
0.5486742199817304,0.8120238169094895,0.7131641115418587,0.9033912935769962,0.7761626106788446,0.008809720705819979,0.9621225919040921,0.61131027875158,0.7573876826371031,0.2798667868840927,1
0.7897189130220693,0.5015657685888456,0.2225954665784592,0.6091468012133906,0.24788962824070204,0.927415770637174,0.6541880695387903,0.782101611183574,0.9529148232556343,0.47697690419795047,1
0.12762273859893725,0.8638218307881007,0.38667686222817965,0.1243366974363247,0.2806090656033313,0.8319676066838854,0.9939848476022111,0.370065834401633,0.6487337673673038,0.1409467540130902,0
0.3846133007284446,0.21978780472414705,0.47579553209613645,0.4018515207225548,0.9818825502204013,0.8875090877998392,0.8360653428618345,0.07478015864148291,0.0978115565607649,0.48260347993235975,0
0.7615380923792485,0.6947942631076196,0.6132244526483801,0.4908736614869932,0.5715882125004913,0.31046595263147725,0.4224364598091471,0.5821023178263198,0.23807136548010277,0.20700583908046477,0
0.3201438310629492,0.35603345244091544,0.7689808797134874,0.2757866920428672,0.7583816672983006,0.6777678021625658,0.30411564862451146,0.057531008452291976,0.8566862133485311,0.41632065183314115,0
0.7084667524277399,0.848630077382287,0.3980555674766749,0.502599145064521,0.40363275740742255,0.0727771125858987,0.38807787990046505,0.23435756477992808,0.5791220562989561,0.716962697559106,0
0.597141208256497,0.3105787343571125,0.6715336340286674,0.3437352595368314,0.4614276143950101,0.6290999695390153,0.48323162948533094,0.30282938521793146,0.1483234361378467,0.5243962283541502,0
0.9006778670363358,0.7011342677892662,0.4610381648387931,0.07478313618400612,0.6713235396871108,0.3101896199009587,0.059288125573440986,0.354735842443465,0.498553842206126,0.004791740394313626,0
0.40940871611564666,0.09716534360211382,0.4634454382330191,0.6831912857338877,0.4472129790690873,0.0046202596662521245,0.2707892878058449,0.3739745621667969,0.16939910261361957,0.6894304417177299,0
0.026498332105319933,0.03358843341689177,0.2544702861763892,0.9335179795044188,0.6935903910564963,0.4194217832765391,0.0687230861447432,0.2636214656565077,0.03526183930835125,0.2648193072725896,0
0.1160860289443647,0.3592263374671024,0.17527353978839177,0.6685117192706118,0.23634938861027044,0.38176853541787137,0.22763337739684653,0.48122965126205985,0.29009234751639257,0.7558154219877663,0
0.7315019565222493,0.31372368950365126,0.9832266049924341,0.11094924350422519,0.44497444194368563,0.9786388348329813,0.8782365567561989,0.4926759741169672,0.2388043070290572,0.8453990240925112,1
0.21562038056132293,0.38793118647380564,0.8628450616034402,0.2282480346830913,0.9857259684255233,0.7442356015102419,0.33489471169066864,0.24345187350260833,0.31994486125534416,0.11206927575899028,0
0.12293278777874872,0.944411027358692,0.7599837439550012,0.49029321164576567,0.44036766840506525,0.4935396756041396,0.5297032317961989,0.8155044286458761,0.5418052106612925,0.6475820133268246,1
0.7073585250988016,0.5992180135194781,0.4323928729508282,0.2435355253472664,0.23662520577168034,0.8119285836423469,0.47447658131834913,0.9267055922930207,0.7712905079493185,0.758820371089357,1
0.2913464030290617,0.969264266848497,0.001394505443438554,0.875201194056722,0.25807906865778096,0.9633762740695491,0.2663362255591464,0.5472619929613486,0.4940853514935475,0.8096056576479166,1
0.24440977387046547,0.6204452314833987,0.5208584352242728,0.6213903260295974,0.07266756430443444,0.8522617914504985,0.023806718984889286,0.773985546077922,0.6709271944286029,0.7008618285632167,1
0.32226993972034446,0.961332099405734,0.15690766421361424,0.25473172642996333,0.30189739316424735,0.7538857901587315,0.7664001546875607,0.9843040997928422,0.5459393128873006,0.8057965262195633,1
0.9150236740065981,0.5249826509634814,0.043615047664104734,0.5880150894843494,0.25412460674033266,0.32997928904790785,0.7144821503885547,0.3384969617449046,0.01988108739828809,0.3265184902824829,0
0.12214524790314552,0.4978287148034659,0.5917219401316665,0.08939610744913962,0.36607556700574584,0.5182213206064843,0.05164127564567145,0.3855128877219465,0.20307061159497497,0.6224743640658126,0
0.3524877623633792,0.2541032126484011,0.11982068378765132,0.5475989498853496,0.6390865820321255,0.4497863346525912,0.9422272334340602,0.0331171218905727,0.48481798141513366,0.37589502927232954,0
0.82692618024417,0.40240129232476995,0.3894992821299732,0.12526835949325854,0.7210858704425781,0.45604932966332445,0.3661686981330139,0.4312982011409434,0.05775982838654359,0.7134992171251877,0
0.7781884250866387,0.8999949226169933,0.7407082510846997,0.16394977220119766,0.6637246112116756,0.624869778219575,0.2971760304322514,0.9259244499404276,0.5819989564962603,0.8066531682782597,1
0.12902417079089046,0.4924194098532291,0.014150704256027713,0.9404984080791304,0.9795346104836806,0.46682871881828214,0.6141903222344162,0.6124938612695211,0.9486842976104624,0.07055686461811106,1
0.6413031633459245,0.3789115475499717,0.6122453952558294,0.7229791473944547,0.34517138972525085,0.6518304101919348,0.1192317590965819,0.145356098206748,0.7241722852763174,0.9548930319777019,1
0.8184615296393989,0.9386723750099262,0.4453758152871031,0.3354480517931876,0.4062799333510101,0.513857024582733,0.3397824761690277,0.15845379057281694,0.038093188474643824,0.25090821569707755,0
0.00851634631787157,0.550356337808116,0.1300442261771504,0.506893545273927,0.34975735876314507,0.26248203278724735,0.5391449350789369,0.8345996924550507,0.36269898859221106,0.9832761762536028,0
0.8486604402642561,0.3038147040989986,0.8471585322686154,0.6505523219679836,0.6289612970544738,0.8523907459545517,0.9431356291741716,0.5517020313343993,0.8794535003323444,0.2848756251098499,1
0.09594897759322574,0.5532572211900083,0.19504194537002184,0.45241098579329087,0.06682885898995139,0.20649645574758324,0.855847619820666,0.8229545237734659,0.6419158846686162,0.4854000464945345,0
0.8422990800376154,0.9732593953270751,0.23494718275346382,0.38775554835696746,0.9170888081885253,0.19156125645025668,0.7335343204038471,0.11216128522273594,0.026078546748952602,0.13033989724506767,0
0.4548517710740507,0.5434902355540542,0.9417956669301788,0.43782557120190213,0.8178792094762752,0.5209021658959568,0.2338082132073388,0.0021246751036426703,0.8598127472606651,0.12877181633343548,0
0.49266760528219533,0.5267211175427291,0.16212038065830991,0.2958288765457189,0.9602404693312279,0.4006282102489752,0.2602988098922817,0.2707624032413135,0.2072364053079413,0.2081961241159851,0
0.1787185408535471,0.4368305726355781,0.6251307605315155,0.9685036814333249,0.5703767851683352,0.060748315857797275,0.6039806352713258,0.4228473153102096,0.9004131252264144,0.28957650054166684,1
0.20134241586371426,0.42363039802496627,0.33187227186312185,0.4303703093076394,0.3632520063968112,0.9453490245818134,0.6304819290557776,0.3743856417636968,0.7064096704068384,0.8979241255337055,1
0.37874936170996354,0.6964541053210211,0.7120186679748783,0.8840388667151318,0.3609134659408385,0.8863967850721243,0.9587544386932423,0.24619144175157015,0.6377680013522229,0.9152684962450891,1
0.8191866750136682,0.1349520936942593,0.45000755676770987,0.43679650554227556,0.4036755651537687,0.634621135199514,0.21140395578342275,0.7491916825579501,0.9205089584980024,0.08131950299395951,0
0.5243193792713885,0.8673205554195443,0.8009295578326756,0.44973684683881276,0.05027267966340987,0.6456643227254302,0.7962972009059504,0.38807067361794967,0.7928983135487928,0.09130028664360224,1
0.3575194409583292,0.5358454320280698,0.4586983803807414,0.5055491385202077,0.04198123247874985,0.21181929151103196,0.353049243720142,0.11104604551457575,0.708264518657343,0.8106559111643721,0
0.5256800717405052,0.28041947536591705,0.1258414629140383,0.1467677469094898,0.4659098955667512,0.5810506820340009,0.24343957652039483,0.8750638538985589,0.2962021404160745,0.33426285858900817,0
0.19115475928966164,0.8492650523993798,0.9402744227931222,0.7873229624598829,0.9142264894582658,0.006001307452163873,0.22358004891972882,0.4268011830931613,0.42433742473930347,0.48573063204601363,1
0.012216515669948191,0.10476993393153011,0.2296886080250078,0.6053221243531262,0.10900456849100815,0.06797754267160383,0.5213122585615939,0.5042235647983354,0.6368385321446356,0.19536567087689416,0
0.2840117714233754,0.0778025388003154,0.9455903178792703,0.3944736150700787,0.06080245044840693,0.6702805647354679,0.7691747123822227,0.07667135295829064,0.9089133195373625,0.8710961398223823,1
0.1556819200215407,0.6394521481407345,0.3109296174306164,0.9178714400339454,0.5229537031237124,0.9966280511537949,0.031309738494066375,0.5884386027442325,0.9111236505752603,0.6638280633339965,1
0.6243183596725762,0.5927756820948193,0.10252191314319647,0.8796657721982076,0.06801021647563354,0.15304616120156955,0.6984770766214417,0.19222201220025736,0.5887277978559013,0.15106545533793547,0
0.7084036194513245,0.22143479422084866,0.6413246875240852,0.53597840641843,0.2589659582886029,0.2970779639178127,0.4168666788738079,0.9648025439339208,0.9907856928808114,0.9263831575557415,1
0.6803620442689563,0.9562096704022778,0.13666544056416696,0.16222635943828967,0.6245905340121404,0.7227151908766427,0.8188276717756877,0.29796476912005554,0.34724977943975677,0.14200629950535937,0
0.4150415639320537,0.6198054912882297,0.3204926711347901,0.27465611248679156,0.7087015621737238,0.720344792436067,0.5009918732392858,0.10769640773496514,0.13724272473651178,0.01491315921112324,0
0.21411911800176253,0.8276452515596414,0.40520296714784876,0.05997783982921179,0.2503237423022542,0.19618377891163297,0.08585303584925352,0.9641886596351752,0.5102612660115462,0.7877222432982512,0
0.2199827899748361,0.6877301814038592,0.24088765532541156,0.5267856347764275,0.14887350424198853,0.26633581984717125,0.17565128695740873,0.7605643882905824,0.5315703123088105,0.6273105808179821,0
0.14029633016710397,0.25447136362995026,0.2055706726421599,0.27768944337464574,0.01415251402670703,0.7912606284368932,0.10678712265481327,0.18416529352113797,0.6870867578070416,0.4861146201061025,0
0.02925039474959734,0.4118495422411206,0.6426084753710898,0.03663080193774071,0.7562004829953579,0.4817281820012107,0.43752838700513275,0.10532421650632351,0.008320237624069415,0.6660769695534906,0
0.903095874869255,0.512687414651087,0.8047043120089327,0.8020010950053755,0.22246831974898673,0.37549266613645504,0.1413480658262768,0.1332449264642811,0.1224592220758346,0.5662889060276719,0
0.25304828593462814,0.6441621545949299,0.6295073439982105,0.8967530774280561,0.2996359128482946,0.09074912181747086,0.5839554429361824,0.9384765779204787,0.33229197090103546,0.5476694671364261,1
0.6123217279732839,0.5594884771304413,0.034857706061182214,0.8818022918747981,0.5006147193884631,0.6032174435256717,0.49339009094294406,0.31789512386101726,0.9133922887093885,0.4510057780962231,1
0.9609813454065765,0.3902146178330175,0.7961269482658963,0.3298839940886793,0.42480631114147416,0.9320058222044839,0.8947932622184837,0.21380391122353615,0.0681401953379559,0.9764477352268308,1
0.8151159262632688,0.156385894669835,0.26254134119063044,0.5812295827147512,0.06887904386178934,0.20253929529125292,0.9527961599181826,0.42832717310761514,0.8422191599294094,0.06459977427351404,0
0.37056734372320477,0.5572487293654892,0.025485517682292014,0.6312945579725394,0.7207361455901469,0.10879492979657357,0.7033619770640451,0.14057668453902894,0.8211751215016639,0.7736679978557747,0
0.6577437521990425,0.49369063098077237,0.8777223542121675,0.17790415252413738,0.2520727222344481,0.9154909190199343,0.0887984914323523,0.6488507197882813,0.03262879852018252,0.4016352079781934,0
0.42860423368097833,0.961980719296565,0.5903841455046472,0.632113977774508,0.9273060533166217,0.22346190380493924,0.3304421052404103,0.6166487523651504,0.4017624033188677,0.13670044861829578,1
0.8367453439465761,0.7140517226467554,0.33378940239433874,0.5534693470933739,0.3050971577956364,0.12768164613396515,0.3181845843320129,0.7217043174469867,0.5574419068784288,0.5070144240794293,0
0.9428166435902811,0.5718565506952816,0.5468463691566856,0.3412657339805282,0.6059834868061948,0.8815819936640137,0.6627103272982552,0.47375352469104925,0.7253061524953792,0.8561108541732447,1
0.20753740383489905,0.6132206533525142,0.9722546378140235,0.06508065640212979,0.3105222004201741,0.8503179911966335,0.3936378596902208,0.7793627970191803,0.43234418846350364,0.12762081606160314,0
0.20107903883511058,0.4553805884546921,0.6034195680256902,0.6929269945103413,0.755837677155362,0.3669694481819503,0.40105140624135616,0.29854105426653477,0.807710288816704,0.6491138901125355,1
0.22162483611933792,0.9066104561090209,0.09254409646566286,0.17465469503339426,0.1767765023929615,0.7392893167099547,0.23331631999727065,0.46906849404279705,0.8874144099361274,0.7091301598415714,0
0.21186964119401075,0.41993911733752654,0.5450949939106586,0.8811284650343366,0.6212968190377248,0.3908507842364034,0.674762967856282,0.3017300099360871,0.9023591685656986,0.8298217467626541,1
0.7677371379915512,0.7468581049944998,0.6220583586878903,0.017526860843992464,0.9322916673160415,0.20531130121078323,0.8401923831873864,0.37010356755094953,0.4009924285656229,0.8614615904229891,1
0.6179156051921276,0.8496853444822831,0.34864062464675905,0.7973533924821155,0.8347515781849847,0.2753419916988423,0.7327529494528606,0.8630055394932318,0.4974325068321396,0.06260779148987383,1
0.6295737038080685,0.865086854101414,0.2317261488748632,0.757597153442582,0.3217714778215959,0.11115077543027663,0.10129989437777032,0.3887530682717538,0.33597071722861693,0.8471143602180347,0
0.041500112445438386,0.6478871245828098,0.2814958887285314,0.36349230095724094,0.26845786916147896,0.14133771778872573,0.6254757971693607,0.34419508172243984,0.4011083936745451,0.02759186693645299,0
0.5403702171890403,0.8664131383284684,0.8821293922928768,0.08723862395655002,0.8192633852520016,0.7523171421467938,0.03567363555608716,0.1249608760611598,0.38149786282059506,0.6913325882341389,1
0.644190171443606,0.22342564145629018,0.31863175239698605,0.287074242311232,0.15228367330218795,0.9624012567204813,0.7047622318406221,0.12423545703594918,0.6655223502491461,0.5342436949956163,0
0.7964563997366203,0.8084390706700868,0.8842520618777455,0.3509993772010509,0.6759012338944593,0.7434900784079752,0.5404875736635522,0.40374601197897153,0.5058508459156386,0.9124953639280604,1
0.4839981657271727,0.10765541976354365,0.009009657111295422,0.6845586503504151,0.8038761706215016,0.398061889757512,0.9082607415794629,0.2568815040416954,0.6343299632441621,0.4346050003789891,0
0.5635251203629015,0.7965180454587613,0.19543645300806278,0.6946757847286223,0.5015855514267988,0.775826352637369,0.2533673922671684,0.548304495302587,0.5618933850799164,0.5536957270010379,1
0.12440109333322891,0.17389629555468966,0.9827916923198627,0.6018016614615521,0.08555316086934317,0.3440395964064087,0.9295326030957587,0.6458826067158134,0.08682998855061552,0.686368145446655,0
0.12654647279955544,0.5468164049618951,0.3493264343848289,0.9511635826847527,0.5311302441009855,0.5921619018293752,0.3436750242352491,0.9139658331718492,0.8052341338243643,0.7945655849503597,1
0.0008204351653599007,0.012340570568127651,0.1024956058781179,0.08858224281911009,0.10341053472791972,0.9194765403998219,0.9438652744469797,0.9777542657880949,0.6608967973587369,0.3674747204892935,0
0.4580686486141293,0.7131829831886457,0.9334926979427017,0.8556293970264488,0.2274694138562522,0.9012148897786473,0.6866745541348207,0.9158727316577338,0.8258244007989359,0.6986154818596031,1
0.5534814739132807,0.5673548367885095,0.5967135067761429,0.37308740808623986,0.7892177095783135,0.8463035691044817,0.1644715870103538,0.44305066658899617,0.4976587975104494,0.23582277674352659,1
0.9411697011833828,0.3223667411482771,0.8644695651942831,0.6501389226216541,0.5700303753620817,0.6407552346907975,0.6176606988182903,0.7561974279211647,0.20262339470568935,0.9820333046028337,1
0.6252417676012992,0.7268073530808893,0.5981025543327918,0.3104059168146388,0.23927917178411018,0.3035248061232646,0.3182384752046358,0.6970014155112834,0.30905685636489566,0.4332860595594571,0
0.1433707804947495,0.9804959618877361,0.5490955455026559,0.2404583758198412,0.13993425997955555,0.11621795585107497,0.6713999137693413,0.9352709688757613,0.2421093518859193,0.6996841935844155,0
0.9072893797621888,0.5774441449492986,0.34743768035584144,0.5725937193745176,0.2388434815391236,0.3548090794891966,0.5655584220723477,0.23041724122796337,0.345218979254989,0.01267365226982442,0
0.6906976889145758,0.19298702210904894,0.41516969450226937,0.33689597328523724,0.759956207539276,0.3470358519240838,0.6052921991275202,0.3482727937326169,0.46757189700425406,0.90575691360673,1
0.3584074245000721,0.24120582514741373,0.2012318766448864,0.8808977638295221,0.14542655753461275,0.0151873286183144,0.038172487185087034,0.7342372364397813,0.857030880261976,0.6687976331838632,0
0.26787271221409814,0.39250223588652844,0.6572211260672023,0.6037424553076333,0.7603419477162754,0.14343608815853315,0.2727558208567967,0.2286721259008908,0.2581424874327177,0.5434785312482119,0
0.8946015871563624,0.9039823221471932,0.3167900341855068,0.7491790439256013,0.21812509684433223,0.4684204128078009,0.07349321750099702,0.9873274265808185,0.7592775696637465,0.13311388807932267,1
0.037457872823062344,0.7928248611021268,0.7719617944949401,0.49410657391963486,0.7596814392989177,0.3009140379613682,0.7307600494859322,0.04656798705208087,0.4764086608638278,0.6325455515665562,1
0.5738379283422288,0.2848795642556996,0.9897198953375446,0.7872201791518276,0.8801262791909977,0.9068165703623107,0.3178085665954836,0.2684655920032999,0.6316788559977369,0.27438827306334324,1
0.9250536814938668,0.8411174749142808,0.394130496297202,0.44791704692874623,0.10360263324164332,0.4449653363466043,0.6612636741705319,0.9840403310673164,0.5089536791406184,0.5479094494963231,1
0.7088657648916487,0.6669122121142202,0.3567515055751992,0.7456843148731088,0.8499107034997402,0.29222301777678206,0.7522719992615159,0.6120801160646477,0.04327588509827629,0.47990019204866274,1
0.30392536002636283,0.3224309605937943,0.4480241970685235,0.18327214263986435,0.7758619723799522,0.23249180579927542,0.5127602752071163,0.3178194647587127,0.3864656159202663,0.19546890237356174,0
0.02761686508088823,0.46861678763332093,0.0068833786287971765,0.5832145900421762,0.729817537419002,0.23303800554278842,0.4157763075388098,0.9294792941257215,0.4509126478753507,0.5422986014728018,0
0.48625102570003476,0.8411300591258359,0.42671768781155206,0.9698199940654431,0.2532343795888994,0.21517040644079377,0.9685549773557321,0.6323439676927046,0.44364193819733255,0.42057169694969454,1
0.9610803835787769,0.4115586945369202,0.8565341463137336,0.9206345540228917,0.9454734624695771,0.7515271361213636,0.944598643596043,0.7301517758568128,0.28419637021232536,0.22159005039405888,1
0.9776434944839777,0.44938265185124693,0.5187337366190489,0.9634835855875007,0.8279773661032103,0.8784690422987681,0.6058086536570951,0.39028595163616175,0.30202301248228447,0.5667188027689806,1
0.13709284775494912,0.5222572388601872,0.2512043457167623,0.9420127596427831,0.4908517813701446,0.929893670532542,0.4046384502166841,0.0674582489779747,0.833219862967245,0.09074998313050564,0
0.11959222842310901,0.9579899855496518,0.5732401081368365,0.5918978921652628,0.9377147873870433,0.9139926394910901,0.20103121416375913,0.6685398937443248,0.3368604050100157,0.11216873386762705,1
0.9401268699657527,0.8665270961961294,0.9387738011689712,0.9467288027699969,0.6581471059150543,0.2383168351253765,0.8330811612810675,0.22756518972777062,0.9214574877084002,0.8789107373123695,1
0.9961451966211398,0.5220218539873265,0.5590821886772532,0.3424612461385199,0.3147150761212194,0.455523084857252,0.5753098342800221,0.15997139441375563,0.5398193325003184,0.8415054541950181,1
0.271798815604662,0.06393576696175185,0.46869947552731217,0.7064451544550072,0.20953704014745844,0.34314897926414223,0.41209399831202664,0.6551339087666667,0.06381564585236554,0.7720280493998193,0
0.7869699694498903,0.43132391889170696,0.9327294099939812,0.09477171338135637,0.4843340718024174,0.07828438419634098,0.6286564249066774,0.3491040605483229,0.7012834852617944,0.4474371181247323,0
0.5906702369663993,0.9870115888253123,0.17338580652914948,0.0373544387100202,0.8246570894230512,0.9615237076774223,0.3133695201913165,0.40665873653718054,0.6199605782013389,0.8227964708803677,1
0.39618174026378405,0.708186689752061,0.3234978694210121,0.7834137677341649,0.8122713814302105,0.586837457537289,0.4668703075421451,0.7542441377043491,0.26242527060028764,0.7338559593586214,1
0.3402985956287614,0.20135160362114224,0.6753546745287812,0.7662952113879973,0.19007279331083615,0.8064085111981378,0.3539814962226784,0.683109379703768,0.9386744026259235,0.8118391599370479,1
0.46431408191941326,0.6294623223425011,0.9481780879007993,0.5361049975634449,0.6491529364794719,0.8952722960145431,0.9989753082884508,0.640088889402194,0.678806162327068,0.02004676500359126,1
0.3631527638531602,0.03254188165235983,0.021939575097585262,0.17149559822325255,0.7637862677854834,0.5904053023814513,0.9722418741485629,0.8988052799831788,0.6677399589876127,0.48703412758081766,0
0.4482267944697994,0.8848740827121837,0.551833753199968,0.4128859440618148,0.7945806382143659,0.548172795504751,0.8383509926830783,0.4050410298088264,0.9120039079989967,0.44833293187298284,1
0.50569179457524,0.3529165526608057,0.9861203030291541,0.7651709993004323,0.5539222931610964,0.6541622119726541,0.19562038774894208,0.39477832957957715,0.5444454790456267,0.9171761620204516,1
0.9438259190455276,0.7540734770321458,0.815442736815928,0.023014860354290012,0.4741922040638793,0.46764974678249993,0.7166223731814965,0.3079078693816174,0.4549710203327171,0.6139839600134197,1
0.8096646928237388,0.1660393810181925,0.6817335999891108,0.4708062248944599,0.5035264387878311,0.2354660684083133,0.3666454762970167,0.013668406772026853,0.2517355601006952,0.2723522613175542,0
0.42383805078718906,0.1953730656252336,0.8996422074164244,0.20421433308771797,0.7423571025256502,0.7958747892850616,0.016939675715814118,0.6806353476240985,0.14381062134549227,0.699285399815706,0
0.5488440777035003,0.783683075825319,0.17639042190004595,0.1821832586702511,0.6881137130189725,0.060628812242353725,0.771913893653048,0.6420013116894263,0.6242052072989858,0.7136779670110719,1
0.5657318646680825,0.5840590680269453,0.9271431343386174,0.8330712430589235,0.4759927669304058,0.8538748370375643,0.6363209362918576,0.3650684498510135,0.5882669253517873,0.27008709003775955,1
0.6078772664167642,0.7487561485831229,0.08522059808502735,0.47306868921364476,0.22209161948960654,0.5134711630584331,0.9761565511481393,0.46982701433004714,0.045995313095462786,0.3032155462694579,0
0.1424706953301934,0.9058995506487895,0.8438530901888116,0.4699860299482199,0.5598820299702173,0.40208122670309454,0.8391334118493856,0.6959775731928116,0.4987663113906404,0.2176380423851867,1
0.5228864024849476,0.7607694541456128,0.23473988984977867,0.8937459441247411,0.10551314671573331,0.24969464708513966,0.08185222787615687,0.19216041990972987,0.2438829426010931,0.4129176926720717,0
0.6387789418382155,0.2721145060108733,0.6606791999293766,0.5381492537598068,0.6393170743089044,0.5852975868523809,0.08411404921702192,0.8473934688782868,0.12114800435077222,0.8934584544116722,1
0.3581472894464799,0.5628875209553443,0.7666234416145341,0.37749540341208043,0.7765811587604132,0.14763206286201525,0.8179443584727178,0.37241451725633534,0.14245143341037192,0.29594476665924874,0
0.3348649570088026,0.9616924248710197,0.428858111216723,0.9779415937694305,0.1699983890546004,0.5276702264028963,0.3606603287371627,0.8606842050553476,0.20910343015432098,0.6582922898553548,1
0.16270285498115633,0.36117117120297615,0.5814478177039197,0.4469165190566635,0.3878140317182238,0.30872670729643104,0.2776874779563384,0.14780730870965775,0.7029666197525346,0.7728658212776891,0
0.6312892624119697,0.3178177470429455,0.8795589468930487,0.9988316834309888,0.8061313037159692,0.5344110159705356,0.5743296090140139,0.1832061823511334,0.6477168333469149,0.5843145127677672,1
0.22723694463640198,0.9845649130103928,0.41818792420392603,0.6268655590442119,0.6442544660303753,0.15594480259377463,0.73818143215812,0.3506497354792798,0.879106966905335,0.8365991881744247,1
0.15494656801301765,0.011124981749318752,0.7496930671775585,0.08815367099339178,0.752336424371115,0.24198681780336073,0.8140591481919105,0.05267587652642369,0.37413335944073467,0.7099839937989437,0
0.014978818992380072,0.5858678875384652,0.851684475420962,0.22861853783238406,0.45141611632681866,0.11019191711218768,0.3745315569306963,0.3958014449989815,0.8018449851916319,0.6368770860630751,0
0.852378224619134,0.7655126385919602,0.8792074364939502,0.040907174922817036,0.44273593877847306,0.892746429059147,0.9032721359908081,0.8115510769263342,0.31880196298716934,0.20126194717787416,1
0.04393160584770006,0.8706498606529761,0.6630482926102998,0.09220923619047516,0.7129771761299437,0.8652070367482342,0.554203570720072,0.12868984108381487,0.3343832548172556,0.7729541753572273,1
0.15146385586636324,0.014626219845512822,0.5665256060353747,0.5714448868726644,0.09517559422584199,0.4764872378961661,0.4025405140114472,0.9692351977511584,0.9103918133557504,0.6148021398067263,0
0.8725198198319162,0.9962452748172449,0.21384994306991922,0.3427849876708563,0.013638726213647812,0.6994824117970122,0.5167757910636415,0.5762898391858522,0.6233390834077747,0.6726533421927585,1
0.2512254132806835,0.4093308659251834,0.7890407705483926,0.7521474643114983,0.8522275795842926,0.9982498594160275,0.5867282345755432,0.4220658288452599,0.7168893218015231,0.15556690074654356,1
0.0731811287855424,0.0877052910079622,0.4272344389249174,0.8783609808348135,0.3085357503799725,0.9120490992051874,0.03218881995745082,0.004838927000782145,0.7345427196266301,0.6268269025748318,0
0.028520204789397985,0.9025387776193106,0.7058277927027167,0.131832268106012,0.007182777847658306,0.012392525117374431,0.6592419695626848,0.7729039569486075,0.09464165079541809,0.655994386887573,0
0.14896845251138324,0.6195286787898009,0.8745042946605311,0.14749678742963324,0.11093594949335228,0.744642380062833,0.10107590294309787,0.24441534951309252,0.5496149185210446,0.3815413667921388,0
0.39092876825472056,0.2626650978402587,0.9961580762201738,0.8776046894079951,0.20699301083708954,0.6528933673213103,0.05422503591989081,0.9536850445457945,0.04990604754370154,0.16535244950705164,0
0.043507292723385715,0.7354173693395736,0.22958476705283049,0.4470005582384674,0.44164473359970546,0.21175872385151062,0.901688493014958,0.5297231978008444,0.7257604228968665,0.7479281133013667,1
0.9229288718261448,0.06916983436668078,0.22509048549659616,0.89585806985955,0.6350570493102453,0.8440544137262411,0.2255422445089159,0.8628800588208463,0.7531363239716774,0.9724219181721699,1
0.5680237800556889,0.3146155759143088,0.05111283980909298,0.46245450522343745,0.5793739027783201,0.9769961315625116,0.49413465491546416,0.24596810150890613,0.44556290900802364,0.7575160318565339,0
0.7314492767791901,0.34152049180889477,0.60722698209435,0.35720520144006973,0.1237197208937929,0.7270643328988304,0.14825951559103945,0.1887512076976069,0.8486241333105536,0.5553793861648368,0
0.07207024816406238,0.7765590971670091,0.7551019537692584,0.5362443146113103,0.44205484389090377,0.5175494726947748,0.06669162214332103,0.8226585299128747,0.5169698205289477,0.908374953377186,1
0.9460962763084587,0.3991091732652775,0.4205324379954043,0.5866629524517377,0.005373901180208418,0.9319608354720776,0.6566574106594774,0.6735735225831098,0.8575206943658359,0.4755719192019462,1
0.03317618202702377,0.8036821033284651,0.9881064622071591,0.9822387638104374,0.0930240682689798,0.1826907062261035,0.7097720819073067,0.9898145484073093,0.684778832929926,0.8958175674748022,1
0.0867299349019357,0.036145546889412294,0.7636525479527735,0.23496537279848073,0.5950372569274163,0.21627966097051365,0.9091204882443704,0.6837452740737322,0.5737735167038531,0.38764764581151967,0
0.646552109893469,0.4315122555889499,0.757415802825833,0.24712511674776572,0.25630910067597135,0.4519018531895507,0.9642850788823842,0.14070042105108382,0.2868960003280131,0.6588645585062177,0
0.9975781205910361,0.08807039804412509,0.7420560301906509,0.9354822913822674,0.8169922696145472,0.2089591470808535,0.3951152663506259,0.023065879284202673,0.38370993774601003,0.3740357094496749,0
0.3077070624141276,0.965113317638017,0.7159356955415629,0.03021207170363316,0.8420926190332538,0.048504028668035604,0.9456911219192858,0.11452194257073267,0.4953524916932064,0.45736481160383924,0
0.5811339873237603,0.7952776776817729,0.1712315783473327,0.47804516031024935,0.49299369940688254,0.3044012428296091,0.8756024412545245,0.6281418925757932,0.10552376178271794,0.07604380751733308,0
0.09385264567519802,0.20910665365682446,0.13807874094230144,0.9193689704656045,0.9308042142547389,0.6757544819812766,0.6793849442996518,0.22988203106658056,0.18229318512973913,0.5444535094741463,0
0.2313123566793035,0.8796640274172408,0.4714211591289128,0.9475424436226425,0.08458204548416803,0.8440139081423099,0.561985132985184,0.41351618665797296,0.9454297317563718,0.9432586515272866,1
0.8968710455759508,0.7507545594319441,0.5969776276570976,0.5044808923467903,0.08550843579281331,0.05815268946685781,0.08138517920468746,0.02913760527063647,0.2775808402424098,0.2376822444174228,0
0.1643188481386837,0.756877168080502,0.5638544194978752,0.3574808745415081,0.2842671558423754,0.24767269232640288,0.30923945412839127,0.40991721109862644,0.7122041500035715,0.3682742451712989,0
0.6266099947627574,0.7776589820424434,0.2862997052740258,0.6423311823880784,0.23373923527021623,0.659145149146977,0.7123738085965728,0.087401388883934,0.4344979081110534,0.4392382791893681,0
0.8114890838234075,0.22888493744153882,0.6787656262337863,0.7563433769928679,0.4265187805453632,0.7451609720788142,0.29803144007212934,0.6589210119924035,0.2092235175806082,0.3308881488254183,1
0.36790524820486525,0.5873602889856065,0.503824732890038,0.12661563798637254,0.9085619021070406,0.3203419247394351,0.6072466015248845,0.5353381813406056,0.3476733679802536,0.738527858860452,1
0.37677736456845357,0.8103575742802046,0.1312646667278523,0.0950519498062512,0.8726547478639145,0.5109725460852981,0.39263898741371495,0.5564552626451413,0.07992225491866634,0.5862449284619939,0
0.7162592748921239,0.4853435821265859,0.7326361504452791,0.22366506387119267,0.578728158259004,0.6096463595038051,0.3751936630771254,0.7713887388115864,0.020756301023903467,0.960866445071327,1
0.21947280534400992,0.6611249708857868,0.15028478371016363,0.3242246457819856,0.8155745316465678,0.9259835395895495,0.20743142924639824,0.725813413954442,0.5624652653806361,0.004604986152753732,0
0.5203728765182788,0.7229907784946746,0.5627542081149768,0.6539504581417486,0.6257950121073387,0.6710576262915433,0.16466517310077466,0.11314705677833681,0.1928578583961187,0.5757779398605536,0
0.3245527155528707,0.15246082289811402,0.30858400903440897,0.07139386772811496,0.6310251854995527,0.9853988591383598,0.10611950112670498,0.37172692396895823,0.6122610705784359,0.1338509943274916,0
0.2478161033474826,0.26993468937414644,0.9734150678176096,0.7896880586861545,0.48834514889760006,0.06551506328061973,0.9117128363192002,0.8348215658521292,0.06489636338421279,0.713792025136491,1
0.8419111382982375,0.19369295390923735,0.8779978649156671,0.8174478228755101,0.71127778058703,0.44758385221985353,0.6840234263776503,0.006987292882556839,0.16424430363136722,0.5204971755809462,1
0.1507924145682321,0.9495081584970854,0.045903439075164476,0.6806511118722015,0.40613969732600186,0.014439684223351512,0.8670942526841512,0.589482168660183,0.3023414156556139,0.41877547453989805,0
0.802549653108488,0.10551676345195016,0.21601063421284628,0.9856431495967825,0.6394384132656744,0.8239897330687066,0.47908156863309237,0.3891597307452581,0.6626660334545181,0.19018813506538956,1
0.10357350024638357,0.5231800549186316,0.7163943473615249,0.1049447032706804,0.8836939875379946,0.8095412302138117,0.14922268076649348,0.12412261029935845,0.8656380736139127,0.5973384210256821,0
0.11058400280345093,0.5435376333601676,0.8778730261351642,0.7132827545025072,0.9843210409439718,0.7390969703005782,0.009156360406014419,0.556993195383337,0.5096778206929934,0.5791628325899774,1
0.541610065622998,0.8531970821343723,0.4025515363869704,0.7028095218997401,0.8005878541100265,0.6710058570294464,0.8653945930411102,0.5408365674929321,0.9889209128825437,0.3488855403409131,1
0.4759253608982452,0.4539386426850972,0.6906709159789519,0.7322691439436065,0.559187585972631,0.9014016028589263,0.5243867339441107,0.1840842208070641,0.9198124882209113,0.8736191288964287,1
0.7047475425947992,0.7250505990735022,0.5065818530118364,0.31141483704370365,0.7065005617450308,0.18747754603291278,0.9564058850940077,0.6553596431447097,0.8816889630330067,0.8124650915484797,1
0.294382430416397,0.8649905257688044,0.39443172539196847,0.9596842024633325,0.1027083052620914,0.1465226677909558,0.7566254138459086,0.6207054128972044,0.7640413401396069,0.4697673526189602,1
0.9507924659986378,0.14485208250483406,0.25340018370718476,0.42664153548074146,0.22290273712218522,0.9951988640858894,0.2672161877516268,0.8978966034637978,0.5761875851430381,0.672784955174031,1
0.5741463448466687,0.8141784269745787,0.7429189484427521,0.610837004755697,0.4027142556311819,0.004230058051745811,0.020032857366219514,0.33356369990394663,0.30086588810694714,0.7577578951926741,0
0.39916193224329,0.5888070713063953,0.2527627838564477,0.729459034520139,0.530501347838135,0.15226880701017043,0.6469140704308008,0.4845940468706592,0.5359719450934755,0.17095904395925465,0
0.608084168785191,0.32727101780816403,0.1618999951604322,0.1073929363482059,0.6410980368463567,0.21252706580550285,0.36865207091016405,0.8894426835154345,0.29125928048731775,0.6252354762843352,0
0.7792434219411365,0.04588770077231907,0.8334322969492134,0.6134295673813288,0.405242222871275,0.6594401344727452,0.11516215951709141,0.6275685501836772,0.6843876472743788,0.33374645810905756,1
0.9438497266243573,0.5743409118191556,0.3470031793047288,0.07863983331596636,0.9909972147298617,0.6685219899640771,0.6495258302387306,0.7001249513680592,0.4691372312190033,0.6429071493495858,1
0.06263117643658478,0.6002019093633891,0.7687460039422193,0.7001670554567238,0.5373238417528398,0.22811215123126682,0.38205654414285206,0.5365823819779588,0.06105966184819456,0.6582551031573631,0
0.3791639291889225,0.09500281025909985,0.46080497458460545,0.30463911638618413,0.05047584359127333,0.293797188412231,0.06129585947447724,0.3917969485108721,0.7284036530314343,0.9404649895551686,0
0.5580661318535695,0.5671524612792053,0.1728307486229842,0.5365903241873158,0.4337369344964537,0.272309328166516,0.7116347812266645,0.23617682812313912,0.6387124170871205,0.7976953291147499,0
0.9572182486028322,0.05068039216875797,0.2065815573573112,0.7532759459870836,0.09700014518745592,0.6206713204945622,0.562448201335727,0.19081621541670668,0.027132911543312765,0.28066715973558565,0
0.843820578914246,0.49124286417276053,0.9606568115063792,0.4362428627686148,0.36003764198596544,0.391475128599057,0.837167679988176,0.17309137008520958,0.9289448078024789,0.20103511443656097,1
0.2528452419292241,0.46256496891448773,0.7372071862784664,0.3549376654077696,0.5589529428710968,0.3888162656164871,0.9615131165228918,0.4148019765630747,0.44684562411074324,0.46359777138769276,1
0.27852447290369586,0.18305763154634425,0.48806506674766614,0.3525865226104462,0.8919312782973774,0.7524490052650754,0.011705545869509337,0.08664321737073155,0.43065597501338837,0.1290504099817853,0
0.2137487864245332,0.35193390118693546,0.3843385071830392,0.0534289683366147,0.9438941009680833,0.2235625532500044,0.625557727926435,0.2624672663447596,0.623770059324553,0.6959723816807742,0
0.3718576682614575,0.23373976801297547,0.6291167536180788,0.34165913822671223,0.8059600294284468,0.9677491479163329,0.294317955718034,0.17314087129861533,0.10843536397393794,0.36542090139680494,0
0.4229618696935883,0.1204944258367584,0.24535734376757,0.3865713208908782,0.06002810343816112,0.22980236464835768,0.451970530227395,0.19750961662337463,0.8325050492259265,0.8995489822826114,0
0.7276527808260776,0.642125984371246,0.6729126436049464,0.4289989054503731,0.44845023548802687,0.9330210787332918,0.5011339933421636,0.920662630881919,0.4777402343697661,0.5952811048961372,1
0.568539673185721,0.2062450761006287,0.031538410979982,0.30349903740837003,0.41183841393961984,0.2900883888284602,0.28102608720648303,0.661205951763146,0.18153461481352173,0.48682266050615597,0
0.5282357919383149,0.33908082669242734,0.2722469971865822,0.8435860545434954,0.6200120492728727,0.9636590752345706,0.26848313610020724,0.056142734735543876,0.23697347241899502,0.8513587341377395,0
0.679696152782862,0.5187139312098925,0.915845135459153,0.8496485248185861,0.5585086274481867,0.6486096087226382,0.9998215188601379,0.04012624427237166,0.1673777225148395,0.9976081048127201,1
0.3686213092451911,0.46877005000304395,0.3367666979889419,0.5627615083771361,0.9839658766512617,0.11252684189727613,0.0839792187401871,0.24427801392117754,0.2676251776641402,0.00011006474623120877,0
0.5120001937112755,0.27927880817366413,0.6386870683685718,0.12003319674311441,0.015333242774766553,0.8290512592709379,0.444367527755437,0.8932472587714639,0.28723734847608007,0.8685782148168316,0
0.610526613230674,0.8930737614683782,0.4587169934508055,0.06631945776243986,0.9464824314023377,0.15158357406108613,0.230977831535775,0.7789467668438915,0.12039284374897163,0.6568983879685049,0
0.9177346614676342,0.16435904900990594,0.6132626061049022,0.9310795617401332,0.44843424392670594,0.7681611578541052,0.2407020805706469,0.38568268280319196,0.8791715556587454,0.5567790174335414,1
0.5009764676290932,0.19060524740825713,0.6254892886734363,0.2150676844247551,0.39665760561701713,0.5541372980319572,0.25650033187816823,0.47740873894913083,0.289351296182498,0.9728586453402235,0
0.6049395594573441,0.5784777890164281,0.4595792914743604,0.7990101318640038,0.4526625296427814,0.15938298425978104,0.7312948016363774,0.25718921285828833,0.5024982042464801,0.2160653619180063,0
0.21537498947873823,0.1715001398197259,0.6154450613385665,0.6487154359643305,0.5839464855718965,0.2660340719705069,0.3313349154124148,0.5102144382409497,0.9056556942278801,0.4333111506787577,0
0.659099016399414,0.5513027102529222,0.0761468164490815,0.47076688860542804,0.808476633906859,0.2641364314616206,0.6345158276756868,0.032319394722614025,0.5931097023826442,0.4134678822680774,0
0.6879527631724548,0.44406336362932985,0.9192037695931506,0.6383217935089798,0.4926125591329106,0.07256303927363617,0.2559321722706106,0.15932801792177764,0.25831300026808457,0.0892168579291639,0
0.10702068677931309,0.8325669864845875,0.8975059197172284,0.8373266809547552,0.5659199827825361,0.9772967656806586,0.37301872470742203,0.03076498492214652,0.410117095513996,0.6293973689452907,1
0.33803438799041174,0.883097029567276,0.340750851559264,0.4802719466895995,0.5029541546001114,0.1672840376385173,0.6602860888738948,0.4538258716072383,0.5571157773540938,0.7842326643221358,1
0.5503778745576371,0.3233833036403847,0.09837289094323387,0.31429397902591816,0.9690567302773814,0.2760060717819147,0.7517041907508333,0.8819707497664175,0.9165335803357062,0.920425321942468,1
0.29624446576159935,0.3224111419789252,0.7368869519133827,0.7889956295836716,0.6961981424533926,0.9219934695935883,0.003377709123950079,0.5512586817261008,0.6957384842133063,0.7273711095287139,1
0.1724084313081784,0.15377733062710908,0.34661022372130335,0.7406977601027918,0.14364491818797687,0.7013742512047043,0.20788843520183464,0.2806994592190961,0.8018262326428763,0.9382887912774543,0
0.21182599945757508,0.6524128285073097,0.9751491406583759,0.1161233831755013,0.8523037273194684,0.5581389263862542,0.3658062251872165,0.9242602348150899,0.8767792162083765,0.3679000262683487,1
0.24160468160058568,0.30941067924488297,0.5828893112301393,0.728250557530726,0.42993547124193077,0.5840705891889386,0.6542014409583846,0.9623992391193055,0.09214854700329855,0.8482882012038043,1
0.5432633386839041,0.059501924100369474,0.7451954563371425,0.6784568429843149,0.14669391064605863,0.5202848334966657,0.5707249483701519,0.05267377400593576,0.39772745622288574,0.6948021803210163,0
0.6648593172111231,0.5321347793203454,0.7387260827523269,0.8605733471500169,0.5608770723822676,0.4979802958935152,0.8971091758751342,0.24284259614852122,0.9986114772071472,0.3268996231729957,1
0.30684182034783225,0.12540784929136684,0.01570803396081044,0.5333297899254931,0.451099738048902,0.0054523739661273,0.11181331284933604,0.7343809862189867,0.3514956098537788,0.9558010282781133,0
0.6284712605033839,0.06290280553490846,0.045946442120706976,0.7018173397975225,0.9129428303154408,0.6136884429495094,0.18044566101881288,0.11142731366461955,0.518589728017955,0.5168965734276709,0
0.8220880267480286,0.36983198582094945,0.8236302247397025,0.8293496545147655,0.18250251220083524,0.9244107078112926,0.05217082042159571,0.9033698780981226,0.39403724104154225,0.7724922161083253,1
0.7499768019618925,0.41276664484282566,0.31392185454422916,0.828348381441301,0.20778558051630103,0.25365093024973273,0.7301426679983183,0.3698041707332964,0.33987542752172306,0.5488069098523946,0
0.7642598220701087,0.48801799913274657,0.691182478641355,0.5591524410006204,0.9069675917479482,0.5574319819633389,0.4013385872269697,0.4668696527751218,0.25611241684548924,0.6036353414261593,1
0.7078874651008403,0.5183795344022827,0.9469770482613328,0.34182011126057377,0.7659002581433185,0.18734290433627765,0.011899855501823153,0.5888639516412776,0.8615981742263751,0.9895169636494535,1
0.6551361836237536,0.9141214518540218,0.6312627329547754,0.680271283889057,0.4294482811940159,0.6089349259530932,0.21238911646814673,0.3596858430306804,0.5194629966768136,0.004233036563199399,1
0.685666770246648,0.4022692280264226,0.4597261369220056,0.06766866518301462,0.9500096652519626,0.9594005337504696,0.7315980811208911,0.48069045948190625,0.6130011860758015,0.13106600712696603,1
0.8324394036829619,0.4186206479245975,0.04041843415349211,0.30903089668231387,0.8285585065336037,0.43654980662205356,0.11452247040492225,0.03251946519232296,0.25070923424129177,0.7298266556005159,0
0.9779264689134033,0.7214413255756157,0.10595867469450682,0.8595682176262626,0.9202062433969528,0.8846804742825968,0.47966202408517544,0.4100175797332448,0.28230135236704734,0.8024774287493749,1
0.928880365670999,0.8312942001593144,0.07935403120720663,0.14008957046913606,0.5727886549303143,0.3977832749644401,0.7439308019793811,0.5112617929271336,0.5238327174519407,0.731235040312228,1
0.16070506818590846,0.03018048287547692,0.43145398848558014,0.7159144465069084,0.5660541380789511,0.09903662123956403,0.2472482300267792,0.2279174445941402,0.02208511040445127,0.20466418691877297,0
0.7505516439347842,0.5564980314568497,0.5208128943992733,0.6833605224062758,0.8311239506835871,0.4121983777631387,0.6872273459863191,0.6180221332844572,0.26558157801735915,0.5986471741322066,1
0.11168628113690593,0.39402530916861644,0.8570112540717174,0.10625409766198157,0.8027068040297096,0.10931500714673181,0.028232775346962335,0.19489810045088685,0.1845956474591769,0.530416139323785,0
0.3107396829779634,0.06179538613093638,0.9002800435000825,0.5337202567401623,0.9654519702302778,0.7863601101017663,0.8699851490448017,0.7241837376844977,0.06668329634735304,0.4591515871202506,1
0.5195674292901193,0.2883489289764656,0.11937213425638216,0.38258323172544917,0.3387042902514634,0.951953228185398,0.6134216226041405,0.8036130003207989,0.9495874620592843,0.9960787006209937,1
0.21675094365650072,0.4341280918990711,0.8418654415215593,0.44070978994958365,0.07501003368227988,0.2660422247953028,0.7109482094077229,0.1861927610450358,0.4318966491818822,0.4229357431395474,0
0.43249328557267175,0.21671608264019548,0.7711430854789824,0.20893459668511627,0.7681177138773694,0.25399580301887836,0.5193127476860898,0.5186508918467206,0.46417254322945356,0.15876733524280529,0
0.013172741926993692,0.1908710517328992,0.6163597720043923,0.16271671453151604,0.35111968241071256,0.7997597870932927,0.6631172678901336,0.14944964039691122,0.16788765676812356,0.3676515251797582,0
0.6520907343674908,0.384967303022826,0.03825484579181815,0.35270249269740606,0.4744982725165795,0.8814783824888855,0.9940940941654424,0.2776077243658621,0.9341609913250617,0.21725548309940024,1
0.2615138878579514,0.22693679293693336,0.44016357136448836,0.22528723345715418,0.3831473528874778,0.2249327349850514,0.7106394393155302,0.38919393049970075,0.8116484422872746,0.3869771261208934,0
0.062059728347784615,0.3831219257227608,0.2837363952937456,0.6179893351145115,0.20976339585886228,0.33499683699558414,0.06613207685121958,0.7155305092842734,0.24223857941003768,0.8709241895244464,0
0.7405905070289694,0.5606551984590562,0.11652121475308619,0.8422727241215646,0.3769663137170258,0.6220707406082838,0.9695688731760712,0.10719932124721154,0.15943148258484996,0.03618154230848769,0
0.9605017068070819,0.7196686995564596,0.8567668844152458,0.8523027941242698,0.8619987743788684,0.06427167661229194,0.9627961927824117,0.09092785447817076,0.5713454336525433,0.6813699217358712,1
0.909937864996997,0.06511963948985666,0.10693713694981588,0.3701775307619458,0.6939528667780347,0.1552896709655388,0.26518956617174905,0.0660730707468673,0.4983794385785699,0.7654937508416264,0
0.3481102995699069,0.5604862842715833,0.7993068495378391,0.8074337582761218,0.4843208027680086,0.10629940621335854,0.8039770819199218,0.36051311810961495,0.9898522345939136,0.7832257944830037,1
0.10100691304049858,0.0008436137630547513,0.9478644223489789,0.5283769472347155,0.8807602499589912,0.2992139281753047,0.4388712303942649,0.5580087753589051,0.10880854585511324,0.9550868844845666,0
0.9503443986531064,0.7597472797004414,0.9661742208499159,0.28868683715973986,0.3970463163689424,0.04322196414345647,0.9928149821739077,0.8049365007211707,0.6508948223549075,0.4649170164634745,1
0.2659066840771509,0.5096266148675572,0.30479805146521055,0.0807353142691628,0.7146384153132881,0.2731243084637318,0.7691439900908139,0.8557655391537261,0.010496670439114175,0.241212539047445,0
0.47001869776724736,0.45201929854924794,0.3201998936745635,0.40965643968489895,0.5534763426874503,0.11450069406944796,0.08532114654138145,0.40342349570366387,0.5128693815151903,0.3612719520235377,0
0.16537702005292643,0.47311760192024277,0.956684086716519,0.8879882231041398,0.05049111373773185,0.5759279842061431,0.8954456828387505,0.1391192617168895,0.6391815317487451,0.3957906997481101,1
0.9350206222264819,0.23215366625883915,0.5660638140635305,0.779682674456896,0.9522035551593592,0.12313457089561808,0.17373571560877943,0.016218296470317584,0.03708033186065507,0.20354231431325864,0
0.82543289929039,0.030691194158472546,0.5264306276710241,0.35710494476975463,0.9339863816494239,0.7008727891983436,0.9632396141658969,0.5639966752579701,0.900466713970827,0.5805678200691884,1
0.684872527091383,0.3437088394511384,0.7649934567895652,0.8876681162088149,0.21602058602495577,0.8660740602628081,0.9576613790854589,0.6933298183704751,0.1723746951957632,0.6575101355490757,1
0.5920772677052235,0.021226312328525676,0.4043443456906921,0.7639755673636789,0.9588850681528018,0.7866992184789696,0.7487109716751089,0.8433363805336168,0.1508737196212364,0.10219492786893603,1
0.6361130042821627,0.482463586210077,0.9773318467321994,0.28111016787425336,0.3443813719540868,0.3945935798011524,0.6474489116367694,0.6858584397065649,0.018074800007232605,0.6176705176202728,1
0.8102355486130445,0.5508266101150491,0.5524088090325,0.9288627814390039,0.600685789084668,0.14075547835832414,0.8119129019470024,0.7560721783583594,0.7307346633686754,0.830982497445455,1
0.46571356096378735,0.5471052336804879,0.21827418590156789,0.8711472100121704,0.04547760049331373,0.7183844244480745,0.5720018118805946,0.5145726066610432,0.4165173765682545,0.658579192488066,1
0.2340460070181637,0.9485113630194055,0.7494603625428964,0.5662108477066827,0.7802056568068333,0.7026420712651887,0.2741318305932001,0.5799110281929324,0.5290487287765329,0.6210394681587303,1
0.035081930285795426,0.024193932548486896,0.6380231618856953,0.4702923015155308,0.7915092823669656,0.2270689789741307,0.4369171189635652,0.7299475497138199,0.5758292555653085,0.32693226713551127,0
0.9653470830877338,0.8041613686832771,0.3693307800480208,0.5880759481618285,0.8187389003768385,0.570944289787348,0.61418517784551,0.9829039783938344,0.929497940119545,0.379275950682859,1
0.1223965336022943,0.7164848452701614,0.504418323192103,0.7724372417927385,0.9904200257472718,0.42217322378338784,0.26432736645216814,0.4535111389575496,0.07435559915764611,0.8073182398440725,1
0.5119507490200409,0.055777617430952,0.538738295088341,0.8655848189111742,0.9084008939597324,0.48194485008752486,0.4209682544855865,0.932223192004947,0.41164135062510365,0.6181469169392886,1
0.8693207831513907,0.2357356942717681,0.8069342608393073,0.6506427511215835,0.9492493937558392,0.22933895638604507,0.7737217885669004,0.7147370513750467,0.9576556948189187,0.8381137076717292,1
0.6417263855187908,0.6615696340999171,0.41071859709534564,0.42068686234329344,0.3364102999535845,0.8239782345261035,0.033967459172754344,0.4288742637989932,0.10757170787315518,0.5132385630597938,0
0.9955627785582432,0.8708608366953965,0.4647896196504395,0.16636720502952707,0.49848682873014816,0.8571605271941637,0.07789461492474914,0.9974675054661964,0.5693365511155036,0.9884422779562452,1
0.5912809096641258,0.31578454223765184,0.8158295613182989,0.892868405889392,0.4839518648206449,0.7015681589580174,0.07416790367127712,0.7669491031825733,0.9060296529885695,0.6844414696675649,1
0.752705734526098,0.15110875675825886,0.7989767525753594,0.20161146274825226,0.7532863420104364,0.4266262482651919,0.47454253028961535,0.977703416922606,0.2209853388261358,0.15314124362534232,0
0.04561023628108507,0.04450113922311061,0.586117940231772,0.27051783967844967,0.5356309226372187,0.8877172772151763,0.8568514243419695,0.767939124081743,0.9102114651561161,0.7609128753803659,1
0.5602830689822269,0.22027323165398305,0.9146522682127768,0.531130504173278,0.8134910805590723,0.3594058227169219,0.9213735185862773,0.7276176533320305,0.8882486946991838,0.606852097052593,1
0.6812108899708916,0.7144751233204405,0.14820151975956586,0.05055017642462334,0.6104181528396126,0.9846899997169274,0.20001295823032295,0.06116626287290183,0.8745740862036872,0.3741018954614347,0
0.6721454737630373,0.5999692206283882,0.44662738150589043,0.5017805106869162,0.14363238336777584,0.26074567322721753,0.33225020273198524,0.9921129044876141,0.11731754710209386,0.345470245546858,0
0.4228085944465745,0.799223790657035,0.8583570327383913,0.6925563159344396,0.1350330846124328,0.8290024842603902,0.4041609991550309,0.08536664297478347,0.27308995475616427,0.33468822089909644,0
0.6784757334364665,0.9427789665111358,0.3561569856858571,0.2370434658376933,0.7787686415022064,0.8062943331624657,0.6676587996921711,0.3094970203589852,0.780889217943596,0.9629415191170525,1
0.7107023761847159,0.8463266671877432,0.2104969239588419,0.19552081879648076,0.8701391290964823,0.8345127134921259,0.9743796551131055,0.7450445389575854,0.2429313609823298,0.15169133026961668,1
0.29619365250224516,0.12100403815465022,0.936900085796713,0.8245004417207519,0.7873807360579224,0.9959308247291514,0.7609249699078334,0.07117389481236924,0.8944242131850808,0.3281024970758408,1
0.5403030763732403,0.01246707043484796,0.6837755576682089,0.5651511822568711,0.5121831095682484,0.32912607163114327,0.7076703317352281,0.11026099761437336,0.38569125020783024,0.2962544070926707,0
0.6907528022306302,0.44491010053718294,0.49212691577466694,0.2328808644200956,0.15725934121109886,0.08440276677424707,0.21740557368923175,0.04183225206804886,0.8567935085254687,0.08383707126245388,0
0.6931356884975641,0.21082667002498656,0.2131977765552816,0.6199711552432957,0.5115210183672589,0.41130594889113903,0.5575591097384124,0.6027016503480725,0.10507346746161494,0.3682254743414214,0
0.827719746553353,0.5171267047882941,0.3708987799380422,0.6546277179939107,0.8818439460626671,0.04145930880263793,0.3486262798339901,0.5321333795838894,0.030227771545403126,0.956472209099884,1
0.9024885779453936,0.1273747818540515,0.25689125663093804,0.24896040088279336,0.7258132732880026,0.2085603216217662,0.5480065156230759,0.9625653384797728,0.05727182736071701,0.33846464176232827,0
0.9883644077874527,0.22925938829755543,0.440727450676088,0.13904612009017359,0.2432368989146504,0.1647575182356138,0.5875216869460732,0.037982956543658575,0.821861957377171,0.6683968620471396,0
0.5340132953267966,0.09812361797011249,0.6468530731762078,0.9803186681798124,0.3222397339871693,0.4506943236784966,0.43225620263348896,0.9533758643055937,0.9885500164455959,0.16721358787929563,1
0.9132681937968994,0.30627900759892546,0.19313177804922588,0.5474461652699213,0.6325544417537381,0.7037241292708223,0.9929969016600054,0.6793427715682475,0.9576440976694054,0.7350569805203222,1
0.034781738886667024,0.9233544643297328,0.6338690636007741,0.8149991334023422,0.7688466352582709,0.042388043261556985,0.22680472595952972,0.9875394203553525,0.7067451550923035,0.8802698330934161,1
0.8397427372136516,0.7982565043740809,0.5431454368995979,0.567130511215091,0.3122792511113046,0.3787966751041991,0.6979798066487408,0.5991000627877512,0.8325591149111582,0.6837589477164161,1
0.3895298878511978,0.4184555177482461,0.6576677035391281,0.8532682480859982,0.619139514878501,0.2512746531561042,0.7139471938836113,0.6689472556862229,0.6372191058044974,0.48367378478882694,1
0.7335378796813757,0.3115394191232357,0.7960479076671079,0.9937055293604307,0.5837776842104075,0.3476083738647987,0.16344613376009254,0.8863361159797302,0.9041140159667457,0.4447337931652825,1
0.570339787172556,0.3413618376469121,0.09094659826852469,0.37756259211807885,0.9672303462942833,0.642446067544421,0.5660529645464618,0.5640173897786805,0.3107761258443563,0.1919257040678808,0
0.8314491587807756,0.9235735040585732,0.40514775431386296,0.9053787696501063,0.14860894626959342,0.2521648091271067,0.8419748997409816,0.712409340209176,0.2517865192301869,0.05106408313822297,1
0.5374621837940391,0.939855895123384,0.69851644865328,0.2990912074281853,0.32764921065942365,0.8932861446596658,0.7275433972239819,0.2772071924340347,0.8744529598633869,0.7057420429899546,1
0.4094537347403534,0.5660494342542042,0.5165567045231944,0.11731293482273386,0.9334853849996636,0.7543315688719424,0.6723413858847127,0.6615417595458343,0.7874439538463813,0.6859005856447079,1
0.38282325188033306,0.5860461692545641,0.263944428698471,0.05818223322206706,0.3387412602378611,0.6693073657359001,0.5296493887578271,0.12937892379761384,0.862793821148602,0.2278484542939626,0
0.8685479910204912,0.7437628880222964,0.1143738064445935,0.1814863056498962,0.9331107821604758,0.3119525535866503,0.5885209692851886,0.9615827239788072,0.9019065701051432,0.20726520634074896,1
0.6170467058069228,0.7134963695923614,0.42344355483001894,0.060472395582557126,0.734157300535917,0.041698082263567415,0.6665330381000701,0.8549215755344443,0.4917168506830447,0.8256473332458083,1
0.4217049678291396,0.7656158092102691,0.7394009706344089,0.9609211494136074,0.04375276910456416,0.14569839329623935,0.1451244939264773,0.18487903039332654,0.9194942540581427,0.17015609534272702,0
0.020162273197628422,0.8995674723279176,0.4166585217512243,0.783746254975237,0.2115898515943161,0.557718415018394,0.3302810676333976,0.6092941627614714,0.8867149280740513,0.7314009432610898,1
0.5130662995458151,0.2359253914995333,0.2177685008182635,0.004086615398465665,0.45182465986805587,0.4561484860739733,0.2831195119172014,0.9809028561250354,0.4337090954716666,0.1600358354232898,0
0.39779644838048334,0.6114896645235317,0.8982018300653367,0.2746726148134191,0.1505045054616293,0.8458554180578945,0.632395452436558,0.04928750647009794,0.6352027686017461,0.5870248596805298,1
0.5740916201384548,0.6565074778758828,0.9036798588227318,0.3532515887159039,0.02137685386428123,0.502334267984757,0.2693288091492628,0.3362312760654551,0.4203682985371312,0.25794855635469316,0
0.4621256125844485,0.9847885324171798,0.36212983654813546,0.5870867901451783,0.7457101391910717,0.5613930150529881,0.30805948586245846,0.7656197699596574,0.5361919286786646,0.5133292206246057,1
0.07909534046237165,0.9989433097534466,0.18676000481335275,0.8377030549743107,0.3660056326731562,0.11492583747612439,0.501847756678536,0.33962977103341985,0.32164335572077496,0.08914584681189353,0
0.6298277099091353,0.5586487172578144,0.41319339442281977,0.09716349207157948,0.3701920022846513,0.9425251609280224,0.9700515249585422,0.23837567250281655,0.42313993924449955,0.8067527325166775,1
0.5343503505043463,0.272358832575995,0.6312389782103275,0.2538768491346285,0.07850652243526701,0.45352521450130745,0.5500615443663689,0.1834430100848593,0.7633449402105172,0.6760013714716383,0
0.8350447976456935,0.6238244684181455,0.25465673583079784,0.6987003331121576,0.9134631432205531,0.8494043590003483,0.6476789455256039,0.6253430767294627,0.9939236691113829,0.45238045879178135,1
0.004903416110315972,0.6624454643820425,0.3547933145526396,0.4630356374114166,0.6765767602767091,0.9730389301587377,0.5954332236952821,0.4268831389946719,0.9006532227305272,0.8370066859234476,1
0.7646395794873929,0.32586449462162603,0.5431532364788243,0.06025453231431577,0.08730523202465967,0.7407093502277465,0.6448837697279499,0.4586922315552915,0.7662184117810927,0.8185680624065096,1
0.5752222964361532,0.9601684965441774,0.20131670944897884,0.15373130910917,0.15068881576387283,0.6096312883503566,0.2556956022570641,0.8254047143081709,0.5025920081092,0.8890436751058454,1
0.3100263428118385,0.70593057164344,0.4845052756284044,0.7831288720627029,0.456136789660313,0.805825281800708,0.5794285503595092,0.9684751984239535,0.5719918121163685,0.13180480007550865,1
0.7861540015319366,0.12401863433949256,0.8568124925100401,0.33153425449948004,0.3367184621694619,0.18471132958928627,0.3593031850496645,0.19008871080100775,0.9279112381730045,0.7614491368351078,0
0.45979419307771785,0.005111878473691989,0.029173577419780994,0.4227390228996575,0.5890515330017365,0.22864470854459695,0.4292342163007079,0.7649799336302384,0.6727989817477368,0.07765522978070383,0
0.9679915429404364,0.9662868011589575,0.4345617190982872,0.569760181005101,0.7171992790852917,0.9885225784935046,0.13602123550168754,0.006310444243669888,0.4362532235388218,0.30336644921855516,1
0.04174341133263049,0.8496059707255851,0.5456572488977925,0.9895004142925856,0.5460648718087623,0.8210014495010667,0.9279135511353013,0.5861266864235408,0.09170623648750598,0.3325646364441386,1
0.4746728168247414,0.918638945989357,0.964753940518729,0.7894474224250703,0.6998748458506382,0.9813631391274691,0.34845985180926853,0.6011731082353281,0.00597162997757017,0.8597434757752425,1
0.7253249335301757,0.5584447024271357,0.9551436490005896,0.6975051872904054,0.6382611441597068,0.4065518010259809,0.4338737118308331,0.5080789746657846,0.49571504441441616,0.3356496513564655,1
0.9908314858763207,0.4803966348318971,0.40854709349604446,0.43162924049296825,0.2419150193653511,0.18887771610821658,0.06294387742495156,0.11284048260549884,0.08876201880919454,0.17817410147593005,0
0.926926074817101,0.2923099178915878,0.35959594942431095,0.6549992051081396,0.818879143512181,0.4220531537911022,0.12498726355629874,0.2757360487687377,0.49749925736525313,0.09657920758053207,0
0.3515344851810316,0.2557520094310831,0.7271769646005277,0.6072680674400001,0.04404309816599827,0.09472561916278943,0.918143694279873,0.20812704524796033,0.6722861271699437,0.3389360930952636,0
0.3823281791300587,0.5768952313937851,0.3315621083836001,0.8684222815084499,0.2746126505612103,0.2787895026698244,0.16925030702137212,0.9778951124248816,0.8560291693329131,0.06640430792015528,0
0.6517066149480705,0.5952328853252746,0.08340074063938818,0.759615678848091,0.14770190784594173,0.5797859907314542,0.9105675293760593,0.8773241428687107,0.8999473717437632,0.3948064890561629,1
0.5940391495479321,0.014441510042533467,0.8211080712743265,0.46428424686272896,0.5195246428420265,0.2977128138875279,0.06694592865779059,0.13424844762019483,0.4871699580488936,0.4589507817496381,0
0.9161610566470729,0.6702072326901602,0.9485460910341099,0.3359647572823934,0.2894618681373582,0.2821203173643817,0.26256533135322135,0.6501494368968957,0.7699296614288869,0.5979340591943664,1
0.20873029424012313,0.07163361351579434,0.8067475274969129,0.9895995654233306,0.9525011129487518,0.3104266736040965,0.14213398043906167,0.3341319702377116,0.46585444950829313,0.030411617466119756,0
0.34632147940120794,0.8455653716801202,0.9693435254697618,0.8075374455090037,0.3809890580916393,0.7176432073173626,0.4572294791213303,0.5153764596250578,0.21623864837948148,0.21898139224481106,1
0.11522788208791324,0.5280540283840393,0.7742675952912156,0.5912637528022673,0.20838536618039027,0.06524760182753808,0.36575256238134324,0.5231183244056198,0.6757451125036223,0.5112691261868897,0
0.8264634265916726,0.19003243060399477,0.2765010324791739,0.1295980524904956,0.7277839972850915,0.309942307453391,0.6285044820077134,0.3490423274417699,0.8114146012569193,0.5942387163820771,0
0.1771211204415729,0.7172856963111547,0.07952568365212953,0.47578336253178755,0.07171502441711375,0.35228460558203445,0.2987685468783189,0.3059613539002166,0.7104552710447452,0.3579212245319534,0
0.7057414050716287,0.7575313445721503,0.2973151631275821,0.8792854377864872,0.6231652915587238,0.27466456822668384,0.31821737213974655,0.43085458065618754,0.27264091067703367,0.04227615272149954,0
0.029679516435151987,0.0670756778963496,0.8736369449383831,0.7819451118100388,0.788648585950678,0.8537592351742238,0.5765383212486772,0.7710174051980349,0.01211873293034238,0.371181795214215,1
0.7349147632574621,0.716383683276793,0.3997637725226941,0.29660998182029397,0.6675476229904572,0.39516046624120493,0.8667499069554487,0.24361012751761957,0.44218059611890603,0.27039081740981263,1
0.5999359979452416,0.4296237451081004,0.07651487108330168,0.3039100968084877,0.6271613726286945,0.6352561249531223,0.37791866613253267,0.21490398578296943,0.6185351184595953,0.5514886518173893,0
0.7397125561108051,0.3540232110549373,0.5348064232880019,0.9519663702948234,0.528646139699477,0.23655482404921702,0.3206546239696424,0.22619913372724565,0.6775858582776806,0.8741278282202624,1
0.9610537665323157,0.5856299373300354,0.9220882544484138,0.45690147246297363,0.9850755278674141,0.6579615342229054,0.6663777028799241,0.5042266440911545,0.5392920177059404,0.7885475817957114,1
0.43949386832366844,0.25069348886980536,0.09075012378897018,0.7240501400793562,0.4108454390191768,0.6593254375808778,0.28357885424757423,0.5808731281174688,0.3222190555805743,0.7453966306636424,0
0.8784385434567646,0.5174051854818431,0.46988446261742023,0.26817389596348806,0.37178374442668705,0.4495936783503143,0.14076099792767593,0.6555126765465301,0.4095813548543964,0.3520671040547184,0
0.18171639156063857,0.90563173911637,0.6869380671759503,0.5768561632423082,0.5808499539607871,0.1464820045913413,0.48350570800840975,0.7782222017578403,0.9485927032149499,0.7341557473218449,1
0.27490666079434967,0.28892641082718085,0.17252206434564687,0.2718632672243758,0.643055030248809,0.6031439133227608,0.3448476226541294,0.9418363906684589,0.6848725441557283,0.28435219878862505,0
0.13810848160747158,0.852247612121897,0.5267092564249983,0.3459941064566794,0.9146642788945726,0.5964467795650245,0.5699171058068961,0.12779106071172364,0.9573237251848126,0.9328735217420263,1
0.4881477527637528,0.24542694729898262,0.6546183012095612,0.3959018339792796,0.5019295900435741,0.8321763870690592,0.23576981625550875,0.06488016231564053,0.47106469445826527,0.30943300496195425,0
0.36954096982242124,0.8234962283824513,0.9087871100012562,0.35603988664132613,0.2317781608011802,0.6763148505596179,0.02138043474287321,0.2624623932262379,0.40682143473807175,0.5403661957534754,0
0.4998313862946754,0.9490612203500361,0.8113714646025326,0.38598042270276256,0.6818368394801337,0.250962667356354,0.7793146467108859,0.8795965089501045,0.15741125762174557,0.9934535876270176,1
0.8178947274767708,0.30938824207197446,0.8783233163780505,0.1530145443461306,0.8637391941484122,0.9002136016833894,0.31600381182982007,0.5766810411001385,0.764559954424201,0.3110830084888003,1
0.8715897356274449,0.08603705439807874,0.3323196552245674,0.18519996411722683,0.31556715728524654,0.2686421530484,0.6901669847995402,0.9986169279428851,0.41845695109414016,0.5848609626500726,0
0.2608055016970384,0.96176672877263,0.49552632372022276,0.21082370249767945,0.633839605483837,0.032884475075261044,0.24939712593706598,0.47004817525172105,0.9868853578604184,0.9072613541357825,1
0.02412915379989722,0.08850559390067403,0.3945014268273894,0.5725419131934703,0.9746833410899535,0.17460936552204587,0.5552160369340514,0.6086905522683549,0.6294267695968883,0.7515689786484232,0
0.767825375117785,0.3790377542037461,0.3740947958010231,0.7912395042288128,0.739697924478023,0.40884636562470955,0.2375690903065414,0.2725308695576423,0.38403866173087,0.9940323643026118,1
0.5493524974308026,0.9185651896394639,0.6057217757663071,0.5146844815396264,0.9767698829882278,0.8780949873704109,0.3716203834708055,0.13916412352971097,0.8016842975489893,0.7129480462986664,1
0.868645144643536,0.2908047760751018,0.9223515886537913,0.898355112878553,0.9941091663296208,0.20188434212294215,0.30407143027200634,0.840128382894764,0.24709107613786252,0.7527590310198469,1
0.04714879687691431,0.43898409280614226,0.4379283135264094,0.5720395495558891,0.944677012030912,0.7107847854761552,0.7379821535359068,0.10098142689931755,0.4275641993044861,0.1120614612858194,0
0.9998176035162262,0.4438937640951298,0.8126903480899825,0.8669310088019758,0.22497894129418272,0.37811623989232024,0.9572540011890261,0.1844576381981261,0.5825870989052038,0.2767097335556846,1
0.5114690142688358,0.8296489185202129,0.9109077770892262,0.5632968934987445,0.25522047636486467,0.38482849439686306,0.36382513595303334,0.6672969448699999,0.8462698751470786,0.618320932026039,1
0.7412126560540843,0.17822917684938133,0.021634519135819152,0.38403754068743745,0.7776434467575788,0.5613429913348734,0.009443577268889225,0.8238734662614601,0.6959878649478641,0.6341270870542199,0
0.6383294762409211,0.5277745538539216,0.1799355485761498,0.849691153159996,0.018371323704311715,0.17087586478496652,0.07160990524549038,0.31749561868988974,0.23492531558584318,0.057879641046505226,0
0.7857550070199601,0.06188006022564252,0.17743120410117919,0.7164158657362684,0.8847948719374775,0.7783623428300975,0.3412918041856787,0.16281688140668593,0.2523293062620263,0.08947110547371584,0
0.7914236383275618,0.48991818941972654,0.11277061586848902,0.7013470351249759,0.32989714304831874,0.7488891942238807,0.49906021838390235,0.32387654183061854,0.03671724514505348,0.4722178167778972,0
0.833579845191665,0.13371009802057976,0.19606083690578757,0.8942829345879667,0.32474645385937484,0.48162496083817574,0.7029673626532952,0.9780285072279151,0.5166361203619654,0.6657344446100963,1
0.1597820019320908,0.6057510688280912,0.9973870582787502,0.7888722038065338,0.4080941079582928,0.39846444792293456,0.20951803409266867,0.8138113288767297,0.1784205595395819,0.41152539854393255,0
0.24110527963364536,0.17123255728987086,0.3215546380239306,0.2988741336978824,0.4059389804161314,0.614843929023395,0.623826505363217,0.8752522497148804,0.47160030298831235,0.4452128346067997,0
0.39286262106207515,0.9726435905265262,0.7894241893200289,0.5112141994996283,0.6613851704002923,0.5842011930478284,0.5723962124480693,0.318156382414166,0.8675656676690819,0.6884506517748982,1
0.7226914489872117,0.3499384544277492,0.3470087624316829,0.14643305471517054,0.21956942868582374,0.16311676729493296,0.3850973761341743,0.16785791758810864,0.04782213306012706,0.8953438194550143,0
0.8503247442793151,0.4614751729487211,0.18723318332611494,0.020427985592427533,0.9277377568624899,0.9139222353299632,0.24390119499561635,0.9316737912270107,0.22642876314632776,0.8035301778214089,1
0.5606212958146617,0.36268555752354137,0.33992271448620714,0.17167741174176676,0.542968033894148,0.11145914724794226,0.5724307070875372,0.7101194152940976,0.34679674497243007,0.14633279100603258,0
0.9763117980195971,0.889975145762806,0.053912587107825205,0.159550394863606,0.4289842371664725,0.4636614678201909,0.8466710868499407,0.503183889379242,0.2767190258742107,0.5279599239951895,1
0.3099007483985865,0.4128007080220165,0.2447543009306915,0.40013811270162614,0.7806932611796352,0.9804162272435136,0.23811221120599468,0.031990299650732634,0.7414721704871599,0.1821664842145071,0
0.9769162996348988,0.9387100787262158,0.4594204046578245,0.26455198734798424,0.8476164218182523,0.1590852423864363,0.9355811861457252,0.5706250347901509,0.15408053547892164,0.39021271254768153,1
0.08274992763337286,0.47725492049044016,0.037547966708682434,0.25153704975524127,0.6307221321520469,0.9509619979493568,0.9681193000465089,0.987583812621941,0.7250863928035177,0.6623662611127159,1
0.40768197858399213,0.18402522929419962,0.7774108938505272,0.8288497935046358,0.9911044940507293,0.12459861643007353,0.04821733478412138,0.7128792653683487,0.2697028306494058,0.4020250193704097,0
0.8738676617564702,0.5200902194789256,0.8278933506928984,0.8950138333985305,0.19121286003170512,0.5664693474571647,0.8018602222578112,0.6490360299179201,0.26495461739226045,0.5760660787544095,1
0.997871367273173,0.6564715501236771,0.5639616879884909,0.5275793219565954,0.6844683734667618,0.7358799159311393,0.6795200347882621,0.5116837604439862,0.41642308919869475,0.22707724891700687,1
0.6328003144987775,0.9687381019427715,0.6294193436795218,0.09523606365193171,0.9689069293974119,0.6435234243596123,0.823160970026565,0.7694685029773832,0.28464672306827243,0.7154346790112331,1
0.31730411372150047,0.3232686790294478,0.09112815858053724,0.9183370780081305,0.9557616378788055,0.0988952119854174,0.7383084613862338,0.20240331850260385,0.43294427863322327,0.2147455972591955,0
0.22453884753418862,0.29007961872691546,0.7215432094630871,0.15739966765335933,0.06449522539889341,0.8897246974481723,0.9993696380715555,0.78950535540071,0.9269405229005856,0.7730012969879717,1
0.631988831226328,0.2590339543326986,0.6987381705925196,0.20687102939387259,0.5728178763473969,0.6383857892435845,0.7370931482280723,0.7914299090111638,0.6052028153851835,0.16618188004471535,1
0.39236321673039276,0.8336671789678332,0.9988355625450999,0.6925888809265043,0.5800341698777548,0.6412771680174205,0.20309839491875115,0.7953380977304035,0.9949170551189989,0.3438915202295223,1
0.7806251560022821,0.09699676430406656,0.13580015169396342,0.6795330699731783,0.1581583643283483,0.42370442330922686,0.20321981841660375,0.3533600492396991,0.5730776986148708,0.6462441705355276,0
0.4820281416009754,0.889541738462281,0.053477943616555446,0.15384390161716055,0.572157071531698,0.8203335069418775,0.2081437940857942,0.9459272587664779,0.3574253416243822,0.8205680131497987,1
0.6554579932431567,0.6373052104450513,0.9930430795000612,0.09187422874792395,0.031087815308959765,0.8415342862989561,0.3628605530697998,0.424973414466149,0.12653192494127696,0.8358981282636954,1
0.417820822370117,0.42025567550857357,0.5623842470329902,0.9730384363235989,0.39787339473338956,0.3503821941877665,0.47262677552334953,0.018891284385566975,0.5073419478785081,0.2732516012092675,0
0.23121700185419602,0.521154659967212,0.17275159362543102,0.38282948015200935,0.22530155618150738,0.43584791489758035,0.2731008116339093,0.1960865267727795,0.9063864692156606,0.26622311847412927,0
0.9128712008070313,0.9631869752495351,0.20119532152497566,0.5020179783546316,0.9078947508423544,0.6179479071496429,0.12247854502454669,0.19894462875376395,0.2725838465763726,0.8145497017991095,1
0.2178038452387615,0.4624018617751662,0.028114132438812334,0.6258706985271741,0.507595218753877,0.917826400710236,0.47923752134273556,0.25915382054335534,0.6566712690563804,0.4772665823115403,0
0.15234939372288325,0.6377168554162723,0.9570593820717846,0.5622063157864731,0.15936621786862526,0.3320977222805891,0.3884886236589782,0.3578229107433306,0.2264893575364969,0.207423879819282,0
0.28086809274729485,0.8054110974481032,0.8548392000439698,0.7374526568824442,0.6859907224256502,0.779440372417356,0.31248057255354234,0.5332844325995733,0.3868870198864428,0.04346494569488668,1
0.35775518404503925,0.4114203214357217,0.743289465497978,0.08495625025637621,0.8243641518369316,0.5628230588180801,0.7429466886078985,0.5478816928396834,0.9420510948820919,0.6347864318911071,1
0.698541745595282,0.676695448169936,0.5459347476592373,0.8261235862776427,0.2052031726664908,0.7485851335962146,0.8622928353696662,0.3689643257041565,0.073663178205841,0.5758626866908504,1
0.03171491362411083,0.4262945325138148,0.9621833218961792,0.5433709796909401,0.49670280214938445,0.5689973794958209,0.9193056340809277,0.7314912677158092,0.00546005126634086,0.023007710570324802,0
0.3984879801097967,0.04578250878174739,0.41904383579632065,0.7516848563127262,0.6250461533595528,0.39650652067685366,0.12592914870696892,0.5102245522597746,0.07193242324057258,0.5610665408037254,0
0.7542542701549679,0.29659567888290617,0.6215571639247459,0.42047501224338446,0.3307133557435664,0.7432670655325939,0.023803189259107738,0.9102544542944443,0.43787290563113235,0.22321436514260384,0
0.7695418455186828,0.5902057326716016,0.002892538160925051,0.5100078085767349,0.6567738572114964,0.6860112442871567,0.8575159922253397,0.6251200169339276,0.02884348216682353,0.5605309394178012,1
0.05160454492781752,0.7536966055434107,0.8501879321262343,0.3663289226374308,0.6148141208927254,0.3839879067686113,0.6655938286897991,0.1595734969844479,0.9590333263058899,0.5057404346234637,1
0.30792681781157616,0.4259554356019831,0.4409484546348952,0.5214833116846435,0.4901227874181029,0.44128001801469174,0.18087048139941253,0.258373090889613,0.7748751633616046,0.40923552064570734,0
0.32391461655379217,0.4497450866052656,0.7142536884378696,0.42100774673106434,0.32250473385113665,0.5229255255287509,0.060078317300334305,0.8006394724777887,0.6176483378685699,0.6194529438444979,0
0.01290861809740429,0.8838233513351342,0.7827786208670766,0.1030363895437586,0.6256954008209418,0.22996523898072296,0.4891098283629661,0.003072955791025067,0.7141346389637483,0.17771087095986116,0
0.7419399214934145,0.07931835511529928,0.18640346056410062,0.19974934998282556,0.7431992028516653,0.5250638206655025,0.9940755560724505,0.18599128815936006,0.9960045289314802,0.8552638286662054,1
0.013768774079883417,0.49854791464384196,0.5822106149501018,0.3643974342873263,0.568580326209299,0.7917633752577949,0.49720936625644685,0.17547024325825733,0.7968056214421861,0.6178501885407558,0
0.19866618901792954,0.29377000849198487,0.12346144527050373,0.9017994518838773,0.4469271424624537,0.021395533435152436,0.4479708335148074,0.8001952839272108,0.6110764974007719,0.786919856366879,0
0.8311173645964985,0.22919538911274273,0.053398622177519894,0.26086470487450986,0.15757024125133057,0.7385235044968625,0.5948173357156434,0.9073455782198847,0.1473716377203459,0.9670868646299723,0
0.1638051348137689,0.9790532093481905,0.6684006702357482,0.2969604387464161,0.41816888231686666,0.1446418766002402,0.5509256242049219,0.38800897524090483,0.7313721764301142,0.117316939359846,0
0.624913808110588,0.8534859069576143,0.6527979514138065,0.06705029268098539,0.9265609897082404,0.14945096581487238,0.9869860950365456,0.10120333520050495,0.29880849023371137,0.4944077019359563,1
0.7316425199183408,0.2255363024745961,0.8848971461986733,0.16451164237150095,0.7743307145180327,0.19450368194225165,0.4133151553650264,0.3594485057355552,0.4340800899910432,0.8045840445649324,0
0.924037900632923,0.7643003722835744,0.8492466260998901,0.8211537888588344,0.517711445711471,0.192739335007999,0.10438467120520978,0.11862587773513777,0.47496297238442087,0.4082370598494346,1
0.9998366370494854,0.5065513796581446,0.653050882257957,0.8145651949738273,0.14728549465099472,0.0059053458842937,0.49599048561588455,0.6803515385293846,0.6403750317366735,0.9609509179327741,1
0.8141471489247321,0.22447885159252223,0.8750464856168542,0.8871097474907097,0.3507759991789261,0.8626961250236892,0.6302439582470063,0.7646165168962862,0.906403075768537,0.14840680717015775,1
0.5827155408319442,0.557073503848034,0.3857342831090229,0.7679154111820218,0.5013351918120824,0.4753153619051812,0.1219255434820975,0.07046312090960927,0.9107808554792266,0.4634869486867751,0
0.9087839707363703,0.8928813868045454,0.7248556505616407,0.9667455180630135,0.2996020338329407,0.8513717367943688,0.21833679483010293,0.08305962348559504,0.5470561066932251,0.3697379803236056,1
0.03493547724832313,0.6361612111458981,0.42422113674157,0.31792435761977456,0.8113268361675976,0.5598114036619128,0.8287975123349166,0.9535438827655479,0.3927080889251786,0.8645514852800318,1
0.1501298964736657,0.5830023142089803,0.8789196385603735,0.27513749926439757,0.29299300858096733,0.4790380141135655,0.32777596813434884,0.8913543755384828,0.5451565175818259,0.7930302187036156,1
0.7044640859868613,0.32958065077285126,0.6376820469985252,0.9391195804389268,0.800944860745642,0.4800560990777686,0.678482859639636,0.916553484926533,0.6073313700860657,0.31559828362224274,1
0.42721244147552395,0.11311685498824453,0.4160353932843327,0.20383389733068047,0.6407521477636225,0.6796118197192972,0.719589167474101,0.43182295037953355,0.7934597399477764,0.12217877423910994,0
0.9687532500696241,0.09003023087084394,0.1055718530255777,0.8822513098147439,0.7566034112742714,0.11200552810551145,0.5675259829458514,0.4853445591204296,0.8685817782563836,0.34277884720845897,1
0.7562535326825911,0.20451558713306617,0.8963611620073344,0.26595047926926807,0.5797980640901748,0.46745978543384537,0.9347569944427986,0.49139468620296367,0.5255715907271319,0.8942826169930808,1
0.24493857730158775,0.31703970779180524,0.021000928752172077,0.6209138904265508,0.16665530469972267,0.040380205620196064,0.7195416249370677,0.7083067367759288,0.22264795573187723,0.16455006574521536,0
0.9988475373635916,0.9393422691734632,0.7205121893284656,0.7094642914451842,0.5034578790421498,0.9815009143590191,0.24707200824976105,0.6073935623768666,0.1203685191773115,0.9367855588035711,1
0.12037968106660113,0.7530829150755736,0.6074867270249747,0.0029604097400390827,0.15460065548121982,0.7397814480450715,0.0021164325850394627,0.05160736208775396,0.9523052274026811,0.9423438986098669,0
0.2660898772898763,0.10501831607545187,0.6480358175249648,0.5689325898219734,0.8307668413655604,0.801763575806163,0.008377479841737756,0.34000439989273024,0.33921727958288383,0.13618589109100243,0
0.3284499770147731,0.1972261818863562,0.2903338938308627,0.858183287750135,0.17017622194705262,0.5270012652006519,0.4228810368451269,0.6083821123900415,0.3094760976214058,0.09408295622627261,0
0.4327741713887794,0.8496700922905213,0.2111262279214452,0.3410329297581335,0.36097979409481695,0.18677385184327522,0.152148869214919,0.5432568463447006,0.258919214459299,0.8808302177921808,0
0.10220864558681586,0.19262394624325208,0.6977350859087164,0.8662744045605223,0.04140283233788278,0.9733234343465568,0.23530107712722248,0.042608668441408426,0.5263033551214378,0.748645302594086,0
0.2520893905653504,0.3390289814570686,0.5732481845485908,0.43575636287510744,0.7396764098351036,0.1238870802855202,0.6058574789748546,0.36448733706054204,0.6868633282244295,0.5186133048330014,0
0.05319205819680106,0.7979406372755218,0.43547682099856033,0.5049202163870615,0.5965868976923723,0.3353181874172999,0.976312485072094,0.09401456610761183,0.9311672921000475,0.13582576561633097,0
0.01465449468630664,0.6624539557134813,0.6297979120664398,0.9489407531035652,0.005512700416817284,0.17372502136903278,0.5381269199652406,0.8425671375497996,0.39861133014882166,0.36670711212706886,0
0.8810641881570372,0.22116585519394172,0.9006700394991604,0.3955525224311398,0.15505730651380756,0.02698235457713949,0.08141585179914756,0.24695176811004593,0.0031927420168954557,0.9117006738873918,0
0.9161898568189755,0.7866442053931754,0.5361877300684318,0.27818889110180844,0.4552737035945059,0.4088666753689395,0.27589715095707723,0.6180797669596855,0.8939601645635286,0.6839824426188971,1
0.6427517989729411,0.6679828631288913,0.4155937975812578,0.9231244674901493,0.5585801825351082,0.4009729178783662,0.7701197722294897,0.11410584777793764,0.21745790159328016,0.32230069049271826,1
0.5130239941060958,0.0972127388115479,0.4766962064511402,0.4447260805884641,0.31941110694546804,0.7387017269760034,0.5891595077168104,0.6182490664560477,0.802832060531777,0.9720232171987905,1
0.8535650508046293,0.3595351877973064,0.5304978314350686,0.6718996585166997,0.1442646213574027,0.17213020411289837,0.6654863466719122,0.14035960955040938,0.3707051102976312,0.8170453419585924,0
0.3072331044519784,0.03594868762120029,0.36745137724601007,0.6564352624244251,0.228664979262722,0.21703292225563553,0.5599453394402026,0.26361286381699156,0.985300637596913,0.17196716121697098,0
0.07258382555144716,0.011545082015566144,0.9487168023748926,0.8278244995137541,0.08181265970674056,0.09266286876420282,0.5097179878248933,0.018330875399900304,0.578722171098477,0.9451799107428104,0
0.05193210865039288,0.35011953102956006,0.4984062952076129,0.5981661566931109,0.06554196128010592,0.302640664714222,0.6761596356026555,0.6216402235741652,0.38257438347838624,0.7474460371070261,0
0.7157594310167139,0.34624608610793184,0.558929455997538,0.7875470235304045,0.09519244718330344,0.2321772838329278,0.33265098848750285,0.0325045272590232,0.2768128899190171,0.9918068299002097,0
0.2737137578872587,0.740778963789141,0.285323060764069,0.2896147330681911,0.23809635442730437,0.06095909874737404,0.08804119322312509,0.7714422253771022,0.8983560737956523,0.9148390147816265,0
0.22849767996120318,0.3143998743329499,0.2704363731156533,0.34313206979921973,0.18681999019269824,0.42868295025042935,0.4580055248823063,0.5636313723133248,0.7644914214572514,0.04217085816512878,0
0.6477286350698477,0.8522558953648317,0.3868910375921061,0.5634935547010967,0.2888822483682575,0.7677797764428891,0.4820799584710922,0.7224802432051932,0.5242247471989266,0.8617606162868646,1
0.8078919518071083,0.18180235119907195,0.22022659480008233,0.13491906090772743,0.23110462480735705,0.3959042836732618,0.15083411500149624,0.24801446586417297,0.15034823537229736,0.553906150362738,0
0.24454566430113767,0.5365403511870506,0.834147440744355,0.15368666285718502,0.041658652588535405,0.14497013321893282,0.2921428790662327,0.4478815729424487,0.26323726356372035,0.5996656097123958,0
0.9206379501911371,0.49163965572488144,0.9091186552936545,0.40914426684810024,0.20239001347634222,0.6168394669708909,0.3142418626913145,0.5874720517116093,0.5562125795476057,0.11318065882195649,1
0.029442871400291004,0.898478479309162,0.5445299968287066,0.3912155576997677,0.11317186224942477,0.8915746928913589,0.568371020166502,0.6877181902192413,0.7235904049941568,0.9573434084358382,1
0.9065840014163545,0.8146195431529407,0.8748015057497256,0.2600870370561751,0.03715940171904908,0.6778781992095815,0.39508867229594924,0.9331595277693281,0.7088098591124283,0.6065616043789459,1
0.9087291610365451,0.493426971570464,0.26857786742840106,0.1407768151402512,0.331852108758129,0.41966700438249516,0.5871183730017607,0.4800002740197188,0.16032997485715672,0.05761490562332672,0
0.7876595792317712,0.9247820537103517,0.006019072728704056,0.9172571465551844,0.7571731326820911,0.7502209595583833,0.28090664713199054,0.4604800922102319,0.39897889311026,0.046820789568156496,1
0.21978179762064176,0.26026821354188434,0.8899663178020951,0.6454975832315364,0.050391775184036924,0.5909893429732637,0.11031827994142485,0.19921493252204014,0.8707172353313746,0.29331090831415374,0
0.03095635791810014,0.039103155410651236,0.8215324368724263,0.6719521449612651,0.42866688774124184,0.878862599726302,0.9202973346018947,0.2068764296895429,0.6154083765009547,0.8961856885664999,1
0.8362150478584144,0.1407027893829491,0.805871598303775,0.8685872631686147,0.2538020813138677,0.5302306592922535,0.41772344656963645,0.7324104025867725,0.07060300287250976,0.0738800128664795,0
0.17424138590783267,0.12769513607632688,0.3401902030109162,0.42999733356557046,0.43798953886345426,0.11386610983588519,0.009661398996854698,0.09589820208596023,0.8035986711295319,0.9300594822073911,0
0.17664973014360041,0.7530849680120967,0.8481914069444297,0.47041809557854575,0.28166495319452445,0.21476165114502965,0.6969928405866572,0.8500120736686873,0.8758028430939023,0.674494005900457,1
0.567670034307732,0.9167326527512083,0.11882022963707617,0.4010898231117699,0.7782825890614609,0.22095802752968718,0.9635781533684459,0.7381603623870702,0.8004066952073026,0.7289366400303282,1
0.8789765119114313,0.25660552352693233,0.9912608632971309,0.0343870935366134,0.4676388998589336,0.5816712979353978,0.658642915783838,0.6988148752149766,0.6189164584121124,0.5041567157594428,1
0.680728113602005,0.014828059495340162,0.3774774670655785,0.8077427654422046,0.5815924208648516,0.8664900314167986,0.436435199804981,0.2184710339855651,0.3536076712158346,0.766559734891647,1
0.17326948933129604,0.27455129944828405,0.6184152637711154,0.89975106343972,0.6863956571623616,0.08990489033048765,0.22586153549974042,0.9035105045043603,0.6980562148374085,0.6782850132992096,1
0.20338217201537334,0.7393024324655735,0.7052280019891376,0.8765895561748056,0.7148053639888957,0.549780846828221,0.04372538725030706,0.6001296541134834,0.5879149335719052,0.2176095971696126,1
0.43524888541688644,0.8193670098630765,0.9547351445202815,0.060121745834523566,0.7504170691454286,0.35571568452551094,0.6738417284074074,0.18643020843110347,0.9362948782945723,0.7270497297926924,1
0.11214387045564911,0.8176113238959306,0.11910572461107138,0.6198836526205072,0.84732483599889,0.6202806315282241,0.393757067980408,0.736553909963223,0.7319183297832313,0.7905594262287052,1
0.48540355876234076,0.5421863754006356,0.13323143550462369,0.05269421186551204,0.15508223226090478,0.595503789764261,0.2824115345206699,0.3185600194758814,0.2056606480911266,0.7003351312142309,0
0.5878861136884399,0.9048323349476689,0.7964336790465474,0.9049946044793519,0.9386093487599575,0.9605482308290899,0.027717781340254044,0.7711951909155875,0.01606827915176856,0.018463553686835943,1
0.31734797812583204,0.7090928259128271,0.97497704371545,0.1622495756940826,0.27874183389339746,0.6007574755206462,0.88085419656734,0.5609418486052041,0.6554216161947795,0.22769595896592032,1
0.3282421363005712,0.13747964989492212,0.4637343694445867,0.2004037849610304,0.5674806558941544,0.7815490482602369,0.41524539538806315,0.6598106740305137,0.01692060074913171,0.2677021720399728,0
0.9718587877237835,0.053686620675379215,0.0922829344724142,0.15376690158265804,0.02711153301481206,0.04890228109717776,0.09930306605118355,0.3874097258931192,0.9192379429652441,0.42649546968829977,0
0.4364797096812947,0.6714076265614717,0.6183203809137366,0.36523191110281883,0.6610923601743918,0.9998837956430614,0.7258402987636985,0.2845302014068566,0.6780043805860154,0.7626165319469073,1
0.6939192695844966,0.011359950567237487,0.9297878086490406,0.8138169101858315,0.2811476554358212,0.40169889282231486,0.49487498261975205,0.9378968356174222,0.16022012916357797,0.5105958367583997,1
0.44228008935878427,0.204353488806283,0.9920024993925582,0.7763104004576422,0.14879134526421267,0.6336851168459335,0.1562641454507805,0.5080753471266236,0.6628187843178197,0.7183936102139143,1
0.054128951846575735,0.38234108358297514,0.046474490798399715,0.8849438337627662,0.44379739095388293,0.576765111314496,0.2049855486216149,0.5094550766477787,0.21431269675102227,0.34325895799102524,0
0.47793015274664297,0.5227527442216462,0.23912376861576734,0.2659782714153188,0.5240382070864944,0.2919276746337476,0.5066750306258749,0.542986613431161,0.9666319202823416,0.8816545484709529,1
0.7150449090549972,0.39808286166138085,0.1494722268237687,0.2626805336255724,0.723395751545419,0.1554245303410935,0.5835767759749616,0.7561840223402894,0.3058230758533662,0.8324419012991369,0
0.8279732876138092,0.14653615462908742,0.19656205186831355,0.30880480318123726,0.619744500142863,0.713475562131761,0.31194635988503505,0.3293981429862951,0.06078252107119908,0.925851857746459,0
0.7362851649156887,0.8910947385845697,0.3936986532356245,0.562614136018317,0.058900605159827535,0.5965796150697772,0.25224137304934513,0.20981711901099898,0.36560644897693184,0.33990532992056754,0
0.1310114821679571,0.23175650449044305,0.39758564316230194,0.9568745554979626,0.23327271652049675,0.12842736482522898,0.9469629181596111,0.5231629293695707,0.3095583550688631,0.6902409756184315,0
0.0016549985710309079,0.9302767577589038,0.5045344761783505,0.12708904659774245,0.8350614471167148,0.4638614407635445,0.8348509024508928,0.9523120776586728,0.4172873786836946,0.8877211867894774,1
0.17992460915542607,0.5810727340308235,0.6847454305208521,0.375232988949297,0.7771405422971884,0.19239844834011122,0.17296987905919192,0.3132468401538515,0.7336291494931649,0.5931307121897296,0
0.06437720713889061,0.1920211146675347,0.49650454097121255,0.6384374814870948,0.11653603859394446,0.3424789110317842,0.8064779261993764,0.2755171038864772,0.7264344913771548,0.8846931973752427,0
0.15394863777231593,0.0014376875002313216,0.6250265317884265,0.687797118018348,0.493914223779646,0.16314668998826576,0.44003740707929984,0.7949603518240866,0.06377984022569705,0.027664301446245765,0
0.289372875556158,0.547351268357803,0.5244225164307986,0.7054348702487285,0.23578204541585845,0.370469187098626,0.5915391794322805,0.0013802954233089748,0.23689651028382397,0.07854012703770896,0
0.9138972990566605,0.35496603473741484,0.7749619381915135,0.18269408532560916,0.4134839553649774,0.6699819104142999,0.7754911795707513,0.3299929164373444,0.827433405529027,0.40544846487799213,1
0.7891433269558717,0.2852685676708223,0.9546394296058515,0.056598202309687706,0.562635298370639,0.8367307260202498,0.6365377554989134,0.7123288476921465,0.23497681417306504,0.26840829554951795,1
0.05841373239237191,0.7380175061650146,0.42942949787453455,0.10047682942979075,0.21154804839344465,0.13776354370127641,0.3770148042973184,0.5061782404088123,0.8572001660979597,0.9475921631076941,0
0.19560069571483463,0.2554204582066787,0.21690947057023324,0.8625488084685654,0.2657017283622648,0.3425799286372523,0.4726201478424289,0.40737927317802625,0.2854263935420036,0.1494560227560663,0
0.8823951266267775,0.30622849807852415,0.25924026975236814,0.16653473762990068,0.1934266732007296,0.7106453333962315,0.5049430095255807,0.4655490420002848,0.35806568582162146,0.9665556685555186,0
0.43013449165942585,0.9061545726570899,0.10856321771653188,0.9573004365206766,0.24833190054573429,0.029033249858435584,0.03783674753868593,0.07495387561734879,0.05468315799130463,0.7764335109478788,0
0.2680177061333041,0.2587272402738092,0.9897417794509467,0.4023265584165765,0.25234330595719134,0.16109572862296828,0.5300641612456994,0.618169945312594,0.3417273675248387,0.2464089521806243,0
0.8709584982587231,0.5966203171179705,0.6150853332814955,0.7830921758886408,0.964308223095758,0.4368159260444403,0.6264670221119963,0.20436563559489296,0.19278321411797705,0.2190821461618031,1
0.058809671906511984,0.6245699771350725,0.4296608269050546,0.6463776257506549,0.5658537552529463,0.4611853596827282,0.12967753474975707,0.2820723885388179,0.044408539428428706,0.627461052612146,0
0.89856161876424,0.8671788052569771,0.11719999664211078,0.1958752522230781,0.5924472889962482,0.7963402721785531,0.46585490190330636,0.17923760736151584,0.7057587244606878,0.39481643401908584,1
0.6601640759529105,0.414933850819068,0.2965022461780107,0.13923368421607518,0.0395983448610161,0.050752873236473706,0.08826597099112632,0.7266056230565647,0.1986293294581588,0.4775911701521255,0
0.5657664866898147,0.5608772668283021,0.7484807970506684,0.35649488852101174,0.6437803962016089,0.25650189177263605,0.46121837950933886,0.1097175807849845,0.6893064375894039,0.02477920970758063,0
0.7932529464789541,0.4299540758066406,0.011870299364474146,0.2643652838455429,0.4447060106154316,0.6382426490977134,0.3854656819632828,0.0810026057483203,0.5746626942705386,0.4678776807756937,0
0.9973573974972577,0.8364339444673445,0.5519856080346486,0.46556117251259244,0.844777170862187,0.14927269698228762,0.25038888810466653,0.307192010212074,0.5983229765109285,0.01827775945889676,1
0.1371668204670634,0.4107321688479635,0.6398969739019433,0.6443685813083233,0.3930712298460345,0.11215153346866469,0.5869690927287328,0.33934600494906086,0.5062462960276931,0.14135778677438005,0
0.6021634792865589,0.2323410517824014,0.5006334522894599,0.7622286439116142,0.79355868972069,0.265186328688644,0.6539583996599704,0.416945552010224,0.9475089466454399,0.2229036668490827,1
0.28264181779822184,0.6816089569139264,0.9903162045128004,0.39106975416439416,0.315231562447987,0.4808517011458837,0.11919750458667167,0.8906199453981066,0.8343985390866933,0.9093214964549655,1
0.21589473593358754,0.8961493093541228,0.5034500350662711,0.4886572177047426,0.3469819469697053,0.7022798887870116,0.0026413246222853903,0.873240615540993,0.9438749079215774,0.5965539067595153,1
0.1919549837115191,0.08332448589115626,0.662428384154701,0.3207186251176781,0.9552196228699845,0.5897160943951467,0.9729980579871118,0.719915276210784,0.9892201673249857,0.08333434714741228,1
0.802512594274355,0.8930611850280825,0.06209683964574131,0.30275487445208515,0.019415838454960865,0.7322535973777765,0.7654452556700412,0.8106146599724228,0.06746218816431193,0.4611822204920891,0
0.96326104631226,0.18653283126956144,0.38945487561089653,0.5431648320409209,0.25202091978586116,0.7484933357297403,0.3978319974777693,0.48285686404722783,0.7657313547711472,0.5192840690948921,1
0.04940960398806016,0.8159833619949999,0.44240895177333284,0.07374251473115423,0.27451023626995297,0.13016539898917812,0.2107369959926123,0.38910149305373243,0.008428304525852193,0.752195663106648,0
0.6999623370568041,0.9855374083594685,0.23643802930879831,0.6118392455638347,0.48694250582673204,0.8158227588409495,0.256107875308041,0.8053880316298907,0.7231744482153004,0.8575289839989837,1
0.08683046125419658,0.43354357246452424,0.059257487241528795,0.35471051583286395,0.4928999040681854,0.3124255174369842,0.7297670525578326,0.007242619021055163,0.6760010095385411,0.3663363675468071,0
0.8298919713605988,0.9019231694029826,0.4776924297001679,0.043649458958564535,0.9552536668649174,0.48430688460059235,0.21007878738417507,0.2785663241404889,0.8364534269380897,0.7240859561793301,1
0.805730510476691,0.5209500294345065,0.2021946931810088,0.892899514158535,0.7030349092579729,0.8845029764607466,0.9508810391446949,0.5737084842158838,0.14531718562161233,0.5025049851529079,1
0.24732979166787084,0.4959712363599471,0.5003284171887128,0.40837282439423617,0.794908922210771,0.49617736907934806,0.8875943085826672,0.8737073833688078,0.5755440786477184,0.27185093016073325,1
0.033274557917379655,0.3713419933572556,0.030475339774491794,0.5874765356770232,0.35499323856113496,0.9233605632725058,0.9634987669991973,0.0055147336142842285,0.7637439665374,0.7960244038685992,0
0.7946890692003863,0.1306835765632851,0.5939458134792904,0.7780492187796942,0.28111025728687145,0.08365013023510648,0.07522556783595613,0.7806494661288939,0.6204836047838233,0.2417675761865743,0
0.10200467957847659,0.7250642015864706,0.42088980741632764,0.48629223542294486,0.8927328122563601,0.9480689221084759,0.0267944422760219,0.2826695625160177,0.626920099008949,0.8098283446691533,1
0.6115564407746266,0.9354694095242295,0.5571082103300277,0.6845161702354963,0.6530309231257934,0.5785834223149523,0.3798337488765541,0.16760129676632218,0.9802170452587388,0.7878791033301098,1
0.05465650388650101,0.00014005825874841005,0.8866734142340875,0.11750256527076297,0.7067181831544923,0.020010141508601476,0.10802794780788605,0.45472492654675034,0.18092413221736658,0.7757344737435863,0
0.8788014012631428,0.9546414571349597,0.9096367883736964,0.12060498254635832,0.5494204241097416,0.7287962669306197,0.12154992398297859,0.7809800186680762,0.1816840430889901,0.8140494137276346,1
0.8997612165974166,0.47628879872508867,0.35412100168042704,0.48887269997204363,0.42213710561110096,0.90309646893468,0.20741358180481695,0.25722882404151726,0.2313628642672232,0.14644925474146264,0
0.9325607659713225,0.053145685826188394,0.17515422153389737,0.30497954830503293,0.5234132124981786,0.01199575985467749,0.6147051562705751,0.15622474931213204,0.5289994856238938,0.9182593288196365,0
0.07093192281944238,0.584382894993531,0.707330403428556,0.511653574613772,0.7150949894869562,0.3964717765585972,0.9051617810831246,0.32569756748524803,0.6282984292971525,0.9216793057991087,1
0.9100147265199761,0.7789686669742001,0.7488773632897924,0.9116804632527634,0.5020518427591802,0.8609764676990284,0.3373094733303117,0.42832382095588617,0.15799494964568084,0.2285062733765102,1
0.4024274581728218,0.37668315625188964,0.2984059494778216,0.7019291169837969,0.3939748969319846,0.918876982293527,0.9067972896018972,0.37963152518642695,0.8598257625541501,0.8266066368249861,1
0.3334566786556613,0.31203135639121016,0.3769570588397382,0.567142508238521,0.09140803086280569,0.7890727662008276,0.6126562067073165,0.38287615917184303,0.464006368858191,0.6935366507595588,0
0.6067334226326436,0.3590180699187485,0.6495384640364129,0.44636736725376214,0.03677975295475011,0.2275585292662976,0.49803900751592856,0.8604118944070608,0.5069814564352844,0.671951918156459,0
0.09718185840681459,0.8619463177279494,0.7620139943404038,0.8498467113508092,0.04178831164768615,0.0012671789196100347,0.8274475196432192,0.8604366959648827,0.3196529214523832,0.956628397894053,1
0.7180503535581965,0.3287827137919518,0.48365439147296585,0.13228654092030134,0.10749715558779793,0.9194743902943001,0.64637833222417,0.4430783498740186,0.8077312423721597,0.8194968536327186,1
0.12904291759122788,0.7677008362942941,0.30524345437860756,0.6187469101371036,0.12596409499124328,0.5614352224681614,0.7857298086374875,0.24573357452263345,0.24040593971225932,0.7346342476859445,0
0.1940091293310341,0.9997404520427566,0.4523190292071301,0.7206072363933527,0.11958558472607539,0.31335587606147297,0.27651814730072066,0.8331435869247872,0.46059094421585467,0.8695681637224558,1
0.2851221776356385,0.7543245411427616,0.317100568537135,0.15730968332860296,0.30989678918636543,0.6126473367043321,0.5102159259459735,0.45434565020212203,0.22245120395055462,0.47171909698981584,0
0.16898447318151733,0.7358574572654615,0.23781099632598046,0.645882458566438,0.981268418366452,0.6909316049319303,0.8979852211516048,0.3842494912262707,0.5718767236425515,0.6333984650513652,1
0.8172116311106791,0.3891759695004544,0.3822076653056429,0.23180138563417685,0.4173437611985633,0.5941607597991967,0.8621852234465278,0.24663035925808807,0.8400356503273311,0.42808420900775257,1
0.5147656784638438,0.4498688952381418,0.7484964252982701,0.8134564441719186,0.024235488362017388,0.1064267089936679,0.680757876998938,0.48596375040073003,0.411777036140905,0.018629344056515063,0
0.15096103355737955,0.07489713158148303,0.06103586348697798,0.15170738681923812,0.9768083322834625,0.9947915470037229,0.8113878557124465,0.02673059613448847,0.8605733491337525,0.6916414953672922,0
0.6124802382160094,0.056662185681862764,0.415569822543417,0.2448836818564284,0.43088866021181726,0.7159609021005017,0.891475539417999,0.07807537252079111,0.3752767546586051,0.411174373466482,0
0.5673681386296909,0.6774974084100143,0.7508896675826853,0.6207291704113558,0.18324810847376694,0.5258678330508219,0.8746766175119766,0.05683593204483972,0.6344951788121772,0.5331228157706985,1
0.6880247247099932,0.6314694753245811,0.7532896205539495,0.08417443955812842,0.9358013929894986,0.8099852769234029,0.4590385320095315,0.44611924161318606,0.4006313671322995,0.13268323777326496,1
0.960535335097108,0.5833204407887143,0.05138276659430041,0.6185766325205814,0.7460613681774181,0.5767876908542029,0.49448573070896373,0.6296844345798681,0.1843748870887778,0.6000245869879859,1
0.11717399869156353,0.8537460238396278,0.5476541698100812,0.015335499657842977,0.5645483071954561,0.8307908552694189,0.2978225474448545,0.6794134268260087,0.31616212361510687,0.6404088683326294,0
0.4144545319263878,0.0444080675478431,0.20546033313931011,0.4544629614315556,0.07019427513523768,0.31122583193814335,0.9588000849945124,0.058337536607353746,0.6986689688786417,0.026412075003642177,0
0.21393089174403646,0.657948660985301,0.7151382853459044,0.8692902239024031,0.6923631044009019,0.9305982097815199,0.4731324444043039,0.6041962280802775,0.009121684403750163,0.6833453829652024,1
0.44887914511546334,0.2751420250215224,0.7496838305181542,0.3686011342685892,0.8705266425732803,0.3107463230713988,0.5861534170889642,0.1128172609382776,0.18944194218066301,0.1303666764692325,0
0.8214430328436922,0.03055323884259431,0.41497469542651677,0.6679315520807922,0.8118722658298223,0.7544444530631271,0.5305281260962761,0.5197425221595944,0.5432965272532926,0.9597722688067464,1
0.9334717948009702,0.02025650207987184,0.5704939742510546,0.4819320623794241,0.2815243129921813,0.0965504368838348,0.3913625793992449,0.35141607410684217,0.3458032410188563,0.552796443745479,0
0.2822439272027253,0.6598044968075771,0.2690214870185452,0.5246744665158105,0.8991640195866454,0.8949784010607691,0.010205968287069656,0.16679360665287513,0.608815434323025,0.29888293723152226,0
0.9137257513801157,0.6474623155859442,0.8658266054798565,0.8394330072815466,0.4532058744946852,0.19413080330388366,0.33069281990090615,0.1087643582165777,0.34987548715154104,0.13118171681945867,0
0.8426015512818605,0.9076309609316653,0.5480446473287334,0.18304019244851222,0.46800119900279147,0.5630532617037124,0.4352436333848758,0.4372225898447243,0.949484579960769,0.3728876004568408,1
0.5181350936159871,0.87904908342437,0.7694730589875375,0.8781900899546892,0.0047344402790227,0.41290317806144494,0.7407038144038424,0.6313747487174182,0.5636971973957625,0.12013044134426032,1
0.3378515769158035,0.9192683538447634,0.0976538619937426,0.05322938498527818,0.04117837809764768,0.5903873661608091,0.358676004761473,0.1484362689926677,0.8146747515825123,0.44084961693538816,0
0.19782037618335158,0.1605490862072857,0.8541708607269735,0.9751975630820261,0.04902607739006348,0.3419118297823097,0.5065260881369936,0.7504662325753764,0.6278166262135237,0.5664335701816792,1
0.10304585708474401,0.2063327107997669,0.46383335246878665,0.33355372074795697,0.2591352748663799,0.7825484353767811,0.569050345808456,0.49258936828470523,0.8191816820466504,0.8884924611619552,0
0.16719896391475375,0.754396442829534,0.12291312651578501,0.9297929270332232,0.7269175481404175,0.16206287291409815,0.13702286192141067,0.7673835264449291,0.5579196523274415,0.5855181761332905,0
0.7575493865314008,0.3074628966043079,0.9030943288316202,0.17574942800453186,0.5911330562348216,0.28593722427168655,0.39893616596254544,0.8896494170118213,0.5730221555325786,0.18461250756692105,1
0.853695145106787,0.7816622418697233,0.8218412660791755,0.9439425882287591,0.7442959879070196,0.619257062070675,0.9408188929684138,0.027748392096866192,0.09381865510130472,0.8452666433880441,1
0.3552785337781412,0.059013827995211154,0.014940843109025104,0.12381855365246763,0.7158055131778172,0.12493493410546164,0.30115926481238986,0.8473024177981894,0.602629963012249,0.2985386427064848,0
0.9851133691873057,0.11459378701734535,0.25864749325647984,0.2251172876509595,0.2680494082163538,0.763847984577426,0.031119249001261284,0.6091634824109284,0.16609046858708465,0.4178565664064352,0
0.5495158053076881,0.11462387432680432,0.993609536434951,0.18830739221606563,0.7699658196898667,0.3071328471519159,0.18466535989501875,0.01950626183085702,0.907328377162089,0.7735399600986972,0
0.299458456744247,0.5202581001932002,0.6041185243508611,0.44057319650970694,0.555546036710326,0.34016119243849985,0.5661036120721937,0.01207270886586409,0.26176629282303776,0.05970167153535488,0
0.6369245697210236,0.0011180849424764494,0.9691027064919883,0.3435886305850643,0.4723242921074984,0.613827455781626,0.8597745586321134,0.6718906911887055,0.11548328323875257,0.27364263658284604,0
0.4034139003075071,0.6433251229649967,0.5316254427113397,0.11554641213728933,0.07639357470981623,0.34184907410319465,0.027618579710660063,0.9937922936736673,0.6251425234598621,0.5703871935274564,0
0.4513132081115947,0.582239597827237,0.34221662057731417,0.36442776397537346,0.04103362635305263,0.030403523834636403,0.528745744374085,0.050591862233204776,0.7216710828883756,0.37010425471938546,0
0.058500095949335695,0.10622984465820828,0.5142213127217576,0.10893795483731206,0.400593758500421,0.8031264301057742,0.550258749594301,0.746224766091949,0.8005492268905529,0.6191983183387397,0
0.7116866190700277,0.824469555861275,0.5585213406530839,0.8406895045496336,0.1727413553477386,0.24956753773287044,0.0924511543174753,0.8774909154296043,0.2121609438378429,0.9548029282375947,1
0.4231500503596537,0.35398027953010347,0.7935244067082797,0.7978374515233633,0.8911954524108149,0.189476178959054,0.36654346558728057,0.06142732029381259,0.8811232514195257,0.998160345146898,1
0.043035264095368064,0.4807655927984473,0.015247888497297635,0.838818493190705,0.8194794758596617,0.19427163904208444,0.6436382930144093,0.9940668569670075,0.0010746421917147142,0.2710239383520394,0
0.24689290025524635,0.1351128556953768,0.639727689534286,0.14117729048107475,0.2788216739962167,0.10079405154479348,0.528236724664531,0.18230711161981428,0.411528229903108,0.8846125198910524,0
0.09633590344149101,0.20681107725660086,0.8485371024898624,0.22021934196181558,0.1623426316294846,0.5621127260943567,0.7635961254518059,0.25427574260848207,0.11549286394091252,0.7780871047527538,0
0.5739795687195061,0.17261837584661555,0.39427405688116934,0.40451486483984944,0.5470649171226687,0.8162201740013861,0.5410194506630033,0.13665881770678556,0.621228055519981,0.6304671922239733,0
0.2674448483065721,0.3675801545890751,0.24666166325184047,0.33415001446212333,0.36462596700598604,0.66426327568242,0.6032460186201201,0.8304657620353688,0.9550466954786022,0.26568933308651765,0
0.2901607921621362,0.20963657373026146,0.6876144080589904,0.82298120106399,0.9595404832110455,0.14467354364398854,0.46506670062513233,0.7380346552357858,0.30411335844619647,0.7161979646100344,1
0.6587292342238023,0.4886037570541978,0.9173004212027727,0.39859897151597967,0.5381544285311186,0.4498340663490932,0.9345738719327205,0.37099973303316014,0.004995166725861644,0.41407475291633966,1
0.5663290946546737,0.09754940825778835,0.05207197602493241,0.32717673938068503,0.25163258921922427,0.13182697950680666,0.9398512709763037,0.3202128722067792,0.7271256928913911,0.24929408466072167,0
0.3158937349165394,0.46282668775771674,0.010122363981836746,0.1945581777426173,0.9796746520411265,0.6389136489868399,0.3299811629921424,0.46113144662900407,0.784129746032665,0.9241419609884699,1
0.7205200250518757,0.3119028636046278,0.6935862390312943,0.4845075833061242,0.6272215783642352,0.10226039160678468,0.3508464699648016,0.9277834508585352,0.8328616052428696,0.9918300379510845,1
0.8925313476907581,0.8888112673276836,0.651905889389349,0.8722185842315546,0.8945307789363537,0.6082230529443001,0.47643825252128336,0.7003620413049848,0.3333204218346262,0.06267748790718819,1
0.1387975216639057,0.5013016503188847,0.10730600344471153,0.6396774978774346,0.44675444847035983,0.9407072155103404,0.3520739531305409,0.3671968496023973,0.06753805354507214,0.02160202345862794,0
0.12512804336393268,0.8133684568476044,0.9363545066458056,0.6246974272476228,0.6520775837774323,0.7018031008692336,0.5398416890563197,0.3215569948697009,0.6621632844397557,0.7542550029190584,1
0.26244902583308016,0.3469673304083495,0.8771282238913553,0.28400037647112175,0.9789603683069363,0.16945840633265297,0.8592091077495778,0.8673466187194404,0.4983494655430878,0.8676437330327613,1
0.24102763281633277,0.8308026959248414,0.12247730913489285,0.4756815113548021,0.8989670474240833,0.31503247897669795,0.6289931657204426,0.5684067245323375,0.6901399119427627,0.31806846742277095,1
0.8539346339905197,0.19988729000589633,0.4230155372086345,0.2662657327538115,0.46955575019784745,0.2962856314075769,0.04537544461581333,0.8122374260020946,0.5454138521622751,0.11381280951174211,0
0.2517080038337801,0.6506797500075526,0.8383422475541028,0.18127636036038386,0.879994430080043,0.06809993211004839,0.2590133200459901,0.37279591291726355,0.9370841407208212,0.2197873522283924,0
0.5790890032517163,0.9783048526659105,0.8413995236371719,0.5155859776544063,0.8191641095732638,0.21416339440208965,0.5898752835685203,0.22693940618617547,0.01981755587734013,0.23220060879714688,1
0.19755445316270814,0.016806073064432825,0.15833181723769296,0.3954268619035175,0.8841923191072565,0.26265883110502075,0.11702319985159038,0.561086894382809,0.10307026515668627,0.7385425131824674,0
0.9703664348448133,0.7793551976523027,0.9751501539101752,0.3140637405047453,0.17993561509316003,0.40738350846859595,0.5972934252977058,0.022995461020518526,0.2299583451327587,0.17527150205947817,0
0.37480424261127476,0.9072634768676884,0.2107245981852739,0.031383249209964825,0.11566914668732964,0.787534126648129,0.28099227084094847,0.573310593207435,0.29377358614912563,0.2217605556930312,0
0.6048179278059473,0.07829270564700386,0.7946402061874668,0.6895188771629878,0.6151563598322995,0.8450596501685553,0.801169287245446,0.45117794558612234,0.2893946379370701,0.9992326609243077,1
0.23887831501356838,0.07417737022177573,0.6346782673375834,0.06592055397443597,0.6030003321678045,0.33937703545025144,0.7721044404008912,0.139114661413676,0.7591442418587868,0.9387569796236591,0
0.337338525091625,0.9508228053631981,0.43110741294659294,0.625199621750859,0.742630078077723,0.58468419379135,0.06261436898836104,0.3140141517393177,0.4431465526267754,0.6590134644248361,1
0.24254252289296951,0.09702272415871205,0.9678673426174462,0.2056800458844783,0.9844563018212733,0.5455961800696852,0.5109688002659676,0.4996033587026698,0.3691013495124391,0.364944719300061,0
0.4682796910945989,0.719294667307303,0.41861781152515554,0.0481611702697331,0.7212237929428046,0.026969052264081084,0.3623517116890963,0.9178701174374206,0.15386179271317046,0.04667353760061865,0
0.5982846312941443,0.7646668691348483,0.5476750463485467,0.7976758128948181,0.3335212475351501,0.5870590598764543,0.36965958618847317,0.2753390978318063,0.023974965725059527,0.5537948319138897,0
0.3109892673085053,0.43073160292439894,0.6439276528982671,0.9732885354579457,0.7300445637494866,0.4708208774219409,0.2073818764347516,0.9947324251262787,0.8195042726006868,0.711049521272832,1
0.21755966408452365,0.34172322818440504,0.35999872300596203,0.8624846709438762,0.5472345139018127,0.9436411522329056,0.2145077102976939,0.5960500182797774,0.0842791880066549,0.4967512837911823,0
0.8058914792540836,0.4500655002319913,0.3555461251886307,0.8261150128543613,0.4574784238777512,0.5582378612879467,0.897589621500375,0.8611129844347774,0.8990325436102544,0.2730484518262013,1
0.6573666021449509,0.9994500716876378,0.7382227605493629,0.11474734072155657,0.15715199038397365,0.3573893389275855,0.6490928470156421,0.5692347918704834,0.46669229903107967,0.9779860368573983,1
0.36914175635996294,0.3237854301222516,0.44733938523027716,0.4227935102590158,0.6905377863548912,0.618617032939073,0.26997602452095504,0.6573345811075646,0.36968521678808697,0.9045042545095112,1
0.7208744732812101,0.575053558014085,0.5025867846971284,0.08704235190731913,0.2503787739806461,0.08761098601960471,0.28753724603132025,0.9779779472450574,0.7818662619952476,0.6420201843607788,0
0.5523121973503959,0.06252852584402024,0.3008020980366788,0.27696405669282187,0.8988793688633032,0.010634197020491065,0.9885726580973984,0.6001184534476117,0.2966025614482469,0.6809153785200464,0
0.1698490263233542,0.07194737562631315,0.9928336482143887,0.8495936636587315,0.9316065366675554,0.265167789055064,0.7884917576901459,0.2548485924098627,0.9618214306282213,0.4553677490339325,1
0.29196889476132715,0.5799328465919313,0.9990536417545869,0.4863641380107566,0.3899002117632757,0.6394855231583851,0.17249553276690055,0.9631617837364408,0.8500464800669795,0.026720893013073233,1
0.1812025932722412,0.8792133503896472,0.018470340222381476,0.258801993541385,0.35713293596646745,0.2919586287933551,0.47302016268439373,0.35543709097464615,0.46386924629145965,0.6934138600577168,0
0.261345210526293,0.42364562456479227,0.6493251805525074,0.040618689582932355,0.2878680855245056,0.982472467011446,0.6735411292619417,0.6600871345322687,0.13879164387130194,0.2560017924470792,0
0.038496906112492235,0.44910011611798273,0.8335865614649915,0.2069388969284871,0.8674893117664012,0.8026187698076093,0.44410931102281814,0.9190884376910486,0.8446673304438275,0.8921862967688022,1
0.44904453810721656,0.052041300498709475,0.14484932582823795,0.8827551424991692,0.5043261329880914,0.09456783404657498,0.8959346153296973,0.32317613456934124,0.022110559392575002,0.9590594614067336,0
0.747262285547094,0.7826193594631076,0.9705341898801052,0.3408766519924652,0.3481063439043732,0.9814050940430641,0.4318352849242837,0.198170467175648,0.4668380002170869,0.3411000104491263,1
0.9485687516657971,0.23401774531345187,0.7484715262021447,0.8647784534912693,0.08788270538243981,0.9387369049268681,0.6847329925314846,0.8462375155697515,0.7520215788993023,0.0029302351813843552,1
0.19682571713862684,0.10194382665474333,0.6278515434870447,0.45239387068992065,0.2900868194109236,0.17458217708003243,0.21096986735474765,0.11048314413969451,0.6077949098435556,0.13964452738830335,0
0.7111685886927581,0.0768650700893796,0.20090218191639042,0.3177635845836898,0.7747609504957191,0.5792078427120558,0.7688503921641504,0.14784186287017442,0.11789129219832506,0.711765430269569,0
0.14281926442230908,0.9562908513724105,0.38127812593106036,0.23612955863980312,0.6245714187150044,0.3331929841388874,0.5664605469817153,0.48417300269483243,0.05277013792386531,0.05347410022542631,0
0.39877889380156273,0.07859882751295211,0.9939841107706675,0.05496530953222578,0.14600427854286557,0.5048800487465598,0.6432258585174955,0.27432688171481723,0.149405429197226,0.4592437421399441,0
0.36780337981306055,0.8174744313345095,0.2628520235166629,0.0024821786184923145,0.054716359907992396,0.7542699029551702,0.5966089744256085,0.38980809047429155,0.41698887489352454,0.1228764649872196,0
0.08820494284654556,0.656958436686761,0.8046511962739087,0.5252354636850451,0.3126478713799715,0.7904504099315247,0.27743807165255285,0.9591322915612884,0.7758119458927875,0.03390474981908054,1
0.7933133930005686,0.27506340266856044,0.5903504245846896,0.2029151981391265,0.4113576702702738,0.8747058187020794,0.8922056134480801,0.3754877217964372,0.5073544611464401,0.9404517600655314,1
0.4646802086216125,0.7783269508141961,0.0405533037813659,0.6243899025222839,0.7867230243711685,0.9246422704747645,0.1993560320722162,0.9869288944465485,0.7386612996740184,0.9282162220417164,1
0.758150257171816,0.1540595011000827,0.7162090123223119,0.6928658463371963,0.9879857913830488,0.016432924067916854,0.1390887911800982,0.9288729558109508,0.8337754226813547,0.5536022268646882,1
0.8065920718175894,0.7578268721792333,0.2607446095188922,0.5599250410201595,0.15812846118222545,0.2557506547232935,0.3931750626063131,0.6229438749219971,0.5982841267190164,0.7071856950461425,1
0.3134059460270696,0.2906130498325059,0.24421073926682701,0.22344443299919736,0.17564966799534165,0.3234717864917567,0.707039021418395,0.9905394989464947,0.06699315296562447,0.9664193113887235,0
0.24388316116648667,0.16730794205135047,0.6044907522562043,0.288308300351218,0.24568138541978013,0.05961401533875199,0.4428388018777254,0.8120312624036181,0.24021870244698584,0.8130552818524044,0
0.9285975120834926,0.6897008209268223,0.23395841889922464,0.34365397043767465,0.33050627386371756,0.6653945460965254,0.9776291775611015,0.3265654609551796,0.15891357663246142,0.4524835734974655,1
0.1874045124861745,0.010927605837405041,0.9721431886289429,0.16922801285547173,0.8223368338000792,0.8168451181152825,0.7589248138212888,0.21187535092621046,0.9629680583985907,0.7204571431514257,1
0.5516391071529466,0.02586448489863491,0.7237814111975598,0.8018685179134118,0.21044387086697736,0.2754510307542998,0.4334411787321374,0.5161070909157945,0.7864213743631914,0.9421964430389803,1
0.08690031505387519,0.33694805072378375,0.9065465854526903,0.7512520516050769,0.46455731681919255,0.04074458880586673,0.2563392282015492,0.14657668224000697,0.045979462870074594,0.4132121335308129,0
0.31306102683708437,0.24298204602335283,0.8056752628686052,0.7578518368879301,0.8618312519766339,0.5491271875852326,0.39987883895522736,0.9200515052679784,0.20839641245969387,0.35693401087116206,1
0.05418985826374345,0.3723450428679552,0.609718011981641,0.87498195537757,0.8429324965498756,0.5463380538192238,0.1310719137832248,0.6623073149078491,0.664376540748828,0.5266498686240055,1
0.09136350021057105,0.062523870016014,0.6366607021532391,0.4949881377343909,0.6717484369464061,0.15820018765935073,0.23235129084599193,0.18169786619999706,0.4257782124343584,0.9804312718569778,0
0.16680341030718404,0.9863856497223706,0.5799604010764253,0.5239973997327544,0.6459349788124269,0.5309465898295657,0.9325574674792646,0.9281145086744482,0.17834707350047674,0.875829600064757,1
0.09124967587238764,0.8568091361805783,0.6788966704409793,0.16273555636134762,0.6113023375292557,0.7720748908543273,0.9178364170396651,0.7001586586912675,0.6962519752291593,0.9176399361041908,1
0.9816682492130517,0.8214917988667304,0.7121505022217688,0.4005749712169995,0.28704656428439546,0.5887306307958198,0.823900406563325,0.4083236192506865,0.3259683578641961,0.9123599521705001,1
0.30368453920418925,0.7844260899237667,0.2067184840237053,0.7654743949322346,0.6921036647666817,0.25588445811414096,0.17730358051210615,0.6390614772654225,0.8528665040278932,0.6168855861133508,1
0.9318688314869836,0.6782670977138686,0.8896847051371267,0.04481525289858823,0.44604329473365334,0.39441008273570954,0.9733974536699443,0.25203455754529847,0.4508227122888455,0.9508928814658679,1
0.6106423739372902,0.5105190195421195,0.8347914538554285,0.20097406375056903,0.9777703039466838,0.03220874055702516,0.007729119810634066,0.8588439229455876,0.4108626574764199,0.6803592409891033,1
0.252683668250099,0.6431171965769628,0.49315144903754315,0.5714139291682957,0.23648759778035455,0.3174874144107023,0.4964847522854471,0.38446518800434915,0.09646386031932452,0.9567958903889575,0
0.1856621753651443,0.7546344161951664,0.7184406906117824,0.40824511331090907,0.26375768254468945,0.9768068021510136,0.7922462735607945,0.9307047683939453,0.05812759941485368,0.19474194780958143,1
0.051221791308757036,0.81383187558756,0.018146989246477396,0.046810988927053265,0.49502303183094765,0.7067311425124199,0.9044723809543901,0.519497632100973,0.9199103602441506,0.7692909299912001,1
0.7320646553893059,0.9407194381457583,0.995152433278115,0.8635611380209959,0.3555863759851896,0.32692663501626285,0.5172562416045364,0.7703384432948117,0.10116122289646567,0.8873869273274243,1
0.8710832845566452,0.984499027526396,0.4906451754096999,0.47720230069043534,0.9844851998480805,0.5351832401636444,0.6847128022438181,0.4779311249826683,0.18440906624884335,0.8251590415975534,1
0.5657313273080156,0.36738238950212376,0.3497629473586117,0.8047085747449592,0.31049557020305607,0.2886099741369721,0.2421278607932248,0.37708095974614975,0.3037309343010449,0.42661541640699596,0
0.262332814874923,0.006714559787164065,0.20244744547636884,0.07618400428483862,0.9851011346758335,0.4073139697310496,0.39922562533400374,0.052966802797718926,0.24576713299111486,0.018247404261081956,0
0.5274515823007961,0.07619960037903595,0.8386537012555142,0.1636479229643032,0.22203418390711482,0.14477155140194276,0.8335849890659836,0.8035327072167979,0.1432999708571071,0.9961661929521378,0
0.04635740749568684,0.7629495730704215,0.7459274365607274,0.14814075805034932,0.5094240629300562,0.23260075811908443,0.43908294875714904,0.34993226715433245,0.7916635701294993,0.33990924930223876,0
0.47903537932644646,0.4240765941944262,0.07741810774548064,0.2464448767978521,0.3677507189463831,0.11220564770494501,0.4060228870789324,0.8512939024583287,0.47631759731448686,0.5142347524191682,0
0.6167124219645934,0.8276430876200658,0.2178125052546651,0.9398188609289401,0.1363813415917109,0.4369572605260452,0.6192655034548832,0.9873077079667131,0.1010615786154746,0.40799966632647466,1
0.8789334971163444,0.7976290136060793,0.2837756641108059,0.4494392893782835,0.9237321542665257,0.5811306368556377,0.9304983955699128,0.19524130518380967,0.03971785091108382,0.49090941469715377,1
0.11399486900572409,0.4164090442409727,0.32357557645474766,0.9279920268400822,0.019183901943439663,0.9983994542920984,0.5544137887468618,0.6657371764618005,0.7668917551367402,0.3719217566862427,1
0.766309893609229,0.8674725462828595,0.38057596406795946,0.858313829052303,0.8278388246479889,0.6023595781151594,0.08568570308778178,0.28335973619358934,0.7143978371512872,0.25774548007716025,1
0.15721486456488454,0.2897782993748913,0.49238058060557555,0.6938733399921634,0.6404280082626551,0.5748036099206604,0.702083576873352,0.18458507455263617,0.7768514859024741,0.7924299369772595,1
0.5644845143055013,0.04809506926901164,0.47519697327483723,0.6989332784305975,0.7943599764416199,0.32753371683681054,0.46609652097733567,0.09232356431938937,0.9822251876393467,0.4093182409521928,0
0.34105376045299707,0.6806581525420893,0.5911966596303098,0.12989162056521675,0.5755815566169201,0.5575067580256231,0.21861092672872018,0.9463308471544588,0.9190630199985532,0.5445716383420376,1
0.22674704446196425,0.8033457457675376,0.32553653320412,0.982456966821546,0.47305407795029963,0.13292532323304695,0.03237476429770614,0.7689288987224351,0.8012634664036064,0.3813243992898546,0
0.07591653088638262,0.6102351215460956,0.22960282802656284,0.4125444385386532,0.0885845755850092,0.6189134566705125,0.40905814158512777,0.6481679710426105,0.4492663877398333,0.4985127921191934,0
0.5630329974848889,0.820080571514757,0.11892666172903943,0.24078937972481618,0.7503138761926554,0.1461484493567481,0.08635755629074393,0.9742949942053188,0.3961999611300716,0.8025170923526922,0
0.3253796539526824,0.24738495934220373,0.8145837902979338,0.6600251917258713,0.34662744945547563,0.5868009940192249,0.481655719901143,0.8734494990196419,0.06168482968634115,0.1950086381222953,0
0.15165941288475504,0.5947922388816561,0.018904069261384215,0.02201287633476401,0.7101202470549752,0.056599376244468536,0.02853034334487492,0.7469429169381488,0.29403096974385456,0.2645496942674086,0
0.6547394089065267,0.052922831374567436,0.4939668460378913,0.8231403798575393,0.26948647060821596,0.1303863565077611,0.5734530690881967,0.8285722465669043,0.36099319756183523,0.36247408872254605,0
0.38717997843496943,0.6846093680402545,0.3349041612733814,0.9694573225433004,0.7712197927800588,0.45325342810004665,0.6006657236296383,0.30133692339478924,0.2693994238074533,0.6827163757573568,1
0.2925244595386137,0.6412078587071797,0.11728614675865623,0.5507293170293259,0.3509104416712029,0.45795389509240314,0.3899242028789649,0.6115567083053265,0.20016213777676006,0.6355160371967279,0
0.2716354403354674,0.4801812033197216,0.31271854326283377,0.682670914909368,0.9344553820371434,0.6406125160469573,0.8207246240306619,0.2465545150718641,0.8200876959660803,0.2875075904801676,1
0.2278315588788682,0.07083108758973222,0.5112536787947746,0.5368834117309096,0.3193302664868618,0.6367780550355607,0.6700869493172354,0.546941748696412,0.7319530436589571,0.39672765730070103,0
0.024932091144157065,0.2285954639169605,0.4030243441905157,0.8867695807317217,0.2211091832549249,0.2274643166909468,0.7805215732082059,0.3580187045391292,0.8716711668882157,0.4699289866746148,0
0.9261603681139884,0.8410075443467301,0.8282349388167114,0.8424903340120973,0.23963711817207167,0.6749597216497318,0.6309624351124864,0.7482718138517799,0.8101135944389495,0.16877485246101787,1
0.46643450374780937,0.18983303044645472,0.4154110289480316,0.4099310409862158,0.22813659567183764,0.332036702761759,0.41089196714775045,0.0002571584701280827,0.7224304216484081,0.008100329766942305,0
0.5916489605110792,0.6792411477483995,0.7727194208637619,0.9140590851650504,0.506900987186652,0.4056118825929077,0.9997845343721158,0.940865881959926,0.9023959169931648,0.028264225946601607,1
0.2187340713249455,0.47351180154661565,0.7261362921601349,0.7680601001405762,0.40084664826913197,0.3584786130715507,0.9804349106636693,0.551478839635415,0.9700409210860347,0.5678969436625567,1
0.7746392038103675,0.9212809974645736,0.296572581222439,0.22183181914745376,0.596064662143604,0.36022892618011204,0.8651477382372066,0.6331510447517925,0.15261088480957707,0.421604674959029,1
0.7445284988282951,0.662650777606118,0.9822670892463499,0.7507376032007762,0.1800965934425588,0.9015378796728015,0.17747554722376835,0.9828412593855733,0.9973891622734122,0.1442011262153673,1
0.008123985466808481,0.11597064993699557,0.43665049773799447,0.8521555963924505,0.9052092117047709,0.7560761736882804,0.4709998932648882,0.6715636806361818,0.9099709437978746,0.2879594673117579,1
0.31371961334397347,0.34662505137847865,0.5837652212060213,0.30852944787601955,0.23850351522346247,0.639213488398312,0.018283007845808052,0.006863788436167528,0.891852219056222,0.7724531406449561,0
0.5028601452800782,0.1652323948392379,0.9571184153039205,0.42890903681529147,0.10132828311854447,0.3832635285911957,0.8830866924131388,0.20810640877648834,0.10528400841064312,0.02170330507664142,0
0.8074897642236462,0.030207925719228368,0.7550820778484753,0.8877484651603883,0.18267553673424164,0.14658236690957205,0.49088701477390284,0.03499083740676123,0.07345796434225638,0.4740312798422954,0
0.12705730507391277,0.9100823004558559,0.4411583243523425,0.9139543633522506,0.4115918815705628,0.2615622490077806,0.027591011276670185,0.26039355547432563,0.3011797187095978,0.470289001582443,0
0.7694793918396305,0.6852812574925555,0.2772467217588014,0.2978339219614242,0.027668502670076034,0.7061635008755829,0.15103932101000062,0.6852532888694515,0.5509729301440038,0.08033236183152948,0
0.09250784944120105,0.24594579548394746,0.04177726982796792,0.8389369469590218,0.8142599151339244,0.6836732399687998,0.9355750720571424,0.7629668705708779,0.927607072519908,0.863200746016525,1
0.9458872228482121,0.81579313165495,0.5222812959611645,0.5438420216754792,0.20090402855844713,0.9670097014018779,0.8710790696565608,0.12185604767722558,0.7781515737901356,0.7996194727373624,1
0.09889685324721131,0.45607044099494165,0.6610098605416721,0.25959218006422147,0.9305864758157298,0.006850076951629869,0.1392864150333848,0.9779670354645048,0.6833578011582768,0.7749068854775786,0
0.3482851610893335,0.22935454458824556,0.23265202850510136,0.8259745731041259,0.6707818008904748,0.12271547507692471,0.186128276302438,0.7333168865954371,0.6452892914920975,0.5589862925240113,0
0.8454227751091377,0.9664652283854206,0.5552783293454314,0.5116026376893684,0.20821173396377934,0.8817025460753374,0.5291745996504129,0.3407606951032591,0.6039724515315348,0.3716689435071677,1
0.027949085041878208,0.6639673667207125,0.9253044283529717,0.6430857075191436,0.46114695122111105,0.698373812310865,0.1618983289010757,0.2105681605689208,0.10843373900177111,0.9168546822974957,0
0.25603207417882146,0.041883286067423864,0.7489836274605007,0.888069797909031,0.4538735390024278,0.3029109843074538,0.4346341297153784,0.48045220661438615,0.9226245275782051,0.686008600340153,1
0.5040262803598049,0.3800091080964163,0.6118140969718056,0.1177378604211653,0.2771219901962215,0.8690123935820043,0.10985401783644155,0.48305353229026393,0.2548099422250959,0.7213554550862781,0
0.840067511688998,0.860777381285863,0.30153690195168203,0.6638764558375073,0.014043077212549937,0.8959117550868928,0.6019720386325563,0.8855661468935738,0.6054115016906677,0.25125570974678924,1
0.39957897981530355,0.8529846072662721,0.8247177117743152,0.5359289783184226,0.8071143425696364,0.1539308337876545,0.9203205507017262,0.36849153040768823,0.6767054445042715,0.6913773936896788,1
0.9453912925536241,0.7743012153486636,0.7877481931069935,0.11420962785959754,0.7359945112088326,0.3974759007969253,0.17659619826424477,0.7602902954050227,0.38595595993706533,0.6978424149876125,1
0.571161836387953,0.7207976281269658,0.5695268997374512,0.18064411143948045,0.9545052649928628,0.9272336593679578,0.31144518940927013,0.3672325997864285,0.9067793586253372,0.3382975735181293,1
0.1844293513470111,0.0963684338306332,0.9399008759979892,0.11264379762725207,0.6419736400865643,0.6400403516929281,0.2423258572401249,0.04128461886063517,0.6006651764879949,0.5784365595640791,0
0.40649409821724036,0.6353623769101794,0.5600027184513916,0.019168708115626654,0.5220840641351043,0.5890846917888002,0.286216560352476,0.6031818743240549,0.865662370639217,0.8282792874657499,1
0.665401778408495,0.15998731785279285,0.3801505318427648,0.14753650050013256,0.8444274961905266,0.37954969525508764,0.0006401853399522484,0.8976371189698722,0.4226917911618351,0.24750585214540965,0
0.22695664700946638,0.7481995050118297,0.015152488558577093,0.9108907403811445,0.9660761534343641,0.6340127337253099,0.025893117459108272,0.7575777611907046,0.08500129353996488,0.3183431944104024,0
0.047647091201067915,0.24473406022801614,0.4142909131292505,0.6053557706928254,0.8792881385923172,0.44555002220887774,0.3344824412274886,0.6787061098622399,0.7506542851977154,0.6479781143946939,1
0.06515253721827019,0.13347987551601326,0.017461015919846834,0.285060513064308,0.9612262327132692,0.6675458248101145,0.5672118879514614,0.637386738903135,0.8219132383278975,0.9788163217390604,1
0.9505427186002455,0.423278601587067,0.09784483358654494,0.6665184421892983,0.3543827753029536,0.9319027238560337,0.030797573366515008,0.7828984014692321,0.3265830299959914,0.9940627870418386,1
0.6899512691558016,0.11659034582079286,0.8404110540333225,0.7762016984069845,0.3739532181562194,0.1394090872589726,0.2992263088745145,0.3526747309141086,0.8958805724174956,0.5238407273146162,1
0.7558061816347166,0.11190045506308388,0.025939548158515846,0.5525644392251703,0.04515222100108873,0.6021928813364897,0.5329892557913024,0.16081127777822024,0.33037350715375635,0.46860726542698017,0
0.9610701294497871,0.1685152399803791,0.8734875380243472,0.6652458212012293,0.7715318101433498,0.5270120677232989,0.4904835060637591,0.9048359644304955,0.7827976791899675,0.26490072660988484,1
0.3361331916831308,0.12044649315213785,0.3581357673330633,0.9669466518624853,0.4861967717195601,0.40863004197729835,0.9756786634880485,0.49959674734072845,0.49844680566525745,0.7592731962917416,1
0.9475149141259915,0.6301917589095039,0.280814376960283,0.9856055620807804,0.6802053804037205,0.7787904778986978,0.28075666450914927,0.9135642898294181,0.30367107387700865,0.6137733919880404,1
0.654176411855994,0.8825088064544856,0.4652539623164632,0.45365544872751407,0.8105436695771203,0.3933428009269214,0.45190185588041254,0.9761698907290199,0.5031957972378152,0.7452706667533148,1
0.49522550402182786,0.8706931206352665,0.8781450598955415,0.2892035071893134,0.8837008353513771,0.998227378400308,0.8952146016106951,0.988483079789473,0.6101081135470915,0.33286582197541537,1
0.7428733575870342,0.09503326741163798,0.7715887064189013,0.3702487280555522,0.9855680947046244,0.5708241785895085,0.46229106432194333,0.7506857560693035,0.464100679179962,0.5128236358945155,1
0.5473483821673283,0.5891147156084451,0.14202631087051487,0.2683748784189499,0.2930132605257122,0.541929341759403,0.07695353314123221,0.2580117223118553,0.23121209214743987,0.4000498323712576,0
0.6444819118182381,0.22046883840636144,0.6400958006220582,0.06406675670009698,0.9979779028293877,0.9755719435384173,0.5512671781378697,0.036323456803605825,0.40881285304920334,0.35863473398559886,0
0.7945671948059188,0.4328874883037521,0.05981411257786606,0.5954290705224166,0.23809446255838285,0.30303519071550544,0.8914473117279307,0.3696470289747277,0.18077785847827432,0.8051411367254772,0
0.9063626990600188,0.011267449471091151,0.5281293223141222,0.8378924188162901,0.8953703265268673,0.3332468882306152,0.23680128979204063,0.47682077204033435,0.33236938755924084,0.8861661360658205,1
0.8513377042169714,0.0233727798799368,0.23149632762018546,0.11184626259391961,0.9111322115590776,0.13332652922880517,0.7376511754592274,0.4090600647570173,0.16791423851769938,0.9299269785831813,0
0.49699862565349606,0.8436565959421348,0.21739901316584054,0.4488780618345183,0.962490643674619,0.2562604516457204,0.31412933705462875,0.6641138751945912,0.48043316008766856,0.8274399159511285,1
0.84865822018014,0.7752453483758867,0.28680067336612836,0.079038180358728,0.09703528544164608,0.7884115130345765,0.6527257212473905,0.25489298207097477,0.6173949454621269,0.02424504288201179,0
0.007121085077896994,0.010508380852118582,0.6144745628470425,0.745962037768011,0.061829944707005424,0.30871442920135095,0.711582182275703,0.4724248142407973,0.5994979981903906,0.6381587478027213,0
0.7790560206307736,0.09728710258393047,0.46806408229923535,0.5300490027290388,0.9474126320014576,0.7219947755716546,0.07839604334633576,0.019838661769050914,0.47117468185400324,0.4813298449950246,0
0.8015945524891946,0.04609840334824289,0.2075200187659315,0.11424241149553549,0.8678171575990029,0.6059937970501772,0.9388154213131956,0.11720532344243084,0.8825111741598582,0.3719922175486178,0
0.7824690087302306,0.18613389179220252,0.291345074446692,0.23953553443732167,0.4823276256001421,0.2146099912749676,0.8201773597811071,0.26185748919573926,0.8930439035707192,0.9273019436995561,1
0.9183509887735232,0.4325051631839011,0.5903272692259716,0.5461656873940482,0.2873883666848984,0.9100788155779549,0.4881291345489355,0.5438461093199327,0.07659664093138174,0.6374166728329421,1
0.47627727268954034,0.4048732364733202,0.08213951864966063,0.8225800180339575,0.29130735059928414,0.5214985581641103,0.2892724058338333,0.821764542547601,0.5703089824935347,0.9806635244803735,1
0.8500937165291562,0.5125467054287003,0.10156243618614602,0.6700710384901665,0.7120379069058349,0.052949444444755134,0.6608090867255844,0.4676242077302032,0.9330141946761829,0.3509459252988466,1
0.04126547541553138,0.501406651187436,0.11433220842396175,0.2815584161977437,0.39235490737779866,0.17247195331221699,0.26750607888350475,0.1838480115506842,0.012590958818195053,0.6575405345492031,0
0.42220706822252396,0.14540466481382186,0.34223431094964474,0.6683230360803624,0.8676564415862624,0.18021203743996084,0.7643460930654129,0.8230696618246981,0.3662520835668247,0.44765496320170095,1
0.4758634124930684,0.354072436367012,0.44444245933568927,0.8052861288062775,0.37872193609256266,0.9623041707773076,0.955073843131352,0.8716958706373473,0.6540562733558,0.40592936545240466,1
0.7386549807421929,0.4619306903480084,0.05112113897551873,0.7664205953806387,0.014738894610168751,0.7037587529322954,0.16655900911393484,0.6256969467921798,0.8754790953589984,0.35223334483846735,0
0.08695569884626508,0.2498041802386749,0.2832015929681141,0.5453800382858628,0.6194505357714082,0.22536770942089213,0.41589766125642114,0.6272613222200568,0.6299472660458363,0.9566933349133049,0
0.19896385879204115,0.3057220937948134,0.2250065440539315,0.06276471624138769,0.028669995903422785,0.8838279865939052,0.2883225640582483,0.18832384113495826,0.6288799287402186,0.06745350216131096,0
0.0590659993585434,0.0716631481579596,0.06899736237933318,0.4492822826995344,0.1665036987794447,0.9863699737529912,0.18016571039343954,0.22355022774259337,0.7139841150526129,0.3785041283403141,0
0.48384329111087643,0.21268526819171196,0.3230323604730989,0.9721987635926052,0.7576987283572684,0.3010762737119773,0.5422261878343334,0.2285262613452571,0.6444628331744804,0.8221086705571901,1
0.6903706561047078,0.5374751212085652,0.525203089092643,0.38654413995386216,0.27857008753987467,0.473699804048915,0.10645753254905532,0.2868014463952351,0.6717706035402267,0.36001991990334226,0
0.3546974176013368,0.37641530408164403,0.5947601007631971,0.35085332893903953,0.7138698921980188,0.5010044696395597,0.26856454293551935,0.9905203895409054,0.1823612771239026,0.6431220596871237,0
0.2709737637555707,0.35444150619413106,0.6749294406679891,0.3924858932455706,0.00493731173191525,0.9871758842976246,0.6548697077708666,0.6624040867949003,0.6067977695727231,0.7255407494976321,1
0.7931816298959552,0.9878070728670214,0.1024865987181689,0.41280461355345277,0.025986473876516092,0.7814559237082848,0.29693132740929207,0.8759251821269793,0.3628342788599733,0.7430345671291841,1
0.5227811070823308,0.19114336131115195,0.005954562577611511,0.08198503837798776,0.8918612590590091,0.41062149432313333,0.8920284512472562,0.7170507238800844,0.15831064108228265,0.8440745957338924,0
0.5943907706409388,0.5383203151482746,0.136830392697459,0.278368208361518,0.26747752519248347,0.8267795262791298,0.697968945694022,0.8646862694835252,0.7093591535366697,0.7575014455783148,1
0.5911905058675181,0.21823975105749605,0.26123616756138557,0.39789974803936257,0.3916800010119257,0.3998154074782607,0.5861857884348436,0.6954777737073169,0.6344168831430944,0.8446377347766225,1
0.06151728004860646,0.3168817209456324,0.22484807296774645,0.6883862490560395,0.5487109307916583,0.48875679390669413,0.13072757125537737,0.7617907707060142,0.42730907216101155,0.6495356466437289,0
0.9844891981920967,0.8120440338240205,0.8532218441081666,0.35049325470329007,0.19782713687913767,0.7749345762153227,0.42537831010119265,0.001567413716269117,0.3800219667437744,0.5834955007963022,1
0.2517204950795394,0.6089764047058359,0.12753468457744255,0.8416923135523217,0.013722747878258668,0.3687326132577783,0.10659174085248557,0.11938902504885796,0.7352071481290308,0.09062435841981031,0
0.29758350806808376,0.46373090121875216,0.1888847627624699,0.031249635363208017,0.05128118840453122,0.6959465129989294,0.8727960709555836,0.8548971812774457,0.47357387634584325,0.0682024019425882,0
0.2155527401138283,0.7909839449656048,0.5356039038513248,0.727449415529637,0.04888233844180356,0.5550154783839959,0.8779642748987758,0.9761180171386618,0.4734576276021385,0.03678284903009921,1
0.8056490775810815,0.012361002579297065,0.055181786699045166,0.08325021705573388,0.6502808746782248,0.7890778182528816,0.9488222252719792,0.2607128080960336,0.9790631471222693,0.441672862161276,1
0.9695191534140537,0.7094967036826552,0.6379140394844991,0.32323045297829966,0.9877127188141107,0.6128501035663418,0.021961440675425048,0.7241011834780762,0.5364878709059354,0.8187939467952808,1
0.543134939490606,0.362431812142354,0.181154634349321,0.9664415311625445,0.8093054048745156,0.422140240270374,0.27103132522556184,0.10067104465596799,0.45179682549777334,0.5393008711112521,0
0.5580552167733723,0.9578799018604064,0.7679346727415115,0.16510031033064687,0.4948421597568633,0.31906689665856247,0.7066262734681873,0.8472800408196578,0.5115657164782105,0.2352594091367476,1
0.9278372929556326,0.9662972523048138,0.2089265188655507,0.878024387357373,0.14325699149237547,0.22782078963974306,0.38814349981537477,0.8866478974710493,0.6986467388386538,0.678375654159266,1
0.7883734273518052,0.8007191501184954,0.1389901015942978,0.6792453174790062,0.1930774861248682,0.5765384946786859,0.8243225153951874,0.9878270294283431,0.1398970171997671,0.3602167322664521,1
0.33870731901014806,0.5578913843009067,0.2963032689540044,0.49681821302294815,0.48883784101936,0.15336483699647518,0.18482069719673233,0.5272205306046116,0.9083735482688865,0.23785661544960912,0
0.2756579087042583,0.6723146253295232,0.13308775589567323,0.22991189678633184,0.12033308257468323,0.9787397897355664,0.46804881710921287,0.5139340584684817,0.8493548392328591,0.603557232938268,0
0.4265628078550773,0.027926931987340642,0.9026770085876303,0.7551935746361723,0.28737157093559207,0.5198617208670906,0.9526600243420623,0.17763477236628678,0.812233055715455,0.07481769345318756,0
0.7477846960546156,0.3420257556972538,0.5929720776122177,0.28792555702073175,0.24838916157849666,0.12401809879277403,0.8014939298801286,0.5112306744374879,0.019600845775738285,0.28075958188430195,0
0.41003415070595406,0.46477460385886804,0.009934084218966355,0.6087987841903343,0.9830413817711738,0.02907577327774058,0.009204565434902001,0.5445893419097292,0.4057168937554103,0.9400045419574895,0
0.7659860700468556,0.8558972610467175,0.9247134873768582,0.19989172284795387,0.0012433651186508632,0.10286190151427821,0.020923163912045406,0.2506707760490483,0.08371575128497577,0.9624556527711363,0
0.3456965034225725,0.2886926801810682,0.9103921329594712,0.9852736892432402,0.8043056091258576,0.8788559862651685,0.7088517835451656,0.450920885736675,0.8110821287247817,0.8128830665025842,1
0.7983766055045268,0.9805922492277142,0.7209991793006078,0.2147349069215161,0.41678025498195104,0.3057653430316365,0.02055230530620189,0.6155384889405945,0.7754480107355647,0.3668670864028927,1
0.5332466473154791,0.9104605696189327,0.9538830515414993,0.5496094750137733,0.4669970605030307,0.7694104137863083,0.5603042818209206,0.4559100359394056,0.5215215747867529,0.8194088624375473,1
0.6413689486727709,0.6128053047345855,0.47735449607248903,0.41397055274413797,0.05640314301323546,0.7135859427899078,0.41459665309266014,0.9186547128488979,0.3979747222889075,0.7565423233866235,1
0.22805462314180702,0.2816742661572581,0.43660773745624226,0.19282673695242225,0.9529046904193351,0.34029968093250285,0.18929124391698238,0.16145001504209922,0.8475395466481833,0.4831683150883017,0
0.1152822382892078,0.04860805640851962,0.8584602165223508,0.9348104872153911,0.35326544472839294,0.5214094686578613,0.2958055316566349,0.2333998562399916,0.3637438992861527,0.36687911783561233,0
0.15484651258331772,0.9846950507276052,0.02036315820865031,0.6060840448140015,0.9923973560295352,0.7639430385835585,0.9729388516912867,0.6692887934951752,0.8155557124726028,0.03229000303061913,1
0.4972273891785305,0.1678337302294275,0.37889883306051964,0.059897123064276636,0.6123617189343197,0.8964941712157892,0.8074386865637418,0.9036454612336405,0.3757295322915236,0.9856185819449108,1
0.7104063682304053,0.14848583822098782,0.2773735316112832,0.7755021232933547,0.44978210802573837,0.30057769477855534,0.8133409750500434,0.46670399643414884,0.015851731564150096,0.9957351495304801,0
0.022901357927849197,0.7830536194685374,0.6000145040670564,0.40674655206387644,0.16396851452972916,0.7907736668230605,0.04457859376704032,0.37387455293607696,0.39517599125073977,0.19935386939640698,0
0.850757469164716,0.9723918847923256,0.06715335303636472,0.12129669564303425,0.9921096556278054,0.12668991050942213,0.49898076139760694,0.5979322487238042,0.07195395728544685,0.5442098804804133,0
0.020956482364213547,0.892842354568305,0.5666758345799334,0.9813795406960999,0.5188914053157114,0.43779643824421144,0.012405973584398433,0.34439256878059554,0.17943271692667373,0.2738486465275699,0
0.9381701366898438,0.7045173038670536,0.9947259643202295,0.23521049904289337,0.18652781143379227,0.5758412068153851,0.29240697593490894,0.26975836093964345,0.7079125951338753,0.6336934961876455,1
0.8476744574300471,0.2920307024654376,0.6721997075539238,0.4249590546424591,0.30599597255183675,0.004289012314870555,0.2347766933304326,0.49650137578599685,0.8586439877636353,0.749492606195899,0
0.5079175841552738,0.05049809130743055,0.6636542724042153,0.6026365955890641,0.2858784136048196,0.8017228445499847,0.77021927215378,0.35969726175756267,0.6814151032301756,0.646205350936913,1
0.45402324980338726,0.7841691592650202,0.8075969351323821,0.6765532906755539,0.0740886511389034,0.1970214888907723,0.8639821288568021,0.84817170391914,0.014700025805466366,0.8418289865420635,1
0.2591835002926326,0.4889718599630899,0.731584485763727,0.5104451818975939,0.34026426786533837,0.7449240338272807,0.6073117487752273,0.7901659810211769,0.5006656275076041,0.45423922767197966,1
0.739293575539577,0.4715546843562045,0.8796649648295823,0.2605135716287774,0.3641356245807644,0.42075482792949404,0.01210553400786274,0.7753976697824245,0.8144318054716531,0.039686511069731756,0
0.420852977813701,0.014783215049640641,0.6369768625779936,0.7319693295088446,0.5113757054621703,0.7497208365142085,0.8327899110325235,0.22621947217639993,0.6860346962264223,0.6388915878765116,1
0.11827441846044451,0.3986990073444999,0.08431889107712875,0.4781836161452441,0.7238926843540829,0.29741948106255367,0.31094780652404497,0.4335404305742726,0.7501521755123327,0.25276412691909234,0
0.026223949881247544,0.6978501928098251,0.9637827456479761,0.7157689776178727,0.2395571107946417,0.45198235955920407,0.6380056927404449,0.13404573747647852,0.6251701169914236,0.8603872035712082,1
0.6332357578605768,0.4523083393131664,0.5762302492443379,0.5536743296288004,0.9972425803449072,0.8450500630352166,0.4287711712290523,0.4470204258199353,0.543260248032301,0.2263583885004845,1
0.697226544108012,0.6821011831838589,0.973992825119121,0.06155044479227767,0.9440807683267974,0.9643813746220737,0.3636318467659446,0.15433946773876894,0.3697553734887309,0.602876722657031,1
0.7414971423415839,0.7582748673632306,0.41673610156970053,0.010517737131641614,0.30054733753311524,0.8324559516595784,0.7749493395318551,0.04841034065745453,0.30247678485415386,0.1711170638367312,0
0.8370485169040814,0.36071597779582465,0.8337151453143754,0.07324875802312791,0.10445631859149651,0.8453332855398861,0.01984946864977144,0.5975399798827097,0.20199873017417558,0.6157538033975561,0
0.7259634266152755,0.3531332762836449,0.8881849662983379,0.40434878741766433,0.3132761913366622,0.21992533738029107,0.7174138937786684,0.8003355187774077,0.7513356197014095,0.5080766329753024,1
0.7739258055246653,0.1497609432766832,0.5339462848050898,0.14006668370316322,0.6047893566635673,0.052994826209772805,0.4982594836563957,0.5176430531977482,0.2857691180003593,0.33976386483673593,0
0.9298852999625652,0.13769689685755437,0.418817321970703,0.44925964108778027,0.01951549624799176,0.5870966445930604,0.7263679083798574,0.6832398851083913,0.9432031451629345,0.82043176098883,1
0.2723739826546804,0.5436104072441525,0.4979759322567019,0.130762502746685,0.8602421610896813,0.6630545504208364,0.05731484637028794,0.9183872152900707,0.5575066381052237,0.45211293642237704,0
0.8895969249117512,0.3855220832847648,0.13345075056037858,0.9541434754226805,0.0349908483373379,0.8297408668341805,0.0254717340252284,0.2283181535024218,0.4614391431721353,0.7992418777879634,0
0.2389749242553274,0.036416440547540896,0.728940749493635,0.6853561570795774,0.580422100007689,0.5665072452868911,0.17715838880834966,0.026932507541141293,0.549515144504413,0.09644609300934359,0
0.8697621219662878,0.9624686214863352,0.517546435764914,0.7580524570509765,0.38295685091722753,0.903062111496258,0.7376578357445815,0.8924388657155993,0.374253076554803,0.07787162472668607,1
0.8619281583286784,0.47243871374754665,0.8647501751494432,0.3719154470157814,0.5908219507207406,0.5017281977262852,0.46341121124066254,0.5517311884934114,0.7106324403413572,0.38683417242911966,1
0.9515748614006911,0.8366801547297817,0.37735828650190684,0.5246905791184856,0.7812087877005066,0.9029030079058893,0.4206755531490094,0.5124650585015256,0.6274634918669287,0.03355785380831833,1
0.31877412946923644,0.6393215869278658,0.7112767797870866,0.4591511201293087,0.7759169199502952,0.8978616155586544,0.9077495470615515,0.28162933583990524,0.9374547991800142,0.06655500468389586,1
0.5610953437695084,0.603464329984647,0.007226842437546788,0.18412234989768772,0.5398048824156387,0.008821644461349032,0.9544739440642177,0.9462089777548418,0.7008490040987024,0.1814577437672904,0
0.4208371398631636,0.8899306582017362,0.10700881722184108,0.1087333532513326,0.9125473095227633,0.888228085815715,0.30233162067211283,0.4146878914298767,0.40586924246274847,0.9620349153664518,1
0.008878971986480466,0.7124228645978408,0.7561774328871689,0.6342253539872194,0.8726023736631376,0.9043645412258581,0.5691829889401594,0.6317531370272882,0.8075762294269582,0.2521488280510511,1
0.4206218670189469,0.14371284953588526,0.7591673127173559,0.005551272944248953,0.11292285702006499,0.6135554800807987,0.01747953254216661,0.8225117875049464,0.07333786562974853,0.740912290922025,0
0.4394891692973345,0.8479114438922294,0.728783423932533,0.03660134005015092,0.5225748824706339,0.6524892036269918,0.3370893756368406,0.5053913677752354,0.6290363382626055,0.3840885551369989,1
0.48773027448297335,0.04704590309602619,0.7950710277785761,0.951417226109674,0.7250642958723837,0.6004260192608634,0.5466410666831135,0.8036044823304457,0.7319725654604581,0.7555855202656547,1
0.22398973417914636,0.19601293266693853,0.49975707786365586,0.09865521769200414,0.7977423757142045,0.44499164582467243,0.5967755531765682,0.7552568473682022,0.15035177081332285,0.08783371922483152,0
0.5378988756426967,0.26429480304937614,0.4852725867600458,0.7987529039080137,0.8717820850800623,0.610342093781134,0.4476822824180269,0.0315634585585145,0.6982087725632532,0.8785209797971103,1
0.5757464789938491,0.4960949712164503,0.9810048537247301,0.058179694979104024,0.13653191726346736,0.7097729940182564,0.6236399372249061,0.3392606480596979,0.14017581292872072,0.48358384854411907,0
0.7478534642512583,0.7779232823212638,0.9429750722696143,0.0524542934499832,0.6351345167540082,0.3418654471555317,0.6482672764968607,0.4325992575888393,0.6695894687462255,0.12496772255734212,1
0.823972146005729,0.44962552925252375,0.14761870329340032,0.30408877709794924,0.9945510622398593,0.40187031801804785,0.15124591860377345,0.11548561323332907,0.9159098713974638,0.3952290783242115,0
0.5548373812899193,0.7409108011005365,0.5206630265259481,0.29465745133087795,0.7291866726051931,0.35703095043166533,0.039096813247022855,0.522817894792156,0.41926835832424403,0.5700987831731354,0
0.4721192644191702,0.2790666953355413,0.4530541934448168,0.6269351052772335,0.20043765492546706,0.22097216849886747,0.8625113797647029,0.2415324300080557,0.41625831056259666,0.34761844336105696,0
0.7506339128138356,0.30450735533039575,0.22086882034639044,0.4739341802263336,0.6919671181710809,0.6965165390105882,0.2161642005218023,0.8632691990064719,0.8572683286983905,0.49927859692623155,1
0.4971051779569563,0.07461633683379787,0.7140851058323998,0.3849858959131649,0.5196560313029339,0.58871545349577,0.3184448161795683,0.9782695594986863,0.4458580853289368,0.9216229527271382,1
0.3387722973340055,0.25489966094833316,0.2952179954336074,0.6334285825910503,0.4501441898307824,0.011072624207894122,0.6591487552742601,0.26418206396428845,0.6159418702576508,0.6487881260376398,0
0.6283575251131802,0.41234351723478746,0.5972510661952273,0.59290358757949,0.26494468003988714,0.25228457502396207,0.07613671865770988,0.25118272059768487,0.8195854288648142,0.9015080436048223,0
0.5135585941385541,0.04965451086592787,0.37695780226988274,0.35970639908327984,0.29908522349126865,0.5474328477050958,0.9393073585583416,0.3820882611625297,0.11676877305852384,0.02803780588486582,0
0.8902851656741353,0.091389084954145,0.9827983186971819,0.8179359837851499,0.2771055076313763,0.9904106105829688,0.9151047523163806,0.483747877268929,0.5714509695768284,0.13980288261533536,1
0.5369784451369803,0.947992945127839,0.05390973710060598,0.2422088480286475,0.4134363920374676,0.5985170484817279,0.5159924420536462,0.7560162942897651,0.8452573108518997,0.048743636845389626,0
0.5013803236258279,0.9618896529342295,0.3630853518739331,0.3681287546664126,0.005520750308604994,0.5018801399781762,0.042130753709698654,0.4372929019478121,0.9957640510459541,0.3732287800472699,0
0.8975695469664188,0.2609278098377774,0.6295847558365919,0.0979962332127775,0.19802353174870213,0.8026589496936561,0.9441121098530355,0.6224574052348399,0.8599700195991883,0.7790447203751377,1
0.689535325298446,0.15379850557659813,0.14711649225457835,0.8493292179980978,0.6351933936059925,0.32263809386459597,0.10468393696019951,0.7157345877528071,0.8763064905573009,0.2559831975309035,0
0.8593751048475697,0.40866652747205845,0.20171163512157608,0.6363747344851233,0.5421840088673036,0.4167227403459062,0.4653702562739175,0.34856685141565247,0.6267331078459217,0.7158228663877888,1
0.27733424657857053,0.5162897599682036,0.03050245846985067,0.532199945071187,0.506602379887807,0.4358407596302174,0.9039186343545389,0.1680864950519414,0.9310553716311838,0.7660019401765933,1
0.8614933938933043,0.5247527806874399,0.7565549968295325,0.10983091526141497,0.13483717115851035,0.05452286497845138,0.5254922369197957,0.6442646365125961,0.08419253918901959,0.21764638071502607,0
0.5875923691074187,0.7525696020919957,0.641867840676443,0.29255525050123177,0.25194703615095004,0.4219071711708441,0.9203253451731819,0.9823743321150031,0.7584440367588074,0.8591322586555825,1
0.809554208992846,0.5923865167500987,0.0668050303052139,0.4245762269076412,0.3198409630129976,0.18021282450804732,0.3853309744857303,0.2333926555100584,0.9257543763560581,0.4673867076298427,0
0.8311299474837973,0.11273552737732329,0.4760228950765425,0.16206073584963132,0.1508783291139063,0.5433813415525834,0.9855634782989083,0.6007855105637913,0.33563724592144406,0.6721314833604941,0
0.28727790528640573,0.820334680625173,0.330236441179392,0.7306921649157615,0.3336075183289787,0.37748118314615353,0.22675761963188246,0.5562773487231201,0.8090738162998012,0.6895326003633521,1
0.07061018506763472,0.8817186900305273,0.31987271708322895,0.2885243118251849,0.38236846746363307,0.5122527762888309,0.2532358663286445,0.25504672947101803,0.018653034672211355,0.9148821653063017,0
0.6284678241679286,0.017660845458433494,0.27676593276753225,0.7211875343010102,0.04936199333954838,0.9530574182033276,0.8587968460422453,0.4688156364423106,0.03261883371073726,0.7847143776783766,0
0.8961252078524344,0.29010897877833786,0.2998592083725765,0.8038714231999747,0.7434578072208329,0.32203730355439364,0.937041357265338,0.5971511699253593,0.7624950093447316,0.1589722899615117,1
0.05474613127720751,0.5139033313607959,0.4497418167513003,0.5763226784732616,0.9850524795800073,0.26433655756162533,0.0950045171155891,0.16547889777023683,0.41264821683181907,0.38714164351475655,0
0.5041427456317584,0.07265555592939099,0.703930979806527,0.419275731636626,0.31707402111902816,0.6317557537676118,0.2983905854822788,0.4187077173831203,0.5564765357827297,0.0017940323780369916,0
0.8557255160945519,0.5135327476313327,0.24673684317462774,0.1909747208729069,0.632570545904765,0.5702851125034393,0.5516886051035497,0.5266143975944783,0.21456658161789433,0.1443879035200053,0
0.10269529916782993,0.07437613062356363,0.5582905525475526,0.26399504365215,0.38673860492111634,0.2981409320205254,0.220242973683608,0.2080288363561641,0.5813062485032752,0.40917004183696093,0
0.8700189702823492,0.12784692111575913,0.5700329135255544,0.2808359939356332,0.9999917108036253,0.9822584317781434,0.47417539662566643,0.2046723780167119,0.5495266415629053,0.9840744732169299,1
0.610324382299491,0.03720572958036161,0.8076220297986627,0.4851929591103885,0.037238888840176565,0.969240760662035,0.6659638431810373,0.9963194701737828,0.5273818221243289,0.572612658867308,1
0.5473061091603323,0.6673291643217404,0.13517542572958618,0.05602427940714472,0.25484538073845997,0.259448775554343,0.3763579354681822,0.23804413737255636,0.46093985105552315,0.9522163223665447,0
0.33594931615971424,0.7078333189753186,0.05301070414526898,0.5500354787014329,0.03387269018395844,0.48626073979695894,0.15968220317620752,0.24351315474538604,0.2026996172275829,0.5711172947432384,0
0.9515984188427279,0.1016867416185,0.7927732500369017,0.6331322208076162,0.24489825071169014,0.06286051536923154,0.12696530182200894,0.024425685910057005,0.5521126605877039,0.4698416817013673,0
0.6995090869989495,0.45786188161489705,0.9351276072418355,0.2511650856835983,0.7922989451859046,0.8158678071508981,0.5519214881220194,0.15522011294498328,0.3445787359079866,0.6097851744824595,1
0.3686427160875463,0.40705240575165624,0.9151520959654955,0.582837741610799,0.820581075623908,0.6166984736589749,0.9897711603139232,0.6677805360590852,0.5892945564831308,0.3298064909264887,1
0.005478642188181726,0.9127524440720363,0.9150784682410127,0.4890463724695807,0.5568798310879243,0.9731269049295539,0.447347550905002,0.6200121315798833,0.24685970021344206,0.5001581745694498,1
0.26784210223570326,0.9092856548311521,0.27820980937887496,0.686967937982419,0.6390195070854465,0.3044974322957623,0.8220428141855667,0.20929435541112018,0.6597842632599848,0.12046396990464858,0
0.575486423939921,0.7716137002477415,0.9983464782769697,0.6877402365422068,0.20640067812300766,0.07303766825141389,0.2960901612590022,0.8586820568412402,0.5191598421050937,0.4664888973572435,1
0.1647874053285494,0.18972327741963269,0.6780776681812594,0.2076515469012179,0.41984792948116656,0.20158083936124838,0.07912334654362108,0.8399962237425155,0.36604726981444646,0.14674216828174425,0
0.8856039082336495,0.9593397194975887,0.5212226041682001,0.1434324872432503,0.8581093578016783,0.4262293776137043,0.3963661841492482,0.3832985688167653,0.9634093286477265,0.6815267590374601,1
0.36025727621219406,0.753180968587119,0.6662804632489315,0.9943188294816936,0.5485293571495788,0.1496612891263388,0.2220386727855177,0.6855954855498649,0.8425415472800637,0.9997514423333723,1
0.20739319754952068,0.03659911378446312,0.887981730979544,0.2945159570644956,0.30993324413405254,0.9277821340120922,0.7124874099864406,0.10378626903784127,0.24505703782175303,0.7265282473918386,0
0.07823107763122261,0.04838022448534163,0.07741821471258137,0.19465152499370741,0.8998715051811274,0.9674487011276225,0.36502712082439925,0.8777935462455537,0.19826341545256465,0.10331763656081572,0
0.2876780968864642,0.27774094639200897,0.3307158609746482,0.68300683920932,0.22091516331245875,0.6562218589692353,0.5706509174358139,0.8115778449439234,0.9340372283042419,0.08917961355815984,0
0.7687861299309983,0.04776808712854652,0.5956135576995548,0.6764664647224333,0.9461387801163537,0.3947080856940688,0.5038745776624511,0.4502707170797906,0.6111461920747185,0.30168720731502385,1
0.9454533596194974,0.1267421571194166,0.44607224454021954,0.6036293247477005,0.5308643513618304,0.8716310384174936,0.05125884106556877,0.49054687650946094,0.49961738375537057,0.07381564673725394,0
0.2211883312064591,0.0441149128787518,0.17339536437628,0.3420466285517719,0.22248557668039204,0.44533369451714777,0.7020263071809518,0.07164309222142906,0.7668840116749103,0.12436304988336289,0
0.3062364392350495,0.19514012928741753,0.704475738434091,0.051373799893069894,0.7999812159126375,0.0951686536990749,0.34563952767635564,0.696860309279169,0.7856461034034988,0.0678166209273775,0
0.3299331204765342,0.7694435441433058,0.3004616707108064,0.3109786551551279,0.909571084597593,0.5456467219593073,0.21102113153479907,0.47898895045964585,0.5333749705555249,0.48522059632994685,0
0.9368911934746824,0.5958781190655663,0.6341783211635438,0.20415063263185196,0.913970868928681,0.6392454931273112,0.19235980595959312,0.7179460046805303,0.3260966395946515,0.6484629385641565,1
0.9508280051421095,0.13967254749317082,0.4080528456831438,0.21978908094281369,0.7311615062334909,0.35403544236422957,0.6746334056598919,0.10282452896182426,0.06961928506428527,0.2738617041293516,0
0.7372615418248947,0.15212729242079925,0.853597739522565,0.5749316367042305,0.17226073483593485,0.9716097803668812,0.013152348844707173,0.28088424262731904,0.9354377100272686,0.2220214758180552,0
0.43551152301597795,0.23828105629095087,0.22281007281972842,0.8213428260500623,0.24554147635902124,0.682700936794768,0.8665521193900497,0.8390394924801966,0.36039674003524236,0.5551220261882298,1
0.3322587176944495,0.9807419390654558,0.9547450019987725,0.6360240160347294,0.8868020255252773,0.22601413766191947,0.43613680411836653,0.39655137585442823,0.15553200223676167,0.32206378783076106,1
0.5623019415766904,0.6299281014559892,0.11183627422758224,0.6472119691636568,0.5095488504574868,0.26762975892633845,0.8574415887068532,0.1270134943444935,0.7860323495615089,0.9692080121614045,1
0.9774336233036227,0.49476918040843143,0.3330896080271458,0.9206896368222853,0.6188031867754131,0.3528722221645406,0.8814060994047339,0.6724202405676729,0.20513786540508505,0.07030235512256311,1
0.8987276586982469,0.39405814036831777,0.3197615693145617,0.650936348980867,0.6446401819832193,0.8618090623234155,0.41007507910011076,0.7968530326489649,0.12612772480970613,0.5311548911709127,1
0.7778255756767626,0.6961904366717038,0.41563982357017015,0.3513263129633669,0.49585565525968,0.9970499987975253,0.6406780934942711,0.2967736750465332,0.9277085996891792,0.3678951924144851,1
0.19206162788364722,0.26920279937235914,0.8968122594935358,0.34127336968715927,0.3654957844095794,0.8748571842264176,0.23699074335413073,0.1780039803761424,0.5149772319421005,0.6991862731164578,0
0.3616297480595112,0.4960785350329445,0.4999316563253883,0.551147390801499,0.8184710974053053,0.1805139904905826,0.6577002283346023,0.5139455857379165,0.6532142995553673,0.9989536604666324,1
0.296153442247976,0.8337139122145877,0.958884327171576,0.17833296446953595,0.9606318502262139,0.3206425165468837,0.010286208466098623,0.1267477584798422,0.061130433542042506,0.9592881354679035,0
0.5778460528488214,0.365368962681211,0.11563428265470022,0.37749091315329797,0.08328001069907431,0.8086341376401495,0.987425342830937,0.10144652839973456,0.8903073617744016,0.28085791895182266,0
0.2014746564063583,0.8286930481919289,0.9204970544797142,0.5875271770535455,0.7888078340710248,0.7872889725082325,0.5812443292665691,0.23590896522760962,0.8610030264356336,0.7655477823596338,1
0.056505308672461174,0.4256797723567136,0.05127842272343919,0.12611343304876554,0.4989048285411183,0.9794169104911074,0.6350339977040466,0.30123580025060326,0.810711454691359,0.4153963676424298,0
0.4829434852392579,0.06867610443261674,0.7159663405828587,0.9380835258372676,0.5110331812249744,0.5250888743541777,0.5089323453068041,0.6981920461044725,0.9307900145086367,0.6040928638358083,1
0.7973989179767976,0.8671717386035682,0.22105653881858867,0.9782100103538216,0.5343570955109055,0.383726932708657,0.3052845331450653,0.19991232024910843,0.29963645417985296,0.13537191779574165,0
0.7165842291156602,0.9090611550865226,0.140434021921922,0.2807153009292761,0.6671500729869084,0.7620808090235236,0.2870186869549938,0.25722760285446344,0.5688101126203993,0.969429922301442,1
0.9612920321032058,0.45685798109164255,0.8959176642967468,0.5107762100414132,0.8601457294911038,0.5814067810222739,0.4398511676099738,0.16098423597529876,0.33392229612841984,0.9622426088011303,1
0.17362973210761412,0.966607254692873,0.01819679023415155,0.7230467969611728,0.46601809738631383,0.9083572118360723,0.6597211950740095,0.4996477271389319,0.8324830410145952,0.8159475497881047,1
0.63905168201732,0.5143848167590632,0.2350659242102393,0.7366131891054561,0.13891172675752683,0.7471282092821325,0.4291302815550547,0.40630419234170534,0.041203214763438245,0.485970457502927,0
0.801864740889841,0.6457753092838803,0.7078749087241437,0.3534565960322985,0.2011850891489273,0.12654008881017453,0.22189835857081008,0.606474523706931,0.7123287802395678,0.751631481465976,1
0.2832438754957445,0.10633664582832048,0.8222624036632329,0.6497878268467755,0.3149615517326768,0.3971066336730903,0.2873821438925164,0.9389969827472908,0.7672555059939572,0.8508989440342334,1
0.3812718369568535,0.1169689111500809,0.17145832416464069,0.5760584240078492,0.6114382234442107,0.16181257077627254,0.45829805599904805,0.4814714397037796,0.8749118190968718,0.9475068054196457,0
0.1928691459963897,0.6681948016759436,0.921432134983764,0.14670414858753245,0.012629548396315915,0.9748100264885341,0.2592502279892076,0.5482036238953237,0.30669796794620563,0.9792003992429045,1
0.984052901910683,0.7473099535132474,0.832737638693625,0.04721381695764726,0.4719477648547491,0.29948669743349443,0.14266066906495378,0.1689493316198024,0.024531586922004522,0.3748788766006035,0
0.2637174206654318,0.0030198303372902524,0.08687229271322028,0.5581749345081314,0.0007850787523445701,0.506978667953071,0.2638280021704227,0.28974750953025796,0.34410920039468174,0.3844667913073818,0
0.5759188292703503,0.5617572451421592,0.7996438668094191,0.06165619758034313,0.4928114813423863,0.04540961924968967,0.4174159343126568,0.21103007798007478,0.4462744373889175,0.5299240324447938,0
0.067065111587575,0.34694788187391,0.5397190040147987,0.496199633654433,0.42770881337109545,0.7996322375436313,0.19583095415485985,0.7434644577777447,0.989545087989017,0.23939171444387453,0
0.8393553696933427,0.9116066522275083,0.05273258289456939,0.6691954257900582,0.9520712691845552,0.9289698373873814,0.0968355882745342,0.0147328725189384,0.6821183106700163,0.7558589810241976,1
0.47972516458813363,0.5619173035479441,0.542659402397258,0.13390342291099644,0.02707973121502827,0.9899614754328637,0.9687521770373924,0.6813032708797246,0.8720249096062157,0.48315880015982793,1
0.44121522550438663,0.5866477247296538,0.43541754996373006,0.4803611306799388,0.8799796939278995,0.9386300319116054,0.8214969023972684,0.8340159363300956,0.7412692789820851,0.6732927265531383,1
0.37294100830777244,0.15361691409405942,0.029207268250767582,0.7649445791852525,0.768602352306461,0.9931449382829649,0.6063193660753879,0.5592279086629116,0.21103052758076146,0.9844677212229612,1
0.7830264995042762,0.5030226598980663,0.950481276326681,0.2677266063066559,0.37922794765355117,0.4253611302073713,0.6729584256492568,0.6731541846143316,0.7407492149449364,0.2510983187328032,1
0.06825872829711888,0.863658470601708,0.2549389567249022,0.36451205682213283,0.2409683020240041,0.017345207220526127,0.8821658244920523,0.48992828520504506,0.18038841263743977,0.3542961324920515,0
0.1761415402989993,0.24422913577584315,0.5728537055996122,0.6794546161827145,0.9804163210874428,0.28745337246218583,0.9780595368190768,0.1972296728530647,0.29106042545114175,0.5654284476996128,0
0.7807117533391199,0.10857937065993861,0.5853390924638647,0.44380753538186035,0.8309870930023154,0.6283470274444027,0.7537249129908052,0.4530700128623498,0.20850933071587063,0.28856236262665114,1
0.4262238080944506,0.6250298059292931,0.34915828662855386,0.20451533380320264,0.48336130874302363,0.616489872507741,0.5283910827073518,0.33275462543355117,0.44381945945705903,0.05605555005471585,0
0.2242376285999802,0.7866144938206612,0.8032700953587418,0.4988452036865658,0.49761440434537973,0.6431569645217023,0.06446583243121795,0.7777470038464219,0.9946366010602626,0.008002106451938662,1
0.19796457917874488,0.17598485153838161,0.8358687306383126,0.875246465868022,0.2749266400231134,0.690891428789518,0.7414244740460084,0.08842024338131216,0.733847239731314,0.6420595522343919,1
0.9166497894321679,0.16689421132125326,0.6180475896343179,0.24780685277529657,0.3280748186191309,0.2595557181945959,0.6843156392023058,0.0350319969105799,0.869700990704131,0.08157495083739907,0
0.47806963208834374,0.28357310609500963,0.7614532806840185,0.347662715190302,0.19969528588611618,0.034729096855379615,0.4078456650296445,0.6394350049150961,0.42853532509479697,0.30180668502706853,0
0.6037156941397773,0.05786540509146332,0.8965808077713571,0.8716917257073651,0.5194602183655114,0.28380109567443546,0.721718389056694,0.38809246048288426,0.38178430225963145,0.6689415562340245,1
0.6560795372703627,0.7987098860460411,0.43266809363367187,0.05996260676149978,0.07080178868410547,0.8843388746642409,0.33960225945192646,0.9466540098882573,0.33376608984798084,0.5525690185407075,1
0.8469014663721368,0.7392830204750593,0.8978013117962553,0.6291904345809876,0.7903993547187945,0.8037892319473111,0.9193669309961315,0.12272677190153569,0.3944521550759922,0.6510411187453462,1
0.13729317284020082,0.38524371817821756,0.8956115766921194,0.8521793699478586,0.3681598420690625,0.11955075488323985,0.8328396649148317,0.274447078977911,0.5792761192020663,0.39955998790842995,0
0.7621373515809478,0.6946752697213804,0.38254442466629623,0.9887347692005786,0.5924243590110908,0.4894240191050764,0.886850103005798,0.22469035783028612,0.9550689410452831,0.5056171337696262,1
0.25974065045733097,0.9346178644597345,0.35321734385121806,0.9003501290957743,0.10760516186769076,0.8321063273118362,0.7921794168498685,0.4078927941192748,0.2989716566266828,0.06878770941460821,0
0.36827216275699426,0.8965441248065436,0.17875628035861546,0.07096023349377223,0.5727652250030122,0.5952719985886628,0.7704263421042084,0.4644755334865779,0.42792943462916966,0.6589760964037055,1
0.28236758513579796,0.10144637172085891,0.8879023648204402,0.2789684825456328,0.14460124689327625,0.8903169825928341,0.24220497464692903,0.18926432928692039,0.6986806353150341,0.34850804002899816,0
0.5871519451363727,0.6727545575514464,0.24345903816233494,0.04908038474361509,0.3568306864520385,0.744520008062942,0.9467718005575682,0.6878490713058037,0.3771623503058551,0.17148977746151006,0
0.9609135814746741,0.8441865567387127,0.9052523440288803,0.5101200026146991,0.795975439126135,0.5357910179735352,0.15251382988409623,0.7526164124311703,0.25137715847446007,0.7328110339671109,1
0.6984186576150628,0.023717485723613985,0.15321332425968004,0.5840020463924708,0.8590533799790105,0.7785102624715982,0.5128869511062425,0.9569808131944917,0.13608490968500853,0.7195684747742889,1
0.6778672973403975,0.7344776599458793,0.08887877237936859,0.34068224253152546,0.36391133091808114,0.35808008462874197,0.2438379644721156,0.3014289775034469,0.7068338185136588,0.11436779882271475,0
0.3962738845076753,0.16337746276993514,0.8639514168185651,0.762485173698588,0.7347098875243497,0.600516426218193,0.8660187426383879,0.9890827406716702,0.03466775691819857,0.8912579698243621,1
0.5958447024536094,0.033839593997892936,0.8121005480242828,0.8991487135372543,0.19361613484268525,0.1854969850650786,0.951793418325669,0.1278600839750884,0.7805848224187395,0.30002603434855746,0
0.9643137849877406,0.9857737680826338,0.047858215704976836,0.9519807051461522,0.47897190410319923,0.9117944294158993,0.20044109946852828,0.16590932627315313,0.9441017079895466,0.08794222058148071,1
0.2021523172147799,0.3625385262656614,0.757084279506256,0.5581526640078316,0.005368554517573565,0.5706749937215337,0.03341071739191093,0.9491762057248803,0.06230130996579919,0.4531493316812363,0
0.3333202443129196,0.7494786888370485,0.4890188138264172,0.6238521723810142,0.6131100234763049,0.3359423011663233,0.16184422554972322,0.5416840272355721,0.709818515060654,0.9254777465930517,1
0.6256396223012816,0.7004230731809402,0.4151078789840671,0.46598519720162257,0.017889361443716445,0.023730805628019547,0.6605609427715139,0.8686722458932729,0.5485148567520757,0.7971296745462514,1
0.6898253808642362,0.46097444375467744,0.016752828098980155,0.22348704254454166,0.44764022650413615,0.4415108913125948,0.5274722291384374,0.815772859543114,0.7681302354883147,0.439928028621716,0
0.9608835320965254,0.45195698764703574,0.06305776037710908,0.6834180329891152,0.6931566784944392,0.35663953128656845,0.23192153356197864,0.7922066620569236,0.06971574850414364,0.937284688659628,1
0.06703750263310981,0.3952501318778232,0.08031779458718913,0.8883013639219942,0.3474452213049254,0.33815329690218554,0.0019988267530424153,0.8015575430484985,0.2861855921515295,0.07936442995406345,0
0.969268394794792,0.5938853193478308,0.5816496266135841,0.746545366888327,0.12777277480315152,0.6528918198951862,0.6089704630524577,0.8089206995287912,0.9465150934283519,0.35422166265245525,1
0.764113168539361,0.6240330922835751,0.5072112183815959,0.23364756573172718,0.9886379733052654,0.5070232250533521,0.9366669764699238,0.8928050802680341,0.9501293507416863,0.3325965739128288,1
0.7137750540010095,0.957233236427328,0.8647239322841835,0.7173220799543848,0.12054802480910987,0.008863039343834589,0.20669199303315067,0.8518406808700548,0.6985941832119775,0.9486642978794652,1
0.16307006295803728,0.0598813621855292,0.8906713107953889,0.6502069214338729,0.9743929467309218,0.8571969100114011,0.21267759532414388,0.5279581418542402,0.0729082699885536,0.5472711318946767,0
0.8843401622515228,0.3368121908450771,0.7001577808141471,0.5004958142534759,0.7149672674248438,0.07255971399224226,0.9554994093047978,0.24690709677264366,0.340790136969887,0.9699785688808146,1
0.3964988609031005,0.1528994157935657,0.9694115736460136,0.31544555439290123,0.9766861221673824,0.3660626635857849,0.3153431110015268,0.5318959710327267,0.13130050869960208,0.9592462522912751,1
0.7045556911793476,0.4184572295381064,0.7523852574178088,0.8697065215087875,0.8292663776097605,0.6370406050802836,0.034019890484268456,0.38693368914401793,0.2626128268720427,0.5693661704251348,1
0.7753447769435553,0.30999701118250056,0.5288623216120703,0.5313629388704351,0.4430552581273294,0.5979706244044508,0.8618906813818592,0.7816944129863268,0.7538127266138056,0.8456693783437425,1
0.05358034411989032,0.6665523511346935,0.6119797289455131,0.40673062710350216,0.2864589035686196,0.12401242807850166,0.6712150955473221,0.4809828487921277,0.3975350009222167,0.3974025048314469,0
0.19069308773182359,0.7578892482781471,0.47028455486775544,0.6438327890222011,0.5039984024765058,0.43800939638118774,0.43580096621668896,0.5530871865054136,0.09577583725071848,0.28195698327906127,0
0.48872315990178494,0.484380335868955,0.7463116658389543,0.35122242627491185,0.10997137797197032,0.9642121441988496,0.6989082468344108,0.046786300471713727,0.62337845718338,0.6521307356840896,1
0.011824544585938845,0.627777499514927,0.7800010188121105,0.2598205281818844,0.6096506643172098,0.30634079446339535,0.3945265266551814,0.8064416633111725,0.12424748138207187,0.12963597276399397,0
0.07437690877975567,0.4999276202769033,0.8327630821589889,0.09918393574704809,0.4191146676826657,0.2184947133814138,0.4237260066667152,0.08835007287725483,0.3938825843695173,0.49000739980714925,0
0.32619274842764723,0.10695988932117995,0.9946625867102002,0.6723637952408099,0.052592375969576666,0.15471024305880143,0.838911818584108,0.29048886947625663,0.9753363166437055,0.8268246405832399,1
0.29933897559368283,0.2410731875158515,0.5862536585451483,0.3134326306977493,0.9740178045934524,0.27780229190529593,0.8556348510953481,0.45633159327062434,0.548482120372997,0.4646444269668145,1
0.42692729023735954,0.8337094505705821,0.6460975398844808,0.7179410931077648,0.3303355607723112,0.05549338999357467,0.6869746528735676,0.7790931989959087,0.5248495157714923,0.9366318968127952,1
0.17521281693760826,0.25897272362071755,0.6949538663225089,0.5723868159810945,0.5887588822457934,0.4066588011343457,0.8789213145705639,0.12934499109205455,0.9504624411569204,0.9398660160123173,1
0.38266903837539745,0.9889724469269471,0.9502674456753585,0.2937137877197099,0.8784680016585217,0.4026993834098289,0.787039933995869,0.4087807244564222,0.27161246387188154,0.21141458808808467,1
0.9032756220406304,0.6121129875627527,0.7843909428788088,0.706569961840507,0.6524487031472367,0.8076745698937934,0.7067374207092979,0.7348639978091036,0.5732061334264436,0.5830218150094907,1
0.7305459071566148,0.056233385625391485,0.8911078648687252,0.06818091530662485,0.11241666345642942,0.1931081302840768,0.015528653816784144,0.9154288525937955,0.9127610375700099,0.48153653048461553,0
0.847339185565382,0.4689118908065426,0.158405095973858,0.18204127540471282,0.08177862366905475,0.6030943099267447,0.7256466736361736,0.42359392269032803,0.1520211099946116,0.5824039085898954,0
0.36218909472876737,0.0913660629071179,0.7083317450248225,0.1900598980413597,0.8688799868070854,0.3333147834954603,0.3628350699646107,0.4454003230318294,0.3133697471382023,0.13247483887642064,0
0.3992770155529842,0.20962204064742884,0.9768057891604529,0.15932075940007007,0.5254639039294574,0.5895647732041176,0.2949678232367453,0.9593726845329738,0.7051793053217985,0.7783007203304751,1
0.8071437448953336,0.6376113939503998,0.6778884318807811,0.6530734528130073,0.2926939199792823,0.5611333931935668,0.34807272598609473,0.31729335310935824,0.2948855420820331,0.9882889282434908,1
0.9319407106054007,0.41393136937195163,0.6458848239907603,0.9329080858176036,0.899171950759107,0.6395019185844483,0.14517632789914026,0.8799414143653439,0.2836537539549968,0.008173832099339196,1
0.46132463869595,0.9058294083790879,0.8190803302351576,0.21650602966115173,0.054098349576806815,0.7227570541253062,0.2916104243782234,0.8794754791967812,0.3700591737151946,0.4867689685645473,1
0.4997315606081656,0.8892630335740687,0.2787381906280395,0.7704148376894049,0.8429201697951045,0.24605973116458624,0.4542604299877512,0.2233703757575617,0.031790565758172185,0.39709888248882896,0
0.9992434459369327,0.5504389545881406,0.35079648300403954,0.45198057629295285,0.7441038690347779,0.4693506749929879,0.6893881116875258,0.8167619199274337,0.8331180717855495,0.9295954967067269,1
0.3778517856936543,0.7978383904945675,0.8215384994999984,0.7993703004044297,0.36942108362458226,0.18327759753254358,0.40006741805385015,0.803046721890207,0.7011836461290523,0.5986803018773731,1
0.9660819482031708,0.8138818556118591,0.2625627569690451,0.7936384371932723,0.9310960380758379,0.4971159405931853,0.9209473437814173,0.407839708442002,0.8092089848377011,0.8116358146343317,1
0.38587461059523576,0.5278429569385696,0.9947028992679596,0.5646095628991886,0.36270025531839756,0.26192216675574165,0.5042290416378821,0.3265711484206316,0.8424261328987552,0.28973619301783915,1
0.99499538088839,0.7978828780256704,0.8854985657129084,0.3409902032411073,0.368578596496851,0.6069063274229002,0.7238392256059963,0.558237587175086,0.1498354375961789,0.9675309574080978,1
0.1187399825602029,0.8850380274897989,0.5296676359147281,0.23080285614400953,0.6604477699676992,0.44493761908225193,0.7231943518430695,0.7132761825380235,0.5719715957540698,0.10385125551584562,0
0.036497007347545796,0.630459434167815,0.0913011612218555,0.8234546148956728,0.44928461440598955,0.43545441084283054,0.40412263858877295,0.646336836915968,0.8352528155319366,0.9869347208995094,1
0.8468135760427844,0.5628187918586757,0.6677005598863623,0.8534535109215503,0.5455566551884912,0.5892332776390936,0.350103997257611,0.809280449278863,0.2662200028323325,0.9412823691337822,1
0.061384691722532914,0.9680569976725142,0.8789178351071864,0.3365512466772801,0.09216915101235534,0.6017071491286473,0.632224372806385,0.04912382212181876,0.20606503897421236,0.4475794360026366,0
0.9227153958899078,0.45099767054386897,0.13020043349685873,0.44863898872738384,0.782236137326307,0.23106874185780213,0.21878006181196552,0.5743022530906717,0.08951041604098953,0.2394127543074479,0
0.1936417353141261,0.10277692567333685,0.26021043561144663,0.47640571177454316,0.7011138327022163,0.8652917007717695,0.5069211031274168,0.5482537526470217,0.13797712753203806,0.18906730082427825,0
0.836969838302309,0.6539504696892535,0.8213385311577348,0.6512943620664912,0.8676168788841871,0.6502040104843003,0.9936193651534145,0.26814698493426037,0.36335079662775926,0.31533423456361775,1
0.3016585451031172,0.30417004395011904,0.8449245842910706,0.20640438942791883,0.2328370553601371,0.46123119181014705,0.1485976185075284,0.15976985694691503,0.6822863358795692,0.3071494133197131,0
0.5383567859078564,0.1239397392843099,0.8997636747306067,0.7837226254088233,0.6542046874395417,0.4414383544909334,0.7537765493241989,0.3409065588021518,0.020109059095293147,0.23754996471190026,0
0.09307075854719837,0.7197448666937276,0.7222760389766378,0.6328456747716069,0.634110743791509,0.05058772753871599,0.12503547918279745,0.7892533527136735,0.7998570985931811,0.9630819237298924,1
0.7661276987302845,0.37760767185743327,0.6593793669822093,0.0995991496786287,0.3445118506749202,0.41235834842742236,0.8905518020598929,0.11142851939580678,0.6057815369059214,0.6079601549866318,0
0.6583908306638144,0.6984550372215127,0.8677089119251234,0.5663610326900039,0.21996488441596984,0.7596269498681761,0.19690574694157137,0.04083818703689557,0.04035248048809148,0.521973224482044,0
0.8926487625305921,0.15817257619503167,0.5549930579624758,0.7770935885489266,0.7340387251701349,0.40851305105579516,0.07922858853823989,0.7944772612202374,0.37095618452443613,0.8579501783710426,1
0.17015679746891832,0.699730734337304,0.08328966272186178,0.3866200646030936,0.15850971164623018,0.19521519289578726,0.5893633302560953,0.7028946932795218,0.19056101050523166,0.3190850267370635,0
0.05927635011852894,0.16531589327059915,0.4708824288120588,0.5260842134533266,0.3611129164378707,0.6083831013873553,0.8962183119736163,0.6481001275379583,0.004063649452439533,0.7117075212989694,0
0.168004674223301,0.4365241400613675,0.6937544829449724,0.6255595676863932,0.159241275080246,0.2138243249853432,0.2476577553548558,0.6547288352105359,0.9556249796124573,0.7184792903651991,0
0.8579273466535334,0.3168310532686165,0.8301388081175762,0.5319634323283124,0.8700914272612337,0.31767014361560963,0.9024594765842884,0.34056659614505347,0.0179281620803613,0.00736211384983243,0
0.7515343367689113,0.4963191925411934,0.46747957504251736,0.746406299559037,0.6003841084244644,0.015169937560229774,0.6868492563429106,0.3231362905155538,0.04394294388916242,0.9035265559299732,1
0.4522210040621918,0.5097610902347567,0.4867422444031011,0.4567193853668545,0.0407617591949081,0.9641547752697888,0.49200955727977125,0.6174061890577006,0.5961811726450041,0.05018876699337649,0
0.0485751160540111,0.9521489404198538,0.14463380199730735,0.5238398687492299,0.890361736069912,0.0169805025157439,0.023818348310973958,0.3943017670412645,0.7787259823153222,0.9913597239320313,0
0.4364380698689144,0.45098458810692776,0.8587908051388637,0.30595682660492995,0.8481056480699712,0.49709455869859764,0.5485676449796308,0.7061665515503975,0.6274787027785994,0.22894610784900193,1
0.27404355403843006,0.36441713687330124,0.19783122941304176,0.18152279068549515,0.8155036032022276,0.22144556467670373,0.7108932715625006,0.047023843994753456,0.9952864979713462,0.41611704093300517,0
0.3653640753571069,0.9648703019967785,0.27875201686946705,0.641507050477243,0.5926030648218477,0.5195016467924316,0.13587229140440626,0.2998025424534101,0.8505543391994898,0.2090313626637853,0
0.6231541071358085,0.896065779786688,0.9010766872492064,0.6702439313030344,0.9668450485913944,0.2904220591582891,0.8982017815500251,0.7151910831621089,0.4667854292279374,0.7681875394842653,1
0.5338273408122095,0.5494811153769714,0.015727994034548165,0.1653450746431948,0.31734364359881917,0.10891049160513144,0.8624655760530192,0.5775320463517308,0.2828469096128967,0.2674131399830859,0
0.1651363339367481,0.589198590833212,0.067541604813671,0.6903743391241581,0.6891625520926852,0.8216419141544753,0.02178551801699191,0.36118367037327426,0.3216393385990899,0.5647729530675552,0
0.13038277705616363,0.2463737421000417,0.5510897026893419,0.9232838416605283,0.4826547993558251,0.42594215598877805,0.8059511704416671,0.7855353116830808,0.7275413269217981,0.12396441707518435,1
0.5484792008721702,0.9466854912350571,0.22280717691158847,0.7982904610574965,0.693782542772209,0.029872896177497665,0.8335396952026423,0.3312675354342489,0.2090321835598542,0.8900659878284389,1
0.3834561232263324,0.41798163122261023,0.31516194706029155,0.005324450736581388,0.6841137167221767,0.8197618897218867,0.14096670594470506,0.43476681452234067,0.0034721303940257187,0.4727868283465012,0
0.6183995822758097,0.29337222672350516,0.8395145556453448,0.8429155737399314,0.608596619022735,0.12539506266029732,0.47989436071611646,0.3991230300173828,0.9812155897165228,0.4311711903245462,1
0.9971867579910821,0.9404809910329469,0.20199092666607565,0.22514454431012287,0.9771484679103172,0.11630438238732421,0.7643065160196167,0.7988844648469019,0.8052729960262348,0.38365665269657945,1
0.6705823062340898,0.08162623033901217,0.04524331926497582,0.7772642077566319,0.7638767902965502,0.6825447206055979,0.7187980048410404,0.46161528914370387,0.35354415024715447,0.02898739370234571,0
0.7025838890746532,0.7914427996650722,0.004578898952659838,0.3264332380522774,0.8350231080503601,0.3158567707370452,0.11484469850213286,0.3587163263907768,0.6305613862989614,0.6164885032596691,0
0.5630140057500712,0.8742523794297069,0.29662691981466005,0.911866902983697,0.396477835545036,0.730131349839077,0.4616207564085826,0.7544660464824597,0.01914310044663703,0.6544643095836202,1
0.3077722136898148,0.8507520185711633,0.018817547603551255,0.07268783031445047,0.823923987755157,0.1394577005182639,0.6048749926802254,0.70924572798205,0.06511953726738284,0.22576159265909168,0
0.20392187672045492,0.6777637851727718,0.816682121610819,0.6792415973493958,0.5545021544205287,0.5460262067849598,0.34255575956005047,0.8640294157172079,0.4701712783401961,0.7197964467247119,1
0.11183284913452318,0.5431612488714875,0.07183954774939694,0.7664369363343272,0.07911715446890977,0.7903249710973909,0.3061219316853676,0.7368199563236645,0.44375988691321744,0.5470850821104044,0
0.4676595088835632,0.5728562409498277,0.22109937665711865,0.2687091737462681,0.1165226985434259,0.9192169619303762,0.027826177865045487,0.6392475839052175,0.13111705895791004,0.6792234298926512,0
0.16889966649921562,0.767900319587486,0.279156704853052,0.18459683161149643,0.7225582308635046,0.9710311292098766,0.9087120845202217,0.9592502507694041,0.9069739347960257,0.6897888950144183,1
0.2521298663617815,0.5329130753325365,0.34053966839951455,0.7442187486413283,0.9232360627469846,0.10253273184260014,0.5033080511406142,0.6475070077257031,0.3858988452570389,0.02098093076833163,0
0.9435339205339295,0.7205645851786905,0.9999626880566388,0.1739776955355875,0.9843655107930029,0.1138819915146464,0.4410755144770081,0.008973421479773092,0.7804622288452813,0.02368996612257135,1
0.8854553918610523,0.5278053537758007,0.012277661447788413,0.1727978769162155,0.572960445699439,0.0955536051306981,0.2721229181600523,0.17059538130166796,0.908142434458901,0.290192651064338,0
0.28971903664956333,0.9856917456704403,0.9330113553160094,0.8772253844995656,0.9808201850491364,0.0903292151638061,0.46283710463057104,0.5018023719554007,0.8286184883397467,0.8027944847613748,1
0.7716910459511591,0.2718178561034803,0.23530688478742356,0.643912108505115,0.7115804228452113,0.24033362239502642,0.9084178132808988,0.5339927497097927,0.7928396820009649,0.35448444033018955,1
0.09187039137362296,0.05638228805817924,0.5235742860509642,0.4398559697582216,0.38585186282274975,0.9174946327789489,0.6826912945384024,0.7794945053956598,0.44929195000642286,0.522313515764278,0
0.4163466027752667,0.09589638592073824,0.2849358602482095,0.8178579109127041,0.1993849950781451,0.2576548332366564,0.10326995134255801,0.7020364391192555,0.1318640029959003,0.018943288041103012,0
0.16582935422157685,0.3007614694646029,0.5746452052403135,0.23137815421784613,0.0740994457617935,0.3203311881411224,0.11226915516963143,0.3706273318688398,0.2815527105262082,0.9924109076504432,0
0.8472228220706173,0.7739853428846921,0.9770038848064503,0.22748626941897554,0.24016655985694602,0.4988268413653657,0.06277586864147289,0.24548899277512248,0.5975563851721888,0.49296127000127565,0
0.34564209556655423,0.6743118982315196,0.6281291892680888,0.6157002393742738,0.2440388568782519,0.03823636925072815,0.3360929867802298,0.44920248194289725,0.9390501827508556,0.3594879118622182,0
0.948239806720727,0.8952983443202714,0.6753659980147653,0.5897766760331558,0.6136340551154209,0.41882531369884335,0.04920896001004249,0.44165214724341717,0.5630506928365542,0.0141044001499121,1
0.48839189695185137,0.7489320178362058,0.6628271601673501,0.7978444129564158,0.8590342069847291,0.010103246613486938,0.26624216748800156,0.9090999902524,0.6701577196248678,0.6284018009439489,1
0.10001008393982724,0.6261811382232247,0.5983160307041127,0.6381387502143936,0.205815065276015,0.10510718062988111,0.5742536976619664,0.7621170458034846,0.7343726497338611,0.7362824550164164,1
0.2187658805846543,0.0017492724206544796,0.6599833532079069,0.8348989019945212,0.253804903487024,0.9928791589769507,0.559933113072908,0.4505140373483073,0.9877238277420994,0.9545557072584794,1
0.8302639896268037,0.4784354032330964,0.0927490265749058,0.7726973428965844,0.3765028554839631,0.913869551999903,0.15247571431028306,0.08691138178532931,0.48277492273135825,0.6920074021452379,0
0.14244676944896606,0.6004951742585422,0.5962329837300976,0.7948613601576577,0.666623816838416,0.46299581972118475,0.8939829913343528,0.31836587857579934,0.23255197381525228,0.45839081865806663,1
0.5153536188687536,0.10677834569369637,0.19331888887303839,0.3310947957760728,0.8796916015327495,0.149117720182245,0.20398175586915934,0.396519783143336,0.9390509543113766,0.521735000442374,0
0.1662427086376892,0.9204816208202479,0.3408964923245156,0.8397696401701205,0.5705655082650523,0.4449746046551587,0.541375186635714,0.34268358268293164,0.9188015318764723,0.18110244708458534,1
0.10000626619586461,0.7470546605553224,0.8626787280555147,0.693123438354235,0.22914829583215623,0.4595578323820645,0.032172687823707635,0.4513332222994626,0.45329836074461627,0.7159868291522479,0
0.43311183789709495,0.23624312124480884,0.056633893780418054,0.09904956376778196,0.05026205535060824,0.15136967339272056,0.7703543671005887,0.6894492356463118,0.8839493756921996,0.11777696523640968,0
0.686163626258088,0.00779159883056868,0.20230881135328838,0.9694581788783292,0.209956681169312,0.5395786535380201,0.7126869264260112,0.6863804277046767,0.8147128890158438,0.6177675785944332,1
0.8732141391441912,0.9159023062746655,0.21207738011322685,0.3513476014264786,0.5197082416438694,0.19546172305679088,0.9413378081329304,0.9552287022834896,0.7039575959130008,0.026772463655109213,1
0.424838567693553,0.8131834004718702,0.7046535824155237,0.1382781647149366,0.568316729917395,0.739631630035202,0.5849588627897352,0.42706781738149124,0.8757421310718783,0.43126164497366937,1
0.1449638905799565,0.23390400958701485,0.06060489922115764,0.13797839459062788,0.5902700874070453,0.4668664444812092,0.9993449199360138,0.04026484866149349,0.16807724633081222,0.8027458289264218,0
0.973548306911071,0.7448814245560957,0.7620637344028799,0.1721717142966417,0.08862552328970941,0.06414480201914807,0.33235395773731846,0.6399262181951023,0.7986586679777068,0.20532693171172833,0
0.8436471347097554,0.37598728759144606,0.3944986548682011,0.8587495856802005,0.8875878386152385,0.8913934188722178,0.578049401895545,0.2238650258438888,0.17554896876372306,0.5482069464485709,1
0.902244589812362,0.4344952659585509,0.3474764460954678,0.5587331344241351,0.021089137434898486,0.7761874243220768,0.9245597282419109,0.6784762189327646,0.13461817133032383,0.5253055042586781,1
0.5717577577975055,0.2673717298040923,0.27360386242516255,0.86599866932747,0.6976062297602446,0.9436632160867329,0.6246203988834037,0.6886500810974939,0.08740689744211694,0.7222140949768101,1
0.181723274960518,0.7697351453120874,0.5899384200858426,0.8347166279173237,0.9691393220772884,0.9551984306848126,0.9633967889076643,0.7336132762323502,0.7771413121027756,0.3404724568417522,1
0.5440785942817551,0.656037431117469,0.008308644148318445,0.3383686422476534,0.5603177944354737,0.41405667904256394,0.8455478015883868,0.10836813421637104,0.9243913693299726,0.8903359813359294,1
0.07283828916420765,0.0863017068818468,0.8040766571414765,0.3316784335280212,0.9297996374921123,0.13738469045517088,0.6349489794849756,0.5574846079890964,0.06884158437539634,0.29202693828926574,0
0.44809560997011044,0.06779936817136079,0.0039378992822370895,0.9737866368598694,0.7656944968030438,0.6091156849368807,0.5036319131929985,0.760060530207364,0.3482677027906099,0.575779865368723,1
0.7439755453057335,0.5162904059126634,0.6388660580077972,0.7038396278198578,0.6199879078129396,0.5770623233672523,0.19399117903365337,0.06036233262820345,0.35070258242496544,0.16441221195824285,0
0.7462297879604458,0.42377434747584186,0.12871269630487236,0.8690757390051488,0.8661509690256459,0.5242060198191293,0.06480833236988048,0.47818285092712676,0.013944983790705523,0.49750501456223994,0
0.24441210300386984,0.19236822280483867,0.18187177243910646,0.16527806264397038,0.435562591436192,0.2806567933563755,0.3098122337360312,0.18623992495993513,0.8208124578620257,0.8159439934351842,0
0.15738992280868735,0.6064461285057834,0.1401296690756081,0.6680332213864263,0.7396762937854997,0.012243519434741779,0.7900118847215803,0.1789655244511157,0.9328919362415501,0.4926074626783896,0
0.006251167634632737,0.3730493932212591,0.31288988263122,0.03377907217584741,0.5182224145940771,0.7908006843634473,0.5679045129887553,0.18123406271735154,0.5937489915536175,0.4995355038019297,0
0.2935398045196461,0.7910994577832888,0.03035416633587762,0.20042809940532869,0.7677975704612329,0.26788862501382427,0.7652342177523397,0.09357982610140614,0.1333939090699977,0.9133729697667741,0
0.3647619433312229,0.15126686539255585,0.17580778049719914,0.31566607588846085,0.9470864429287299,0.7357610703210252,0.8151485573218622,0.24630866883213498,0.3078463542612129,0.961142415165778,1
0.48589927538257305,0.1407196330546413,0.5450781187943283,0.26693254174740977,0.05206189313528775,0.6805810536682909,0.1517319129330369,0.7901322914282923,0.08688300392984971,0.26889969719747564,0
0.05922089475320247,0.663240878067358,0.17068523307768846,0.8756781116215524,0.9990090433056598,0.9279124846875061,0.2800586458008547,0.3789962098075521,0.4956031807530128,0.31492083904655055,1
0.3202702383545343,0.4874079293418727,0.5751317541174934,0.1316608826663177,0.27844139856466543,0.18115297905188477,0.6927544356490033,0.5051577503319113,0.6035866065043201,0.8008289353562692,0
0.20335513120479054,0.4725170739641643,0.8005651673065535,0.81715971349705,0.47255089395047223,0.0086035593031768,0.965668243724969,0.2758896289309579,0.17208597132999026,0.36947165076372923,0
0.36028986255851647,0.279172306380467,0.4271367527922826,0.8785040093921538,0.2655243640578613,0.343639932926904,0.110845864284841,0.3028807481125022,0.7188529284398488,0.14797757429737501,0
0.436122348004771,0.3793481621333691,0.3862192783265992,0.9205265310678042,0.9435703149867398,0.6687525850573405,0.43849703708239673,0.3317879080345545,0.27909530902290103,0.3082674596578908,1
0.3351610040682734,0.7744813936230427,0.6051637134863551,0.1720405844960894,0.44764300458473594,0.5578449673662936,0.8969871941546621,0.4869902528209329,0.2287481729026586,0.16983651366091668,0
0.1531408848557465,0.49534073900620856,0.5227848478358742,0.12302292819439786,0.6654365093763986,0.039495877934330736,0.9615414597259238,0.5528972299178281,0.5738871257388912,0.6819744810644097,0
0.3696564915521672,0.8593577725181186,0.16737571919476646,0.9943106569496888,0.14833723520710052,0.19344216189542873,0.7617438330324022,0.8408022015359848,0.6668049414073008,0.24875242959648558,1
0.43457006256459907,0.06687766350264512,0.7035450949507721,0.25406899999820554,0.18327839729109285,0.7690949406143258,0.8468298289985792,0.5225697172143537,0.1422204944097918,0.18805769911868708,0
0.17532682451349157,0.5564919098333989,0.2645566018790523,0.3485898514554415,0.8232346187167758,0.8545025795085603,0.7205610378409275,0.5344276116787424,0.8641500079805009,0.6193953754946359,1
0.7696824571548215,0.005554097500663602,0.8952698241946084,0.8696801141870524,0.2867817627515088,0.6990062889849716,0.06174622437349209,0.238656121221537,0.2804949101217279,0.04867009024312463,0
0.5399684698554118,0.2925903647945989,0.8053468297541261,0.1531538892935821,0.8491017972858719,0.22181752304121205,0.6130585473525683,0.8936639900531578,0.9884667575876507,0.7950324816908323,1
0.020620354210980296,0.18351678926468795,0.20884276706929927,0.4793922594420841,0.15670787741387082,0.42481021121817675,0.13187323350100932,0.6106845462341476,0.7158319065957404,0.9341718865715327,0
0.9445903391023825,0.4095234042540775,0.21718072551654666,0.3696486935262938,0.39976438524902047,0.2410571689387665,0.3641681106876874,0.9464168112246825,0.2604999169360377,0.8947693694931856,1
0.3137899739975968,0.5274600156827107,0.3956821226240723,0.46265603898061525,0.8871059086450482,0.17882264157830663,0.17328071401108358,0.5639990599909086,0.6445056592425169,0.6341998587745461,0
0.4790867038162082,0.33597246105221035,0.9446407122698239,0.14869407674593704,0.13142080189901117,0.9627931740064356,0.7022756355258695,0.19997041683528416,0.23472999603015376,0.9986020836215194,1
0.1260335747627538,0.5789616546355619,0.09495451770764629,0.8648955963972144,0.009035937337602884,0.5770986397062143,0.1777637777959249,0.9530805763464832,0.5443663561978617,0.2967043627591107,0
0.09172078506042525,0.8087515135977826,0.7794199829143513,0.806837095139324,0.9352208967803494,0.0246266398876126,0.1687084637702413,0.9554212584667342,0.6655131970819098,0.4106690135635873,1
0.5708218088380628,0.5437015783281266,0.30492033842834976,0.13015115779677922,0.7408479043154503,0.2235893387914779,0.369260902795726,0.7743792433145541,0.45600351520039517,0.7758522718881855,0
0.4461322338942081,0.626831026527227,0.1535827924171812,0.059998147803601465,0.9525312081284372,0.5401410762137736,0.5242866259261608,0.567223879707684,0.27676009876137975,0.6476088215807251,0
0.39341070969745895,0.6302742523992971,0.6862032148660069,0.6774692087802687,0.7837947402189479,0.5764205090223614,0.21831022597928362,0.04354574685310475,0.46777532796465104,0.8711278684843229,1
0.10110199151891519,0.0929611247865274,0.044934038243334085,0.5651908884804225,0.6879347178364488,0.9864045970613452,0.43572153105234224,0.02220242477308587,0.22870929842380305,0.3203661668157324,0
0.9125406356287283,0.03959878292729624,0.6026995599143264,0.8511533615272168,0.5542216992880405,0.07202998532629368,0.5410138200304795,0.650621971790676,0.949018239191197,0.48618574400921366,1
0.21568320974638056,0.4074159975293449,0.9423482709552463,0.8156483785615394,0.5538821118247589,0.28427069705226227,0.754505130223062,0.6869525007613301,0.7409429338172877,0.23474706134521717,1
0.44077046099119577,0.5299610417384888,0.6374567781949975,0.8126184142263189,0.7527099117187072,0.8048608302685762,0.23030551896936236,0.5471196926532798,0.1295795893320162,0.8733589863008812,1
0.8921004172007795,0.5572991209928008,0.8507000389462959,0.7719422036513256,0.9491730827098989,0.33206124883362664,0.00972796454450886,0.5362481521516356,0.6454749607698604,0.8856724839347265,1
0.6511152685130841,0.7843561323205502,0.9171525660262112,0.5484722636091144,0.5953715690998158,0.24298618088743684,0.32857918264131536,0.8689575518162619,0.42018591075284717,0.1924491701400357,1
0.966083597370055,0.08712502479910988,0.8455552580228554,0.9905715093901852,0.015949947977234924,0.5241865577925163,0.9291940717937099,0.9908240026147657,0.47919457472540694,0.5559375884021069,1
0.6351589372378844,0.5732835772739939,0.9927427145259423,0.028170925730113372,0.23301729732925203,0.9868606652814753,0.36323006661531954,0.1519639739006181,0.34161072282713445,0.5479516692364058,0
0.5581076645452658,0.8452974873743245,0.8873718105648406,0.6370040552153046,0.24905010429656915,0.982818416012156,0.08491353390202361,0.08962791184918484,0.5044188140423185,0.38488159887434137,1
0.0009197807064590391,0.44675627152828623,0.405529338593814,0.3996420112460971,0.3717020404149718,0.8925562143389072,0.4197049740692256,0.7925560327314718,0.3601559448446452,0.42592120351323104,0
0.19419675540686043,0.020269172501008237,0.9457406664045018,0.5203723251208948,0.09639940520473878,0.7693463455709942,0.9734391647149147,0.385347966045575,0.4691321376589215,0.4918357762998111,0
0.32306022912764953,0.7036194322600646,0.5942416432987822,0.5441417180784942,0.7503760581057969,0.8683065898573054,0.7730718904601006,0.4774454482283861,0.22229362272903164,0.7674948680119298,1
0.9299660961745463,0.0981639948204659,0.02337183225021855,0.12252599905842765,0.5085559740960197,0.8477276004307489,0.5112952338403663,0.8902428510767973,0.9437803306869778,0.43714701097578157,1
0.6629605219542144,0.740389264922952,0.4238089352520811,0.49689488212635524,0.37467202371672204,0.6883727558022934,0.09558638802022801,0.2006134914906862,0.001520971083986633,0.3856105935021089,0
0.8789790243297636,0.3270443223667331,0.7299640877096449,0.039239919599343476,0.3961650364624034,0.11621267285084191,0.3593769180530123,0.9026815633887304,0.3156932144544624,0.6469295782901988,0
0.8538208253459713,0.3385226569336969,0.7320924290229069,0.9071724829532812,0.48007658613267146,0.03776290204513333,0.3868660443407057,0.88300623373463,0.3300360406272054,0.7407862390668234,1
0.05379934193260416,0.19544974182282215,0.030930009683564963,0.8559971297442365,0.4531452789751754,0.3957946092809278,0.2541702452716177,0.8568181620738374,0.72719319079678,0.8524203694765653,0
0.21666820557548772,0.316261039898425,0.5718924192933478,0.06265191751220778,0.07713315776536311,0.4482386273557607,0.49230141073011724,0.367793263131436,0.8064219823925277,0.977376520688908,0
0.3593735772108625,0.9197761719560233,0.15275265428941642,0.19785372230233922,0.21736992728098548,0.26968861768230445,0.4368445332114017,0.017550028970596432,0.5835059872720604,0.4208687637253501,0
0.9157584303739421,0.05298068728958638,0.8832303180601233,0.9509022554701171,0.1295455626287475,0.46783925247276636,0.9853492452233475,0.6312624081061808,0.6793171205498223,0.5808510152143626,1
0.7598573484266239,0.6130817701239453,0.9284611188792559,0.84103081629811,0.6876104765151319,0.8678304752089392,0.57324025887901,0.7699760199219072,0.21050328401259666,0.28518700552756326,1
0.8354188885066927,0.8650305558155834,0.8463903327627653,0.058396838049436184,0.43426528324052127,0.264306911954868,0.9308460335528637,0.9645349046759049,0.8486948201866301,0.5763545643405013,1
0.4416170132970829,0.819306924064231,0.21475981028015334,0.9906953461601183,0.9168205292471145,0.6267633627020007,0.8167927689445821,0.8417894177197293,0.3701848661338353,0.8766838458903009,1
0.5080215123974646,0.33812625974637156,0.3821608241147677,0.8466653079970256,0.3995703583130926,0.0035085928326731297,0.7029710600969175,0.46063161749721393,0.13489732267113863,0.13518166246675067,0
0.3413740204679593,0.8200510016426958,0.8694443308376876,0.7397786046304791,0.22281692625970606,0.5257298868327102,0.09357139449362484,0.9162185452072782,0.38782125220415775,0.8180654610464391,1
0.5244209267100125,0.9376966203435105,0.7050626038097745,0.9727627281620896,0.03370785130644072,0.8166853270729421,0.004809070433285045,0.38420113672930456,0.4340758274577755,0.244174549818319,1
0.29600480639152826,0.7097269088824669,0.9773794209493354,0.5875427846860571,0.29017827005462327,0.2019094438074035,0.9367703130736565,0.41897936565698013,0.7794132802544569,0.337689424999541,1
0.730259613860945,0.18301953460439846,0.1767526130917636,0.7866185740466702,0.6295411731506312,0.9912928492030944,0.975806282137364,0.5559451251287602,0.09176611942329604,0.02068829138331041,1
0.5851611051193076,0.6620412997411042,0.0826463079468771,0.5323121901166425,0.9950603235770955,0.6147057820174266,0.840042042390599,0.3686367445774231,0.043475569256766766,0.18050382646901308,0
0.5872999078222272,0.3111667257984896,0.4499349043338505,0.844794335944991,0.45987124175943483,0.5238918971136949,0.6442048009825733,0.46729703816761203,0.6225855312255616,0.331178328912174,1
0.13722983902630437,0.6418877172261199,0.6987178237028093,0.43056955725121626,0.9170144929833496,0.8437169709828096,0.7098025051391373,0.23495388853264731,0.2856171256874537,0.20323694955856797,1
0.8879834973827188,0.03590424409266035,0.2771891039680193,0.7431941494805376,0.2622063680839385,0.6823993266291521,0.238653565647043,0.5330879271038822,0.19346869799483268,0.09153475236766717,0
0.4280546787374365,0.7193184529946601,0.9123312199795951,0.8545749783600405,0.5498838605246577,0.8190428571188509,0.6988417929500793,0.904234720145757,0.9033006388791585,0.25372542417197896,1
0.7014662970589531,0.9578941187070953,0.9341048250542102,0.8807341068457163,0.5006248069943873,0.2678661536024278,0.8582565148301605,0.6066217724095376,0.5190983219770453,0.26225828005962426,1
0.827040805014597,0.324199075038454,0.23091965505057976,0.8837649455500377,0.11642174279669859,0.6544431471733881,0.867719720510384,0.3646189438258094,0.2339603342987806,0.9056221319876605,1
0.28434379949813815,0.9618764337173873,0.25734760525744427,0.22727931826703573,0.48653848495940843,0.9121025451938765,0.032187393271988385,0.09691048247538026,0.17872371313838942,0.8237668215068622,0
0.32595852720295326,0.2040201343934046,0.9991769313777139,0.7393159984510311,0.17678370920308717,0.2882772637466984,0.2214914966060476,0.7606172845841171,0.8721169697810177,0.6136007384311373,1
0.2942161682362372,0.4815642927075292,0.9184118279278934,0.5833734613019854,0.13801257256272625,0.3644404076508101,0.0813212677041657,0.5640299167851922,0.5453978150134938,0.374138593814475,0
0.8870565482647038,0.3880685553564768,0.5869568777719224,0.20371141098236156,0.6615477005337541,0.9574588806494246,0.049710672866440375,0.5004446812139163,0.9153226108979192,0.14281593851127994,1
0.2728717065907579,0.0839816437243821,0.03253839142590498,0.532393771860404,0.33184944310132714,0.4798984432743979,0.8064383409419447,0.6683767060081416,0.6684292646631054,0.9104106353318772,0
0.2659750063314068,0.4490193479404547,0.4406361348894473,0.024419312995991538,0.26666192562886637,0.8805754717829789,0.9095715887848753,0.3155902104482968,0.8746655959116618,0.5895818557588953,1
0.6220471907040769,0.4168921041197913,0.809052704829413,0.593309693643819,0.28092527646982157,0.914283266335661,0.6026570026673282,0.1988299703377343,0.4736605938031593,0.5527437101109492,1
0.29592305441958255,0.416229918093867,0.40714599554090547,0.2731349292245986,0.40396049066564,0.9328315464319982,0.5855113935761584,0.6489356991777838,0.33041051012515554,0.13385892826685453,0
0.565617585115323,0.42769225936156363,0.7350271356118127,0.4755129435615799,0.9802298986720239,0.32914608960806957,0.5554044664737893,0.6809966051291747,0.23371421240589496,0.9115388449810824,1
0.9934281656426898,0.007976251797227163,0.0758419976416006,0.46421343290736494,0.8680791786559231,0.33176949266010525,0.1477928016888327,0.9164648531007882,0.009754365750585414,0.510530250425174,0
0.024138622997174286,0.13754661019311354,0.5355524692062635,0.0074442439528268345,0.49200552033647094,0.6820879726777139,0.05086572683872326,0.05338885731935905,0.6254747200469739,0.8370610964559805,0
0.1565840053761881,0.9158361368695241,0.11998455177748635,0.09476593948770984,0.6781052926533424,0.06446820288916955,0.803513313936439,0.19280059098873192,0.5167263989328399,0.5444870900657761,0
0.32820615894721716,0.6609836898459043,0.44988440977865873,0.15345799110872238,0.8001237331495556,0.8223861917733692,0.23238484319670505,0.7929941921117497,0.6644625947836642,0.21257246689644094,1
0.06020735713376468,0.6162518018969846,0.7913919798473147,0.01314730830202171,0.23351995675577641,0.6177632448061281,0.9818269693366756,0.18804786051537847,0.6416425152659604,0.01857037960265495,0
0.1615850737945833,0.7361837993657634,0.4980129284067367,0.7810800621240536,0.07616098420485418,0.16031939382352678,0.052740495053740455,0.26889762900971204,0.08125038168585996,0.2525651956041637,0
0.7090421696740256,0.7655173802611553,0.3361704334461103,0.5010637644255812,0.21294823228842952,0.8634942400473186,0.2705276977827007,0.3588156870565702,0.7331878315936965,0.6186579437561405,1
0.7481003691439914,0.3696250968309711,0.4788715404756527,0.5570735805479563,0.7410646966579704,0.439665231948588,0.12991330743506013,0.5163751018393726,0.6291496115135936,0.5117780485548239,1
0.3766424357360283,0.9293255366532069,0.9883139669297158,0.939514738194655,0.15957807942762303,0.46755932804644473,0.6241106936038338,0.5645483944798626,0.9517106106978708,0.2655505177592239,1
0.09781420915985761,0.6043239673578203,0.9981390236433859,0.9063574159291173,0.28897205561850503,0.9408719365788056,0.39254524547109426,0.7884734984141234,0.32349935378572314,0.1692659012025164,1
0.0002858907058348459,0.3883898289196811,0.3716697193147105,0.8061597699787356,0.2078037715938903,0.3338121276311816,0.793894123137079,0.653273563301016,0.35826192648680844,0.9747780453066286,0
0.09102424058323844,0.5538275677315305,0.6435165098214471,0.15206703096276064,0.4055667597342234,0.8597857806515398,0.6442069394552578,0.6877069883847021,0.21358030571178632,0.028394372599498507,0
0.32462583847961035,0.3314452166075099,0.8912690207056648,0.9480311222894995,0.9942631576860936,0.6374933071177714,0.5380953028186347,0.31148373823311526,0.8474677573565927,0.8668250776024129,1
0.8371372591588175,0.15105968912522505,0.14056675930189122,0.138281379008809,0.5495905710037983,0.6449328571203204,0.008209759572936792,0.5347928612355286,0.4196476511376225,0.957429077020078,0
0.36317307431889845,0.08182757788228734,0.4090099323699645,0.6829073915014324,0.1307890078483639,0.004158892831388372,0.6538369671875273,0.7705462155074737,0.32028648031953233,0.8815856093957657,0
0.06805640006981595,0.5898570110938337,0.956093385576011,0.597447120689593,0.3623725429757466,0.6889190871308671,0.08394062031722627,0.055738107210807075,0.14328424257318306,0.3504640716457861,0
0.9112743456984985,0.5146676412579378,0.42402521303327523,0.355240099382223,0.6216120462517201,0.19568428550510242,0.4220746838985967,0.4304559892753964,0.1960614701263238,0.8947207540729252,0
0.48228572994355423,0.5336613127883252,0.1909490703353912,0.27715136350071345,0.9053514999902061,0.9191366473844659,0.9642762176251539,0.1660623311712257,0.1198201903962961,0.6109290373438726,1
0.4283322632867941,0.6885785029483624,0.18487201802698972,0.4730627554273097,0.9010336814709047,0.24852306602197938,0.1009310462884272,0.8686425228502418,0.8549250150157778,0.39930119156762844,1
0.680121075405832,0.7151854346847524,0.8040969251327456,0.33240682320120707,0.9439646132807078,0.10903700075059419,0.37851262967462473,0.49841476900144743,0.16440676602498117,0.9028655190752298,1
0.014123632148297927,0.7339694304519573,0.19501307820417868,0.5467820910031937,0.6016082643963184,0.5876204856918479,0.693303289043906,0.7586702581105152,0.7801489116901867,0.9819079003672821,1
0.1965860511197005,0.3120708927263771,0.6721540135065417,0.09736181879150652,0.8248487805844925,0.5744231971268802,0.6653682230084882,0.5598792258962354,0.3568597925568736,0.31984026776846297,0
0.23632321226945063,0.6079755307798561,0.5531242930434938,0.16788033316909434,0.9043853329948384,0.7071457151111382,0.056113247509269715,0.21167223991146,0.22639992494546923,0.8708915362800129,0
0.776620984440577,0.6502664053051755,0.6262548718324987,0.009974858280239585,0.3287419683266325,0.16693751103997045,0.42097521160383466,0.8665485346536168,0.41684373849252165,0.023601112105294142,0
0.4130716694070864,0.0004593346257615316,0.8702088332732705,0.6757532617196713,0.2590612465876928,0.05245467854464658,0.4408200960585179,0.6328969157841353,0.1299287627416802,0.10016248187802956,0
0.5350928880219801,0.030067293543730944,0.8529311628197527,0.10993706723954377,0.5858982054980952,0.1894189878583291,0.9476375262983604,0.8570587412249042,0.3173773338113304,0.935029407956762,1
0.4535728062500515,0.6638571704025027,0.7293563073385328,0.5408960742480929,0.7742791660433799,0.7207082225740402,0.28711346811568084,0.5196635528978407,0.14769662013937257,0.5797862454812837,1
0.39934759931272834,0.2528578211084308,0.3040882093094489,0.2888717218339637,0.8772658448243493,0.25661404032614965,0.22223574132594215,0.9014203055412059,0.703536308022617,0.9756716886299998,1
0.30048831293999156,0.592706981486877,0.8838280459266069,0.31411538767085945,0.1583553797227223,0.9238422758739867,0.7672370297060429,0.5466337146732398,0.18976422119812453,0.4970908125550221,1
0.5007549850728075,0.9795141327123241,0.6824505042465367,0.6044712335968075,0.8371758791428641,0.09946611805905925,0.5106339498096361,0.8249880281659893,0.5482363322547363,0.861110373908194,1
0.2572829484269157,0.7034599750763015,0.6224243041098064,0.49427768809754524,0.3121042691437369,0.8946800567614139,0.3036795690432209,0.4212116002037616,0.7480805640300178,0.6226414851888766,1
0.6419404938801881,0.5726528033036725,0.12336034950488717,0.8282480804884983,0.7975791428115105,0.4052482715196023,0.7439860791777189,0.6870775260241595,0.5790198742297192,0.11196427033171863,1
0.2556145296577812,0.07529663445453616,0.5753936431334364,0.505054825965861,0.7110965515900719,0.05940859539385168,0.21967588373094937,0.021579671071145112,0.26528192615449264,0.35129413585275404,0
0.9158842794433474,0.1938343558158967,0.41936322883759203,0.9877921975608545,0.5276891509077765,0.22613558390403654,0.0349422664002792,0.19313439049506032,0.30827927545698897,0.06369235886075075,0
0.47035957863388966,0.9550527824185125,0.24531276507086008,0.6820767903386822,0.46133475865832274,0.48485078805642945,0.1474642589730032,0.35286319130518806,0.1256743040369962,0.489529279180848,0
0.9680518475878609,0.03166417004623845,0.7177660742508175,0.3242926252315145,0.5117913255735063,0.12713915324489278,0.12675704056105108,0.895046736326768,0.33245325660356995,0.5695054105169728,0
0.7116112915385739,0.8957259518330682,0.26907227245897014,0.968204975248156,0.335977488778178,0.33908731596198083,0.9729981539077437,0.8396705291306729,0.6856696684242187,0.3677597192762607,1
0.7766091272217076,0.9328343965806032,0.24649862463939975,0.8196338563953123,0.25398150561293587,0.22750126721022668,0.2108911354167815,0.5419955199812734,0.8357592893899122,0.6134711512570902,1
0.12227821497439495,0.6876356425219258,0.7960853230833088,0.2039146408306609,0.9712334950963107,0.1164089600087852,0.16683081898277674,0.916463224368496,0.7754213341634884,0.4986507701651848,1
0.9695309105215221,0.022196283318003274,0.0277153886174204,0.4853601528258701,0.16292027077235816,0.8803088971357967,0.023068887729918663,0.9878796075679476,0.791907829650518,0.7408338931345569,1
0.31199794123362024,0.632836469254645,0.0892501977851301,0.7449445349483851,0.38560649731574403,0.3000985420502409,0.0263812081486422,0.026043181999433784,0.3988826296806457,0.19310535982123755,0
0.2741145426512288,0.4779670141620801,0.6660773035622115,0.5531619006532537,0.42321359951091597,0.05488070291446068,0.43027630159635033,0.8842150015831511,0.7306077326338397,0.03822751314781092,0
0.6825035163918398,0.45248295810840566,0.3145958424533941,0.5307779113884697,0.5462648246081553,0.17283944832250242,0.4947815800853367,0.1476541195750325,0.6617309145711426,0.8889010267078988,0
0.5935539585827255,0.918799361680332,0.450268463947996,0.04203252891712639,0.3514929309337066,0.9059904353304367,0.7901799606758287,0.23633822974247087,0.7233850821125796,0.3445917929743507,1
0.05362892616870507,0.882167094161528,0.7491940990565426,0.08252740733071362,0.4224266643468725,0.48497410743145064,0.14522684080873483,0.5379766202831209,0.922359559491466,0.7126628579979326,0
0.2708838645746662,0.009010850739426202,0.2633981462897478,0.6129379484811567,0.2558729616526427,0.48559147681033776,0.6845222640991091,0.3708825720655541,0.9435667630461949,0.41446337227914387,0
0.8903086637402703,0.5720083593807999,0.6412879909348959,0.6118459267245848,0.1694492243402108,0.6596670932083221,0.33207466535273666,0.23161773922783124,0.7428663103346392,0.8078602378097568,1
0.8661779004463007,0.9722774247863056,0.868946917538748,0.9617031427620707,0.15107131153939912,0.8197419499338171,0.9254930419701894,0.885675022447167,0.7902738908349329,0.1469257845846511,1
0.7836811836876343,0.544156088521602,0.9505957237311317,0.8519411734899588,0.8099304867460003,0.3213676337090843,0.8536480936869505,0.023015502474107552,0.8011992962342134,0.029694949618454092,1
0.1196465373437472,0.03137775221780459,0.5215461356671993,0.44305334206962377,0.29619291581063556,0.4227504107630845,0.04705062112793934,0.7472150879404014,0.3646494126325486,0.043585125888939924,0
0.06240792467801104,0.4719401004402537,0.7340994392561617,0.9517474082496818,0.01119313091692442,0.5497528852264999,0.9441928362250839,0.7237874027209596,0.7946561192575564,0.5937579814862084,1
0.4991933968161182,0.7260499172812249,0.7256466220314315,0.9156255627992771,0.36133136870001814,0.7840463285676579,0.27893358816365077,0.5978901152665654,0.47137016884536176,0.6285398926309265,1
0.3538499216184814,0.09881154862311203,0.7191274761130432,0.8507926653539181,0.5258422353527422,0.9155747351536077,0.2548184174632502,0.17539128641503154,0.24304067006405383,0.44018013786383525,0
0.43081402224003706,0.33114218461240863,0.5397870234404053,0.00788190783049525,0.9389618842074168,0.6350339910296737,0.4075539499637689,0.6053213306763404,0.26332643878962014,0.821494682752548,0
0.7099660912931732,0.5036443869341662,0.7276401559609196,0.27205895829111015,0.7214811331425075,0.2574511581355995,0.607734171477919,0.1518418352185169,0.5831625851621068,0.9461415980608252,1
0.13092432072729598,0.22340161776122147,0.8311758457532666,0.9696227106688433,0.04642158029161858,0.1700102185326151,0.37637898842462136,0.9746444189087782,0.24616250770296777,0.14160860369632822,0
0.07188821245270782,0.32811801115089545,0.39249001236919856,0.043482077516890816,0.4517833797437789,0.8168398442626441,0.2857653447831512,0.31849979323950406,0.12907368926712715,0.01265585595794716,0
0.1213754622144011,0.920883553864964,0.15560977938213072,0.07279997378987613,0.8327361408510277,0.43684667966322077,0.40652020400086375,0.9573157223743222,0.78522441569775,0.9693370657034827,1
0.654199076977079,0.7619677553451322,0.8293676790148765,0.7867265733983282,0.6627718447928027,0.9880738060328099,0.6175882450902465,0.15188539534736067,0.3860084828008864,0.8708060836190937,1
0.893438770349058,0.2603839159347606,0.3999790099778695,0.8770581181860422,0.021230567834152114,0.5018273743882128,0.17352404402909627,0.3611884391969502,0.8790125484510423,0.2555456847631893,0
0.1742873320794014,0.009213840942484675,0.005882038416466395,0.9461326486905925,0.22441128193496518,0.633414280386975,0.9687612116932144,0.3986475538699614,0.33577887337124146,0.4228834887165054,0
0.9314215198169017,0.3974323032244341,0.25686331758816716,0.2826459654113409,0.10271038014983314,0.864802933524808,0.3665202308078712,0.024303867630614318,0.7815697158349125,0.25047528412816145,0
0.8818906854844565,0.11585279438545815,0.0039365990172059995,0.3698201352046545,0.17012989228372322,0.6591104180030155,0.7768654372684647,0.49649815721100177,0.5575056386072798,0.6145300588059879,0
0.1616295737362511,0.305817435566787,0.4222455353367425,0.5128778582777488,0.7068768843894833,0.38511046248197367,0.8932801922057415,0.7723298140785471,0.08432166526054719,0.027699441303166594,0
0.23176692568530177,0.012057598169773365,0.9131870955050156,0.04035072118322314,0.3015412656204224,0.12625715578207464,0.4800894573219069,0.8076910058075011,0.10164373091453605,0.39749533468821363,0
0.19277391192186943,0.966405690118692,0.014664416194256735,0.34969413259934545,0.5533084187939888,0.08274058681218299,0.9850208861216052,0.4245525995127356,0.8674972251693209,0.23783361833770145,0
0.5357036610835667,0.03116932966705277,0.2542697047852065,0.4413867162160172,0.35359247735809285,0.4815330644476191,0.5045192335724566,0.9155982676922771,0.8727394015557651,0.44589285687537605,0
0.569584322806747,0.3471003256707794,0.477555095822218,0.07349391025588514,0.24375712800816463,0.7083835910526749,0.27387401262895916,0.30378151745381277,0.15733655269639568,0.5914033423048887,0
0.007097800766643014,0.21459387521362094,0.5607876958713276,0.16461191943308962,0.07637963560821215,0.020635848657158395,0.13448975875615976,0.46674018303497944,0.935367677998831,0.4449048945874581,0
0.22570510762389395,0.45123810592315305,0.9919618424952988,0.285196515847121,0.20007276870538604,0.9178907310091551,0.482084273112966,0.19219188868440507,0.7849292096747791,0.8436691008595595,1
0.17742311630720187,0.5873379460368314,0.14284591958840842,0.5249899396257511,0.8979624642782513,0.9094538305366138,0.3311957472012468,0.10653994864215854,0.4338839518632125,0.030600697827355083,0
0.5690470973989907,0.31982361500232026,0.7056583070588319,0.651240099257317,0.18445116290246932,0.6385412591697185,0.2735979840253441,0.7702655523321925,0.3996575605682736,0.9461398978654945,1
0.9876115918737733,0.9585581257093626,0.03671833380878897,0.8590280041382132,0.571449904988476,0.2973067204212473,0.7330563896478003,0.21190063047947327,0.7764404807546327,0.4719192096547892,1
0.28481921786714615,0.40633179456007706,0.12464387054820636,0.08092359895228085,0.06913358495715471,0.5793427686797025,0.5689952054608935,0.540853245479256,0.5669641210156715,0.8955199588918967,0
0.24943867476494597,0.08320153714368728,0.8693870619154496,0.2101671612694772,0.6798934275375982,0.47486806578058594,0.6903486593800281,0.16526347718388867,0.9710141561980538,0.4764469719878732,0
0.7738381849081928,0.8507941015246773,0.7142196534315648,0.13519945233637176,0.2829951262296013,0.5474407756344963,0.20973486695664645,0.6011366587003647,0.4108795035897099,0.28627892573878844,0
0.9487762221454031,0.2685838764838405,0.2023041452714759,0.0796522000426978,0.9454218729047137,0.9737977270151379,0.466783179139572,0.38426174408382574,0.9925071265169816,0.08666495857643286,1
0.7229036489643261,0.22556859913299154,0.9027841428843941,0.27263811264768456,0.9583147062382174,0.2532522764021963,0.48309610996944063,0.6251629516316225,0.7492591504018941,0.05208989287127308,1
0.9978427286904122,0.4542813547721981,0.8678346195755963,0.22740304852274162,0.7978570609170255,0.13937690582915685,0.4697249704326458,0.006926831859350058,0.20039860140981935,0.9401746203213572,1
0.7682391453295185,0.2162328667723864,0.32722151075893624,0.8006865273320536,0.6833502535505129,0.19851183794688865,0.70582600080448,0.5203604392840886,0.8581115739111543,0.7976468302977381,1
0.7781028348463062,0.39746736635824953,0.10885403094082713,0.621738777410729,0.8981032929132158,0.36172059244731225,0.06449825266241793,0.5168354538213268,0.6625377988200526,0.1287071452979025,0
0.5957359573609194,0.1660861326168902,0.9146514544284731,0.18374870321524772,0.3634907345984184,0.8595555634488213,0.7257466294224303,0.36415003411456437,0.4600331887224298,0.7399590246976824,1
0.7895644035817062,0.2867350176698722,0.027018994994534307,0.32106709130684485,0.7446885403458585,0.34491884698608455,0.418390044500801,0.33024578143521943,0.441814692924441,0.8004421541372937,0
0.14681341586451335,0.37905478542771165,0.910373207372253,0.3518764248387444,0.44696680637969466,0.4028411998765655,0.9017334876882944,0.46305260327904496,0.7182454365387984,0.14047864494268136,0
0.1945798745321793,0.4637178835721161,0.39436789846223463,0.7341271926370505,0.45590364783436055,0.8795668957432672,0.06001991845249999,0.12737294270871435,0.29097631894536535,0.4369647615392196,0
0.3761758225016846,0.14377414331421134,0.8892446474918244,0.9955026665622349,0.15929319086346871,0.8482319585183911,0.316452505550756,0.6098822185445995,0.6731968662068523,0.5297806740683246,1
0.6494624642383613,0.2454278355275984,0.8620004512874021,0.1288824704157473,0.7636517354231629,0.14150710806993227,0.5951268952494867,0.8504006187850764,0.27761843330033065,0.8868461316820241,1
0.7532918404936738,0.501905735260707,0.1706117299502926,0.7281405474896244,0.4403175015939863,0.8944258725132728,0.6289989896549647,0.3265486776394799,0.7043784740056029,0.33148586796632296,1
0.42686535161627603,0.3112199016437325,0.15278888675119162,0.7539906286231707,0.2614410519788296,0.06218996563433665,0.7742844282941999,0.8138234996768526,0.7662980331807369,0.8087347780259875,1
0.8432273056692996,0.642748331132872,0.4851066406711608,0.1415557480426426,0.446553756719685,0.3334125958840546,0.4369215940017642,0.8001641276714198,0.33421735310659373,0.11309923898138718,0
0.875676909190395,0.11569800469695257,0.4144285608847127,0.5286951797524562,0.7345948274590018,0.3760993478657312,0.2225148339240186,0.5400226991408372,0.9220294899881172,0.48799931843301525,1
0.7202598583256259,0.8633263644417496,0.07704458905126377,0.20238006977819845,0.13478098475572897,0.7016374678285595,0.1383200421941887,0.9486958860440554,0.2642653283645503,0.3005623214690625,0
0.34168883827108787,0.8564646970374515,0.7731227766717863,0.8392785220302453,0.8464506569565883,0.8282208082943309,0.4104675126725623,0.8024858422549684,0.9043524607918323,0.38317410428461707,1
0.6159521878100536,0.30424094394214707,0.03215138206184698,0.10947262703128824,0.8630236806109721,0.11263600728469059,0.830490268113811,0.7927971677494887,0.6320166195202426,0.7112988845515794,1
0.33950986009292006,0.13930544044326054,0.8624002647742358,0.1935871972352987,0.5493430953953808,0.7352657424858371,0.7389243573726931,0.17349979277937455,0.6235025412020501,0.7021911301972467,1
0.33679866662826285,0.39910188427051685,0.7559719675624915,0.012294115346763168,0.23330698564835406,0.9371988410242522,0.4257487847191582,0.5661879672637374,0.9915607382791254,0.3062873660384339,0
0.6504601679160312,0.8516050580096886,0.9911655374975022,0.008587716672570744,0.37227823965316476,0.1449128568037773,0.17354722079879836,0.8312998884821098,0.2651136291762781,0.7610047970996904,1
0.7416178025755884,0.6882015967051217,0.08685052725544207,0.9871170661678661,0.5287864250733614,0.06671521844166173,0.1059237680092785,0.4006926906287741,0.5608775535412088,0.44013425392747507,0
0.12950696368863113,0.23423271570839355,0.5028648415567536,0.8945937335064558,0.7725758519861097,0.741755401860892,0.8007337342938237,0.6523594858783512,0.3690399698585831,0.6670802587588222,1
0.20921601005679114,0.7910992703471093,0.975214283443766,0.0962132829450234,0.8514640666155056,0.46335472742585726,0.531516927436533,0.8180853576992251,0.29106794250698864,0.9310677234784087,1
0.2952324977527919,0.7920920736046041,0.5911500630954498,0.4864291630044961,0.8963783659800336,0.5716770280467648,0.23245576094144849,0.7336143100922018,0.29276098866670963,0.389241948345702,1
0.6926303161699706,0.7330375333817329,0.7214346237740046,0.4762327042155726,0.8414001190043036,0.23568385293174465,0.7777580983758725,0.2940819765873024,0.13396396558374168,0.21097780633631424,1
0.6588879315704621,0.3055988278681816,0.009829590621608153,0.9652598616089739,0.06298865959856637,0.12019407137505433,0.9267652309472094,0.2923704758800262,0.8625493140924008,0.5045252985396564,0
0.7350755355692208,0.5087821700033099,0.6391085026746176,0.5816233719486159,0.23350435548105786,0.0922611116622063,0.4494954470677476,0.4370001683186461,0.6670801086319655,0.15500286965241017,0
0.855863725891209,0.8670250437549172,0.5883187276649359,0.13158148465659458,0.47288265211221436,0.3321899592586858,0.12021795030873306,0.5514481044743496,0.5113658311664396,0.7422413987330986,1
0.051244274890181574,0.4867419586189554,0.0688609755896401,0.7686719270321201,0.17993132753343488,0.5516404773250443,0.3846986975379788,0.37871571254584957,0.14973928954960725,0.027623128702899957,0
0.7646031653265529,0.2896811675358757,0.006576763046261869,0.5868444009734233,0.09866324038290841,0.21840670460873102,0.9038044741519788,0.7902038272550733,0.5390094610527176,0.42424328952332235,0
0.27859642164320697,0.17181760351425457,0.09271977698085199,0.0020804978207276115,0.2797574857588163,0.3447095959126727,0.20362962667710915,0.42865243409488396,0.6557227073496416,0.13028395934628068,0
0.6233794871437248,0.2289402316641268,0.1804369959489932,0.9564550163670076,0.3569847864862876,0.268525045347733,0.8821123522511699,0.9457391847685299,0.9196335954496718,0.4118352574486086,1
0.649114242903596,0.009281520138366695,0.75042815778986,0.9843492828513187,0.9814919273445484,0.4698489156146851,0.06291394360355174,0.8344881028166087,0.031100145534152968,0.9163336836801825,1
0.13887710924332375,0.4951197488040542,0.46950582537059793,0.003091877307967561,0.2502604862074653,0.4284747587383678,0.7984942156678952,0.16525477169362535,0.35508016632426165,0.598345075745024,0
0.4635458326550287,0.13192105462958026,0.20065182655881586,0.9407252943203542,0.3507999861479396,0.6257140620243712,0.8224755035941063,0.354599559185656,0.85603175322392,0.2330132915662242,0
0.30462870625843175,0.5533083666036154,0.19286414793921303,0.1906342655794283,0.8448152742342322,0.8273975673712712,0.3177624865958635,0.0029613739256890703,0.0019881343483056924,0.3732881280669582,0
0.3986075665390535,0.04053386726152508,0.5831729136978858,0.6772692982173825,0.7678371803556772,0.06846636378796433,0.016243170523409622,0.9568976797353385,0.06441118698534964,0.7207698739517613,0
0.07037235911180706,0.3013488731420907,0.9300687037178454,0.46639791486333027,0.35747064165685916,0.4112514711132066,0.7824844017399014,0.48204043739109403,0.6863268600996977,0.2682168499909273,0
0.992518378426203,0.2447540192995583,0.3867083787859821,0.6908483493804807,0.3462291796124273,0.36610059214343293,0.37474091343876925,0.9812502351569776,0.9197040819997447,0.4142421461768958,1
0.47869383941835386,0.7291236316048091,0.44388414928295084,0.06795060542732201,0.8291348251226831,0.48198865163790794,0.3166913410679639,0.46336190438481706,0.1576858447323246,0.1912376888641628,0
0.6642082014694527,0.2370496024829828,0.07610388425276848,0.09606196523477728,0.9838740847492365,0.2702186287155288,0.3012807713556209,0.3230467956791634,0.7336160172983842,0.05687100037174264,0
0.17151207768489118,0.23117759268883775,0.019221065213214428,0.5705397484727234,0.8352743144688644,0.5290814034594391,0.8121127619198876,0.038088903475539504,0.8817296953075261,0.2140965900582842,0
0.7334276036732071,0.09238905404146902,0.16755825992285245,0.5585970246463555,0.5590037282048262,0.2501752712590132,0.9069129815007554,0.3513689534001144,0.5996115398767772,0.19150517415107626,0
0.8289121954335232,0.6578266991314831,0.1430809660698421,0.35498394640208375,0.4961487351907732,0.08692607627673499,0.6348324526459193,0.35422633131189174,0.699985635031482,0.8274651351365734,1
0.8647905930498145,0.7868086306365105,0.285713276732126,0.6487186473121853,0.3171174732545481,0.034754003046475135,0.8848782766972253,0.41732236606434414,0.20643077399818488,0.08267350989024647,0
0.7734366850490734,0.22813088366553047,0.4795904835186986,0.24913419334015885,0.3140841519158183,0.769449025567839,0.05819518732589901,0.7624661232516836,0.8346489344026461,0.6490134616693048,1
0.05252730554452423,0.8483532754698521,0.5476181291935515,0.011948793856698559,0.5143430497498834,0.5995206235462216,0.6223445892413164,0.17442359209256775,0.35124741880507315,0.6865304543866207,0
0.8884310591733857,0.4562864530713917,0.4111109659886434,0.4963475500107536,0.44909381312371854,0.11011570944847238,0.11064209068332487,0.9463938134343792,0.45555434181640586,0.7018962968352089,1
0.3302006555225063,0.6455664081335312,0.8133326313841398,0.6251921850637041,0.9006186371079062,0.4708699095961242,0.012803170115648244,0.1940682634135542,0.25702328436378075,0.5773676354582034,0
0.6506249922688656,0.4160799377840442,0.8066600530325303,0.029859635277811436,0.03856919123021629,0.4222844497771595,0.5598552758403357,0.22303361537334032,0.7373742238596127,0.29322254374121415,0
0.2750655637375389,0.8909327207975023,0.7074215061013059,0.16974939268408495,0.8199614881840658,0.2824995037693855,0.43975864454840163,0.4231054172960178,0.10285709668774035,0.49668150553436774,0
0.28817894989779724,0.02826971031791259,0.6401318546776406,0.058641471108451415,0.017358890728035647,0.24028621834684338,0.4439427041180676,0.7375309074686153,0.9998187361812714,0.2488419502951421,0
0.10475539822427427,0.12529034338613165,0.5808712836596538,0.40924089934718566,0.97482203593653,0.24923217991697988,0.9157841176684843,0.44115405300276944,0.23356700403642505,0.27911540640969323,0
0.3055532802566744,0.6891445602582323,0.8354723527931904,0.9979277485254261,0.20260761793816828,0.739312581896209,0.479352726992229,0.3296097846926538,0.65394477260516,0.7961199418399852,1
0.7982087512615639,0.3325319615078478,0.23575240291510302,0.5506763528935635,0.5131971214727721,0.24547846656165428,0.6563798962553722,0.18845901554627098,0.05860387195324457,0.5773683680846953,0
0.10108839058497865,0.9977739954924104,0.5916675483444339,0.45855006006523524,0.18683660085352072,0.832149216378799,0.5884649251875008,0.5963045341456834,0.01574775852021526,0.949378310733866,1
0.8679787978631422,0.29975588307951895,0.7414623592056874,0.7738589886961901,0.5353609079546227,0.5817336143905503,0.45264796215419445,0.5353057552645875,0.28009954371761225,0.46043493859936946,1
0.9577880577175147,0.4314712052223999,0.8668495568093145,0.16358393886180633,0.0753865586943282,0.017377788922580795,0.02778422076646392,0.13442633539968052,0.028205766835316726,0.2612988636436332,0
0.6646815502302218,0.37734000150005687,0.037915704253182914,0.3270587112582013,0.7688254442029211,0.008964279626097915,0.7944778573989741,0.203716641020952,0.6893758441485052,0.6208634198400123,0
0.4199776137840693,0.41263542130272346,0.2209122202407786,0.10375384178623148,0.9703947944918473,0.8787761926727047,0.4387100600599182,0.8386235074031706,0.0428442317088944,0.17205750815868737,0
0.8658641686429831,0.5526431779472621,0.809992312160534,0.012932961289538802,0.12029193963786311,0.7092788520406551,0.34106847279528163,0.5245381708820261,0.4092970202739661,0.4729313470692351,0
0.7829161383200529,0.4755268859015489,0.7765632775077698,0.38206045785768095,0.44053884546772104,0.5363460660385491,0.9136612792309939,0.5946047635118493,0.3164065319441095,0.85798336218504,1
0.48361672436130887,0.25714694537811456,0.3787443289629666,0.9168516013725262,0.7902979979124914,0.8397806618944271,0.5815313040844382,0.99353209661138,0.1755078466283373,0.3273750939592026,1
0.5957887678271475,0.7414350566248002,0.02935001315687502,0.8440428217451632,0.26479489444990745,0.616211340483632,0.16432665417288328,0.49470830819715905,0.08370568175027604,0.6389724813640069,0
0.5708771015621568,0.19293828122862378,0.38819533548026774,0.268019763007063,0.310377318818603,0.7156562286371364,0.19882904875663865,0.49841422711505334,0.24234359708254427,0.4396457634920439,0
0.28727494539238496,0.9329381521565464,0.00023312105778183767,0.6104065782917781,0.920947476873583,0.7309617926628988,0.6575861087028677,0.7126016821851291,0.14100065291331676,0.17121531429967374,1
0.3625131354540958,0.869544948844531,0.8392650021718874,0.2770393171443183,0.06761779561310999,0.6452364736167843,0.2230788972592661,0.345256147934188,0.6686507217695835,0.7870654655536148,1
0.5653391988389983,0.30490103127471857,0.18918685996368512,0.6320004299071269,0.998780296901935,0.5261795378521176,0.07201840649837299,0.9285091827914346,0.45244502628428607,0.10282238239061903,0
0.40773971233117023,0.031253581603388536,0.7194776690163852,0.06414950890050852,0.8317122869087215,0.33926277139909733,0.6145914982653711,0.401202972589487,0.8088496427750033,0.2610976705840048,0
0.3793166574127429,0.9336333398967519,0.0829902495617616,0.29998624368485305,0.4440702928437341,0.48173707933978716,0.7540028716669138,0.8559178458259429,0.4565380009278771,0.5344536431820245,1
0.3948612027169853,0.6799187245435782,0.042681043228743,0.8448828846189066,0.9141861643565052,0.15145503429495522,0.006126689508075489,0.364945754783342,0.6663959690521867,0.517887248452561,0
0.07875666976103013,0.07691523103701925,0.3105525035137927,0.9952878669595291,0.24670292039389474,0.41975788380082446,0.9413185584426759,0.01665229692329684,0.6930532788399767,0.513455079185247,0
0.39503236731861446,0.8603066663089403,0.08733172646068421,0.7016880695978426,0.5393622432239447,0.5522271836854957,0.08198909274790256,0.2563175682508515,0.8006820518093517,0.2705378686826786,0
0.662397509027747,0.7509564067274472,0.07388274082603807,0.8011242221185142,0.539425111590054,0.54746828458013,0.7228673247613723,0.42198166478621146,0.544104580312787,0.6788308147099316,1
0.9097729680706227,0.8443774230163898,0.3261474862609175,0.4828468522086554,0.9261821259958986,0.4496045209752877,0.3929010450166598,0.6627579334420082,0.9559378704720002,0.4364592845341344,1
0.6322978822294333,0.3920519463581996,0.28773459570191806,0.8702487418520262,0.18920819163682046,0.9359360817700598,0.9182063821884122,0.9544258231094371,0.6508571588664622,0.8702147111698881,1
0.5369808410405444,0.9983899296451325,0.11570066871323481,0.13909026838786598,0.8349654362402759,0.8542509686438056,0.6580445704015988,0.37591175761863094,0.009703499944631488,0.4341541028184467,0
0.9365707732135985,0.8979766256338413,0.3981782572937188,0.7053822089250266,0.7151717232540349,0.540250004569211,0.49637492227225577,0.19217420063259172,0.3192480589250538,0.16685039083980546,1
0.5604603590787285,0.8610159022164047,0.9996506663263818,0.40481338092911656,0.09175686722633547,0.5866241017201822,0.11357629246478129,0.08700501022619744,0.5244219745748451,0.15340110815617114,0
0.6494085381268908,0.09400425879624319,0.1512246314309299,0.36313443952744007,0.720000843326304,0.8908833451836147,0.5085107289084256,0.2309999173552486,0.42451049774653915,0.12154689941195151,0
0.7903384607786171,0.6349909228636328,0.6634874124508244,0.19139238008946646,0.10694361670564045,0.4534183419709098,0.959025704335619,0.8489074891384027,0.6674526297341746,0.1517925612925506,1
0.7519191497474944,0.7004014716433838,0.5010248847312705,0.07581677128220032,0.6432386247748278,0.44697368178523267,0.11132703584856629,0.8639257340457072,0.591526495704917,0.7967405220224082,1
0.9032363612864421,0.20150190132644252,0.10165058214988432,0.5209933092728053,0.014889086058203271,0.9823194813265425,0.6223291351683826,0.3532613129448031,0.5496181198226249,0.7919736221101632,1
0.8458720146216495,0.6030833195776341,0.9729948823127299,0.6276700662708287,0.38321562201586234,0.18181377797861964,0.7092994977523792,0.008769533621760695,0.2261752327035168,0.865118490485484,1
0.9195949855286711,0.6256950683525976,0.7495054252592256,0.8922638783947996,0.0979558211163678,0.15275189652318522,0.8439420273777801,0.70534546330945,0.7871066120178316,0.7536967714728415,1
0.8760572023512193,0.8995990910511512,0.7706012097919589,0.17204285268787545,0.7080593737569935,0.9549004570842566,0.6612071257295784,0.9325722727701905,0.5862648017679974,0.2782203188590654,1
0.8983413297411567,0.9715116323231268,0.02401725726886328,0.03145614250286899,0.8440528870293407,0.7998420648884633,0.4231799523897134,0.7676573446719989,0.9888441820780264,0.6717679967621747,1
0.7907554293885312,0.0287275176069125,0.8394597122229456,0.8250298630478214,0.7685563474447702,0.03762370314409447,0.7375219061671199,0.46771403226192176,0.6854185218859422,0.7645401404973163,1
0.24723883666173674,0.8422043564135218,0.698028268908365,0.8033398115239244,0.6747992057262312,0.17277513028686053,0.4606531837410065,0.4725772991064334,0.13979810648781077,0.2458559919368699,0
0.8561932825461774,0.8048506387299303,0.07112671528021774,0.010435070222713727,0.628373300799729,0.367359794714204,0.11348182850142463,0.3587042670515166,0.3874994459872386,0.6877368124195663,0
0.7499107243665328,0.434933833810083,0.9955221727774591,0.02492168130383854,0.6405121882688225,0.8507408999473768,0.25603752634220445,0.6008327367960375,0.16260859552292095,0.7210862967609536,1
0.157465377172347,0.5677768007567761,0.7247279721006782,0.699350057148806,0.2084777594567051,0.991485941192993,0.9641988969965372,0.9986342089434306,0.42234177447342436,0.7361492349344172,1
0.8201818689270318,0.5240600982502623,0.7150977666202948,0.3863410773097604,0.6783516013213298,0.765596380862461,0.16987786921086445,0.9046809311209125,0.7689979160156925,0.7183235685325946,1
0.12445201512257587,0.4158612587392094,0.2334861984195734,0.9036107103634653,0.1474645463770874,0.11886779658306035,0.3218029227156214,0.9188206025108027,0.21433951316488487,0.2381944723141608,0
0.3050878400461121,0.18405037324985163,0.05323822118863297,0.8442047364663372,0.6228434360762353,0.5539611016566282,0.507977604996958,0.13063471796459836,0.9747285682066604,0.34723309236901323,0
0.8263145696001931,0.8140713135017096,0.8647870506048554,0.32817378559843846,0.03299461068276088,0.4467564148619848,0.7415875857134367,0.8528960169779924,0.3139909337082092,0.6037691019017877,1
0.5638914160039769,0.6679682957611617,0.5953279563986213,0.5560259134752684,0.7821375333455682,0.621048156686632,0.6078352701817658,0.9220605082811385,0.3451046195375944,0.24316428847407057,1
0.46101491464745226,0.7440818891803214,0.5408145200302077,0.0008810861441904683,0.7781289819803777,0.7869397328844834,0.14626440024248333,0.08436769732484206,0.4800607982449515,0.5175396161855933,0
0.2707735459547601,0.9581076354321126,0.8620932052280906,0.7499129055435496,0.39056754577658903,0.9632906969755668,0.8370668318982389,0.9396011592887037,0.27602479115194956,0.449821152270514,1
0.8935676856286928,0.24547548877719627,0.5237840970271469,0.9567403320956863,0.3430407173333786,0.9547762539269611,0.8574013023167091,0.35501772129305,0.8106683661725147,0.5807466965847952,1
0.7784412544978405,0.06797152320073063,0.4313752296654231,0.022274119651780278,0.8844141478120029,0.8853660803379584,0.9952815019698724,0.8325744796390682,0.4383213570558757,0.2767217938441543,1
0.5937907462531363,0.3937536648792246,0.4288509806048063,0.9462281453876106,0.1560981086330666,0.20542112932511603,0.9235912942236532,0.7945579926585725,0.05590130052660103,0.30921663929943055,0
0.07420823448118652,0.950179688153781,0.5269933916141495,0.9327376304188701,0.046766102303130164,0.0693180297975774,0.12283777285179043,0.7757087099037385,0.2623159886490265,0.4251914337214031,0
0.5277701575374373,0.5044487395323457,0.6865468704658554,0.12067951111848974,0.14108222233269074,0.6900186240364287,0.07221629974116617,0.5322560496640957,0.1374259073341415,0.9640774607824311,0
0.6858418596182969,0.7818957961788386,0.07554281930558648,0.3486458276124552,0.9336103086600023,0.23787225025326875,0.27443108780683634,0.05766645795387004,0.8353395323194264,0.9483586118124493,1
0.7576299348352176,0.05493211970136025,0.3057666153315607,0.38235449095143126,0.8080288592073459,0.5395992045247241,0.04781603387941036,0.6886289321505771,0.11682782529368929,0.7241771202476878,0
0.36713725671351904,0.9949203947238543,0.21813520308635126,0.7641196197508187,0.1123653169419474,0.3349521744689089,0.5278303059440985,0.18971693301302361,0.2463799109726149,0.8492935824190272,0
0.32212308404541024,0.1961136575119845,0.13991887123182245,0.32352621717693064,0.8780506415434786,0.9616703206009591,0.9299983666323802,0.5554227585194635,0.24392620027025258,0.024937527592376885,0
0.6647918201367164,0.7726678919210586,0.48329262945469675,0.6572726437403755,0.40750557077651195,0.7915360204150337,0.2442733666276533,0.053728550419039456,0.6014349922449128,0.1426825412659305,0
0.5942255576264625,0.7932751968210355,0.10440171387748742,0.6812929624968604,0.330402703202787,0.14471724649174522,0.8677305635694653,0.08665453208238916,0.32648246157950545,0.6920296574705758,0
0.1697382058093787,0.1381402645759534,0.25492403070515346,0.46078935433889445,0.13549663417599422,0.5119457568422311,0.23324519778034702,0.8306784493061697,0.7849129258612614,0.33137955561114996,0
0.37703343896410246,0.19336398886346895,0.3592591488062248,0.41707719786957553,0.4253741413437534,0.2515804553873724,0.7314326559627115,0.7891783519468479,0.0246192613516647,0.6069796715885124,0
0.1691739181983588,0.12606511172810564,0.041193637926093984,0.7147094858374987,0.2611659756874407,0.651973464221036,0.9224570251911336,0.8056346238478476,0.7179351832010084,0.07258055851064871,0
0.003874129443021679,0.4150943334904438,0.11323769298541941,0.6934490157079961,0.22451976325723777,0.013303551466685604,0.9305702542513081,0.396920291367337,0.860230827773317,0.9000709402953891,0
0.055855223986139735,0.01763585169615489,0.5774587262400529,0.517969333517123,0.23321315318810154,0.6982773374244166,0.5317382926983051,0.9247515689495442,0.3841597631665764,0.8878489843219001,0
0.45351312654711895,0.5859779612499729,0.8191429895869892,0.6353848250724045,0.364257068507962,0.9613172068006034,0.3086421361768501,0.6517816504275317,0.6306189677372027,0.31093532917991906,1
0.09630475801797655,0.8964691065146236,0.46131875298339964,0.7017213474391228,0.9090680202721222,0.43534767529310825,0.545172300709494,0.03258567884013863,0.09487324355930482,0.635320624395516,0
0.8929936811305299,0.32732753620348964,0.9804290010255424,0.9433969975016093,0.1604577752316393,0.9927100785888339,0.5138322831698728,0.45351057655513294,0.31757316779783484,0.9322751820923191,1
0.14277560372295806,0.2425130038767992,0.9345178232515717,0.9865739744756956,0.1829293312656285,0.3178592475191794,0.31322906562154906,0.4211253559913425,0.0649656291659294,0.6794714409340836,0
0.7609226015547444,0.18957859383696418,0.8363459809822478,0.2897701083315254,0.447489151943013,0.0919336586395717,0.6736996692068693,0.319579027608236,0.600532555250866,0.34547535386583816,0
0.625513427413037,0.2194451667639331,0.6136659911221162,0.7918755848484869,0.7880509542083509,0.7390070129971018,0.11673085049335874,0.991392682382092,0.5749283499080768,0.41101729476186,1
0.08635827069149848,0.23374644937643707,0.4805060930587699,0.43327462728998756,0.09676010062830764,0.32412245680174445,0.19356283532886642,0.07549819422867032,0.3905746435209271,0.7196522084549082,0
0.9624171755068751,0.5222440403919983,0.2757057837983853,0.08987616663331133,0.733005585903236,0.5096702603178279,0.5812366557528942,0.5299329465368242,0.42578541790552316,0.013515520376304657,0
0.8337582765526614,0.7790872236360034,0.5407312744710493,0.833325248210437,0.5756117130274356,0.17485399514707645,0.7297925960890904,0.33648696794850563,0.8509677424668571,0.5729891084133839,1
0.5218483264056719,0.1274186325632356,0.03962395903301885,0.34642875974680054,0.11489576081195751,0.6397737892230416,0.9565709906293824,0.5361416579773627,0.54759008247692,0.7111523634534007,0
0.06991614511128852,0.889628343942984,0.6976604179688456,0.8136604653215147,0.2106110018323344,0.908449042087728,0.8115105346363851,0.5292598452983363,0.11210198669254468,0.4134252504871635,1
0.4469645290713087,0.5936618358159554,0.7382886798664744,0.1323141957265045,0.23807288792958037,0.5948915154118591,0.852836278963671,0.1844302926018242,0.29386795392865095,0.9663387334853235,1
0.5284824639205302,0.684936883103813,0.3670697530154332,0.04817186572158638,0.9807216385353852,0.6192566518393415,0.5340320389921857,0.0294248647840879,0.9407724257898032,0.6185719833507652,1
0.5307009018285448,0.7341054941094047,0.47302940456847664,0.5771519710508225,0.1335390649732714,0.3288632887584646,0.1757824094305097,0.9339001371776997,0.7462247217973319,0.7200922471433112,1
0.6172294256200419,0.07714884436378489,0.7631615737077779,0.04692927142458714,0.3339752222355097,0.34918146093691027,3.2171358308796805e-05,0.18249501328821882,0.6942866602344681,0.4658106624427719,0
0.31751527987290806,0.7872346319821123,0.797931230728327,0.8603780983734333,0.16041673685978186,0.6065279326183244,0.0783424837016321,0.25387123370537257,0.6845125517412425,0.17716918570337925,0
0.6750909683845978,0.3911960524582977,0.42738188380071074,0.016144027003083705,0.5230442848372439,0.4350045073294839,0.5605011747089116,0.5629545737008963,0.7810106144720206,0.7460820418224363,1
0.6292222447826082,0.6250893033055112,0.04921032563429861,0.6544760251938694,0.9608211433257331,0.8329688612697829,0.025557409014297927,0.062151192697315394,0.9749066818754855,0.17165093990924574,0
0.14917028626418893,0.21220430315130245,0.3809282721299644,0.048259117825896536,0.20711212673407697,0.8040515818315693,0.03166670684108719,0.47616108840899407,0.24483200833699426,0.44315178054834037,0
0.4027765485046456,0.05710852523662158,0.5002029197383302,0.19656584021903178,0.40610375805755017,0.8796365840428528,0.23143495490614585,0.6306369920254328,0.5069735833820963,0.20162052576694922,0
0.022279286065667092,0.49082688388265083,0.2460349781542519,0.14065008739218676,0.6835499912645968,0.13092940448978674,0.9628264846640211,0.7432021790021378,0.04153403523787225,0.6965737752198555,0
0.0756081219853072,0.47993081907239676,0.021846523718682787,0.5062664602645647,0.3421257746603087,0.2406843449588132,0.688819737767687,0.8573181693043053,0.2877899053744323,0.42120275338596447,0
0.6239941474808421,0.7433881677923044,0.05616458419215331,0.7269720556157975,0.8769526441941508,0.8764010164475907,0.18969088863075723,0.2165388282272095,0.20338008621785253,0.4993340053826426,1
0.8972298486614719,0.6454227978371668,0.8798014830656568,0.4340909982704465,0.3134772003829742,0.6212847995253944,0.05374751496351515,0.6841938108603596,0.2655985291365127,0.12351282667770391,0
0.9210085215534171,0.735775797227441,0.799822348752951,0.9408745171273806,0.8300338095651437,0.11892401866104507,0.851654047569904,0.2143746197464198,0.4169845808866943,0.046547221802949124,1
0.8559677242761219,0.2879617242924729,0.2953552109100228,0.39124604671012986,0.28813794630191625,0.6308480570478573,0.9232698220062214,0.5006074297754568,0.47243485035463884,0.8898904228634874,1
0.49315777252513004,0.5256031352244216,0.05701754058481767,0.6365815666633522,0.7776188257442235,0.2403179397082148,0.014327470000474518,0.5425975856503993,0.938769487400326,0.9367585192621719,1
0.12350730974929791,0.6103548007070088,0.1610390990396503,0.2584467686276487,0.3227350146856187,0.8289953117023662,0.14530972761739014,0.697018381535382,0.26335149542852854,0.019880837909887594,0
0.32782663568980297,0.7199160369375083,0.8135016028710017,0.5406842925622772,0.30311145860770694,0.1772456375784517,0.9852736117900727,0.6882198622514549,0.0518097844253822,0.33347011216616207,0
0.3556793195533856,0.9189522911408422,0.6798329369341778,0.6952959556172837,0.47046200922369463,0.5199148413758355,0.1130940372201591,0.9758889744482255,0.719106271997811,0.2595300766267862,1
0.583079263103676,0.7114164308106697,0.17740416119591162,0.2647673580283838,0.5000433287996875,0.14809162558356892,0.560842033670539,0.0356149771374199,0.8354807226914853,0.4019176907018943,0
0.19419617457553462,0.8828848548640105,0.9758278292709408,0.2871358591522343,0.7689821665519807,0.2688687002223332,0.06492300927635264,0.5314094798795523,0.01860727100394355,0.5839099562648397,0
0.6742910473896159,0.6996774736274939,0.2042129369413218,0.053874393679274823,0.14125778995704108,0.6783031515242066,0.9501311109954717,0.5607283455025314,0.05742026911313647,0.19946035779769833,0
0.3754724854688183,0.11748154013912893,0.2617940839580577,0.6307566308006601,0.4295246658091493,0.2395950247922929,0.7287895522132616,0.83023611592048,0.8472310858847011,0.7789967035096024,1
0.27129102512609826,0.5938082262434642,0.5123507576860081,0.4594837654844601,0.5593379799052901,0.7789987535582874,0.8248021043547457,0.8999320650044322,0.39468533123378247,0.23060316257665348,1
0.4211004040823281,0.3535512657827322,0.6865265549740528,0.38616052234473164,0.32080625864257983,0.22649615395782885,0.9812665376430023,0.3574116460812701,0.3287852609687548,0.9308751698917527,0
0.17541362423490847,0.6262870729247136,0.5315751584921993,0.04463680189079455,0.7455475896096854,0.7109070904153901,0.0012201077567016716,0.7696936807270686,0.7066402821421087,0.875485843688397,1
0.25221272630092517,0.47883952173885713,0.45378255506629916,0.5317822222416813,0.38217659900910983,0.43202325222189386,0.8453093752500517,0.19166659498600536,0.35746130819053,0.3353873980266643,0
0.5741267986595673,0.496290729556913,0.3105322365211668,0.9157498055458863,0.4791544961725609,0.09428370063797087,0.9402306408040589,0.9553706059282867,0.0774485180536707,0.03405065785361272,0
0.9201341099965294,0.7843334283168273,0.9269829894160994,0.2568928610390381,0.9229610785613358,0.40192132661720115,0.6913755798258269,0.48278902601220985,0.3965753734676606,0.976218118816406,1
0.00465460698129494,0.185172852292931,0.24702541342449635,0.13978398081123966,0.1362617311572658,0.4269672042480629,0.9830131435212818,0.08058265468404902,0.5387790657634316,0.43505825295312117,0
0.045532323421360044,0.7955526590067464,0.7993448596189372,0.9624240469257788,0.18301117300027214,0.6627451907816817,0.4776739218995876,0.9597938427491918,0.28854989691624766,0.7638200723056292,1
0.3863249717183016,0.867564146898442,0.6349122310949391,0.7115121985699989,0.9486201331697434,0.06594911245198176,0.30297702995680176,0.6657319630249229,0.6289063107289528,0.11822217678874314,1
0.094573877594336,0.7514729080272372,0.14761933966615248,0.031165849587961536,0.5742304035484979,0.5948194766314039,0.3535684304790835,0.02781003261171555,0.2903437623787506,0.6223009021196254,0
0.31354629321192773,0.7024423584387958,0.8671917204127323,0.2192020062822041,0.44420358121955283,0.5120293178978647,0.9014350734206645,0.9556216317327401,0.4143023419065446,0.614224867699668,1
0.4095291042211734,0.7129738978980793,0.23985887803014416,0.12708434691670878,0.5682428671314601,0.5267877932951346,0.018845118388039817,0.4532757959550061,0.9227588135081504,0.9423466421828787,0
0.6905606533989641,0.4950471636986383,0.7648860311314136,0.7114791372454206,0.7134747534146968,0.6208018005163055,0.5832911603366919,0.5358166791081513,0.8372690161795986,0.6089033581866952,1
0.8769520996582726,0.22900829677650747,0.11451937028757486,0.23253496169954757,0.7793313823761661,0.6282544197974737,0.5228889330997037,0.34842566922765517,0.16673767631756065,0.34314397847331213,0
0.9645720976450154,0.650539078705885,0.28020779335657875,0.260978291991131,0.6706435971351271,0.28472008860103304,0.33814570163679303,0.9108149878466415,0.8721000958235717,0.2255995123874941,1
0.01884362590448385,0.7722205911820769,0.5307043736420854,0.5718811875757621,0.33125562620970483,0.538153058297464,0.449908174815576,0.8036572080581177,0.24142818071966676,0.7332264400276097,0
0.5226289655027556,0.7099132847913117,0.5506986048391569,0.5485014003427993,0.4237482113641694,0.15628685159943867,0.5371729860709682,0.5566439311800971,0.06742975197557799,0.1358132700052046,0
0.36479688808878674,0.17189359857020348,0.3634964092048324,0.162278602163055,0.5782767419803133,0.36978294915053267,0.5218600265456468,0.3728190164687055,0.9226224167304514,0.7029731523057426,0
0.6036100357373887,0.16585942688193167,0.09349371308589005,0.38782026739432374,0.23142576791639824,0.013345499690163742,0.9173166696341583,0.27357467654186585,0.989313636415781,0.940301798404802,0
0.4126835977490779,0.8413330103650467,0.5578273125600887,0.29762428815679653,0.3511170937874073,0.869161878448591,0.1699117901437307,0.7702676564922986,0.6106400344971432,0.10952938869995255,0
0.953251658710289,0.8247967771545757,0.23984684965762837,0.2557525473645018,0.18858637109673837,0.5169594272679601,0.3207067356852097,0.7005945799257725,0.3513435293919799,0.8740651132961793,1
0.8368195359439415,0.5203732507133563,0.4726926406891496,0.7593980874200498,0.5256666822298753,0.2384391159246555,0.3517810312502748,0.012800983018346868,0.40255163789984694,0.6415247957999746,0
0.5038766998737925,0.21692941669240673,0.3453707405069333,0.21540552335899366,0.7211695146373835,0.37971224416720306,0.4102933664085143,0.9453121600842994,0.2012439277389495,0.6609203237832371,0
0.24344797295061937,0.7835124904367531,0.5430922823270861,0.598858104805561,0.23510058838032943,0.0437048800503721,0.7455167073877367,0.18581893721948317,0.6871682684794622,0.7297909934276124,0
0.08337368641929732,0.026589980721017148,0.6125991468681364,0.026263947786055453,0.6748995381623198,0.4182893193068369,0.3188936703671812,0.738052879885987,0.06631931944230185,0.943222674002575,0
0.5291375103657674,0.02346445522385443,0.38964067161129634,0.8116475526250108,0.5499270677990787,0.9620821436069905,0.24589901799642377,0.671490655123601,0.6301953809217635,0.6962200567458869,1
0.3979083313422961,0.4998654566270724,0.8984764139272162,0.5262875551368627,0.543212964240582,0.23459348244910483,0.8799054589115214,0.369546417075982,0.8832608670057077,0.2519019052038163,1
0.19305571479574524,0.02035935307937531,0.13445942016780343,0.11524024435846891,0.22861704183165954,0.8492144120288128,0.1935296342927847,0.39177617840797374,0.40959752615237754,0.29450947596430244,0
0.10656863542669104,0.5293879847146016,0.14528827924045395,0.5259623308937111,0.14360739829829616,0.0636505575771682,0.28100407654949966,0.04888821506503738,0.15091352920997014,0.6963190163073153,0
0.3313903140664909,0.2147269553048058,0.2732726036572565,0.5444596766262793,0.7453050898450108,0.12843240942764256,0.9117205828105205,0.49257247427503237,0.04246549878210859,0.4952878759560675,0
0.1364500214661687,0.7405438679649262,0.28214720614212296,0.24147838212984607,0.9495608060111409,0.7093176239180634,0.4977085145376542,0.42482117235380445,0.8435764881629509,0.8785428662366191,1
0.08586253465234195,0.21763497165840573,0.17921270192347905,0.0035864361837687486,0.18694109638673095,0.1075909687838672,0.4409496232078196,0.5302325589184045,0.4605668871321317,0.8646875905572048,0
0.6614341253242728,0.4231995708294367,0.7386684757470752,0.39928219549441235,0.1905761409419351,0.996870386657547,0.10033693856846415,0.3571383213443228,0.3657309373546911,0.21542802949441253,0
0.5157021821680728,0.5793915143395696,0.5348977386528804,0.1113469175243228,0.3891120738655337,0.05084217697906179,0.4286947857542378,0.8390144076720044,0.779587924031413,0.37633488129521897,0
0.28679625698187305,0.7247198895204974,0.40502876640273144,0.6217582180750871,0.8342610822787331,0.09025697679149436,0.8126754447575408,0.52250713492494,0.46354433060670885,0.041533708644798106,0
0.5234838071333222,0.40227910984039605,0.017603667253361155,0.5162261712629338,0.06868521719856202,0.5480863428345732,0.13267757504237865,0.3446969086538295,0.9666489022586636,0.2009093589483656,0
0.14738487556570545,0.9313442557191322,0.11866519484483429,0.3512794288630049,0.42367467982109364,0.25865958096264685,0.4559349795713836,0.41545644762250555,0.16409700854436948,0.8183820328468133,0
0.02550835272603602,0.8919756541832193,0.9583939011953702,0.1036465825468047,0.8728869073610819,0.7641226890995689,0.43941267688672336,0.8901274229408765,0.34103115473984214,0.5080050568297148,1
0.08858251142327622,0.9886195477897872,0.4373439997358678,0.17994661991783734,0.5529533833149284,0.7236054558070543,0.3366368851409103,0.33298159003870076,0.871969624693764,0.05160046230045434,0
0.6374616785048314,0.298629555954666,0.7440425284506391,0.8292374767751755,0.49964528846577216,0.513152605749361,0.303358465876428,0.03098298288270218,0.7767009814107253,0.046970622242680116,0
0.7469073948618192,0.025462990774173577,0.2511706789312276,0.869196195760071,0.4873661284942532,0.5117489100534803,0.7394713665841433,0.7116025823810742,0.5128490383816661,0.30998987581796156,1
0.1296033358436195,0.7791266464601182,0.12562410851651562,0.18500469082140425,0.9753159653978679,0.4984288066738257,0.693249453149668,0.7303413792076262,0.16545387941091927,0.11944872944463591,0
0.8221583423415054,0.4167888244244432,0.2560064366337481,0.931889296052878,0.9850706408905054,0.16300074717598367,0.8378536755107672,0.39184393508483806,0.4595360987671201,0.3673640505339817,1
0.41637970639786126,0.29657816953632776,0.15534661964139385,0.9960986341880399,0.5194089670766757,0.7550666465161869,0.0561900442909129,0.25606885585035544,0.726318350691439,0.6183361740010159,0
0.9439286854516539,0.7720197143750857,0.2545759537145108,0.8602222220793905,0.008170237041891126,0.9321532032044296,0.3205916045602156,0.6292308736903601,0.05340466726091164,0.34877004478921714,1
0.7506492932067438,0.09142904102197247,0.0559158443211113,0.18540635735131827,0.4066030821735309,0.45078134548426496,0.8561285642008184,0.6797852585609032,0.34612117841347223,0.32058836113748734,0
0.6361125142203836,0.5885158882622007,0.73411587100465,0.446652506156057,0.14254883275483987,0.2893566586470586,0.05650039799381257,0.8804023775015957,0.5817558244159609,0.9482508012348825,1
0.2515922400536299,0.3750802364092839,0.42191732315984276,0.972319480438468,0.26876868210476246,0.03975466339460121,0.09810149777328392,0.4909771738071732,0.9898694574761367,0.1379009863792079,0
0.8471482328826382,0.8788542362441731,0.4598577010628233,0.4695153350313894,0.3413670834932342,0.813170184876144,0.4679217652851657,0.6825284228474978,0.48403655473079854,0.2665383181588147,1
0.7011882119000178,0.2958657520451057,0.8193377009421482,0.22894747906441815,0.5750403852030158,0.4293284312630331,0.6321516739374857,0.8730410832351125,0.1328905586406548,0.27759872928750506,0
0.05333946771868048,0.011570216482382878,0.9745630973159601,0.4394830393673177,0.07467349754266739,0.731242927197456,0.6668265346628248,0.3814373440051616,0.5615666243304854,0.9004266903809283,0
0.4457640363608487,0.5770673111376653,0.327040382540982,0.6325894152463851,0.9556246238115169,0.8087051563601334,0.4780874660799449,0.7551822108976939,0.20258318426103994,0.9249128610400802,1
0.2873779007867522,0.020373445152194747,0.16150019188640663,0.2056030641402139,0.18332798957120722,0.8146466776903392,0.5909517735690217,0.37243245636997757,0.3926708937726042,0.10377427955462792,0
0.48105691641316217,0.36270437907571795,0.5208658558094927,0.3555935794713234,0.2762127055038397,0.7732385338929587,0.42922059410682234,0.7161860907247156,0.17117912950568626,0.009836735002867747,0
0.13487893853906596,0.4112374154755699,0.12449966436751381,0.7728770343109356,0.8063652181308909,0.05601981872244055,0.2654437136933756,0.6743073194538425,0.24908488403204188,0.10497491887963128,0
0.42209448690582085,0.6556494580275174,0.35363078298698714,0.7600230493646095,0.5032096690678584,0.23870076453192157,0.6825875489023643,0.545169518442921,0.34683144765342866,0.7498893937696605,1
0.8999968533565792,0.2534081444131716,0.49776859748275226,0.5511370022847255,0.239774042201645,0.829410356933115,0.8210990915487633,0.8237034064004413,0.5141909013683839,0.603048702614934,1
0.7740879057567757,0.537237392677691,0.5263130486842772,0.6765481099266049,0.8338673541600643,0.2935507704543786,0.4286541746899787,0.37928655289565527,0.2990081055473154,0.03300633498585026,0
0.05977917128636556,0.5913912207689994,0.05769935146341654,0.2423491561403992,0.5004842609663203,0.2759990917647871,0.054117597231387204,0.4718276827123471,0.25155600462266514,0.42093361440873256,0
0.4747643241240287,0.2629088562380566,0.6489354900737545,0.4590815605698698,0.6606652907055268,0.3464813047339581,0.6344157243032584,0.766262540712015,0.16506319250257773,0.6124374689278299,1
0.49626676150102145,0.5709125000448989,0.8280958961927674,0.6929201095012714,0.8538657503958689,0.9412748997730619,0.8878211912772438,0.6883996329249985,0.30296435369753627,0.9922986627982282,1
0.27364909850461383,0.4805859678894744,0.813740012250832,0.3148913023247696,0.7199384478689129,0.3074898112152825,0.5848923752140159,0.324829355033882,0.036669279774318886,0.11200716578568704,0
0.5517499545328957,0.7232425626471869,0.2508409564302674,0.7198070324190272,0.8903547037266397,0.23048113023102557,0.7515300109291808,0.16003057740754745,0.5947245372701231,0.33998394596536197,1
0.8286149305054074,0.8533192807460371,0.3737474163617459,0.28640551308453044,0.6209960307886031,0.6733822709005967,0.8948178392839953,0.7445381532602983,0.06660903030252141,0.525693862219173,1
0.9837272111789438,0.7162379319552402,0.8835725431217599,0.13740613681136815,0.7329247433154602,0.646115796037464,0.162944008323897,0.17662932464060843,0.04112109380025475,0.7377697518583735,1
0.4586412572639136,0.9376161948923943,0.32648218108204985,0.6090400901845593,0.7315871627624795,0.9791224363019965,0.1556540827183821,0.010189103992270243,0.191522539794733,0.8955480031333661,1
0.46291184888393955,0.9902999651771964,0.09549473913892814,0.7606116222251519,0.3915230320983427,0.012588589617484658,0.5807795208125943,0.765425858676974,0.3030207836954175,0.6568014747799578,1
0.9642383994227018,0.05144520554704146,0.24968113441418527,0.04825452219491022,0.1474401704988364,0.634012227223928,0.08142262914519705,0.462267367964025,0.6148378412677312,0.1552263191400044,0
0.21669064942588012,0.826423299444385,0.8156975538188046,0.4131972377298476,0.0955850273749419,0.7334256194984498,0.8723768719328269,0.12002433459569062,0.9141670995946295,0.7898053520431555,1
0.12881989473355104,0.8411350313546478,0.6745000748955895,0.07583044038664,0.5270470476094956,0.8499845448465265,0.3977844992120043,0.26645933447996595,0.22923218152568103,0.3335679052931635,0
0.682600974249104,0.07870624573529506,0.42504746811453964,0.7447778083720478,0.3150102181634673,0.6082523649861001,0.4941495105145386,0.18320789882641475,0.5439811588323452,0.23598872640361557,0
0.5071878843432805,0.9199820215397395,0.7715197459212655,0.388845109640206,0.6736306604260381,0.9759634173080498,0.9757713845287015,0.03455803131479718,0.6722100158351518,0.22114858574419605,1
0.6116312687265031,0.9680859707073709,0.4098690176435521,0.6903280044592304,0.8309419241767948,0.12041100350151235,0.18062687175619263,0.8263399385821073,0.32253278086191006,0.9633013689782207,1
0.6837181039010026,0.047771157442782264,0.05747158416451792,0.47720665855196387,0.03911029628554563,0.8835311963478687,0.5746368909932981,0.34010023177698323,0.9062593237859405,0.8299303272649349,0
0.02022823719582012,0.3290227845186354,0.08551431252230512,0.060497384602883675,0.6023650672927694,0.01299818387285634,0.4654760939082556,0.04888630139852734,0.16753942225411023,0.5231186751668073,0
0.4683450851369725,0.850692045490015,0.717981347375768,0.13701681386965925,0.20632856939973432,0.5275145316096332,0.4002285685502397,0.9312393274866366,0.9535879430963412,0.6498979025896291,1
0.23586504130459918,0.7963654917236969,0.9786180041420236,0.5433208575446671,0.1872859190357956,0.8433402617935717,0.298777861280091,0.6832215242337357,0.3627972065688343,0.7663523939304544,1
0.39892879676925774,0.8741694959337796,0.9398702063661274,0.35359520446784354,0.22098247592271858,0.643328078560664,0.9202026799406048,0.7576884182449573,0.23505499014448383,0.239686424973792,1
0.7287302416079338,0.6896295507961309,0.11007023392202453,0.9459468272456621,0.6517156767902134,0.6670749629367095,0.705237385949344,0.11329965600248937,0.6890976167332596,0.8491387790426468,1
0.8433151964260999,0.9077362025232667,0.06260283929102128,0.11154874361902345,0.5738627099352341,0.3470525401618689,0.18953386576584497,0.36847013097325,0.17445027476987818,0.8338018505401412,0
0.5146578320396575,0.1692631683532112,0.04321919808730401,0.3079161564584366,0.696468218409317,0.4107979870784544,0.06126069262650413,0.12649302694997122,0.2584111135380558,0.7484823899538721,0
0.34019042684154566,0.019050051327094808,0.4889147915450349,0.41899163137989104,0.8319884503841545,0.24070085391595386,0.03111723118846288,0.821180456882625,0.45423504031822015,0.48642868464404154,0
0.10782635332912727,0.09930052733217598,0.933907816639053,0.7626273925866315,0.5837351206541816,0.94795327505901,0.04350176475825274,0.3676649769688455,0.5564927092669855,0.362503523280608,0
0.7150944890994276,0.6166740423545172,0.13367320532808036,0.5079658039792677,0.9057309362409869,0.8581686676441965,0.5983719846711503,0.34664667983404585,0.8242778102829429,0.3172528853075338,1
0.4642191314265989,0.9391032676908626,0.356578977277891,0.7044650733887379,0.14399179647469473,0.7035728132822362,0.5569689792706228,0.3024898931992339,0.6634153524401696,0.7914256474631157,1
0.795275227459332,0.16567692283497892,0.013703773106477524,0.7383675561672088,0.33657155327749466,0.8586556682301592,0.43488758124544746,0.8121169257661374,0.17759730415008868,0.87941460213973,1
0.7241988038319055,0.5834099011889903,0.8095244927144639,0.7951583417662427,0.9125357965362386,0.13869588878866645,0.0395887738272247,0.9283911879984311,0.22058372750677024,0.1217831485034283,1
0.8162912114216306,0.6406205105418532,0.2295447037956445,0.4158712583311711,0.750684697746531,0.5650038501300044,0.5408768934825371,0.7066720799796392,0.5075692291010925,0.588427229905478,1
0.8376074675469662,0.7400936334237277,0.4003965434476502,0.44346134135118775,0.4256134276509602,0.6578381671295311,0.34508085611369566,0.18695642219718678,0.8705531994419691,0.3310139778211132,1
0.06009876267564451,0.1736079613071747,0.5038728547176345,0.5037640850140636,0.4932975776622056,0.7368395250077456,0.5568188444575589,0.8809165861725768,0.708457222838968,0.8853629878948114,1
0.33376150417631567,0.6057757548442048,0.8170436078423645,0.40311092448991714,0.0311211031459937,0.5196065634156561,0.9622088290525067,0.03835764515263007,0.17985717227235298,0.9412418567303897,0
0.3706242007005509,0.7059932301679017,0.5623160924828337,0.23708844482828106,0.7650225524459491,0.4990293373705077,0.5166588033669206,0.5807983058102822,0.2849758960615082,0.3775992538544166,0
0.00761437836835166,0.5021134931268222,0.24275173622201052,0.4121010511396844,0.7026384271669465,0.9118481760479503,0.034734322441449805,0.0406040565402741,0.63758261689185,0.34417870737697287,0
0.37902778718931296,0.38105629614635583,0.5576280490899358,0.05783477333102538,0.07876220928599897,0.1490138700614907,0.13130372318933048,0.7613578954726614,0.3855415185043236,0.6695254753677544,0
0.1581165941233399,0.7011289299947128,0.5439368314371502,0.5147405258324228,0.9367224411118905,0.24089598049386585,0.6143191979186111,0.7862276554264093,0.9935235815098562,0.41994263077269967,1
0.45828141180991,0.6317397567787999,0.22272997200997002,0.42422519733686814,0.10918374702654532,0.4835751773496968,0.13115798167660153,0.08938169243196681,0.042371694208781285,0.08814308743110366,0
0.25906036800850696,0.3454055022317142,0.927873159444225,0.7534057548086861,0.031572269070748504,0.009480703254992506,0.5252831663014634,0.8046615852614953,0.3881153499727352,0.06084239376599243,0
0.9484739113071554,0.3318761789807857,0.08965195059009712,0.2808335258725192,0.47684819531268596,0.7823081929989122,0.42457065186287934,0.05314864383310913,0.31433550829000667,0.22721898513080308,0
0.912325464374809,0.8355690280153714,0.883573210720539,0.9409449814841593,0.701715140586415,0.5808251797141314,0.7482183819321575,0.8190345492052968,0.02446140229397442,0.40597200692196567,1
0.3933400479993425,0.10751222980928288,0.04769266625987478,0.9841480619342817,0.3999791728514205,0.583209758722511,0.5201421062342122,0.46458580176511344,0.4352954013800864,0.9653529637848317,0
0.1854202131350755,0.36548984357055236,0.08349598248781764,0.6290850221110182,0.6896800275901707,0.11111008127839295,0.46430851977675114,0.261179364777514,0.2989377886520923,0.22468432336467903,0
0.6887183051477165,0.6541153974242434,0.5683137234101662,0.2741992870420862,0.327957862465569,0.7261332716546568,0.7728135477530251,0.45874192069209174,0.6453331434016893,0.3906943410416014,1
0.07257091787981673,0.289367599896022,0.18947095741117725,0.7839155916585911,0.40442939866800953,0.4652323426375219,0.867335243350925,0.22331521684804445,0.19932155644309435,0.3712329252681038,0
0.8352514938178652,0.13382038861798407,0.6135089132565859,0.024050676856183895,0.04964292804893522,0.17540444455610082,0.874047197494866,0.9164508371361973,0.4072523128178449,0.8370030060004098,0
0.4125274657482565,0.20117663383371542,0.01770837299356376,0.771305992636023,0.4004345733900079,0.6653581640792565,0.3432853533544614,0.5872477463811769,0.9493325146941537,0.009965089592642973,0
0.8015618023011826,0.8393551729597852,0.9648702965366646,0.36962614626249046,0.820893971428247,0.16717278774274835,0.3640872088060091,0.17646011460871636,0.004595367480619839,0.6493354719771552,1
0.5225820604960859,0.40389981957396814,0.9375440929947084,0.4828925842575992,0.4566320272453257,0.5782416829884758,0.976607748801997,0.12967698980309883,0.432648010507089,0.42304777364792545,1
0.631562902105127,0.6878993921975013,0.0029145910185259805,0.8733313224260236,0.13178795668605925,0.9499506149426566,0.06928330247974801,0.5596765334114451,0.3424156783453661,0.3966148651242226,0
0.8122926708154744,0.8051142373899175,0.6320116543038234,0.49865102778200443,0.08721907816916785,0.2509538434029054,0.8401521839011397,0.3893888544987594,0.48452317425952485,0.13095429086608668,0
0.19841087654931322,0.10625395935226067,0.5872811873100904,0.014560198395347057,0.6650163328853238,0.3476767383730345,0.33266172450450093,0.6753452448268271,0.6235485441666455,0.8953377958231116,0
0.10109973653739301,0.8737232224280199,0.5832677140725212,0.12431232297387707,0.29990663391342687,0.7754868876915193,0.08231409225236552,0.4511933475545793,0.8916929253151037,0.8442413706718108,1
0.11526441119905595,0.20408106142388682,0.7172389546969021,0.08821012148802176,0.9334393411640485,0.7041105461555186,0.9315528381263686,0.1401177450795239,0.4865309086894245,0.07484138137772967,0
0.5311822910075892,0.025624954180098913,0.3688287979695931,0.10904215451307486,0.5719327999147434,0.30319448721998177,0.2748978302121038,0.48047292028249944,0.9703929708422275,0.7170611967607571,0
0.924214677632174,0.24139623567897572,0.6076392376376593,0.28689615393629087,0.80997113279194,0.6424424068630126,0.08841013511564677,0.3751388653967057,0.4584238162600922,0.9131098756190338,1
0.22601611069656924,0.47885715726671074,0.4779341389758236,0.25462066729072963,0.01567160130765799,0.8062480288646426,0.5947685054023846,0.5826612199897238,0.39622925276599175,0.7212202386918599,0
0.2724851606189739,0.7097821302564077,0.7208301516501958,0.843453492673438,0.6714857860189128,0.6842936223776922,0.8883420638794498,0.07916036817656025,0.09100064744023706,0.2962583154012023,1
0.21214958730294708,0.3497668447881883,0.4842106695742442,0.2318160865500346,0.4622845828344915,0.38278582035666087,0.13846524938061033,0.8060931542759066,0.5547473976545935,0.3723575117197767,0
0.1970739039567364,0.32624725583376957,0.3171449865520889,0.33756120575166904,0.007067686807082807,0.871383077550349,0.969857732412924,0.004314014094399132,0.4919983749738216,0.3336198523689111,0
0.6156714789280381,0.3942425081576608,0.23665109189791267,0.8306688275539451,0.4527504389501268,0.3555632797296252,0.06830371416835768,0.9075637797239431,0.0033529732252538524,0.9215692761323938,0
0.13276329718243796,0.9523925026075819,0.2530681698301056,0.6098756380329481,0.38781631272565653,0.05816821617755852,0.18361738020962415,0.9586634179785644,0.7350190667107075,0.03508287889117356,0
0.07225868745234687,0.2707100424889951,0.4943732466303341,0.8301528677665745,0.525390748598403,0.17827225754116305,0.1358823958502402,0.2833047815271377,0.3876970829595726,0.09059611813360025,0
0.8288833111377957,0.3131723110037812,0.27018521300907017,0.5354881083191088,0.364626356570109,0.6852619392559296,0.5490178787471985,0.19199613006946648,0.7166310810736984,0.6562331181433206,1
0.9605490668271394,0.7915083090009818,0.5878983191111704,0.08055805455871623,0.880881744415571,0.06492282077767786,0.7994896044090873,0.4110354709105586,0.7689299617259842,0.06544717522056975,1
0.7079477608164249,0.47496994127561354,0.670074802210103,0.3357140961084689,0.5350719112510546,0.9297196629567701,0.002370457253724534,0.6922866585668306,0.11201986238583928,0.3968291705767304,0
0.10420605748292999,0.8659398090909254,0.2068219432425773,0.7084743421270768,0.15752149004519578,0.7543375433454812,0.3866740390961684,0.4449584357699812,0.005781122325933197,0.0148690395554828,0
0.8149545622932751,0.4222582062137218,0.6302926581232082,0.6336766350238132,0.4602642458182292,0.4295167362990965,0.4708778269204472,0.923041514945337,0.6497727533228297,0.7258768341217161,1
0.9663063704027829,0.32241000620434124,0.7639400332343472,0.6024313372110852,0.7944391157289675,0.23369760284148555,0.28489153274973944,0.5952908336838674,0.5765014678232858,0.5224307334084972,1
0.9139080633891025,0.010953423647671379,0.9579452574277311,0.3435087712141994,0.8050251023299024,0.6549399689619465,0.37749629600618795,0.993689647872977,0.9684145095549805,0.5484851411916889,1
0.77982005192081,0.48307173328703445,0.8760613844794412,0.9671852123267007,0.3419898655647521,0.5782066737506741,0.7585504441809056,0.731018808979376,0.00996662092280487,0.4174636991961618,1
0.25147852153515105,0.500196311120115,0.14334527110310347,0.7768815609231869,0.9121327179128971,0.37521887398932363,0.3884443471120158,0.9006786514660245,0.5895697180501844,0.2334105041286748,1
0.5168822734827567,0.43676533684957874,0.18616807738025032,0.19983474361735754,0.38021892250976874,0.16292934520331903,0.6986078762724964,0.4424721919583152,0.14696063025271222,0.19163001079461583,0
0.008071661338180602,0.5994260465147999,0.10464470457554353,0.43189765688102,0.3312505057756553,0.8480888410219183,0.033490655140539616,0.7357416169003121,0.6949612820154877,0.4989573446508049,0
0.9292393406430496,0.6705385722593115,0.963855826767547,0.7373482550567604,0.22808238344016485,0.5334739805715728,0.9096331467490303,0.3028886686985952,0.9510237507714598,0.3867462634838399,1
0.8798545315960404,0.23201652001996975,0.023876319526268452,0.15321446227408053,0.7049585093802281,0.7692022285279883,0.6112587021508474,0.7216467601679417,0.8185031021393094,0.857741461194086,1
0.2369883703849215,0.5567525248363457,0.5628973018379478,0.8872300867570249,0.05123522380647971,0.9350277161873934,0.5524172304950812,0.01693358033606407,0.6998824119058427,0.22988822438827705,0
0.7065333491293869,0.9222652227086927,0.35417307201077164,0.6644441328567801,0.05775402102906246,0.24826934020350033,0.7038284595068292,0.7563872486360024,0.559376575129382,0.5007469264671324,1
0.2648301958037397,0.8827132163686718,0.6685614866352543,0.5806894172240789,0.9094584969613064,0.14003479098659,0.17147249995913683,0.07538606735299125,0.4004253141241485,0.08635945555583568,0
0.07735363201220768,0.256285122111087,0.5867175913171314,0.03164456685979444,0.3332308436311615,0.012941976225632534,0.7220472619736793,0.6027187475812823,0.6331232619811782,0.02980255700466161,0
0.6384945981773624,0.8394311771120246,0.06547672277030114,0.695729328088355,0.6389052563471319,0.9062082089757426,0.9469020574190663,0.33228730355958036,0.436718887650256,0.6891468423643843,1
0.06539843200173068,0.09576207882671905,0.5539264593744074,0.9173439685447007,0.16100021442857249,0.30994470777514505,0.8729619640949955,0.8661848338821314,0.6360398902451397,0.8780103450238452,1
0.8041333546987077,0.5431661314897321,0.5307577089872862,0.9744453482462809,0.5600395175893678,0.10397713061220626,0.08480442108198483,0.18823601891611297,0.8412850588137848,0.32414574671871976,0
0.9606079174222099,0.48294925356330587,0.9520879438097405,0.6221786807565937,0.1291687078294279,0.3579380196727524,0.47581176555863036,0.28486475479820283,0.039445734896485174,0.5441879873460106,0
0.29412708338297056,0.8731992272011126,0.5091780460274274,0.46476641734318935,0.2723796680558005,0.9084431160930497,0.29332430753025096,0.6790322988027755,0.4264451462383321,0.38358108907473065,1
0.46313791184423336,0.29041646486535533,0.7942638003545431,0.273648115414036,0.17299165128735616,0.09302382157914202,0.6392394987067381,0.8231497912009859,0.17646358721169564,0.41844179815445415,0
0.9768798918088489,0.09670066709006742,0.9605177541978175,0.8516592225099768,0.5580704988063576,0.1794963553607568,0.5765697763949599,0.36452246425301904,0.8671427066447309,0.26862810068440446,1
0.6646387961321216,0.3287812172311686,0.3432520509981488,0.7163895487266841,0.9025223668592696,0.4764577072977928,0.13478801085006786,0.36013888305011876,0.8064185974306447,0.635566461173271,1
0.7558450552024502,0.41013547118848503,0.3457291578836912,0.6601319120986516,0.6269797195700675,0.6592827948320678,0.4319289747213546,0.6359127074297264,0.5929216557256135,0.14686041658250615,1
0.08332198945494285,0.8579793832394712,0.07462843471233627,0.941680679968119,0.16274985069610137,0.5936724604949185,0.9604292747027379,0.5434184166474507,0.7692006587297797,0.9406646390794793,1
0.6671333334052859,0.12038695211520156,0.6012450413734167,0.0304432256224364,0.32019508833255206,0.4607512706578827,0.1495627886769384,0.30945773894914896,0.8954192764116664,0.2757131373398286,0
0.3284047245246525,0.028358391121507842,0.2550209726749081,0.8777242272990037,0.8574074595113793,0.014331290669811314,0.05947199492525568,0.8626949982765939,0.5556507576803746,0.6312499613504351,0
0.07444655416666979,0.5097992504349407,0.9725378734692808,0.5856845579122395,0.9521757307583574,0.3256449052536359,0.5089835458109628,0.5711213372705815,0.07624956201105426,0.8902599321758737,1
0.8675214991263098,0.3490868109440656,0.5482803624692468,0.09868014124565072,0.48377613963626953,0.4168373124909075,0.9119858059102197,0.47678179757681705,0.26541319663521634,0.49518874198952856,0
0.5981796627652319,0.7638398067106464,0.2503523058863465,0.7693272970057923,0.36047485670032986,0.11025245081873325,0.4115759976234029,0.8889522205784987,0.9074190525493161,0.6843415908398313,1
0.9794137980391,0.8567379852704218,0.0715818621049833,0.3982778033392177,0.02630914423096653,0.4863670373847855,0.6724812765775431,0.847395396749558,0.5653413028287237,0.30088461125916777,1
0.2600067437213265,0.7589943083622984,0.30570054008498837,0.5878935625808428,0.08063242932611137,0.4103988843994877,0.306873254479596,0.273442367344612,0.8336350813063549,0.3846154086177481,0
0.585300837831373,0.22585229912188487,0.16923118722715713,0.5839582443556511,0.2851291833506946,0.24758218325892878,0.24251365163775285,0.6961491592492609,0.009003828309053552,0.4443794080325255,0
0.7266764609035874,0.08890009305124014,0.3017931037621191,0.4008344935322533,0.6921808284542051,0.12746579121848833,0.02740604763606025,0.5569137866197446,0.7346277214419823,0.7876298287453987,0
0.19793279956711252,0.7817666573159749,0.031838141666069575,0.497523105451385,0.6805815495918323,0.24961845554011164,0.23362221472129419,0.20972261584938223,0.6502058262380742,0.4635690971897023,0
0.9905690936390193,0.13133027802310526,0.656200809719281,0.3350272234537477,0.7815407890318253,0.7897811940114796,0.7722194367011129,0.42129502246723105,0.720762624582309,0.6517736708848938,1
0.14894786089999967,0.6719650637997406,0.07070983917753715,0.6019624274664692,0.7780697333201931,0.49885250430866224,0.24826456029574018,0.6346658007871047,0.2743019606643827,0.4738977420335071,0
0.4488541506923486,0.7632707367931744,0.03082109005765954,0.5976684752425612,0.19609959779365982,0.947433268871863,0.10992180555039877,0.8839954587463499,0.29476033416497016,0.5953252445266333,0
0.8196237334701595,0.7997071101110489,0.3321960129603413,0.5553932788623368,0.8501365108174825,0.9142500278527605,0.6817684668847345,0.9558037453154349,0.14782071803997976,0.36592314535942994,1
0.41231351183823106,0.6197169693201182,0.13168884692049987,0.020380075433180322,0.2783932854073303,0.1583230986103319,0.03279949412347616,0.6991631916687193,0.6253702934906847,0.2829729899975715,0
0.360837201153415,0.9813062151635532,0.1414003608048805,0.3996059140721222,0.9945350052913677,0.027288420430573557,0.0038661818254697167,0.5442618670839905,0.1648207306722289,0.08484983890663678,0
0.47402526182520033,0.9669788452854343,0.9512447207854415,0.8521346290551709,0.40823505408365457,0.986984052622358,0.9067728900470999,0.24411537138172845,0.018296325181493378,0.936100871969001,1
0.8572975935711635,0.6009015653813401,0.5459576748034652,0.7210334952973738,0.5944748820444729,0.7127346770273743,0.03912864333791022,0.07372947188686119,0.21808203123513792,0.36842112564549867,0
0.33338462709767946,0.9606612916377072,0.7187680873077736,0.6827156866174875,0.25063431180069284,0.341610227721477,0.1692443918993306,0.5672376920314904,0.11371932486520975,0.1382657090367988,0
0.3856931797667853,0.29950348557005513,0.16680021385315968,0.8874784473890636,0.6920832398150206,0.15131773051904762,0.7948770721237953,0.11442505226574073,0.23731188722934726,0.35600981996753966,0
0.39930651601947154,0.4227230322051243,0.05522919709485885,0.7671764528327013,0.32354325172973375,0.7329980535799712,0.09994759186060287,0.2691386188808488,0.7033152188053076,0.4404525845045756,0
0.5228119955906961,0.6665606605330674,0.654959435292942,0.13321276552368522,0.14636373209909115,0.08708197333944845,0.29844305316153197,0.818975358978404,0.925559555325371,0.11426741873056923,0
0.5518050689064052,0.8619305389882624,0.3335218512939985,0.4737719961087036,0.22100688768713994,0.12180514301487955,0.4077179694499524,0.3628120756809051,0.6900059665974363,0.894396005446462,0
0.6278328337022384,0.8273204620952626,0.17817029709701093,0.6430327573074525,0.37095296381449727,0.9047720071441018,0.7473110692101271,0.9639893909209197,0.8403715503991157,0.7612977778451573,1
0.5388617077055328,0.8232908302444261,0.39292619584273425,0.1249612206126669,0.4464147806133598,0.3346193122583686,0.23880567201969372,0.11227188042640002,0.4434449538664944,0.44112268803478727,0
0.4346200487419576,0.43943911720328366,0.5968341592278656,0.5747725460641812,0.9765611585164888,0.42437202073022195,0.5946340877446231,0.4762221259631081,0.1872160991575117,0.06174752785010873,0
0.08113845915052198,0.377705771694972,0.03462594833263122,0.6077244301172753,0.5237611267323241,0.20556607827176587,0.8071648269101463,0.7409363655374628,0.0951227000067808,0.7185761889776157,0
0.3310664656360116,0.7656876833875831,0.4657152190959083,0.1430322365343507,0.19600566094902994,0.5174534990140066,0.8906418603099893,0.5326545145589376,0.722251618414568,0.6522233953308414,1
0.6047892982681012,0.31246915055375546,0.5380485668713507,0.1630567371190097,0.871470815975896,0.4905426452447056,0.19123328977894327,0.33315319342106553,0.19455446130676635,0.1961831432778065,0
0.5321117956576129,0.8217450881362257,0.1417661374086897,0.866237059747461,0.32660441715058164,0.7315105789567661,0.0722432213796581,0.6910713756454807,0.47527397342499267,0.10615530498115644,0
0.9313958156467826,0.21014133800065427,0.968080047195746,0.5901712081828269,0.42194243386204644,0.7253415269473092,0.18987433084389604,0.8126851795799284,0.06820278921364542,0.7003579142078474,1
0.06374070148251532,0.17295619629645698,0.438629049681174,0.6405054018087204,0.24790868245399766,0.548695132669228,0.2620226098839952,0.7041487902436548,0.19140301428402895,0.779935012214569,0
0.0976119043090834,0.3541150506706503,0.5751732057601868,0.47657027107537586,0.22003129277983957,0.04539875339729549,0.46598521925353575,0.9685423210789416,0.2621052765626313,0.4116728016374466,0
0.9865094062092006,0.017242832825606125,0.23964391136186602,0.1820473123386338,0.7453229107649733,0.8546402322872118,0.05833792778623803,0.6842913247404057,0.7238264570788913,0.935054893192043,1
0.2699149043165695,0.8959659378113968,0.5923292106770208,0.6902980143893462,0.22472448282187363,0.007971355073098985,0.14269873218842877,0.1067209486593409,0.7133052853431214,0.7428936009001618,0
0.9126503051853837,0.05158742781340098,0.021485489918559586,0.8324172367459394,0.5568888092677694,0.02934375830379865,0.9450761186101689,0.07607546304473434,0.3197969734354744,0.05994142395460733,0
0.6208828189988755,0.4035489829090918,0.6388282341690794,0.3818656941616825,0.280477824166079,0.4652389409522245,0.26148569144965905,0.5413515847362558,0.2359927970050293,0.040078442250491286,0
0.6247622866321447,0.6570014979482856,0.6182397312588184,0.9615158442650865,0.4983218494918753,0.8176043331839185,0.2066183735403362,0.0700614901580765,0.977568067407113,0.3128213484435285,1
0.08300279616586193,0.7027980584642343,0.97699822700473,0.02440701961898284,0.036381157930020835,0.16357615242015844,0.8636156995948853,0.8845538623631879,0.22359100396018028,0.7319413496971421,0
0.4497358246695766,0.008249402960417762,0.5939503443803883,0.31927550893179635,0.6537856819818648,0.6967483306587511,0.11845820303411525,0.9421799740950392,0.5764326676918021,0.9333833288836996,1
0.9470275252004793,0.1891297727666128,0.760006777703108,0.7744870232959655,0.23159788476240262,0.6206277050422842,0.6833920880985223,0.4544518852684508,0.912273800792909,0.7039273397676415,1
0.1152447053015907,0.46736769156890356,0.3515679008728929,0.9284373550444806,0.32372177349993936,0.4437379319391067,0.7361840054168806,0.33588483116297496,0.1160362368360307,0.25712766690363664,0
0.17078009181677767,0.15074730773022127,0.03975571353448515,0.7754867675511611,0.47210318241681015,0.9276158578866162,0.029483720411351055,0.09024065389741409,0.7361980962954568,0.024838782759907585,0
0.8618807747634901,0.3057550820157865,0.05941446448674015,0.35835003615656336,0.6752053396776846,0.05341758540284647,0.9521496607411634,0.4910662697323004,0.9241707431392081,0.16854898646600613,0
0.24356636157732936,0.46377733979954283,0.031236771302902144,0.042142502079734245,0.4782579619942673,0.2442203578995793,0.9450430455375961,0.8388792660564319,0.36167803635369944,0.817813080544226,0
0.4949589676651943,0.9510891588844339,0.4891315932724265,0.588251899536873,0.9830103078349613,0.23079276652741298,0.35425442328167445,0.4693601025025621,0.2564380875974419,0.06349424718919339,0
0.5163530267221325,0.7810414020786033,0.9252449236216514,0.8376302497158967,0.8827183801544392,0.33291123078932716,0.9046068726377922,0.22094064927133372,0.4459643619995566,0.4076418290740482,1
0.6194283589392967,0.8939479125483596,0.9274258035842432,0.10384868737191044,0.5247344105693532,0.4940820308753888,0.11384414302458157,0.9611426162430698,0.4555321553858017,0.445223863895177,1
0.8639628480332685,0.8012382193960668,0.5332863961382954,0.38764363161215754,0.6114440642316452,0.060084054809138476,0.7774950720977151,0.6845693479564663,0.8699495183316077,0.24147766159060624,1
0.41936967032844075,0.38882086876316235,0.13446884042718565,0.9965037953731514,0.6755628158025275,0.17371318414462478,0.6028418949837238,0.27209339755951933,0.07694348558258479,0.2909016366203625,0
0.9564631797940137,0.6776979997991626,0.6389529202357548,0.7721394836051975,0.6922700183337204,0.831162476396095,0.3821976139121288,0.027101137168401124,0.6587495346603495,0.07745074993217504,1
0.8470202529924072,0.7993956578700724,0.22542746031681204,0.4264165705436369,0.7939379716686792,0.9517659619127309,0.5214578581288771,0.4508811291041067,0.06276856576722145,0.34914936551469766,1
0.13860617843933953,0.9649029456595272,0.17100002403246428,0.6275472092764658,0.5393560180750884,0.19021248212376296,0.7850508642938403,0.04042554388935349,0.36184712495071736,0.3108818046945,0
0.8644572400637766,0.6743031649445567,0.6357957311893139,0.6808638644343591,0.6111957662484904,0.47470465651968086,0.4027142666752498,0.574782465712707,0.42340417171885525,0.002086073009457512,1
0.4137317393473092,0.8664242294349674,0.13665315891847762,0.15234129640051197,0.2854706604250524,0.5581109362662279,0.8226477468568572,0.1271388388741409,0.9366898992055437,0.6172593184333547,0
0.5442908080793564,0.33558644560279005,0.22492004007603683,0.16554778774331635,0.5300263568394146,0.17029332432666233,0.47656540944962733,0.09647530828495843,0.1900782141340196,0.7761424110979175,0
0.16241223713796638,0.0857825772477816,0.5973059467509555,0.45783032033671434,0.7708680732111997,0.9957230490666448,0.32108490486978036,0.43372364685437337,0.10864404775296277,0.5044959235853684,0
0.16297826240513258,0.7411920909757693,0.13569623518845908,0.6286851522318674,0.7215121150265648,0.6405039900370813,0.1308189631416231,0.6309456641293321,0.38398058542199187,0.3915528163663182,0
0.19657287179938032,0.6099540316007448,0.34011613324046197,0.7209848313507293,0.8090898201433642,0.2361600777163737,0.5288184111356973,0.4823180437000286,0.5493635379170596,0.9807768401318745,1
0.8035669433496384,0.4924808909601771,0.49075724608295535,0.6014088580641217,0.6234797170716282,0.05002353241575941,0.4503833672071834,0.902169697759042,0.29306610280733714,0.7026960303481069,1
